source_batch,term,glossary_id,mark,mark_type,symbol,owner,confidence,field,note
PENDINGDEF,Passive Column Array,a9d29642-b5c4-4097-8c23-5788c03c2a64,"Ballou, Handbook for Sound Engineers",copyright,©,Focal Press / Routledge (Taylor & Francis),verified,sources,Recurring reference text across worship terms; citation only.
NOISELAW,Noise Council Code of Practice,c4e45a89-060c-54d8-9901-718cb0419093,Code of Practice on Environmental Noise Control at Concerts (1995),copyright,©,The Noise Council (UK),verified,definition,UK concert-noise guidance document.
SOUNDVIZ,Real-ear measurement,eaa310fe-ff45-56b4-ad68-4af0184a60ac,DSL (Desired Sensation Level),copyright,©,"Western University, National Centre for Audiology (Canada)",verified,"practical_application (""NAL or DSL"")","DSL method (DSL m[i/o]) developed/owned by the National Centre for Audiology, Western University."
PENDINGDEF,Pulpit,bc5c38eb-e327-400e-9b6d-5db9249a7fa0,Encyclopaedia Britannica,copyright,©,"Encyclopaedia Britannica, Inc.",verified,sources,Reference work cited for 'pulpit'.
PENDINGDEF,Pipe Organ,4d1bf28c-d530-421b-ba8c-343d73e524d9,Grove Dictionary of Music,copyright,©,Oxford University Press,verified,sources,Reference work cited for 'pipe organ'.
PENDINGDEF,Hand soldering,85ff48be-2d7d-4da2-b25c-aeb0de78728b,HSE INDG248,copyright,©,UK Health and Safety Executive (HSE),verified,sources,'Solder fume and you' guidance publication.
NOISELAW,ISO 12913,c9a565e0-a8d0-5656-858a-70f8ebeb2c62,ISO 12913-1:2014 soundscape definition (verbatim quotation),copyright,©,International Organization for Standardization (ISO),verified,definition (quoted 'acoustic environment as perceived...in context'),Verbatim quoted defined term; keep quotation marks + attribution.
PENDINGDEF,Scale Illusion,d1f9b179-ac3d-47bb-a606-34ca5775077f,Scale Illusion (Diana Deutsch),copyright,(cite),Diana Deutsch (discovery attribution),verified,definition,"Definition attributes the illusion to Diana Deutsch; author-attribution to her scholarly work, not a mark."
PENDINGDEF,Arrangement loop,e4111914-f77d-4646-87bd-5071bd2d101b,Ableton Live,registered_trademark,®,Ableton AG,verified,definition,"DAW named in the definition. Applies to all 'DAW: Ableton Live' terms in this group (Arrangement overdub, Arrangement recording, Back to Arrangement, Beats warp mode, Capture MIDI, Clip detune, Clip end marker, Clip envelope, Clip launch, Clip launch quantization, Clip loop)."
PENDINGDEF,Clip loop end,0451926a-7ea4-4648-921a-dfde48132205,Ableton Live,registered_trademark,®,Ableton AG,verified,definition,"DAW named in the definition. Applies to all 'DAW: Ableton Live' terms in this group (Clip loop start, Clip start marker, Clip transpose, Complex/Complex Pro/Re-Pitch/Texture/Tones/Warp modes, Global quantization, Preserve transients, Punch-in/out points, Record quantization, Scene launch, Session overdub, Track delay)."
PENDINGDEF,Stem Playback,68093c0a-8fb2-4fff-82b2-870adf0bc048,Ableton Live,registered_trademark,®,Ableton AG,verified,sources,Stem/multitrack playback documentation.
PENDINGDEF,Musical Mode,7ebcce9e-284f-4d4e-bed1-477eb6a4bc09,ACID (ACID-format files),registered_trademark,®,MAGIX Software GmbH (ACID acquired from Sony Creative Software; originated by Sonic Foundry),verified,definition,ACIDized-loop format named in the definition.
PENDINGDEF,Adobe Enhance Speech,ad2bc716-2609-4940-afb6-d94f66e0afea,"Adobe (Adobe Podcast, Premiere Pro, Audition)",registered_trademark,®,Adobe Inc.,verified,definition,Adobe product/brand names in the definition (headword plus Premiere Pro and Audition).
PENDINGDEF,Choir Microphone,ec6dd4d4-47fb-486a-bd1e-d55fb4afe490,AKG,registered_trademark,®,AKG Acoustics (Harman International),verified,sources,"Hanging choir microphone documentation (terms 17, 28)."
PENDINGDEF,Portable clock generator,11aa5be0-fc2d-4cf3-852b-1a7d0275016e,Apogee,registered_trademark,®,Apogee Electronics Corp.,verified,sources,Clock generator documentation.
PENDINGDEF,Episode artwork,420efcdb-e978-447c-88b0-466c11336245,Apple Podcasts,registered_trademark,®,Apple Inc.,verified,platform named in definition (artwork requirements),Apple / Apple Podcasts are Apple Inc. marks.
PENDINGDEF,Podcast loudness target,49bfda34-86a3-4092-b8df-fdc904bd48f0,Apple Podcasts,registered_trademark,®,Apple Inc.,verified,platform named in definition,"Apple Inc. mark. (LUFS/dBTP are measurement units, not marks.)"
PENDINGDEF,Podcast publishing,f7a9e4fa-27e8-475b-bc72-1a12a31b4e44,Apple Podcasts,registered_trademark,®,Apple Inc.,verified,platform named in definition,Apple Inc. mark.
PENDINGDEF,Podcast trailer,fd280b6a-a2e0-4630-bc5d-ac991bcec0ae,Apple Podcasts,registered_trademark,®,Apple Inc.,verified,Apple Podcasts specification (episodeType) named in definition,Apple Inc. mark; 'trailer' episode type defined in the Apple Podcasts RSS spec.
PENDINGDEF,Podcast metadata,e9490463-77a7-4d9e-9a60-b54c275843ce,Apple Podcasts / iTunes namespace,registered_trademark,®,Apple Inc.,verified,iTunes podcast namespace named in definition,Apple / iTunes are Apple Inc. marks.
PENDINGDEF,ASIO Guard,8465c571-b063-4e45-a761-7754ef0a6ae4,ASIO,registered_trademark,®,Steinberg Media Technologies GmbH,verified,definition,Audio Stream Input/Output driver technology named in the definition.
PENDINGDEF,MiniDisc recording,35fb127e-a375-4ce4-9e27-3190e2264f63,ATRAC,registered_trademark,™,Sony Group Corporation,verified,definition,Perceptual codec named in the definition.
SOUNDVIZ,STFT spectrogram,075700ac-5bbc-5183-8499-1d1c92a4ece5,Audacity,registered_trademark,®,Muse Group (The Audacity Team),verified,practical_application,Audacity is a registered trademark; open-source editor stewarded by Muse Group.
PENDINGDEF,Hanging Choir Microphone,4dc7f43e-41bd-43d6-8bfd-6ef540965377,Audio-Technica,registered_trademark,®,Audio-Technica Corporation,verified,sources,Hanging choir microphone documentation.
PENDINGDEF,Incremental session save,11669f3f-7ec2-419f-a38a-c01bd94731da,Avid Pro Tools,registered_trademark,®,"Avid Technology, Inc.",verified,sources,Cited as 'Avid Pro Tools Reference Guide'.
PENDINGDEF,Scene transition time,c15bbefe-8454-4c04-b0df-eb0553c8732e,Avid VENUE,registered_trademark,®,"Avid Technology, Inc.",verified,sources,Snapshots documentation.
SOUNDVIZ,BKB-SIN,ac2003ed-a44c-52c1-95d6-1d3d48c289a5,BKB-SIN,registered_trademark,™,"Etymotic Research, Inc.",verified,term/definition (headword is a product mark),BKB-SIN Speech-in-Noise Test is a trademark of Etymotic Research; BKB sentences are the Bamford-Kowal-Bench corpus.
SOUNDVIZ,Speech-in-noise test,50736b51-e2bd-59d5-a2b3-7a66f96e9a63,BKB-SIN,registered_trademark,™,"Etymotic Research, Inc.",verified,practical_application (test named),BKB-SIN Speech-in-Noise Test is a trademark of Etymotic Research; BKB = Bamford-Kowal-Bench sentence corpus (academic attribution).
SOUNDVIZ,Dropout analysis,3641bfa4-7c42-5dab-95fa-4772c790f5b4,Bluetooth,registered_trademark,®,"Bluetooth SIG, Inc.",verified,"practical_application & scenario (""Bluetooth recording"")","Bluetooth word mark and logos are registered trademarks of Bluetooth SIG, Inc."
PENDINGDEF,Character channel,24f8c5f6-217d-431e-ae19-674ace8f7003,Cadac,registered_trademark,®,Cadac (Cadac Holdings Ltd),verified,sources,Digital console documentation.
PENDINGDEF,Digital audio receiver,ba1d7a03-83c6-4c31-b6c6-2ea9bc2ce631,Cirrus Logic,registered_trademark,®,"Cirrus Logic, Inc.",verified,definition,IC manufacturer named in the definition.
PENDINGDEF,Digital audio transmitter,398d0c57-8ce8-41f1-8360-b840812abe2f,Cirrus Logic,registered_trademark,®,"Cirrus Logic, Inc.",verified,definition,IC manufacturer named in the definition.
PENDINGDEF,Drum Enclosure,8515f880-c84a-4f19-8d99-e407cd938bb7,ClearSonic,registered_trademark,®,"ClearSonic Mfg., Inc.",verified,sources,Drum shield/enclosure documentation.
PENDINGDEF,Cassette mastering,37f76cde-0561-4515-9615-c3f22e307d47,Compact Cassette,registered_trademark,™,Philips (Koninklijke Philips N.V.),verified,definition,Cassette format named in the definition.
PENDINGDEF,Digital recording era,8858971b-1316-4fd3-a969-61559c34f8f2,Compact Disc,registered_trademark,®,Philips and Sony,verified,definition,CD format named in the definition.
PENDINGDEF,Pulse-code modulation recording,198cb418-177d-4c56-a815-3f4f8018c356,Compact Disc,registered_trademark,®,Philips and Sony,verified,definition,CD format named in the definition.
PENDINGDEF,Compact Disc mastering,91f33fef-6dad-43f6-b9e8-b882c71a3481,Compact Disc Digital Audio / Red Book,registered_trademark,®,Philips and Sony,verified,definition,CD-DA format/standard named in the definition.
PENDINGDEF,Direct Instrument Input,fb000e11-ee33-4b99-b2b8-216549b9c2e5,Countryman,registered_trademark,®,"Countryman Associates, Inc.",verified,sources,Direct box documentation.
PENDINGDEF,Hanging Choir Microphone,4dc7f43e-41bd-43d6-8bfd-6ef540965377,Crown,registered_trademark,®,Crown (Harman International),verified,sources,Hanging choir microphone documentation.
PENDINGDEF,Musical Mode,7ebcce9e-284f-4d4e-bed1-477eb6a4bc09,Cubase,registered_trademark,®,Steinberg Media Technologies GmbH (Yamaha),verified,definition,DAW named in the definition.
PENDINGDEF,Range Selection tool,e8d099ce-0e1a-4ffe-8421-9ce28d453897,Cubase,registered_trademark,®,Steinberg Media Technologies GmbH (Yamaha),verified,All 'DAW: Cubase/Nuendo' term definitions,DAW product name; appears throughout the Cubase/Nuendo terms
PENDINGDEF,ASIO Guard,8465c571-b063-4e45-a761-7754ef0a6ae4,Cubase / Nuendo,registered_trademark,®,Steinberg Media Technologies GmbH (a Yamaha company),verified,definition,DAWs named in the definition. Applies to all 'DAW: Cubase/Nuendo' terms in this group.
PENDINGDEF,Distributor delivery package,06707f71-2f3a-4397-8563-8d0bb7483617,DDEX,registered_trademark,®,"Digital Data Exchange, LLC",verified,sources,Music-industry metadata/delivery standards body; source across several terms.
PENDINGDEF,File validation,9f8c9813-ec7f-4194-827d-1463ecad1ca6,DDP (Disc Description Protocol),registered_trademark,®,"Doug Carson & Associates, Inc. (DCA)",verified,File validation definition,Master delivery format owned by DCA
PENDINGDEF,Deoxit treatment,139e5684-791b-4d08-b42e-4b6c5935263c,DeoxIT,registered_trademark,®,"CAIG Laboratories, Inc.",verified,product name in definition (and headword),DeoxIT is a CAIG Laboratories brand of contact cleaner; used generically here for the treatment.
PENDINGDEF,Actor level automation,02c1b43c-fbc0-41ce-bc6a-e497c4894f4a,DiGiCo,registered_trademark,®,DiGiCo (Audiotonix Ltd),verified,sources,Theatre software documentation.
PENDINGDEF,Cue-based mix,3b90c24a-2cd8-40e0-a9d3-47227d31a52b,DiGiCo,registered_trademark,®,DiGiCo (Audiotonix Ltd),verified,sources,Theatre software / operation manual.
PENDINGDEF,Portable stagebox,bd0221c8-3ecf-44eb-ab0c-2155732c611e,DiGiCo,registered_trademark,®,DiGiCo (Audiotonix Ltd),verified,sources,Digital mixing console documentation.
PENDINGDEF,Direct Stream Digital recording,c86e06a7-8cbd-4b6a-91fe-2b2dc4b634a5,Direct Stream Digital (DSD),registered_trademark,™,Sony and Philips,verified,definition,One-bit coding scheme named in the definition.
PENDINGDEF,Clock pulse,8f22cc69-2e32-4c0d-b1da-2c3b402d069c,Doepfer,registered_trademark,®,Doepfer Musikelektronik GmbH,verified,sources,A-100 technical documentation across most terms.
PENDINGDEF,Cassette mastering,37f76cde-0561-4515-9615-c3f22e307d47,Dolby B / Dolby C,registered_trademark,®,"Dolby Laboratories, Inc.",verified,definition,Noise-reduction systems named in the definition.
PENDINGDEF,Clothing Noise,cfe3436a-448a-438d-b8fc-c4e4eab11fa7,DPA Microphones,registered_trademark,®,DPA Microphones A/S,verified,sources,"Lavalier/earset documentation (terms 20, 24, 29)."
SOUNDVIZ,EASE map,0e217bb6-01b7-5f71-a337-c636b849aa92,EASE,registered_trademark,®,AFMG Technologies GmbH (Ahnert Feistel Media Group),verified,definition/plain_english,EASE (Enhanced Acoustic Simulator for Engineers) is a registered trademark of AFMG.
PENDINGDEF,Follow cue,a2ad1677-eb44-4c5f-8940-a1012bde136e,ETC Eos,registered_trademark,®,"Electronic Theatre Controls, Inc.",verified,sources,Eos Family Operations Manual.
PENDINGDEF,Beam-Steering Column Array,4b3d58c8-d7ef-46ae-9476-c92c226ba626,Fohhn,registered_trademark,®,Fohhn Audio AG,verified,sources,Steerable column array documentation.
PENDINGDEF,NVIDIA Broadcast,4b961009-0e7d-4dbd-9124-190047c4fb02,GeForce RTX,registered_trademark,®,NVIDIA Corporation,verified,definition,GPU brand named in the definition.
PENDINGDEF,Gerber file,5cbf1d56-a589-438b-8de9-9b794e668ec6,Gerber (format / RS-274X / Gerber X2),registered_trademark,®,Ucamco NV (owns and maintains the Gerber format specification),verified,Gerber file definition,PCB data interchange format; Gerber is a registered mark/format owned by Ucamco
PENDINGDEF,Electronic Organ,919f88d5-7cc7-48b0-afb5-435df237d754,Hammond,registered_trademark,®,Suzuki Musical Instrument Corporation,verified,definition,Hammond tonewheel organ named in def; brand acquired by Suzuki in 1992.
PENDINGDEF,Harman target response,6c816cf6-da75-48e1-b2a3-4c9829bb6e08,Harman,registered_trademark,®,"Harman International Industries, Inc. (Samsung Electronics)",verified,Harman target response definition,Company name / branded headphone preference target curve
PENDINGDEF,LCD module,8be00408-c20f-43b5-9f18-d5fefbebda42,Hitachi HD44780,registered_trademark,®,"Hitachi, Ltd. (HD44780 is Hitachi's controller; de facto industry standard)",verified,LCD module definition,Named controller IC / manufacturer trademark
PENDINGDEF,Dialogue De-reverb,f83b4437-13b4-44d8-b64b-696811daf46b,iZotope RX,registered_trademark,®,"iZotope, Inc. (Native Instruments / Soundwide)",verified,definition,Restoration software named in the definition.
PENDINGDEF,Dialogue Isolate,e998accb-07d3-44d1-842e-dbe7b22a23f6,iZotope RX,registered_trademark,®,"iZotope, Inc. (Native Instruments / Soundwide)",verified,definition,Restoration software named in the definition.
PENDINGDEF,Music Rebalance,3b10a6ba-ffa9-4976-81c0-f01d8e5c1515,iZotope RX,registered_trademark,®,"iZotope, Inc. (Native Instruments / Soundwide)",verified,definition,Software module named in the definition.
PENDINGDEF,Repair Assistant,050c5b48-78b7-4891-adf2-0f1bd052cd7b,iZotope RX,registered_trademark,®,"iZotope, Inc. (Native Instruments / Soundwide)",verified,definition,Software module named in the definition.
SOUNDVIZ,Spectral mask,662bb6af-e25b-5dab-9122-74581941da4c,iZotope RX,registered_trademark,®,"iZotope, Inc.",verified,practical_application,Brand of audio-repair software.
SOUNDVIZ,Spectral repair display,69d69c9d-834e-5c73-b160-1b8f068d1613,iZotope RX,registered_trademark,®,"iZotope, Inc.",verified,practical_application,'Spectral Repair' is an iZotope RX feature name.
SOUNDVIZ,STFT spectrogram,075700ac-5bbc-5183-8499-1d1c92a4ece5,iZotope RX,registered_trademark,®,"iZotope, Inc.",verified,practical_application,"iZotope and RX are marks of iZotope, Inc.; brand ownership moved among Native Instruments/Boris FX (2024-2026)."
PENDINGDEF,Spectral Recovery,e67efe41-10bc-4a47-b94a-beeae5ad6b1e,iZotope RX (RX 10),registered_trademark,®,"iZotope, Inc. (Native Instruments / Soundwide)",verified,definition,Software module/version named in the definition.
PENDINGDEF,Manual spectral editing,b8620719-bef9-4c5d-808f-f0ed4cbd2472,iZotope RX (Spectral Repair),registered_trademark,®,"iZotope, Inc. (Native Instruments / Soundwide)",verified,definition,Restoration software and its Spectral Repair module named in the definition.
PENDINGDEF,Spectral repair,3f0fbca0-32c3-47ec-af85-92d1104c933c,iZotope RX (Spectral Repair),registered_trademark,®,"iZotope, Inc. (Native Instruments / Soundwide)",verified,definition,Software module named in the definition.
PENDINGDEF,Profiling,330de2e3-b18b-43ae-be79-b3114e19bc72,Kemper Profiler,registered_trademark,®,Kemper GmbH (Germany),verified,product name in definition,Kemper Profiler / Profiling Amplifier is a commercial product of Kemper GmbH; 'Profiling' popularized by that product.
PENDINGDEF,Kemper Profiler,814c8a98-2370-426f-b38d-3447ade7a567,Kemper Profiler / Profiling,registered_trademark,®,Kemper GmbH,verified,definition,Guitar amp profiler and its Profiling technology named in the definition (headword).
PENDINGDEF,Hertz-per-volt control,f568ae61-6d98-4479-809d-1ff7210ac051,Korg,registered_trademark,®,Korg Inc.,verified,definition,Hz/V monosynth attribution.
PENDINGDEF,Leslie-Type Rotary Speaker,391f8a94-c766-4f42-9651-17c8e302f042,Leslie,registered_trademark,®,Suzuki Musical Instrument Corporation,verified,definition,Leslie-Type Rotary Speaker; Leslie brand owned by Suzuki.
PENDINGDEF,Autopunch mode,074ba0eb-50c2-4b6d-a596-fd142a2848b9,Logic Pro,registered_trademark,®,Apple Inc.,verified,All 'DAW: Logic' term definitions,DAW product name; appears throughout the Logic terms
PENDINGDEF,Stereo Out channel,18bc8ff2-96d4-4a27-9434-9ceda939aa9b,Logic Pro,registered_trademark,®,Apple Inc.,verified,'DAW: Logic' term definitions,DAW product name
SOUNDVIZ,chirp spread spectrum,d0dd381e-6156-52a9-b22f-7cc2b17c54ec,LoRa,registered_trademark,®,Semtech Corporation,verified,"definition (""the LoRa radio scheme"")",LoRa is a registered trademark of Semtech Corporation (USPTO Reg. No. 4952515).
SOUNDVIZ,acoustic hailing device,ac81c5b1-2098-556d-9ec8-b2fa2050a89c,LRAD,registered_trademark,®,Genasys Inc.,verified,"common_mistakes (""a single brand name"")","CM explicitly references the LRAD brand; LRAD® is a Genasys registered trademark, not a generic category name."
SOUNDVIZ,long-range acoustic device,4c7e8eaf-b7b1-5dc8-8a5f-56f89845dda8,LRAD,registered_trademark,®,Genasys Inc. (formerly LRAD Corporation),verified,"headword/common abbreviation; note CM (""a single brand name"")","The generic term is fine, but the abbreviation LRAD is a registered trademark of Genasys Inc.; avoid using LRAD generically."
PENDINGDEF,Archive migration,738fd8ed-0a3f-4dd5-9ea4-b77c50e1d683,LTO (Linear Tape-Open),registered_trademark,®,"LTO Consortium (Hewlett Packard Enterprise, IBM, and Quantum)",verified,definition,Tape technology named in the definition.
PENDINGDEF,Archive server,cf4d643a-b2f8-4370-b30f-ef803a3ea50b,LTO (Linear Tape-Open),registered_trademark,®,"LTO Consortium (HPE, IBM, Quantum)",verified,definition,Tape-library technology named in the definition.
PENDINGDEF,Melodyne integration,19dbc7ac-518a-4dda-846c-7124b2303197,Melodyne,registered_trademark,®,Celemony Software GmbH,verified,Melodyne integration definition,Pitch/time-editing software product
PENDINGDEF,ERA (Accusonus),98c2db8d-87e6-4902-b62c-7dc0fe20ef40,Meta,registered_trademark,®,"Meta Platforms, Inc.",verified,definition,Acquirer named in the definition.
SOUNDVIZ,P-U probe,6fda61db-5eed-5d5f-abf8-5ad764216456,Microflown,registered_trademark,®,"Microflown Technologies (Microflown Technologies BV, Netherlands)",verified,'Microflown-type' velocity sensor reference in definition,Microflown is a brand for acoustic particle-velocity sensors; used descriptively as 'Microflown-type'. Owner web-verified via microflown.com.
SOUNDVIZ,Particle-velocity map,eb10c006-5cd7-5f89-bbb8-7be98cd8ebe9,Microflown,registered_trademark,®,"Microflown Technologies (Microflown Technologies BV, Netherlands)",verified,'Microflown-type sensors' in practical_application,"Brand for particle-velocity sensors, used descriptively. Owner web-verified via microflown.com."
PENDINGDEF,Arrangement loop,e4111914-f77d-4646-87bd-5071bd2d101b,MIDI,registered_trademark,™,MIDI Association / MIDI Manufacturers Association (MMA) and AMEI,verified,definition,MIDI is a trademarked specification referenced across the Ableton term definitions in this group.
PENDINGDEF,MIDI-to-control-voltage interface,5af6871c-cb9e-4891-966f-531d0d45a8cf,MIDI,registered_trademark,®,The MIDI Association / MIDI Manufacturers Association,verified,definition,"MIDI named in defs of terms 9, 18, 30."
PENDINGDEF,Cue synchronization,74d8fc30-ec81-4091-a55f-834b9a4e83b6,MIDI (timecode),registered_trademark,®,The MIDI Association,verified,definition,MIDI timecode named in def.
PENDINGDEF,Timecode chase,b7a155e6-ff20-4343-9f7e-55bfaaf05c33,MIDI (timecode),registered_trademark,®,The MIDI Association,verified,definition,MIDI timecode named in def; also MIDI in Electronic Drum Kit (25).
PENDINGDEF,Magneto-optical recording,8886d910-d379-4fbc-8acd-a638266f64fc,MiniDisc,registered_trademark,™,Sony Group Corporation,verified,definition,Consumer format named in the definition.
PENDINGDEF,MiniDisc recording,35fb127e-a375-4ce4-9e27-3190e2264f63,MiniDisc,registered_trademark,™,Sony Group Corporation,verified,definition,Format named in the definition (headword).
PENDINGDEF,Gate polarity,7e41e985-4555-4c54-889d-8e899ba4becd,Moog,registered_trademark,®,Moog Music Inc.,verified,definition,"Named in defs 14, 26, 33 (S-trigger convention)."
PENDINGDEF,Polyester capacitor,117589ee-2f1a-42d1-b0cb-ce5cf078da25,Mylar,registered_trademark,®,DuPont Teijin Films US (USPTO Reg. 0559948),verified,trade name for PET film in definition,"Definition explicitly labels Mylar a 'trade name'; it is a registered mark for BoPET polyester film, not a generic term for PET."
PENDINGDEF,Neural Capture,7c39f90e-37cd-4e90-abf3-64d8c16615f9,Neural DSP,registered_trademark,™,Neural DSP Technologies Oy,verified,definition,Manufacturer named in the definition.
PENDINGDEF,Range Selection tool,e8d099ce-0e1a-4ffe-8421-9ce28d453897,Nuendo,registered_trademark,®,Steinberg Media Technologies GmbH (Yamaha),verified,'DAW: Cubase/Nuendo' term definitions,DAW product name
PENDINGDEF,NVIDIA Broadcast,4b961009-0e7d-4dbd-9124-190047c4fb02,NVIDIA Broadcast,registered_trademark,®,NVIDIA Corporation,verified,definition,Application named in the definition (headword).
PENDINGDEF,RTX Voice,6391dae2-e2d9-4dea-bd1f-107ee428e1ea,NVIDIA Broadcast,registered_trademark,®,NVIDIA Corporation,verified,definition,Successor application named in the definition.
PENDINGDEF,Penny & Giles fader,68476760-2b8c-4674-be00-33f1f2841660,Penny & Giles,registered_trademark,®,Penny & Giles (now a Curtiss-Wright brand),verified,Penny & Giles fader definition,Fader manufacturer brand name
PENDINGDEF,Stem Playback,68093c0a-8fb2-4fff-82b2-870adf0bc048,Pro Tools,registered_trademark,®,"Avid Technology, Inc.",verified,sources,Stem/multitrack playback documentation.
PENDINGDEF,Audio cue,23570728-d317-45d1-b065-6710c4602ab9,QLab,registered_trademark,®,"Figure 53, LLC",verified,sources,Cue-playback software; cited across terms 13–34.
PENDINGDEF,Cue output assignment,0a70ba58-f768-44aa-8e01-91c7b009be3e,QLab,registered_trademark,®,"Figure 53, LLC",verified,sources,Cited across the cue terms.
PENDINGDEF,Neural Capture,7c39f90e-37cd-4e90-abf3-64d8c16615f9,Quad Cortex,registered_trademark,™,Neural DSP Technologies Oy,verified,definition,Hardware product named in the definition.
PENDINGDEF,Quad Cortex,0b9c3c88-ae93-4a7b-8b30-49934e2ae52c,Quad Cortex,registered_trademark,™,Neural DSP Technologies Oy,verified,definition,Hardware product named in the definition (headword).
SOUNDVIZ,QuickSIN,852ebdbd-302f-5019-afca-8e41afd08922,QuickSIN,registered_trademark,®,"Etymotic Research, Inc.",verified,term/definition (headword is a product mark),QuickSIN is a trademark of Etymotic Research.
SOUNDVIZ,Speech-in-noise test,50736b51-e2bd-59d5-a2b3-7a66f96e9a63,QuickSIN,registered_trademark,®,"Etymotic Research, Inc.",verified,practical_application (test named),QuickSIN is a trademark of Etymotic Research.
SOUNDVIZ,Container metadata,4635b2b4-ff12-52df-bb58-e6a97838c71f,QuickTime,registered_trademark,®,Apple Inc.,verified,"definition (""MP4 or QuickTime atoms"")",QuickTime is a registered trademark of Apple Inc.; the container/atom format is Apple's.
PENDINGDEF,Direct Instrument Input,fb000e11-ee33-4b99-b2b8-216549b9c2e5,Radial,registered_trademark,®,Radial Engineering Ltd,verified,sources,Direct box documentation.
SOUNDVIZ,Sonogram,138db721-a4f1-5a78-9c2d-4d1696c8b225,Raven,registered_trademark,®,"Cornell Lab of Ornithology, Cornell University",verified,practical_application,Raven / Raven Pro bioacoustics analysis software.
PENDINGDEF,Automatic record arm,9360c0fb-8b69-4392-879f-b57620e5bc0c,REAPER,registered_trademark,®,Cockos Incorporated,verified,All 'DAW: REAPER' term definitions,DAW product name; appears throughout the REAPER terms
PENDINGDEF,Beam-Steering Column Array,4b3d58c8-d7ef-46ae-9476-c92c226ba626,Renkus-Heinz,registered_trademark,®,"Renkus-Heinz, Inc.",verified,sources,Steerable column array documentation.
PENDINGDEF,Electronic Drum Kit,6b50574d-a807-4599-b62b-1d7ff24a1f8f,Roland,registered_trademark,®,Roland Corporation,verified,sources,Electronic drum kit owner's manuals.
PENDINGDEF,Gate polarity,7e41e985-4555-4c54-889d-8e899ba4becd,Roland,registered_trademark,®,Roland Corporation,verified,definition,"Named in defs 14, 26, 30, 33."
PENDINGDEF,Bodypack assignment,6f16f6b9-58d3-42a7-9f5a-8a8b1856c1e6,Sennheiser,registered_trademark,®,Sennheiser electronic SE & Co. KG,verified,sources,Wireless microphone documentation.
PENDINGDEF,Earset Microphone,b33fb375-a07c-4348-9e67-da3dbeb00343,Sennheiser,registered_trademark,®,Sennheiser electronic SE & Co. KG,verified,sources,Headworn/earset microphone documentation.
PENDINGDEF,Volts-per-octave control,cdd5796e-bee4-405e-915e-b0a9c4e523ab,Sequential,registered_trademark,®,Sequential LLC (Focusrite Group),verified,definition,1 V/oct standard attribution.
PENDINGDEF,Actor microphone,2361aa06-44a7-4b71-a60f-cfdeaa1b0ad1,Shure,registered_trademark,®,Shure Incorporated,verified,sources,Wireless microphone systems documentation.
PENDINGDEF,Automatic Microphone Mixing,a3df46b0-d3b6-4a65-887f-0c43f801680c,Shure,registered_trademark,®,Shure Incorporated,verified,sources,"Automatic mixer / microphone documentation (also terms 17, 27, 28, 29, 30)."
PENDINGDEF,Three-to-One Rule,da664dbc-18ca-480a-a15c-265063132b38,Shure,registered_trademark,®,Shure Incorporated,verified,sources,Microphone technique documentation (3:1 rule).
PENDINGDEF,Cue synchronization,74d8fc30-ec81-4091-a55f-834b9a4e83b6,SMPTE timecode,registered_trademark,®,SMPTE (Society of Motion Picture and Television Engineers),verified,definition,Named in Cue synchronization; SMPTE is a registered mark and standards body.
PENDINGDEF,Timecode chase,b7a155e6-ff20-4343-9f7e-55bfaaf05c33,SMPTE timecode (SMPTE ST 12),registered_trademark,®,SMPTE (Society of Motion Picture and Television Engineers),verified,definition,Named in Timecode chase; standard cited in Timecode cue trigger source.
PENDINGDEF,Portable multitrack recorder,fa1b7fcb-6fe6-4803-80f3-8fb556f0b963,Sound Devices,registered_trademark,®,"Sound Devices, LLC",verified,sources,Multitrack recorder documentation.
PENDINGDEF,Ruggedized recording system,340c1391-2f11-4640-97fa-a23e4ccde3d4,Sound Devices,registered_trademark,®,"Sound Devices, LLC",verified,sources,Field recorder documentation.
PENDINGDEF,Podcast publishing,f7a9e4fa-27e8-475b-bc72-1a12a31b4e44,Spotify,registered_trademark,®,Spotify AB,verified,platform named in definition,Spotify AB mark.
PENDINGDEF,Audio Bend,638bab40-e303-4ec7-b11e-a3ba00de67c4,Studio One,registered_trademark,®,"PreSonus Audio Electronics, Inc. (Fender Musical Instruments Corp.)",verified,All 'DAW: Studio One' term definitions,DAW product name
PENDINGDEF,Input Quantize,0eb2fee5-8804-4995-b6d1-3af4ce92ca84,Studio One,registered_trademark,®,"PreSonus Audio Electronics, Inc. (Fender)",verified,'DAW: Studio One' term definitions,DAW product name
PENDINGDEF,Direct Stream Digital recording,c86e06a7-8cbd-4b6a-91fe-2b2dc4b634a5,Super Audio CD (SACD),registered_trademark,™,Sony and Philips,verified,definition,Disc format named in the definition.
PENDINGDEF,Digital audio receiver,ba1d7a03-83c6-4c31-b6c6-2ea9bc2ce631,Texas Instruments,registered_trademark,®,Texas Instruments Incorporated,verified,definition,IC manufacturer named in the definition.
PENDINGDEF,Digital audio transmitter,398d0c57-8ce8-41f1-8360-b840812abe2f,Texas Instruments,registered_trademark,®,Texas Instruments Incorporated,verified,definition,IC manufacturer named in the definition.
PENDINGDEF,USB audio controller,037e4164-5e1a-49d7-a59b-5f39670b244c,USB / USB Audio Class,registered_trademark,®,"USB Implementers Forum, Inc. (USB-IF)",verified,definition,USB and the USB Audio Class device standard named in the definition.
PENDINGDEF,Variac startup,e72839b1-24d0-4417-856e-58eb02c0c23c,Variac,registered_trademark,®,"Instrument Service & Equipment, Inc. (USPTO Reg. 3046656; coined by General Radio)",verified,product/type name in definition (and headword),"VARIAC is a registered trademark for variable autotransformers, often used generically."
PENDINGDEF,Clarity Vx DeReverb,39c6450f-e57b-41b9-bbde-3b1fdd7a6bff,Waves Clarity Vx,registered_trademark,™,Waves Audio Ltd.,verified,definition,Plug-in product family named in the definition (headword).
PENDINGDEF,Actor gain trim,7cca4846-db51-4262-b5ab-820158cca070,Yamaha,registered_trademark,®,Yamaha Corporation,verified,sources,Digital mixing console reference manual.
PENDINGDEF,Electronic Drum Kit,6b50574d-a807-4599-b62b-1d7ff24a1f8f,Yamaha,registered_trademark,®,Yamaha Corporation,verified,sources,Electronic drum kit owner's manuals.
PENDINGDEF,General-purpose-interface trigger,fff78d73-b82d-4bbb-b1ce-b45b5763538c,Yamaha,registered_trademark,®,Yamaha Corporation,verified,sources,CL5/QL5/DM7/DM3 reference manuals.
PENDINGDEF,Hertz-per-volt control,f568ae61-6d98-4479-809d-1ff7210ac051,Yamaha,registered_trademark,®,Yamaha Corporation,verified,definition,Hz/V monosynth attribution.
PENDINGDEF,Portable stagebox,bd0221c8-3ecf-44eb-ab0c-2155732c611e,Yamaha,registered_trademark,®,Yamaha Corporation,verified,sources,Digital mixing console documentation.
PENDINGDEF,Portable multitrack recorder,fa1b7fcb-6fe6-4803-80f3-8fb556f0b963,Zoom,registered_trademark,®,Zoom Corporation,verified,sources,Multitrack recorder documentation.
NOISELAW,FAA aircraft noise,7a0df62f-9f96-524b-af1d-70931c086d80,14 CFR Part 150,standard_or_patent_attribution,(cite),U.S. Federal Aviation Administration,verified,definition,Airport noise/land-use planning.
NOISELAW,FAA aircraft noise,7a0df62f-9f96-524b-af1d-70931c086d80,14 CFR Part 36 (FAR Part 36),standard_or_patent_attribution,(cite),U.S. Federal Aviation Administration,verified,definition,Aircraft noise certification.
PENDINGDEF,DO-41,0dd071e6-81eb-4dcd-a029-12b239e63164,1N4001–1N4007,standard_or_patent_attribution,(cite),JEDEC-registered device numbers (multi-sourced; no single owner),verified,example rectifier series in definition,Generic industry 1N-series rectifier part numbers.
PENDINGDEF,Signal diode,c27c73cc-733f-41f1-81e1-853f3b15b22d,1N4148,standard_or_patent_attribution,(cite),JEDEC-registered device number (multi-sourced; no single owner),verified,example part number in definition,"Generic JEDEC 1N-series device designation, second-sourced by many makers."
PENDINGDEF,Switching diode,66e3eab3-7a3a-4d73-a0aa-c1a741ec7b67,1N4148,standard_or_patent_attribution,(cite),JEDEC-registered device number (multi-sourced; no single owner),verified,example part number in definition,Generic JEDEC 1N-series device designation.
PENDINGDEF,Hearing-assistance feed,cfa44897-5f31-459f-aad2-5e1589ffb1cd,2010 ADA Standards for Accessible Design,standard_or_patent_attribution,(cite),U.S. Department of Justice,verified,sources,Assistive listening system requirements.
NOISELAW,FHWA traffic noise,12831efd-85af-52ea-a6d4-2f0ca15aec5f,23 CFR Part 772,standard_or_patent_attribution,(cite),U.S. Federal Highway Administration,verified,definition,Highway traffic-noise abatement rule.
NOISELAW,OSHA noise standard,46812310-99df-5d03-b775-3a9c842106e6,29 CFR 1910.95,standard_or_patent_attribution,(cite),U.S. Occupational Safety and Health Administration,verified,"definition, throughout",US occupational noise standard.
PENDINGDEF,TO-3,32025981-e76b-4c8e-ac44-dff22b371d35,2N3055,standard_or_patent_attribution,(cite),JEDEC-registered device number (multi-sourced; no single owner),verified,example power transistor in definition,Generic JEDEC 2N-series transistor designation.
SOUNDVIZ,Lossy compression signature,417dda74-bf0e-51cc-bd6e-3e5ad4f828cd,AAC (Advanced Audio Coding),standard_or_patent_attribution,(cite),ISO/IEC (MPEG standard),verified,"definition (""MP3, AAC, or speech codecs"")",AAC defined in ISO/IEC 13818-7 / 14496-3; patent pool via Via Licensing/Fraunhofer et al.
NOISELAW,FAA aircraft noise,7a0df62f-9f96-524b-af1d-70931c086d80,AEDT (Aviation Environmental Design Tool),standard_or_patent_attribution,(cite),U.S. Federal Aviation Administration,verified,"definition, practical_application",FAA noise/emissions modeling tool.
PENDINGDEF,Podcast loudness target,49bfda34-86a3-4092-b8df-fdc904bd48f0,AES (TD1008 streaming recommendation),standard_or_patent_attribution,(cite),Audio Engineering Society (AES),verified,streaming loudness recommendation referenced in definition,AES technical document.
PENDINGDEF,Digital audio receiver,ba1d7a03-83c6-4c31-b6c6-2ea9bc2ce631,AES3 / AES3-EBU,standard_or_patent_attribution,(cite),Audio Engineering Society (AES) with the European Broadcasting Union (EBU),verified,definition,Professional digital audio interface standard named in the definition.
PENDINGDEF,Digital audio transmitter,398d0c57-8ce8-41f1-8360-b840812abe2f,AES3 / AES3-EBU,standard_or_patent_attribution,(cite),Audio Engineering Society (AES) with the European Broadcasting Union (EBU),verified,definition,Digital audio interface standard named in the definition.
PENDINGDEF,Network stagebox,5a4bbc69-9faf-41c1-b094-aae18d42d395,AES67,standard_or_patent_attribution,(cite),Audio Engineering Society (AES),verified,sources,Audio-over-IP interoperability standard.
NOISELAW,dB(A),e71ca44a-ef46-5658-b0aa-6452f2f2ad3e,ANSI S1.4 / S1.43,standard_or_patent_attribution,(cite),"American National Standards Institute (ANSI), published with the Acoustical Society of America (ASA)",verified,definition,US counterpart standard for sound level meters; copyrighted.
NOISELAW,Personal noise dosimeter,19e33fc6-d8db-5643-90fc-5f9253e26928,ANSI/ASA S1.25,standard_or_patent_attribution,(cite),Acoustical Society of America / American National Standards Institute,verified,definition,US dosimeter specification.
NOISELAW,ANSI sound level meter,b3b835a6-a91e-5815-abfb-75648440ec90,ANSI/ASA S1.4,standard_or_patent_attribution,(cite),Acoustical Society of America / American National Standards Institute,verified,definition,US sound level meter specification.
PENDINGDEF,Melodyne integration,19dbc7ac-518a-4dda-846c-7124b2303197,ARA (Audio Random Access),standard_or_patent_attribution,(cite),Celemony Software GmbH & PreSonus Audio Electronics (co-developed),verified,Melodyne integration definition,Host<->plug-in integration technology/standard
NOISELAW,Hearing conservation program,72a89c30-c496-58db-acf9-4064b3b7aaa4,AS/NZS 1269,standard_or_patent_attribution,(cite),Standards Australia / Standards New Zealand,verified,"definition (also recurs in Audiometric testing, LAeq,8h)",Copyrighted joint standard on occupational noise management.
NOISELAW,AS/NZS 1269,983ffd50-409e-5d62-afb2-c3d36fc06d96,AS/NZS 1269 (series),standard_or_patent_attribution,(cite),Standards Australia / Standards New Zealand,verified,definition,Occupational noise management series.
NOISELAW,Environmental Quality Standards for Noise,d488c4ab-f5fc-5cc3-a149-ec36a83e2ea5,Basic Environment Law (Law No. 91 of 1993),standard_or_patent_attribution,(cite),Government of Japan,verified,definition,Basis for ambient noise quality standards.
NOISELAW,Highly sleep disturbed (%HSD),12d958ca-b561-5c09-a846-6cd09259b5ea,Basner & McGuire (2018) WHO systematic review on sleep,standard_or_patent_attribution,(cite),"M. Basner, S. McGuire (academic authors; Int. J. Environ. Res. Public Health)",unverified,definition and formula (source-specific %HSD functions of Lnight),Peer-reviewed source of the WHO 2018 sleep-disturbance functions; attribute authorship. Confidence unverified pending exact-citation check.
NOISELAW,Best practicable environmental option (BPEO),396de908-01f1-5564-b17c-6605d31811e1,Best Practicable Environmental Option (BPEO) concept,standard_or_patent_attribution,(cite),UK Royal Commission on Environmental Pollution (RCEP),verified,definition (origin of the BPEO appraisal principle),Policy concept originating with the RCEP; attribute to that body when explaining the term's provenance.
NOISELAW,BImSchG,33df1d2b-4544-5973-b264-a06255ae3c61,BImSchG (Bundes-Immissionsschutzgesetz),standard_or_patent_attribution,(cite),German Federal Government,verified,definition,Federal Immission Control Act.
NOISELAW,TA Larm,30d9f0ee-6066-5d86-ba86-09899a018e68,BImSchG (Federal Immission Control Act),standard_or_patent_attribution,(cite),German Federal Government,verified,definition,Parent statute.
SOUNDVIZ,BAO reconstruction,f7f474f5-801f-5db5-aa00-1d96db6962f2,BOSS,standard_or_patent_attribution,(cite),Sloan Digital Sky Survey (SDSS-III collaboration / Astrophysical Research Consortium),verified,practical_application (survey named),Baryon Oscillation Spectroscopic Survey; project-name attribution.
PENDINGDEF,Portable multitrack recorder,fa1b7fcb-6fe6-4803-80f3-8fb556f0b963,Broadcast WAV (BWF),standard_or_patent_attribution,(cite),EBU (European Broadcasting Union),verified,definition,BWF specified in EBU Tech 3285.
SOUNDVIZ,Container metadata,4635b2b4-ff12-52df-bb58-e6a97838c71f,Broadcast Wave (BWF),standard_or_patent_attribution,(cite),European Broadcasting Union (EBU),verified,"definition (""WAV or Broadcast Wave chunks"")",Broadcast Wave Format specified by the EBU (EBU Tech 3285); WAV originated by Microsoft/IBM.
NOISELAW,Community noise,fa195e7b-0f5a-58ee-8a3d-4aef4a6b13af,BS 4142,standard_or_patent_attribution,(cite),British Standards Institution (BSI),verified,"definition (also recurs in Noise impact assessment, Acoustic assessment report)",Copyrighted standard for rating industrial and commercial sound against background.
NOISELAW,Specific noise emergence,4c8d33b5-496b-5fd1-a214-36456eb26517,BS 4142 (methods for rating and assessing industrial and commercial sound),standard_or_patent_attribution,(cite),BSI (British Standards Institution),verified,"definition; recurs in Emergence, Tonality assessment, Audibility correction, Residual acoustic environment, Representative measurement period","BSI-copyrighted British Standard; cite by number. Character-correction values (2/4/6, 3/6/9 dB) are facts."
NOISELAW,BS 4142,35a12f1c-35e8-516b-9b4b-ade1f318318a,BS 4142:2014+A1:2019,standard_or_patent_attribution,(cite),British Standards Institution (BSI),verified,definition,Rating/assessing industrial & commercial sound.
NOISELAW,Tonal penalty,cfd960ca-4da5-573f-a14f-ce0017a31324,BS 4142:2014+A1:2019,standard_or_patent_attribution,(cite),BSI (British Standards Institution),verified,"definition; also in LA10, LA90, Background correction, Impulse penalty, Intermittency penalty","Method for rating/assessing industrial & commercial sound; BSI-copyrighted, cite by number."
NOISELAW,Vibration dose value (VDV),584752ea-3af5-53d2-a9b7-f809d132480f,BS 6472-1:2008,standard_or_patent_attribution,(cite),BSI (British Standards Institution),verified,definition,Guide to evaluation of human exposure to vibration in buildings; BSI-copyrighted.
PENDINGDEF,Capacitance tolerance,49748c1f-d21f-4eb6-99a9-17a3f86354a2,C0G / NP0,standard_or_patent_attribution,(cite),EIA (Electronic Industries Alliance) temperature-coefficient class (EIA RS-198),verified,Capacitance tolerance definition,Industry-standard ceramic dielectric class designation
SOUNDVIZ,Class 1 sound level meter,5bf12a79-b206-52f8-a56e-5bc1e6fa3a53,Class 1 sound level meter,standard_or_patent_attribution,(cite),International Electrotechnical Commission (IEC),verified,definition,Sound-level-meter performance class defined in IEC 61672-1 (also ANSI S1.4).
SOUNDVIZ,Class 2 sound level meter,163f8f2e-5e66-5091-b7a3-4329bed409b1,Class 2 sound level meter,standard_or_patent_attribution,(cite),International Electrotechnical Commission (IEC),verified,definition,Sound-level-meter performance class defined in IEC 61672-1 (also ANSI S1.4).
NOISELAW,Strategic noise mapping,31e40ddb-1333-5555-95fc-d6f088baf4ff,CNOSSOS-EU / Common Noise Assessment Methods (Directive (EU) 2015/996),standard_or_patent_attribution,(cite),European Commission (Joint Research Centre); enacted as Directive (EU) 2015/996,verified,"definition and practical_application; recurs in Receiver grid, Reflection correction",Common EU calculation method for END mapping; cite the amending directive/JRC reference document.
NOISELAW,Code de la sante publique,513e7e3a-9092-5922-8526-b99e7bf5f4b7,"Code de la sante publique, art. R.1336-1 to R.1336-3 (decret 2017-1244)",standard_or_patent_attribution,(cite),French Republic (Legifrance),verified,definition,French amplified-sound public-health rules.
NOISELAW,Emergence,74a636c9-1194-510c-9c1e-3ea6de3b021b,Code de la santé publique (French neighbourhood-noise emergence provisions),standard_or_patent_attribution,(cite),French State (République française),verified,"definition (5 dB(A) day / 3 dB(A) night emergence, duration correction, spectral emergence)","National regulation; attribute the numeric limits to France, not as a universal rule."
NOISELAW,Class 2 sound level meter,b972bb2d-794c-535c-9568-68e30f6b3368,Control of Noise at Work Regulations 2005,standard_or_patent_attribution,(cite),UK Government / Health and Safety Executive (Crown copyright),verified,definition (UK guidance),Accepts at least Class 2.
NOISELAW,Event LAeq,5fe8ab0d-62f8-53d7-9e3d-dac7cc2a669d,Control of Noise at Work Regulations 2005,standard_or_patent_attribution,(cite),UK Government (Crown / HSE),verified,related_terms,UK statutory instrument; occupational (worker) noise regime.
NOISELAW,Control of Noise at Work Regulations,c4f7f601-c569-52dd-b0f2-19f441105422,Control of Noise at Work Regulations 2005 (SI 2005/1643),standard_or_patent_attribution,(cite),UK Government / Health and Safety Executive (Crown copyright),verified,definition,UK transposition of 2003/10/EC.
NOISELAW,Exposure limit value,3eb43f4a-ac1c-5a8f-bf6a-40a5ca1e85b7,Control of Noise at Work Regulations 2005 (UK),standard_or_patent_attribution,(cite),UK Government (Crown copyright),verified,definition (recurs in ALARP related_terms),UK transposition of Directive 2003/10/EC.
NOISELAW,Hearing protection zone,1ff7d726-1b6b-58aa-a1fc-89531e19a608,Control of Noise at Work Regulations 2005 (UK),standard_or_patent_attribution,(cite),United Kingdom (Crown; enforced by the Health and Safety Executive),verified,"definition (upper action values 85 dB(A) LEX / 137 dB(C) peak; zone marking); recurs in Noise mitigation hierarchy, Administrative noise control","UK statutory instrument; attribute the trigger values to the UK, not as universal thresholds."
PENDINGDEF,Pulse-code modulation recording,198cb418-177d-4c56-a815-3f4f8018c356,DAT,standard_or_patent_attribution,(cite),DAT format (DAT Conference consortium),verified,definition,Tape format named in the definition.
SOUNDVIZ,Day-evening-night level,a080b12e-699e-5934-962c-346fe92094cf,Day-evening-night level (Lden),standard_or_patent_attribution,(cite),European Union (Directive 2002/49/EC) / ISO (ISO 1996-1),verified,definition/formula,Lden is a standardized composite noise indicator defined in the EU Environmental Noise Directive and ISO 1996.
NOISELAW,Low-frequency penalty,d8160598-80df-584a-99d4-a81afb356aec,DEFRA NANR45 low-frequency noise procedure,standard_or_patent_attribution,(cite),"UK Department for Environment, Food & Rural Affairs (DEFRA)",verified,definition; related_terms,UK proposed criteria for assessment of low-frequency noise; DEFRA-commissioned report.
SOUNDVIZ,BAO reconstruction,f7f474f5-801f-5db5-aa00-1d96db6962f2,DESI,standard_or_patent_attribution,(cite),DESI Collaboration / Lawrence Berkeley National Laboratory (US DOE),verified,practical_application (instrument/survey named),Dark Energy Spectroscopic Instrument; project-name attribution.
PENDINGDEF,Digital Audio Tape mastering,affe5a28-192b-434d-9d99-dd51efc0a4dc,Digital Audio Tape (R-DAT),standard_or_patent_attribution,(cite),DAT format defined by the DAT Conference consortium (led by Sony and Philips),verified,definition,Tape format named in the definition.
NOISELAW,License condition,150febb4-4066-5616-9c6e-de76759a4d00,DIN 15905-5,standard_or_patent_attribution,(cite),DIN (Deutsches Institut fuer Normung),verified,common_mistakes,Copyrighted German standard on audience hearing-loss prevention for amplified sound; verified via DIN Media / SIS.
NOISELAW,Rolling LAeq,4fbc4300-53c8-5ab4-a2ec-2781fee2fedd,DIN 15905-5,standard_or_patent_attribution,(cite),Deutsches Institut fuer Normung (DIN),verified,related_terms,Event audience-exposure measurement standard.
NOISELAW,DIN 15905-5,c157557f-ecf4-5bcc-aabb-f53dc502130b,DIN 15905-5:2022-07,standard_or_patent_attribution,(cite),Deutsches Institut fuer Normung (DIN),verified,definition,Audience hearing-damage prevention standard.
PENDINGDEF,Start-stop signal,e44ea7f5-66a9-4862-9628-70a986d1cce5,DIN Sync (Sync24),standard_or_patent_attribution,(cite),Roland Corporation,verified,definition,Roland's 24-ppqn sync scheme.
NOISELAW,Noise emission limit,7d4b1f46-dcd6-58f2-941d-bb257baca64d,Directive 2000/14/EC (outdoor equipment noise),standard_or_patent_attribution,(cite),European Union (European Parliament and Council),verified,definition and scenario_contexts,EU instrument setting guaranteed sound-power limits for outdoor equipment.
NOISELAW,Environmental Noise Regulations,7afadef0-579f-5d2d-82ca-13f9296f6edd,Directive 2002/49/EC,standard_or_patent_attribution,(cite),European Union (European Parliament and Council),verified,definition,Parent directive.
NOISELAW,Environmental Noise Directive,a692a175-2bce-52f7-8b3b-30ec46692452,Directive 2002/49/EC (END),standard_or_patent_attribution,(cite),European Union (European Parliament and Council),verified,definition,Environmental noise assessment/management.
NOISELAW,Directive 2003/10/EC,919fa32e-d7e5-5e35-8b54-0de05883ebb0,Directive 2003/10/EC,standard_or_patent_attribution,(cite),European Union (European Parliament and Council),verified,definition,Workers' noise (physical agents) directive.
NOISELAW,Action level,2873ca86-5b26-5a4d-916b-d596494288e7,Directive 2003/10/EC (noise at work),standard_or_patent_attribution,(cite),European Union (European Parliament and Council),verified,"definition (recurs in Exposure limit value, Noise limit value, License condition, LEX,8h, Peak SPL, etc.)",EU occupational-noise legislative instrument.
NOISELAW,Hearing protection zone,1ff7d726-1b6b-58aa-a1fc-89531e19a608,Directive 2003/10/EC (physical agents — noise),standard_or_patent_attribution,(cite),European Union (European Parliament and Council of the EU),verified,definition ('hearing protection required' area concept),EU occupational-noise directive underlying national regs; cite by number.
NOISELAW,Best available techniques (BAT),67ef4c3f-83cc-5f61-b551-f64492b474f3,Directive 2010/75/EU (Industrial Emissions Directive),standard_or_patent_attribution,(cite),European Union (European Parliament and Council),verified,"definition, related_terms, scenarios",EU legislative instrument; also the source of the near-verbatim definition flagged under Job 1.
NOISELAW,Acoustic zoning,416867ee-ab63-537a-b7e1-d498d30ce0a9,DPCM 14/11/1997 (limit values for the acoustic classes),standard_or_patent_attribution,(cite),Italian State (Presidenza del Consiglio dei Ministri),verified,definition (six-class day/night dB(A) limits),Italian decree fixing the class limit values; cite as national instrument.
NOISELAW,"LCeq,15min",8ed31f54-06c6-5237-a756-7c7aff9e14fb,Décret n° 2017-1244 / Article R1336-1 Code de la santé publique,standard_or_patent_attribution,(cite),French Republic (Government of France),verified,"definition; also in LAeq,15min, Audience exposure limit, Amplified-sound event, and R1336-1 across event terms",French legal instrument (amplified-sound venues); verified on Légifrance.
PENDINGDEF,Component tolerance,ae4148fa-e0de-47ae-aa5e-5d9273502bda,E-series (preferred values),standard_or_patent_attribution,(cite),"IEC (International Electrotechnical Commission), IEC 60063",verified,Component tolerance and Component value definitions,Preferred-number value series is an IEC standard
PENDINGDEF,Timecode chase,b7a155e6-ff20-4343-9f7e-55bfaaf05c33,EBU (timecode),standard_or_patent_attribution,(cite),European Broadcasting Union,verified,definition,SMPTE/EBU linear timecode named in def.
PENDINGDEF,Auphonic,9abd83a6-b660-4500-89df-e893ebcfa761,EBU R128,standard_or_patent_attribution,(cite),European Broadcasting Union (EBU),verified,definition,Loudness normalization standard named in the definition.
SOUNDVIZ,LUFS trace,b5f74bbf-7e3d-59e2-8c2f-7e10ebcd7aeb,EBU R128,standard_or_patent_attribution,(cite),European Broadcasting Union (EBU),verified,definition,Loudness normalization recommendation built on BS.1770.
NOISELAW,As low as reasonably practicable (ALARP),69cf2ba3-51da-5be2-a87a-681d0fb4d1b0,Edwards v National Coal Board [1949],standard_or_patent_attribution,(cite),England and Wales Court of Appeal (law report),verified,definition,"Judicial authority interpreting 'reasonably practicable'; case citation, not a text to reproduce verbatim."
PENDINGDEF,C0G/NP0 capacitor,07eba159-8943-4dd9-bb6b-7c8b3dd4afb1,EIA C0G / NP0,standard_or_patent_attribution,(cite),Electronic Industries Alliance (EIA); RS-198 codes now maintained by ECIA/JEDEC,verified,dielectric temperature-characteristic codes named in definition,"C0G (EIA) and NP0 are industry-standard Class-1 dielectric designations, not proprietary marks."
PENDINGDEF,Class 2 ceramic capacitor,1955aa64-f510-4d5d-a4d2-8331c111d74a,"EIA character codes (X7R, X5R, Y5V)",standard_or_patent_attribution,(cite),Electronic Industries Alliance (EIA) / ECIA,verified,EIA character codes named in definition,Standard EIA Class-2 dielectric temperature codes (RS-198).
PENDINGDEF,Ceramic capacitor,f59e0337-6ba2-48b2-a4d2-a8a9472fc4f0,"EIA dielectric codes (C0G/NP0, X7R, Y5V)",standard_or_patent_attribution,(cite),Electronic Industries Alliance (EIA) / ECIA,verified,Class-1/Class-2 dielectric codes named in definition,Standard EIA temperature-characteristic codes.
NOISELAW,Single Number Rating (SNR),3d3f3e87-de5f-5f33-83de-131df9bc8d7e,EN 352 (hearing protectors — general requirements),standard_or_patent_attribution,(cite),CEN (European Committee for Standardization),verified,definition (product marking requirements),CEN product-standard series for earmuffs/earplugs; cite by number.
NOISELAW,Single Number Rating (SNR),3d3f3e87-de5f-5f33-83de-131df9bc8d7e,EN ISO 4869-2 (acoustics — hearing protectors — estimation of effective A-weighted levels),standard_or_patent_attribution,(cite),CEN / ISO (European adoption of ISO 4869-2),verified,definition and formula; central to HML method,CEN/ISO-copyrighted standard defining SNR and HML computation; cite by number.
NOISELAW,Environmental noise,64ad4aa9-85d2-5c39-b696-b5efe29fd22b,Environmental Noise Directive (2002/49/EC),standard_or_patent_attribution,(cite),European Union (European Parliament and Council),verified,"definition, related_terms, scenarios (recurs across multiple terms)",EU legislative instrument; citation/attribution to the directive.
NOISELAW,Strategic noise mapping,31e40ddb-1333-5555-95fc-d6f088baf4ff,Environmental Noise Directive (Directive 2002/49/EC),standard_or_patent_attribution,(cite),European Union (European Parliament and Council of the EU),verified,"definition and throughout; recurs across ~20 terms in this group (Noise action plan, Agglomeration noise, Quiet area, Facade correction, Most-exposed facade, Evening/Night penalty, Sleep disturbance criterion, etc.)","Primary EU legal instrument; cite by directive number and title. Legislative text itself is not copyright-protected, but the instrument must be attributed rather than stated as a universal law."
NOISELAW,Lden,56adcb8a-7459-5949-ae7d-93358126bf36,Environmental Noise Directive 2002/49/EC (Annex I),standard_or_patent_attribution,(cite),European Union (European Parliament and Council),verified,"definition; also in Lnight, Day-evening-night penalty",EU legal instrument; cite directive number and jurisdiction (already done in text).
NOISELAW,Statutory nuisance,b0eecab4-b681-5437-a77a-250e392e937f,Environmental Protection Act 1990 (UK),standard_or_patent_attribution,(cite),UK Parliament (Crown copyright),verified,"definition (recurs in Noise nuisance, Abatement notice, Enforcement officer, BPM)","UK statute; Part III statutory nuisance, s.79(9), s.80. Crown copyright / Open Government Licence."
NOISELAW,Dosimetry exchange criterion,8a61db1a-9d4e-5e6f-a369-12460ca2c3e4,EU Directive 2003/10/EC,standard_or_patent_attribution,(cite),European Union (European Parliament and Council),verified,definition,EU workers' noise directive (3 dB).
NOISELAW,Impulse penalty,aa858312-5e52-554d-a6e7-9565e658a8fb,"EU Directive 2003/10/EC (noise, physical agents)",standard_or_patent_attribution,(cite),European Union (European Parliament and Council),verified,"common_mistakes; also in Pyrotechnic peak noise, Audience exposure limit",EU worker-protection directive (140 dB(C) peak ELV); cite number and jurisdiction.
NOISELAW,Environmental Noise Regulations,7afadef0-579f-5d2d-82ca-13f9296f6edd,European Communities (Environmental Noise) Regulations 2018 (S.I. No. 549 of 2018),standard_or_patent_attribution,(cite),Government of Ireland,verified,definition,Irish transposition of 2002/49/EC.
NOISELAW,FAA aircraft noise,7a0df62f-9f96-524b-af1d-70931c086d80,FAA Order 1050.1F,standard_or_patent_attribution,(cite),U.S. Federal Aviation Administration,verified,definition (1.5 dB significance),NEPA implementing order.
PENDINGDEF,PCB,d31c6100-0668-48a8-bf80-597f822da882,FR-4,standard_or_patent_attribution,(cite),NEMA (National Electrical Manufacturers Association),verified,definition,"Material grade designation, not a trademark; NEMA LI-1 flame-rated glass-epoxy grade."
NOISELAW,Ground-borne noise,a000cc6c-2e59-5987-b2db-937add758808,FTA Transit Noise and Vibration Impact Assessment guidance (FTA/FRA),standard_or_patent_attribution,(cite),US Federal Transit Administration (FTA),verified,definition; related_terms,"US transit guidance (35-43 dB(A) residential criteria, VdB); US government document."
SOUNDVIZ,infrasound exposure,e0e37324-b25d-5311-b67e-f1a2d1948f30,G-weighting,standard_or_patent_attribution,(cite),ISO (International Organization for Standardization),verified,"related_terms (""G-weighting"")",Infrasound G-weighting frequency curve defined in ISO 7196.
NOISELAW,Uncertainty allowance,1707608a-2096-5f5f-b301-99999b348324,GUM (JCGM 100),standard_or_patent_attribution,(cite),JCGM / BIPM,verified,definition (U = k*u_c),Guide to expression of uncertainty.
NOISELAW,Annoyance dose-response,ee81b88b-676b-545b-9b51-d15511bc6938,"Guski, Schreckenberg & Schuemer (2017) annoyance exposure-response review",standard_or_patent_attribution,(cite),"R. Guski, D. Schreckenberg, R. Schuemer (academic authors; Int. J. Environ. Res. Public Health)",unverified,definition (source of the WHO 2018 %HA relationships),Peer-reviewed source underlying the WHO curves; attribute the authorship. Confidence unverified pending citation check of exact journal/year.
NOISELAW,As low as reasonably practicable (ALARP),69cf2ba3-51da-5be2-a87a-681d0fb4d1b0,Health and Safety at Work etc. Act 1974 (UK),standard_or_patent_attribution,(cite),UK Parliament (Crown copyright),verified,definition and related_terms,UK statute underpinning the 'reasonably practicable' duty.
NOISELAW,Attenuation derating,eed2d18e-1581-5cfc-bcc3-fd40052e902a,HSE 4 dB real-world derating guidance (UK),standard_or_patent_attribution,(cite),UK Health and Safety Executive (HSE),verified,definition (assume +4 dB at the ear vs SNR/HML prediction),HSE guidance (L108); attribute the 4 dB adjustment to HSE.
PENDINGDEF,Digital potentiometer,bde1d09e-ddb3-4f53-b985-aabaf68d7dca,I2C,standard_or_patent_attribution,(cite),Philips (now NXP Semiconductors),verified,definition,Serial interface named in the definition.
PENDINGDEF,Digital audio receiver,ba1d7a03-83c6-4c31-b6c6-2ea9bc2ce631,I2S (Inter-IC Sound),standard_or_patent_attribution,(cite),Philips (now NXP Semiconductors),verified,definition,Serial audio bus named in the definition.
PENDINGDEF,Digital audio transmitter,398d0c57-8ce8-41f1-8360-b840812abe2f,I2S (Inter-IC Sound),standard_or_patent_attribution,(cite),Philips (now NXP Semiconductors),verified,definition,Serial audio bus named in the definition.
PENDINGDEF,USB audio controller,037e4164-5e1a-49d7-a59b-5f39670b244c,I2S (Inter-IC Sound),standard_or_patent_attribution,(cite),Philips (now NXP Semiconductors),verified,definition,Serial audio interface named in the definition.
PENDINGDEF,Podcast metadata,e9490463-77a7-4d9e-9a60-b54c275843ce,ID3 (ID3v2),standard_or_patent_attribution,(cite),Informal community specification (id3.org; M. Nilsson et al.) — no corporate owner,unverified,embedded tag format named in definition,Open de-facto spec; no proprietary owner confirmed.
PENDINGDEF,Hearing-assistance feed,cfa44897-5f31-459f-aad2-5e1589ffb1cd,IEC 60118-4,standard_or_patent_attribution,(cite),International Electrotechnical Commission (IEC),verified,sources,Induction-loop performance standard.
SOUNDVIZ,Speech Transmission Index map,f4dabd5d-97ae-58e7-8f64-e618877e026a,IEC 60268-16,standard_or_patent_attribution,(cite),International Electrotechnical Commission (IEC),verified,definition,STI and its measurement defined in IEC 60268-16.
NOISELAW,Compliance monitoring,2409069e-1e2f-5738-9819-4d9aa89d09a8,IEC 60942,standard_or_patent_attribution,(cite),International Electrotechnical Commission (IEC),verified,definition,Copyrighted standard for sound calibrators used in field checks.
NOISELAW,Calibrated logging meter,1ce4418f-5bc3-528f-852c-988187fd15fb,IEC 60942 (sound calibrators),standard_or_patent_attribution,(cite),International Electrotechnical Commission (IEC),verified,definition,Field-calibrator standard; cite by number.
NOISELAW,IEC 60942,6bed40a8-08bb-5636-b464-ba0bcc8d31c0,IEC 60942:2017,standard_or_patent_attribution,(cite),International Electrotechnical Commission (IEC),verified,definition,Sound calibrators standard.
NOISELAW,Personal noise dosimeter,19e33fc6-d8db-5643-90fc-5f9253e26928,IEC 61252,standard_or_patent_attribution,(cite),International Electrotechnical Commission (IEC),verified,"definition, plain_english",Standard specifying personal sound exposure meters.
NOISELAW,dB(A),e71ca44a-ef46-5658-b0aa-6452f2f2ad3e,IEC 61672 / IEC 61672-1,standard_or_patent_attribution,(cite),International Electrotechnical Commission (IEC),verified,"definition and related_terms (also recurs in dB(C), dB(Z), Compliance monitoring, Lmax)",Copyrighted standard defining frequency/time weightings and sound level meter specifications.
NOISELAW,Class 1 sound level meter,daf020c8-4956-5f50-96ab-93300956de41,IEC 61672-1,standard_or_patent_attribution,(cite),International Electrotechnical Commission (IEC),verified,"definition, plain_english",Sound level meter performance classes.
NOISELAW,Class 2 sound level meter,b972bb2d-794c-535c-9568-68e30f6b3368,IEC 61672-1 (BS EN 61672-1),standard_or_patent_attribution,(cite),International Electrotechnical Commission (IEC) / BSI,verified,"definition, plain_english",Class 2 performance grade.
NOISELAW,Calibrated logging meter,1ce4418f-5bc3-528f-852c-988187fd15fb,IEC 61672-1 (electroacoustics — sound level meters),standard_or_patent_attribution,(cite),International Electrotechnical Commission (IEC),verified,"definition; also cited in Lmin, Off-site noise monitoring","Instrument class/accuracy standard (Class 1/Class 2); IEC-copyrighted document, cite by number."
PENDINGDEF,Ethernet controller,28c01d3e-3055-4fc2-8e89-8fde005cc778,IEEE 802.3,standard_or_patent_attribution,(cite),Institute of Electrical and Electronics Engineers (IEEE),verified,definition,Ethernet standard named in the definition.
SOUNDVIZ,Calibration block,96e7834e-08c3-56ca-855f-cc95ad4945d3,IIW (V1/V2) block,standard_or_patent_attribution,(cite),International Institute of Welding (IIW),verified,"definition & practical_application (""IIW (V1/V2)"")",IIW-designated reference blocks; standardized (ISO 2400 / EN 12223).
SOUNDVIZ,Index point,77f60adf-7315-55ba-b081-ef847ccb5f33,IIW calibration block,standard_or_patent_attribution,(cite),International Institute of Welding (IIW),verified,"definition (""the 100 mm arc of an IIW block"")",IIW V1/V2 reference blocks defined by the International Institute of Welding (see ISO 2400).
PENDINGDEF,Blind via,79c39de1-2b06-47af-8d3b-14c38cfbd0c2,IPC-2221 / IPC-T-50 / IPC-6012 / IPC-7351 / IPC-A-610 / IPC-2152 / IPC-9252,standard_or_patent_attribution,(cite),IPC (Association Connecting Electronics Industries),verified,sources,IPC standards family cited across the soldering/PCB terms.
NOISELAW,Agglomeration noise,31f5fd58-873f-5a67-abcf-a95733809ce0,IPPC (Integrated Pollution Prevention and Control) sites,standard_or_patent_attribution,(cite),"European Union (IPPC Directive, now Industrial Emissions Directive 2010/75/EU)",verified,definition (industrial sources within an agglomeration),Reference to the IPPC regime; cite the governing EU industrial-emissions instrument.
NOISELAW,ISO 12913,c9a565e0-a8d0-5656-858a-70f8ebeb2c62,ISO 12913 (series),standard_or_patent_attribution,(cite),International Organization for Standardization (ISO),verified,definition,Soundscape standard series.
NOISELAW,Soundscape assessment,16f609ba-e6e3-5753-8e43-9c04c712526e,"ISO 12913 series (acoustics — soundscape, Parts 1-3)",standard_or_patent_attribution,(cite),International Organization for Standardization (ISO),verified,"definition and practical_application; recurs in Quiet area, Acoustic environment quality, Masking sound",ISO-copyrighted soundscape standard series; cite by number.
NOISELAW,ISO 1996,2ee17619-9540-5549-8bb4-b9eb6b15b2d4,ISO 1996 (series),standard_or_patent_attribution,(cite),International Organization for Standardization (ISO),verified,definition,Environmental noise description/assessment.
NOISELAW,Noise impact assessment,4bd318a9-269a-527a-9279-4c7a039e819e,ISO 1996 / ISO 1996-2,standard_or_patent_attribution,(cite),International Organization for Standardization (ISO),verified,definition (also recurs in Acoustic assessment report),"Copyrighted standard on description, measurement and assessment of environmental noise."
NOISELAW,Residual acoustic environment,af8397c2-e592-50ff-b826-49a241e01bce,"ISO 1996-1 (acoustics — description, measurement and assessment of environmental noise, Part 1: basic quantities and assessment procedures)",standard_or_patent_attribution,(cite),International Organization for Standardization (ISO),verified,"definition (residual sound); recurs in Zoning noise criterion, Acoustic zoning, Annoyance dose-response, Highly annoyed percentage","ISO-copyrighted standard; the defined term 'residual sound' and area-category framework are cited, not reproduced verbatim."
NOISELAW,ISO 1996-1,7b22531f-49f1-59a6-9a19-27698a6f0f2d,ISO 1996-1:2016,standard_or_patent_attribution,(cite),International Organization for Standardization (ISO),verified,definition,Basic quantities and assessment procedures.
NOISELAW,LA90,870c2afa-7a8d-5874-993d-c07ddcb098d2,ISO 1996-2,standard_or_patent_attribution,(cite),International Organization for Standardization (ISO),verified,"definition; also in Background correction, Tonal penalty, Pure tone component, Off-site noise monitoring","Determination of environmental noise levels; ISO-copyrighted, cite by number."
NOISELAW,Facade correction,f9f47836-1229-5e04-bc25-a2ff9aad601e,"ISO 1996-2 (acoustics — description, measurement and assessment of environmental noise, Part 2)",standard_or_patent_attribution,(cite),International Organization for Standardization (ISO),verified,"definition, practical_application, formula; recurs in Reflection correction, Microphone height criterion, Tonality assessment, Narrowband analysis, Audibility correction, Representative measurement period, Downwind propagation","ISO-copyrighted measurement standard; cite by number. Numeric reflection values (+3/+6 dB) are facts, not copyrightable."
NOISELAW,Tonality assessment,0668bd40-789e-5013-97f6-307b5fa1d532,ISO 1996-2 tonal-audibility method,standard_or_patent_attribution,(cite),International Organization for Standardization (ISO),verified,definition and formula (0-6 dB sliding tonal adjustment),Same ISO 1996-2 document; noted separately because the tonal-audibility annex is the specific attribution here.
NOISELAW,ISO 1996-2,9c803fda-d844-545f-a701-0a8bcea2dd69,ISO 1996-2:2017,standard_or_patent_attribution,(cite),International Organization for Standardization (ISO),verified,definition,Determination of sound pressure levels.
NOISELAW,3 dB exchange rate,d0227c7a-0514-5b07-9f9c-808191ead882,ISO 1999,standard_or_patent_attribution,(cite),International Organization for Standardization (ISO),verified,definition,Copyrighted standard on estimation of noise-induced hearing loss.
NOISELAW,Class 1 sound level meter,daf020c8-4956-5f50-96ab-93300956de41,ISO 20906,standard_or_patent_attribution,(cite),International Organization for Standardization (ISO),verified,definition (unattended aircraft-noise monitoring),Requires Class 1 performance.
NOISELAW,Vibration dose value (VDV),584752ea-3af5-53d2-a9b7-f809d132480f,ISO 2631,standard_or_patent_attribution,(cite),International Organization for Standardization (ISO),verified,definition,Mechanical vibration/human exposure standard; ISO-copyrighted.
SOUNDVIZ,Early decay time map,c758a941-729b-5c8c-bb4d-9f084e9886f2,ISO 3382,standard_or_patent_attribution,(cite),International Organization for Standardization (ISO),verified,definition,Room-acoustic parameter measurement standardized in the ISO 3382 series.
SOUNDVIZ,Impulse-response measurement,8afc5070-ca4d-5cdf-991e-8f9c5a6f8462,ISO 3382,standard_or_patent_attribution,(cite),International Organization for Standardization (ISO),verified,definition (standard cited),ISO 3382 'Acoustics — Measurement of room acoustic parameters'; standard attribution.
SOUNDVIZ,RT map,e71da687-623f-565e-9d35-0eab7491f6a8,ISO 3382,standard_or_patent_attribution,(cite),International Organization for Standardization (ISO),verified,definition,Reverberation-time measurement standardized in the ISO 3382 series.
NOISELAW,Infrasound,f6b6dcf9-57fc-5110-9c82-bd72af4ea70e,ISO 7196:1995 (G-weighting),standard_or_patent_attribution,(cite),International Organization for Standardization (ISO),verified,definition,Frequency-weighting characteristic for infrasound; ISO-copyrighted.
NOISELAW,"LEX,8h",3ab15de9-ff9c-5f75-a4f4-734389b4ffc9,ISO 9612,standard_or_patent_attribution,(cite),International Organization for Standardization (ISO),verified,practical_application,Copyrighted standard on determination of occupational noise exposure.
NOISELAW,Noise impact assessment,4bd318a9-269a-527a-9279-4c7a039e819e,ISO 9613-2,standard_or_patent_attribution,(cite),International Organization for Standardization (ISO),verified,definition,Copyrighted standard on attenuation of sound during outdoor propagation.
NOISELAW,Reflection correction,621a32f6-d9ab-59b2-815d-7a7ad92439b2,"ISO 9613-2 (acoustics — attenuation of sound during propagation outdoors, Part 2)",standard_or_patent_attribution,(cite),International Organization for Standardization (ISO),verified,"definition; central to Meteorological correction, Downwind propagation, Ground attenuation, Barrier insertion loss, Worst-case operating condition, Receiver grid","ISO-copyrighted outdoor-propagation standard; cite by number. Cmet/Agr formulas reproduce factual method equations, not protected expression."
SOUNDVIZ,Vector intensity probe,5b386ca8-1caa-505a-984a-4a53ae307b0c,ISO 9614,standard_or_patent_attribution,(cite),International Organization for Standardization (ISO),verified,'measure sound power to ISO 9614' in practical_application,"ISO 9614 (sound power determination using sound intensity) is an ISO standard; cite/attribute to ISO. Standard is a fact reference, not infringement."
NOISELAW,Traceable calibration,21a9399c-6581-5a60-a086-e940cf0820d4,ISO/IEC 17025,standard_or_patent_attribution,(cite),ISO and IEC (jointly),verified,definition,General requirements for testing/calibration labs.
NOISELAW,Highly annoyed percentage (%HA),49492cb0-648a-5105-8b8f-b189ff5b9672,ISO/TS 15666 (assessment of noise annoyance by means of social and socio-acoustic surveys),standard_or_patent_attribution,(cite),International Organization for Standardization (ISO),verified,definition (standardised annoyance scale and high-annoyance cut-point),ISO-copyrighted technical specification; cite by number.
PENDINGDEF,ISRC verification,5c6ffe33-cb71-47bb-8471-ae33580670fe,ISRC (International Standard Recording Code),standard_or_patent_attribution,(cite),IFPI (International Federation of the Phonographic Industry); ISO 3901,verified,definition,Also named in 'Distributor delivery package' (0) and 'Metadata verification' (28).
PENDINGDEF,Auphonic,9abd83a6-b660-4500-89df-e893ebcfa761,ITU-R BS.1770,standard_or_patent_attribution,(cite),International Telecommunication Union (ITU-R),verified,definition,Loudness measurement standard named in the definition.
SOUNDVIZ,Inter-sample peak display,719691be-755d-58a6-9c36-2d0ce315d820,ITU-R BS.1770,standard_or_patent_attribution,(cite),International Telecommunication Union (ITU),verified,definition,Inter-sample/true-peak estimation per BS.1770.
SOUNDVIZ,LUFS trace,b5f74bbf-7e3d-59e2-8c2f-7e10ebcd7aeb,ITU-R BS.1770,standard_or_patent_attribution,(cite),International Telecommunication Union (ITU),verified,definition/formula,"Loudness measurement algorithm (K-weighting, gating); LUFS/LKFS unit."
PENDINGDEF,Podcast loudness target,49bfda34-86a3-4092-b8df-fdc904bd48f0,ITU-R BS.1770,standard_or_patent_attribution,(cite),International Telecommunication Union (ITU-R),verified,loudness algorithm named in definition,ITU-R Recommendation.
SOUNDVIZ,True-peak trace,f720a705-961f-55ed-9a5c-abcfb2fd9bae,ITU-R BS.1770,standard_or_patent_attribution,(cite),International Telecommunication Union (ITU),verified,definition,True-peak (oversampled) metering defined in BS.1770.
PENDINGDEF,Fillet,e9d839fc-9f03-4b76-9be8-5846a3a50b31,J-STD-001,standard_or_patent_attribution,(cite),IPC / JEDEC (joint standard),verified,sources,Requirements for Soldered Electrical Assemblies.
PENDINGDEF,DIP,5567443a-e95d-48b9-850d-c6915c3bab89,JEDEC,standard_or_patent_attribution,(cite),JEDEC Solid State Technology Association,verified,'JEDEC-registered' outline named in definition (MS-001),"Package outline registered/standardized by JEDEC; designation is an industry standard, not a proprietary product mark."
PENDINGDEF,DO-41,0dd071e6-81eb-4dcd-a029-12b239e63164,JEDEC,standard_or_patent_attribution,(cite),JEDEC Solid State Technology Association,verified,'JEDEC-registered' outline named in definition (DO-41),"Package outline registered/standardized by JEDEC; designation is an industry standard, not a proprietary product mark."
PENDINGDEF,LQFP,036fa002-fa80-4988-8ffa-9665f1ad210b,JEDEC,standard_or_patent_attribution,(cite),JEDEC Solid State Technology Association,verified,'JEDEC-registered' outline named in definition (MS-026 quad-flat-pack),"Package outline registered/standardized by JEDEC; designation is an industry standard, not a proprietary product mark."
PENDINGDEF,SOIC,005842c2-e667-47ad-bdf2-cd8bc44512ca,JEDEC,standard_or_patent_attribution,(cite),JEDEC Solid State Technology Association,verified,'JEDEC-registered' outline named in definition (MS-012/MS-013),"Package outline registered/standardized by JEDEC; designation is an industry standard, not a proprietary product mark."
PENDINGDEF,SOT-23,ca24962b-9e00-4367-8224-b3860e4e41ea,JEDEC,standard_or_patent_attribution,(cite),JEDEC Solid State Technology Association,verified,'JEDEC-registered' outline named in definition (TO-236),"Package outline registered/standardized by JEDEC; designation is an industry standard, not a proprietary product mark."
PENDINGDEF,SSOP,90ab4858-8194-4196-ad28-b4c9fbee8257,JEDEC,standard_or_patent_attribution,(cite),JEDEC Solid State Technology Association,verified,'JEDEC-registered' outline named in definition (MO-150),"Package outline registered/standardized by JEDEC; designation is an industry standard, not a proprietary product mark."
PENDINGDEF,TO-220,a5849bb3-e064-4fef-b022-d6dd74d2c7ea,JEDEC,standard_or_patent_attribution,(cite),JEDEC Solid State Technology Association,verified,'JEDEC-registered' outline named in definition (TO-220),"Package outline registered/standardized by JEDEC; designation is an industry standard, not a proprietary product mark."
PENDINGDEF,TO-247,228cc81f-1295-4c50-aed8-dbf2043ba429,JEDEC,standard_or_patent_attribution,(cite),JEDEC Solid State Technology Association,verified,'JEDEC-registered' outline named in definition (TO-247),"Package outline registered/standardized by JEDEC; designation is an industry standard, not a proprietary product mark."
PENDINGDEF,TO-3,32025981-e76b-4c8e-ac44-dff22b371d35,JEDEC,standard_or_patent_attribution,(cite),JEDEC Solid State Technology Association,verified,'JEDEC-registered' outline named in definition (TO-3),"Package outline registered/standardized by JEDEC; designation is an industry standard, not a proprietary product mark."
PENDINGDEF,TO-92,25b4f7d9-b22c-446b-8a9a-7fa93512106f,JEDEC,standard_or_patent_attribution,(cite),JEDEC Solid State Technology Association,verified,'JEDEC-registered' outline named in definition (TO-92),"Package outline registered/standardized by JEDEC; designation is an industry standard, not a proprietary product mark."
PENDINGDEF,TSSOP,c4162307-644b-4893-a762-be5b5bd019f2,JEDEC,standard_or_patent_attribution,(cite),JEDEC Solid State Technology Association,verified,'JEDEC-registered' outline named in definition (MO-153),"Package outline registered/standardized by JEDEC; designation is an industry standard, not a proprietary product mark."
PENDINGDEF,DO-214,1ef82625-8b75-4c0b-8648-8bfd60540c80,JEDEC DO-214 (SMA/SMB/SMC),standard_or_patent_attribution,(cite),JEDEC Solid State Technology Association,verified,'JEDEC-registered' package family named in definition,"DO-214AC/AA/AB registered by JEDEC; SMA/SMB/SMC are common informal industry names for those bodies, not distinct owners."
SOUNDVIZ,Asteroseismic scaling relation,c5166d1c-4b6c-533f-acac-ab71f7f5d9ee,Kepler,standard_or_patent_attribution,(cite),NASA,verified,practical_application (mission named),Kepler space telescope; mission-name attribution.
SOUNDVIZ,Echelle diagram,6615c94a-6256-5a97-b429-05de6d673d37,Kepler,standard_or_patent_attribution,(cite),NASA,verified,practical_application (mission named),Kepler space telescope; mission-name attribution.
NOISELAW,Acoustic zoning,416867ee-ab63-537a-b7e1-d498d30ce0a9,Law 447/1995 (Legge quadro sull'inquinamento acustico),standard_or_patent_attribution,(cite),Italian State (Repubblica Italiana),verified,definition (Italian acoustic classification example),"National framework law used as a worked example; attribute to Italy, do not state as universal."
NOISELAW,Premises licence,f02de3ea-2213-5a61-a15c-6c77ac486f46,Licensing Act 2003,standard_or_patent_attribution,(cite),UK Parliament (Crown copyright),verified,definition,England & Wales licensing statute.
NOISELAW,Special event permit,11e34fe4-52b9-5a72-bd62-aeb93315db40,Licensing Act 2003 (incl. Temporary Event Notice),standard_or_patent_attribution,(cite),UK Parliament (Crown),verified,definition,England & Wales licensing statute; cite Act and jurisdiction.
NOISELAW,Liquor licence noise condition,5d9a9fdd-5d87-5c6c-a168-bc0515111483,Liquor & Gaming NSW licensing regime,standard_or_patent_attribution,(cite),New South Wales Government (Liquor & Gaming NSW),verified,definition,NSW licensed-venue sound regulation.
SOUNDVIZ,RMS waveform,621c82d9-0e85-565d-be68-e61ce7633d5a,LUFS,standard_or_patent_attribution,(cite),ITU-R (BS.1770) / EBU (R128),verified,common_mistakes (loudness unit),"LUFS is a loudness unit defined in ITU-R BS.1770 and EBU R128; a standardized measure, not a brand."
NOISELAW,Barrier insertion loss,09ec4ca3-02af-5283-9173-fb6163e0b823,Maekawa's chart (single-diffraction screening),standard_or_patent_attribution,(cite),"Z. Maekawa (academic method; 'Noise reduction by screens', Applied Acoustics, 1968)",verified,definition (empirical single-diffraction model),Named academic method; attribute to Maekawa's published work.
PENDINGDEF,MIDI cue trigger,b4d2b1b9-aaa0-437b-a7ea-01476494cc32,MIDI Show Control (RP-002),standard_or_patent_attribution,(cite),MIDI Manufacturers Association / The MIDI Association,verified,definition,Named in MIDI cue trigger (19) and Show-control system (28).
PENDINGDEF,Ethernet controller,28c01d3e-3055-4fc2-8e89-8fde005cc778,MII / RMII,standard_or_patent_attribution,(cite),IEEE (defined within IEEE 802.3),verified,definition,Media-independent interface named in the definition.
NOISELAW,WHS exposure standard for noise,c4edff6e-0e84-5432-be98-d2ae50e04029,Model WHS Regulations (reg 56),standard_or_patent_attribution,(cite),Safe Work Australia,verified,definition,Australian exposure standard for noise.
NOISELAW,PCBU,af728c80-dacb-56fb-80ad-e7fed3b5651f,Model Work Health and Safety (WHS) Act,standard_or_patent_attribution,(cite),Safe Work Australia,verified,definition,Defines PCBU duty holder.
SOUNDVIZ,Lossy compression signature,417dda74-bf0e-51cc-bd6e-3e5ad4f828cd,MP3 (MPEG-1/2 Audio Layer III),standard_or_patent_attribution,(cite),ISO/IEC (MPEG standard); core patents Fraunhofer-Gesellschaft,verified,"definition (""such as MP3, AAC"")",MP3 = MPEG-1 Audio Layer III (ISO/IEC 11172-3); foundational patents held by Fraunhofer-Gesellschaft (now expired).
NOISELAW,NEPA noise assessment,4d2ef88b-88a1-5c7f-845e-2d2f03d67f71,National Environmental Policy Act of 1969 (NEPA),standard_or_patent_attribution,(cite),U.S. Congress / U.S. federal statute,verified,definition,Procedural environmental-review statute.
PENDINGDEF,Network storage,3de5b54e-c6bb-4955-a633-c6ead4985cca,NFS,standard_or_patent_attribution,(cite),Sun Microsystems (now Oracle Corporation),verified,definition,File-sharing protocol named in the definition.
NOISELAW,Attenuation derating,eed2d18e-1581-5cfc-bcc3-fd40052e902a,NIOSH derating recommendations (25%/50%/70%),standard_or_patent_attribution,(cite),US CDC — National Institute for Occupational Safety and Health (NIOSH),verified,definition (percentage derating by protector type),NIOSH guidance; attribute the percentage factors to NIOSH.
NOISELAW,Criterion duration,2f1d68f7-b51e-5f5a-adcc-48b04bb24520,NIOSH Publication 98-126,standard_or_patent_attribution,(cite),U.S. National Institute for Occupational Safety and Health (CDC/NIOSH),verified,definition (8 h/85 dB(A)/3 dB),NIOSH recommended criteria.
NOISELAW,Recommended Exposure Limit (REL),f7044d48-84a7-5a3c-a156-be6bf51ecd7f,NIOSH Recommended Exposure Limit (REL) for noise,standard_or_patent_attribution,(cite),US National Institute for Occupational Safety and Health (NIOSH / CDC),verified,definition (recurs in exchange-rate and PEL terms),US federal advisory publication; attribution to NIOSH.
NOISELAW,OSHA noise standard,46812310-99df-5d03-b775-3a9c842106e6,NIOSH REL,standard_or_patent_attribution,(cite),U.S. National Institute for Occupational Safety and Health (CDC/NIOSH),verified,definition/common_mistakes,Recommended 85 dBA / 3 dB.
NOISELAW,Complaint trigger level,dc17a36f-c7b3-57fd-9708-3c4281b847cd,Noise Council Code of Practice on Environmental Noise Control at Concerts (1995),standard_or_patent_attribution,(cite),The Noise Council (UK),verified,definition (guideline reference),UK concert-noise guidance.
NOISELAW,Music noise level (MNL),fd22d8c9-421a-5e74-be4e-4a890670e164,Noise Council Code of Practice on Environmental Noise Control at Concerts (1995),standard_or_patent_attribution,(cite),Noise Council (UK),verified,"definition; also in Off-site noise monitoring, Mass-gathering noise condition",UK concert-noise code (MNL at 1 m from facade; 65 dB(A)/15 min tier).
NOISELAW,Personal hearing protection,9eacc3cd-9067-5599-ae39-8519bb23b0b1,Noise Reduction Rating (NRR),standard_or_patent_attribution,(cite),"US Environmental Protection Agency (EPA), 40 CFR Part 211 Subpart B",verified,"definition; recurs in Attenuation derating, Single Number Rating","US regulatory labelling rating; attribute to EPA. NRR is a regulatory descriptor, not a commercial trademark."
NOISELAW,Noise Regulation Law,4ff9cdb0-e540-5238-abe7-9953ce145313,Noise Regulation Law (Law No. 98 of 1968),standard_or_patent_attribution,(cite),Government of Japan,verified,definition,Japanese source-noise control statute.
NOISELAW,LA10,e271e245-ac74-5aa3-9327-99b65acf8eaf,NSW licensed/entertainment-venue LA10 noise licence conditions,standard_or_patent_attribution,(cite),"State of New South Wales, Australia",unverified,"definition; also in Entertainment noise, Patron noise",Jurisdiction-specific licensing condition (LA10 relative to background); attribute to NSW.
NOISELAW,Vibrancy Reforms,bd994a71-2c46-569f-9f18-6b19d7e1b228,NSW Vibrancy Reforms (from 1 July 2024),standard_or_patent_attribution,(cite),New South Wales Government,unverified,definition,NSW night-time-economy legislative package.
PENDINGDEF,Open Sound Control trigger,d04a259b-719a-433c-89ed-092d2b8de62f,Open Sound Control (OSC),standard_or_patent_attribution,(cite),"CNMAT, University of California, Berkeley",verified,definition,OSC protocol named in def.
PENDINGDEF,Hand soldering,85ff48be-2d7d-4da2-b25c-aeb0de78728b,OSHA 29 CFR 1910.1025,standard_or_patent_attribution,(cite),U.S. OSHA (Department of Labor),verified,sources,Federal Lead exposure regulation.
NOISELAW,Permissible noise level,ff9bf050-33c8-588e-8de1-add932c776cf,OSHA 29 CFR 1910.95,standard_or_patent_attribution,(cite),US Occupational Safety and Health Administration (U.S. Department of Labor),verified,"definition (recurs in Action level, REL, Hearing conservation program, exchange-rate terms)",US federal occupational-noise regulation (Code of Federal Regulations).
NOISELAW,Personal noise dosimeter,19e33fc6-d8db-5643-90fc-5f9253e26928,OSHA 29 CFR 1910.95,standard_or_patent_attribution,(cite),U.S. Occupational Safety and Health Administration,verified,definition (90 dB(A)/5 dB criterion),US occupational noise rule.
NOISELAW,Pyrotechnic peak noise,f6ef828a-b3f6-5bf9-888d-d9f52230176f,OSHA 29 CFR 1910.95,standard_or_patent_attribution,(cite),US OSHA (US Department of Labor),verified,definition; also in Audience exposure limit,US occupational noise regulation (140 dB peak impulse guidance).
NOISELAW,Attenuation derating,eed2d18e-1581-5cfc-bcc3-fd40052e902a,OSHA Occupational Noise Exposure standard (29 CFR 1910.95),standard_or_patent_attribution,(cite),"US Department of Labor, Occupational Safety and Health Administration (OSHA)",verified,definition (NRR-7 then halving derating method); recurs in Personal hearing protection,US federal regulation; attribute the (NRR-7)/2 convention to OSHA.
SOUNDVIZ,outdoor-indoor transmission class,6e081916-a621-5e1b-9dec-c58579cd3edf,Outdoor-Indoor Transmission Class (OITC),standard_or_patent_attribution,(cite),ASTM International,verified,headword & definition,OITC rating defined in ASTM E1332; STC referenced defined in ASTM E413.
PENDINGDEF,Deep Noise Suppression,5ad597d4-e17a-40c1-8339-b5012802ee3a,PESQ,standard_or_patent_attribution,(cite),ITU-T Recommendation P.862 (International Telecommunication Union),verified,definition,"Perceptual speech-quality metric standardized by ITU-T, named in the definition."
PENDINGDEF,Deep-learning speech denoising,70bb3b38-75fa-452b-8ae1-2e68b880c6f3,PESQ,standard_or_patent_attribution,(cite),ITU-T Recommendation P.862 (ITU),verified,definition,ITU-T perceptual quality metric named in the definition.
PENDINGDEF,Dereverberation,592ed3d3-7d93-4ffb-880f-1d89caf4dd5a,PESQ,standard_or_patent_attribution,(cite),ITU-T Recommendation P.862 (ITU),verified,definition,ITU-T perceptual quality metric named in the definition.
PENDINGDEF,Speech enhancement,de26c3d5-382f-4339-ae41-382c6b031c42,PESQ,standard_or_patent_attribution,(cite),ITU-T Recommendation P.862 (ITU),verified,definition,ITU-T perceptual quality metric named in the definition.
SOUNDVIZ,Acoustic angular scale,3b63529e-b86e-5e73-995b-dc4c0652db88,Planck,standard_or_patent_attribution,(cite),European Space Agency (ESA),verified,practical_application (mission named),Planck space mission; proper-name attribution for the CMB data source.
SOUNDVIZ,CMB power spectrum,c99feec9-d7d0-5117-9a67-64ee95ccdfea,Planck,standard_or_patent_attribution,(cite),European Space Agency (ESA),verified,definition/context (mission implied),Planck space mission; attribution for CMB power-spectrum measurement.
NOISELAW,Public nuisance,f5c3d261-877e-5d47-a48c-ac378445f579,"Police, Crime, Sentencing and Courts Act 2022 (UK), s.78",standard_or_patent_attribution,(cite),UK Parliament (Crown copyright),verified,definition,UK statute placing public nuisance on a statutory footing.
NOISELAW,Special entertainment precinct,82bdf26f-2cf1-5b68-8876-f29280eaf124,"Protection of the Environment Operations Act 1997 (POEO Act, NSW)",standard_or_patent_attribution,(cite),"Parliament of New South Wales, Australia",verified,definition,NSW state legislative instrument governing the noise regime replaced within a precinct.
PENDINGDEF,Cutter amplifier,c1972817-9cac-489d-8a1d-cfedead98289,RIAA (equalization),standard_or_patent_attribution,(cite),Recording Industry Association of America (RIAA),verified,definition,Disc recording pre-emphasis characteristic named in the definition.
PENDINGDEF,Lacquer mastering,618d0b92-59e5-4c4c-ab6a-89dba9b7b1e1,RIAA (recording characteristic),standard_or_patent_attribution,(cite),Recording Industry Association of America (RIAA),verified,definition,Disc recording characteristic named in the definition.
PENDINGDEF,Episode artwork,420efcdb-e978-447c-88b0-466c11336245,RSS (2.0),standard_or_patent_attribution,(cite),RSS Advisory Board (RSS 2.0 spec; orig. Dave Winer/UserLand/Harvard),verified,feed format named in definition,Open specification; attribution only.
PENDINGDEF,Podcast metadata,e9490463-77a7-4d9e-9a60-b54c275843ce,RSS 2.0,standard_or_patent_attribution,(cite),RSS Advisory Board,verified,feed format named in definition,Open specification.
PENDINGDEF,Podcast publishing,f7a9e4fa-27e8-475b-bc72-1a12a31b4e44,RSS 2.0,standard_or_patent_attribution,(cite),RSS Advisory Board,verified,feed format named in definition,Open specification.
PENDINGDEF,Digital audio receiver,ba1d7a03-83c6-4c31-b6c6-2ea9bc2ce631,S/PDIF,standard_or_patent_attribution,(cite),Sony and Philips (Sony/Philips Digital Interface; standardized as IEC 60958),verified,definition,Consumer digital audio interface named in the definition.
PENDINGDEF,Digital audio transmitter,398d0c57-8ce8-41f1-8360-b840812abe2f,S/PDIF,standard_or_patent_attribution,(cite),Sony and Philips (standardized as IEC 60958),verified,definition,Consumer digital audio interface named in the definition.
SOUNDVIZ,Far-side helioseismic imaging,35bdc985-639d-575d-ba32-a9430738a9a2,SDO,standard_or_patent_attribution,(cite),NASA,verified,practical_application (mission named),Solar Dynamics Observatory; mission-name attribution.
PENDINGDEF,Digital Audio Tape mastering,affe5a28-192b-434d-9d99-dd51efc0a4dc,Serial Copy Management System (SCMS),standard_or_patent_attribution,(cite),Copy-management scheme defined for consumer digital audio (DAT Conference),verified,definition,Copy-protection convention named in the definition.
PENDINGDEF,File hashing,910b8fdd-6b89-43a9-8ed3-a6484921e5d0,SHA (Secure Hash Algorithm family),standard_or_patent_attribution,(cite),"NIST (FIPS 180-4, Secure Hash Standard)",verified,definition,Cryptographic hash family named in the definition.
PENDINGDEF,Network storage,3de5b54e-c6bb-4955-a633-c6ead4985cca,SMB,standard_or_patent_attribution,(cite),Microsoft Corporation,verified,definition,File-sharing protocol named in the definition.
SOUNDVIZ,Far-side helioseismic imaging,35bdc985-639d-575d-ba32-a9430738a9a2,SOHO,standard_or_patent_attribution,(cite),ESA/NASA cooperative mission,verified,practical_application (mission named),Solar and Heliospheric Observatory; mission-name attribution.
SOUNDVIZ,façade insulation,46901299-8d75-58c0-a7dc-b66785f9ceda,Sound Transmission Class (STC),standard_or_patent_attribution,(cite),ASTM International,verified,"related_terms (""Sound transmission class"")",STC single-number rating defined in ASTM E413.
SOUNDVIZ,privacy index,4a1226d9-f33a-5110-9ea1-0053f2871452,Speech Privacy Class / Articulation Index,standard_or_patent_attribution,(cite),"ASTM International (Speech Privacy Class, ASTM E2638); ANSI/Acoustical Society (Articulation Index, ANSI S3.5)",verified,definition & related_terms,Speech Privacy Class standardized in ASTM E2638; Articulation Index in ANSI S3.5.
SOUNDVIZ,Speech Transmission Index map,f4dabd5d-97ae-58e7-8f64-e618877e026a,Speech Transmission Index (STI),standard_or_patent_attribution,(cite),International Electrotechnical Commission (IEC),verified,term/definition,STI is a standardized objective speech-intelligibility metric.
PENDINGDEF,Digital potentiometer,bde1d09e-ddb3-4f53-b985-aabaf68d7dca,SPI,standard_or_patent_attribution,(cite),Originated by Motorola (now NXP Semiconductors),verified,definition,Serial interface named in the definition.
PENDINGDEF,Ethernet controller,28c01d3e-3055-4fc2-8e89-8fde005cc778,SPI,standard_or_patent_attribution,(cite),Originated by Motorola (now NXP Semiconductors),verified,definition,De facto serial-peripheral interface named in the definition.
NOISELAW,Sound Levels and Laser Ordinance,db927d4f-d4ad-5cc3-8af5-3d7382fb020a,Swiss Sound and Laser Ordinance (V-NISSG),standard_or_patent_attribution,(cite),Swiss Confederation (Federal Council),unverified,definition,Federal audience sound/laser protection.
NOISELAW,"LAeq,1h",331a3686-fd65-506c-a91c-3706ee2aa69d,"Swiss Sound Levels and Laser Ordinance (SLO/SLV, CC 814.49, 28 Feb 2007)",standard_or_patent_attribution,(cite),Swiss Confederation (Federal Council),verified,"definition; also in LAeq,60min, Momentary value, Amplified-sound event, Electroacoustically amplified sound","Official English title is 'Sound Levels and Laser Ordinance (SLO)'; glossary uses 'Sound and Laser Ordinance' (naming variance is a factual, not copyright, point)."
NOISELAW,Immission,9758e54e-ea71-52e3-a17b-792efa727248,TA Laerm under the Federal Immission Control Act (BImSchG),standard_or_patent_attribution,(cite),Federal Republic of Germany,verified,definition (recurs in Noise immission limit),German administrative instruction and statute; instrument citation.
NOISELAW,TA Larm,30d9f0ee-6066-5d86-ba86-09899a018e68,TA Larm (Technische Anleitung zum Schutz gegen Larm),standard_or_patent_attribution,(cite),German Federal Government (BMU),verified,definition,Administrative regulation under BImSchG.
SOUNDVIZ,Asteroseismic scaling relation,c5166d1c-4b6c-533f-acac-ab71f7f5d9ee,TESS,standard_or_patent_attribution,(cite),NASA (MIT-led),verified,practical_application (mission named),Transiting Exoplanet Survey Satellite; mission-name attribution.
SOUNDVIZ,Echelle diagram,6615c94a-6256-5a97-b429-05de6d673d37,TESS,standard_or_patent_attribution,(cite),NASA (MIT-led),verified,practical_application (mission named),Transiting Exoplanet Survey Satellite; mission-name attribution.
NOISELAW,Narrowband analysis for tonality,fa879816-ab0b-54f8-80c8-bd5d84e118b1,Tone-to-noise ratio / Prominence ratio (ANSI S1.13; ECMA-74),standard_or_patent_attribution,(cite),American National Standards Institute (ANSI) / ECMA International,verified,definition (product/machinery tonal metrics),Distinct engineering-acoustics methods; cite ANSI S1.13 and ECMA-74 where these ratios are invoked.
NOISELAW,FHWA traffic noise,12831efd-85af-52ea-a6d4-2f0ca15aec5f,Traffic Noise Model (TNM),standard_or_patent_attribution,(cite),U.S. Federal Highway Administration,verified,"practical_application, related_terms",FHWA noise prediction model.
NOISELAW,Event LAeq,5fe8ab0d-62f8-53d7-9e3d-dac7cc2a669d,UK HSE event/entertainment noise guidance (e.g. HSG195 The Event Safety Guide),standard_or_patent_attribution,(cite),UK Health and Safety Executive (HSE),verified,"definition; also in FOH reference position, Loudest audience position, Audience warning notice, Audience exposure limit","HSE-copyrighted guidance (107 dB Event LAeq, 140 dB(C) peak, 96 dB warning trigger)."
PENDINGDEF,Distributor delivery package,06707f71-2f3a-4397-8563-8d0bb7483617,UPC (Universal Product Code),standard_or_patent_attribution,(cite),GS1,verified,definition,Barcode/product-identifier standard administered by GS1.
NOISELAW,Traceable calibration,21a9399c-6581-5a60-a086-e940cf0820d4,VIM (JCGM 200),standard_or_patent_attribution,(cite),JCGM / BIPM,verified,definition (metrological traceability),International Vocabulary of Metrology.
NOISELAW,Lden,56adcb8a-7459-5949-ae7d-93358126bf36,WHO Environmental Noise Guidelines for the European Region,standard_or_patent_attribution,(cite),World Health Organization (WHO),verified,related_terms,WHO-copyrighted guidance publication.
NOISELAW,Annoyance dose-response,ee81b88b-676b-545b-9b51-d15511bc6938,WHO Environmental Noise Guidelines for the European Region (2018),standard_or_patent_attribution,(cite),World Health Organization (WHO Regional Office for Europe),verified,"definition and formula; recurs in Highly annoyed percentage, Highly sleep disturbed, Soundscape assessment",WHO-copyrighted guidance; cite. Fitted-curve coefficients are factual data points.
NOISELAW,Guideline value,ae1dbc9c-9c08-5d4e-b96e-164250f25f8f,WHO Environmental Noise Guidelines for the European Region (2018),standard_or_patent_attribution,(cite),World Health Organization (WHO),verified,definition (also referenced in Noise pollution related_terms),WHO guidance document; copyright / attribution for cited guideline levels.
NOISELAW,"Sound-level measurement, management and documentation (SLMMD)",4d844f96-cad2-5705-91b8-946e1d574832,WHO Global Standard for Safe Listening Venues and Events (2022),standard_or_patent_attribution,(cite),World Health Organization (WHO),verified,"definition; also in Hearing protection availability, Chill-out zone, Make Listening Safe","WHO-copyrighted standard (100 dB LAeq,15min; six features)."
NOISELAW,Lnight,f170ff22-5758-5b0e-9494-7fc89ac82c0b,WHO Night Noise Guidelines for Europe,standard_or_patent_attribution,(cite),World Health Organization (WHO),verified,definition,"WHO-copyrighted guidance (40 dB rec., 55 dB interim target)."
NOISELAW,Guideline value,ae1dbc9c-9c08-5d4e-b96e-164250f25f8f,WHO Night Noise Guidelines for Europe (2009),standard_or_patent_attribution,(cite),World Health Organization (WHO),verified,definition,WHO guidance document; copyright / attribution for cited guideline levels.
NOISELAW,Sleep disturbance criterion,9aba3926-43c9-5f48-9320-cbbf2db06267,WHO Night Noise Guidelines for Europe (2009),standard_or_patent_attribution,(cite),World Health Organization (WHO Regional Office for Europe),verified,"definition (Lnight 40 dB guideline, 55 dB interim target); recurs in Night penalty",WHO-copyrighted guidance document; the 40/55 dB values are facts but the guideline must be attributed and not quoted as a binding legal limit.
NOISELAW,Recreational noise exposure,7d3779a1-58f6-5dfa-b78b-fbd69423bf40,WHO-ITU safe listening standard (ITU-T H.870),standard_or_patent_attribution,(cite),International Telecommunication Union (ITU) with WHO,verified,definition; related_terms; also in Make Listening Safe,Personal-audio safe-listening standard (80 dB(A)/40 h ref.).
PENDINGDEF,ERA (Accusonus),98c2db8d-87e6-4902-b62c-7dc0fe20ef40,Accusonus ERA,trademark,™,"Accusonus (acquired by Meta Platforms, Inc. in 2022; ERA products discontinued)",verified,definition,Audio-repair plug-in bundle named in the definition (headword).
SOUNDVIZ,Beamforming map,57bd1b5b-4408-5e85-abe3-acc177dfc703,Acoustic Camera,trademark,™,gfai tech GmbH,verified,'acoustic camera' as device-class term in text (also other G16 terms),"gfai tech product name/mark, used generically. Owner web-verified via gfaitech.com."
SOUNDVIZ,Microphone array,244b29e1-62c6-52fc-bffe-675212b60a17,Acoustic Camera,trademark,™,gfai tech GmbH (Gesellschaft zur Förderung angewandter Informatik),verified,'acoustic camera' as device-class term in related_terms/text (also appears in other G15 terms),"'Acoustic Camera' is gfai tech's product name/mark (first commercial system, 2001). Used generically/lowercase here for the device class (multiple vendors). Owner web-verified via gfaitech.com; formal registration not confirmed."
SOUNDVIZ,Pass-by acoustic camera measurement,fb33c3a0-3297-58c1-8bcd-08bd98bcc214,Acoustic Camera,trademark,™,gfai tech GmbH,verified,'acoustic camera' in term/definition and multiple G21 terms,"'Acoustic Camera' is gfai tech's product name/mark; used generically for the device class (gfai, Sorama, CAE, Norsonic, Fluke all make such systems). Owner web-verified via gfaitech.com."
SOUNDVIZ,Sound-intensity video,f6229a38-f35b-5114-bb70-5e621295d471,Acoustic Camera,trademark,™,gfai tech GmbH,verified,'acoustic camera' as device-class term in text (also other G20 terms),"gfai tech product name/mark, used generically. Owner web-verified via gfaitech.com."
SOUNDVIZ,B-format visualizer,e3e75e0c-beab-56f3-a9f5-f86bc7b73475,Ambisonics / B-format,trademark,™,Historically Nimbus Communications / NRDC (UK); now used generically,unverified,definition/common_mistakes,"'Ambisonics' was a UK trademark decades ago; now a generic technology term. B-format, FuMa, ambiX are format/normalization conventions, not marks."
PENDINGDEF,Portable clock generator,11aa5be0-fc2d-4cf3-852b-1a7d0275016e,Antelope Audio,trademark,™,Antelope Audio,verified,sources,Clock generator documentation.
PENDINGDEF,Audio Bend,638bab40-e303-4ec7-b11e-a3ba00de67c4,Audio Bend,trademark,™,"PreSonus Audio Electronics, Inc. (Fender)",verified,Audio Bend and Bend-marker term definitions,Branded Studio One audio-warping feature
PENDINGDEF,Auphonic,9abd83a6-b660-4500-89df-e893ebcfa761,Auphonic,trademark,™,"Auphonic (Auphonic Ludwig & Holzmann OG, Austria)",verified,definition,Automated post-production service named in the definition (headword).
PENDINGDEF,Operational transconductance amplifier,7bea54aa-a952-49b6-b4df-7f13ba78e341,CA3080,trademark,(cite),Originated by RCA (line later held by Intersil/Renesas; long discontinued),verified,definition,Classic OTA part number named in the definition.
PENDINGDEF,Automatic Microphone Mixing,a3df46b0-d3b6-4a65-887f-0c43f801680c,Dan Dugan (automatic mic mixing),trademark,™,"Dan Dugan Sound Design, Inc.",verified,sources,Automixer inventor/company.
PENDINGDEF,Compact Disc mastering,91f33fef-6dad-43f6-b9e8-b882c71a3481,DDP,trademark,™,"Doug Carson & Associates, Inc. (DCA)",verified,definition,Disc Description Protocol master format named in the definition.
PENDINGDEF,Decca Tree balance,8564d779-178f-469f-90c0-5ea2905f987a,Decca Tree,trademark,™,Named after Decca Records (Universal Music Group),unverified,microphone-array technique name in definition,'Decca Tree' is now a generic industry term for the three-mic array; derives from Decca Records (a UMG brand). No active trademark on 'Decca Tree' confirmed — attribution note only.
PENDINGDEF,Bass extraction,01aac910-dd0a-463e-a093-315e7214fbca,Demucs,trademark,(cite),"Meta Platforms, Inc. (Facebook AI Research)",verified,definition,Source-separation model named in the definition.
PENDINGDEF,Drum extraction,2e88d94f-30da-49db-a70c-c2260e2783d9,Demucs,trademark,(cite),"Meta Platforms, Inc. (Facebook AI Research)",verified,definition,Source-separation model named in the definition.
PENDINGDEF,Vocal extraction,caedf131-d438-435e-a055-3dc1bc761f0f,Demucs / MDX-Net,trademark,(cite),"Demucs: Meta Platforms, Inc.; MDX-Net: open-source (Kuielab)",verified,definition,Source-separation models named in the definition.
SOUNDVIZ,DGS method,70598722-6c11-55b0-ab01-60204f362dcf,DGS / AVG diagram method,trademark,(cite),Originated by Krautkramer (now Baker Hughes / Waygate Technologies),unverified,"definition (""DGS (distance-gain-size) method, known in German as AVG"")","DGS/AVG sizing method originated with Krautkramer; now a generic industry technique, single trademark owner unconfirmed."
PENDINGDEF,Deep Noise Suppression,5ad597d4-e17a-40c1-8339-b5012802ee3a,DNS Challenge,trademark,(cite),Microsoft Corporation,verified,definition,The INTERSPEECH/ICASSP Deep Noise Suppression Challenge named in the definition.
PENDINGDEF,Export All Tracks as Audio Files,498ea9d2-f2d9-43d4-876b-e794b64014b9,Drummer,trademark,™,Apple Inc.,verified,Export All Tracks as Audio Files definition,Branded Logic Pro feature (Drummer track)
PENDINGDEF,Beam-Steering Column Array,4b3d58c8-d7ef-46ae-9476-c92c226ba626,Duran Audio,trademark,™,Duran Audio (Harman International),verified,sources,Steerable column array documentation.
PENDINGDEF,Eurorack audio level,927eb827-3c8b-437f-8eda-ea24369fe5f8,Eurorack,trademark,™,Doepfer Musikelektronik GmbH,verified,definition,"Format named in defs of terms 13, 14, 15, 19, 33."
PENDINGDEF,AC-coupled audio interface,eb601c5a-766d-4c53-a52f-8f35202eeef1,Expert Sleepers,trademark,™,Expert Sleepers Ltd,verified,sources,Silent Way / ES-3 documentation.
PENDINGDEF,Capture Recording,34482d64-a81c-4481-aa75-861e40debec7,Flashback Capture,trademark,™,Apple Inc.,verified,Capture Recording definition,Branded Logic Pro capture feature name
SOUNDVIZ,Speech-in-noise test,50736b51-e2bd-59d5-a2b3-7a66f96e9a63,hearing-in-noise test,trademark,™,"House Ear Institute (developer); commercialized by Health Metrics, Inc.",verified,practical_application (test named),"HINT developed at House Ear Institute (Nilsson, Soli, Sullivan 1994)."
SOUNDVIZ,Hearing-in-noise test,7be13d8c-8ff4-5ad1-8ef9-e56a8490d837,Hearing-in-noise test (HINT),trademark,™,"House Ear Institute (developer); commercialized by Health Metrics, Inc.",verified,term/definition (headword is a product mark),HINT developed at House Ear Institute; distributed commercially.
PENDINGDEF,Control-voltage scaling,8da5894a-8e5e-4e17-b582-e5aa5371962c,Kenton,trademark,™,Kenton Electronics,verified,sources,MIDI-to-CV documentation.
SOUNDVIZ,Hop size,e1c761ff-2180-57e5-aa7c-cdb80183f660,librosa,trademark,™,"librosa development team (open-source, ISC license)",verified,practical_application,Name of an open-source Python audio-analysis library; not a registered mark.
PENDINGDEF,Operational transconductance amplifier,7bea54aa-a952-49b6-b4df-7f13ba78e341,LM13700,trademark,(cite),Originated by National Semiconductor (now Texas Instruments),verified,definition,Classic dual-OTA part number named in the definition.
NOISELAW,Make Listening Safe,81fe5214-56f8-587d-a1d1-a0a53483ce6f,Make Listening Safe,trademark,™,World Health Organization (WHO),unverified,term/headword and definition,"Name of a WHO initiative/campaign; WHO branding. Not confirmed as a registered mark, so unverified; attribute to WHO."
SOUNDVIZ,Real-ear measurement,eaa310fe-ff45-56b4-ad68-4af0184a60ac,NAL (NAL-NL2),trademark,(cite),National Acoustic Laboratories (Australia),verified,"practical_application (""targets such as NAL"")",NAL / NAL-NL2 prescriptive procedure developed and owned by National Acoustic Laboratories.
SOUNDVIZ,Real-ear insertion gain,3d82cbe7-44ae-549e-bed7-262d7159b82f,NAL / DSL,trademark,(cite),National Acoustic Laboratories (NAL); Western University / NCA (DSL),verified,"scenario_contexts (""Matching a fitting to NAL or DSL targets"")",Prescriptive-target brands; attribute NAL to National Acoustic Laboratories and DSL to Western University.
PENDINGDEF,Audio op amp,716b1bf6-32ff-4794-bf3d-0b7052204f9f,NE5532,trademark,(cite),"Originated by Signetics (now part of NXP Semiconductors); type now second-sourced by Texas Instruments, onsemi and others",verified,definition,Industry generic dual audio op-amp part number appearing in the definition.
PENDINGDEF,Dual op amp,6e6838a2-5a8f-4ac0-bc31-3cd50cc87151,NE5532,trademark,(cite),"Originated by Signetics (now NXP); second-sourced by Texas Instruments, onsemi and others",verified,definition,Industry-standard dual audio op-amp part number cited in the definition.
PENDINGDEF,Neural amp modeling (NAM),469b0109-4a51-41bd-a1a4-aee6e2862206,Neural Amp Modeler,trademark,™,Steven Atkinson (open-source project),verified,named as the open-source implementation in definition,Refers to the specific NAM software as the implementation of the general technique.
PENDINGDEF,Neural Amp Modeler,174423fa-8bdb-4b77-8e2f-bd647e6944a7,Neural Amp Modeler (NAM),trademark,™,"Steven Atkinson (open-source project, MIT-licensed)",verified,product/software name in definition,Open-source neural amp-modeling software and model format created by Steven Atkinson; name stated in the definition itself.
PENDINGDEF,Quad Cortex,0b9c3c88-ae93-4a7b-8b30-49934e2ae52c,Neural Capture,trademark,™,Neural DSP Technologies Oy,verified,definition,Capture technology named in the definition.
PENDINGDEF,Bass extraction,01aac910-dd0a-463e-a093-315e7214fbca,Open-Unmix,trademark,(cite),Open-source project (Stöter et al.; sigsep/Inria),verified,definition,Reference source-separation implementation named in the definition.
PENDINGDEF,Drum extraction,2e88d94f-30da-49db-a70c-c2260e2783d9,Open-Unmix,trademark,(cite),Open-source project (Stöter et al.; sigsep/Inria),verified,definition,Source-separation implementation named in the definition.
PENDINGDEF,Vocal extraction,caedf131-d438-435e-a055-3dc1bc761f0f,Open-Unmix,trademark,(cite),Open-source project (Stöter et al.),verified,definition,Source-separation implementation named in the definition.
SOUNDVIZ,F0 contour,ce90ab0b-a47a-5e06-8655-412ba5078447,Praat,trademark,™,"Paul Boersma & David Weenink, University of Amsterdam",verified,practical_application,Free phonetics software; distinctive software name.
SOUNDVIZ,Formant display,71d15695-b4e3-586a-a3dd-c88665e5f7dc,Praat,trademark,™,"Paul Boersma & David Weenink, University of Amsterdam",verified,practical_application,Free phonetics software; distinctive software name.
SOUNDVIZ,Harmonic-to-noise visualization,7f6d246c-ce99-5a55-973d-9c61fd1d9e02,Praat,trademark,™,"Paul Boersma & David Weenink, University of Amsterdam",verified,practical_application,Free phonetics software; distinctive software name.
SOUNDVIZ,Jitter plot,ff83a2ed-ac5e-59ae-ab7c-5e33aa0e9b17,Praat,trademark,™,"Paul Boersma & David Weenink, University of Amsterdam",verified,practical_application,Free phonetics software; distinctive software name.
SOUNDVIZ,Narrowband spectrogram,ab64a7a6-82e6-5be2-b7b1-9fef2ba1769c,Praat,trademark,™,"Paul Boersma & David Weenink, University of Amsterdam",verified,practical_application,"Free phonetics software; distinctive software name, not registered."
SOUNDVIZ,Sonogram,138db721-a4f1-5a78-9c2d-4d1696c8b225,Praat,trademark,™,"Paul Boersma & David Weenink, University of Amsterdam",verified,practical_application,Software name.
SOUNDVIZ,Speech spectrogram,90127bbf-42bd-58c0-8e19-b055b1f1dce4,Praat,trademark,™,"Paul Boersma & David Weenink, University of Amsterdam",verified,practical_application,Free phonetics software; distinctive software name.
SOUNDVIZ,QCM-D,51c5b77f-6a76-54b0-aba8-e734eb9d9000,QCM-D,trademark,™,Biolin Scientific AB (Q-Sense / QSense brand),verified,definition/term (headword acronym),QCM-D commercialized as the Q-Sense/QSense line by Biolin Scientific; the QCM-D acronym is now used broadly in the literature but the instrument mark is Biolin's.
PENDINGDEF,Take folder (Logic),97f44e13-6948-4d67-bb84-fa492d4f4eed,Quick Swipe Comping,trademark,™,Apple Inc.,verified,Take folder (Logic) definition,Branded Logic Pro comping feature
PENDINGDEF,RNNoise,92d132e6-6372-405c-9045-b8d5cb7d6087,RNNoise,trademark,(cite),Open-source; Jean-Marc Valin / Xiph.Org Foundation (BSD license),verified,definition,Noise-suppression algorithm named in the definition (headword).
PENDINGDEF,NVIDIA Broadcast,4b961009-0e7d-4dbd-9124-190047c4fb02,RTX Voice,trademark,™,NVIDIA Corporation,verified,definition,Predecessor utility named in the definition.
PENDINGDEF,RTX Voice,6391dae2-e2d9-4dea-bd1f-107ee428e1ea,RTX Voice,trademark,™,NVIDIA Corporation,verified,definition,Plug-in named in the definition (headword).
PENDINGDEF,Bass extraction,01aac910-dd0a-463e-a093-315e7214fbca,Spleeter,trademark,™,Deezer S.A.,verified,definition,Open-source source-separation tool named in the definition.
PENDINGDEF,Drum extraction,2e88d94f-30da-49db-a70c-c2260e2783d9,Spleeter,trademark,™,Deezer S.A.,verified,definition,Source-separation tool named in the definition.
PENDINGDEF,Vocal extraction,caedf131-d438-435e-a055-3dc1bc761f0f,Spleeter,trademark,™,Deezer S.A.,verified,definition,Source-separation tool named in the definition.
PENDINGDEF,Vactrol,e15a3218-2cc4-4e0d-a27e-2a3ed0a35d3b,Vactrol,trademark,™,"Vactec, Inc. (original trade name; later Excelitas/PerkinElmer) — now used generically",verified,Vactrol definition,"Originally a trade name, now genericized (noted in the definition)"
PENDINGDEF,VariAudio,dd77db98-3720-455c-93aa-ec4c311016b7,VariAudio,trademark,™,Steinberg Media Technologies GmbH (Yamaha),verified,VariAudio and related term definitions,Branded Cubase/Nuendo pitch-editing feature
PENDINGDEF,Neural Amp Modeler,174423fa-8bdb-4b77-8e2f-bd647e6944a7,WaveNet,trademark,™,Google DeepMind (DeepMind Technologies Ltd.),verified,neural-network architecture named in definition,WaveNet is a generative raw-audio architecture from DeepMind; used here as an architecture descriptor.
