id,term,primary_topic,difficulty,empty_fields,existing_definition
621448ce-2845-4450-8adb-04de7dbae51a,After-hours cooling,Acoustic Principles & Room Behavior,null,plain_english;purpose_function;practical_application;category;related_terms;common_mistakes;scenario_contexts,(pending)
641e97a8-3171-42d0-987e-7d30fbfe64f4,AI stereoization,AI Source Separation & Restoration,null,plain_english;purpose_function;practical_application;category;related_terms;common_mistakes;scenario_contexts,(pending)
444c2215-f1fa-45a8-8ccd-0165f412dc70,AI upmixing,AI Source Separation & Restoration,null,plain_english;purpose_function;practical_application;category;related_terms;common_mistakes;scenario_contexts,(pending)
536103e6-0190-4131-8d92-0e01d138df16,Ambience recovery,AI Source Separation & Restoration,null,plain_english;purpose_function;practical_application;category;related_terms;common_mistakes;scenario_contexts,(pending)
f3594b33-a8a0-4456-9160-05422869641d,Harmonic recovery,AI Source Separation & Restoration,null,plain_english;purpose_function;practical_application;category;related_terms;common_mistakes;scenario_contexts,(pending)
af1638e1-73f0-4567-a433-5e705dc6ba1c,Image restoration,AI Source Separation & Restoration,null,plain_english;purpose_function;practical_application;category;related_terms;common_mistakes;scenario_contexts,(pending)
4898f667-602e-49e0-8bce-d48a0d0b58b2,Phase correction,AI Source Separation & Restoration,null,plain_english;purpose_function;practical_application;category;related_terms;common_mistakes;scenario_contexts,(pending)
433468b9-b8c4-4d1d-b8c9-b1e544e4534d,Region healing,AI Source Separation & Restoration,null,plain_english;purpose_function;practical_application;category;related_terms;common_mistakes;scenario_contexts,(pending)
b54deb2a-896c-45c9-af58-c138272a069d,Restoration comparison,AI Source Separation & Restoration,null,plain_english;purpose_function;practical_application;category;related_terms;common_mistakes;scenario_contexts,(pending)
c4d9ddcf-6bf3-4b9c-8a8e-473c6f1e345b,Restoration documentation,AI Source Separation & Restoration,null,plain_english;purpose_function;practical_application;category;related_terms;common_mistakes;scenario_contexts,(pending)
c72ab612-c70a-45a7-84dc-489fcd308153,Restoration verification,AI Source Separation & Restoration,null,plain_english;purpose_function;practical_application;category;related_terms;common_mistakes;scenario_contexts,(pending)
e87aaa88-9c82-49c5-868f-425314959ad2,Stereo balance correction,AI Source Separation & Restoration,null,plain_english;purpose_function;practical_application;category;related_terms;common_mistakes;scenario_contexts,(pending)
bbcd5b63-33a9-4f1c-9adc-75a44a19d211,Stereo-to-Atmos,AI Source Separation & Restoration,null,plain_english;purpose_function;practical_application;category;related_terms;common_mistakes;scenario_contexts,(pending)
835ffccc-dd45-4948-8258-10b0702c635d,Stereo-to-surround,AI Source Separation & Restoration,null,plain_english;purpose_function;practical_application;category;related_terms;common_mistakes;scenario_contexts,(pending)
666551e4-47b1-431a-b1fd-ce938a11f28c,Cleanvoice,AI/ML Foundations for Audio,null,plain_english;purpose_function;practical_application;category;related_terms;common_mistakes;scenario_contexts,(pending)
008bef9c-8872-447b-9ba1-a44a1252807d,Krisp,AI/ML Foundations for Audio,null,plain_english;purpose_function;practical_application;category;related_terms;common_mistakes;scenario_contexts,(pending)
c4010bf3-7c19-491a-b349-530895887564,RipX DeepMix,AI/ML Foundations for Audio,null,plain_english;purpose_function;practical_application;category;related_terms;common_mistakes;scenario_contexts,(pending)
76c99a1a-7c05-4f1e-aa4b-af3b1043cac5,ToneX,AI/ML Foundations for Audio,null,plain_english;purpose_function;practical_application;category;related_terms;common_mistakes;scenario_contexts,(pending)
ff557b12-f78f-45b3-a419-cd65790ca68d,Voice.ai,AI/ML Foundations for Audio,null,plain_english;purpose_function;practical_application;category;related_terms;common_mistakes;scenario_contexts,(pending)
6ed52ade-97aa-4ca2-ab1d-2eb543c18877,Waves Clarity Vx,AI/ML Foundations for Audio,null,plain_english;purpose_function;practical_application;category;related_terms;common_mistakes;scenario_contexts,(pending)
ba245422-ed13-45a5-a704-c44876255461,Cartridge recording,Analog Tape / Tape Machines,null,plain_english;purpose_function;practical_application;category;related_terms;common_mistakes;scenario_contexts,(pending)
ec713107-7b00-4acb-bc7d-ab11d18dd0a7,Edit speed,Analog Tape / Tape Machines,null,plain_english;purpose_function;practical_application;category;related_terms;common_mistakes;scenario_contexts,(pending)
4f4caf29-4a9c-442a-b0b7-96c7cbbaea26,Elcaset recording,Analog Tape / Tape Machines,null,plain_english;purpose_function;practical_application;category;related_terms;common_mistakes;scenario_contexts,(pending)
ad5ae86d-7103-488a-8a9a-31052bc0d435,Multitrack recording era,Analog Tape / Tape Machines,null,plain_english;purpose_function;practical_application;category;related_terms;common_mistakes;scenario_contexts,(pending)
e49c2580-6971-417f-89bb-3bcb9593095e,Open-reel mastering,Analog Tape / Tape Machines,null,plain_english;purpose_function;practical_application;category;related_terms;common_mistakes;scenario_contexts,(pending)
d5091c46-21ce-4edc-8d04-941d591b2580,Ribbon recording era,Analog Tape / Tape Machines,null,plain_english;purpose_function;practical_application;category;related_terms;common_mistakes;scenario_contexts,(pending)
bc032704-56cf-4b1e-b1f7-4c241409dd7f,Tape dump,Analog Tape / Tape Machines,null,plain_english;purpose_function;practical_application;category;related_terms;common_mistakes;scenario_contexts,(pending)
25d5feb2-dc88-41a3-80df-fe2fbb44086b,Tape recording era,Analog Tape / Tape Machines,null,plain_english;purpose_function;practical_application;category;related_terms;common_mistakes;scenario_contexts,(pending)
da88e705-46b6-4e7f-b43b-b00aedc4b8b5,Presentation Engineer,Audio Career Exploration,beginner,plain_english;purpose_function;practical_application;category;related_terms;common_mistakes;scenario_contexts,"A live-event and corporate AV production role responsible for preparing, cueing, and playing back on-screen presentation content — slide decks, video clips, lower-thirds, and graphics — during conferences, keynotes, and corporate shows. Working from a playback system (such as PowerPoint/Keynote, ProPresenter, or a dedicated media server) and taking cues from the show caller, the presentation engineer makes sure the correct content reaches the projectors or LED walls on time and error-free. Also known as a presentation operator, graphics/screens operator, or ""PowerPoint"" operator."
0393d7b8-64fa-4b63-9129-fd2ac302a2e6,Systems Manager,Audio Career Exploration,beginner,plain_english;purpose_function;practical_application;category;related_terms;common_mistakes;scenario_contexts,"An audio production role responsible for the design, deployment, alignment, and ongoing management of a sound-reinforcement system — specifying and rigging the loudspeakers and amplifiers, distributing signal and power, and tuning the PA for even coverage, correct level, and consistent tonal balance, typically using measurement software such as Smaart. On tours and large installations the systems manager sets up and maintains the rig so the front-of-house engineer can mix on a known, optimized system; the role is closely related to — and often used interchangeably with — systems engineer or system tech."
66a5ca4e-f965-44b4-9b4d-c7e83dcb6187,Analog playback calibration,Audio Restoration & Archival,null,plain_english;purpose_function;practical_application;category;related_terms;common_mistakes;scenario_contexts,(pending)
e9992769-87f2-484b-b1ab-848a8aaec187,Archive transfer,Audio Restoration & Archival,null,plain_english;purpose_function;practical_application;category;related_terms;common_mistakes;scenario_contexts,(pending)
04177df5-b7a8-4577-9540-0ddb2f808140,Disc restoration,Audio Restoration & Archival,null,plain_english;purpose_function;practical_application;category;related_terms;common_mistakes;scenario_contexts,(pending)
928fa2ee-44ce-4e10-b87b-7e71e00fe466,Flat transfer,Audio Restoration & Archival,null,plain_english;purpose_function;practical_application;category;related_terms;common_mistakes;scenario_contexts,(pending)
352488df-1a21-4000-96c8-957cc5879a09,High-resolution transfer,Audio Restoration & Archival,null,plain_english;purpose_function;practical_application;category;related_terms;common_mistakes;scenario_contexts,(pending)
f2c82afa-8e37-42f9-a622-d89caf0bac78,Leader tape replacement,Audio Restoration & Archival,null,plain_english;purpose_function;practical_application;category;related_terms;common_mistakes;scenario_contexts,(pending)
589baecd-29c4-4cb6-b56a-1f5b2d4e73d7,Playback equalization,Audio Restoration & Archival,null,plain_english;purpose_function;practical_application;category;related_terms;common_mistakes;scenario_contexts,(pending)
1c59ed81-f79a-4289-92b6-2a7db0a34c31,Restoration workflow,Audio Restoration & Archival,null,plain_english;purpose_function;practical_application;category;related_terms;common_mistakes;scenario_contexts,(pending)
d5965ca4-4d4d-4932-b83b-e373083c40a8,Shellac restoration,Audio Restoration & Archival,null,plain_english;purpose_function;practical_application;category;related_terms;common_mistakes;scenario_contexts,(pending)
e584a117-76f1-4b0d-a626-24ee7fc92fc1,Tape splice repair,Audio Restoration & Archival,null,plain_english;purpose_function;practical_application;category;related_terms;common_mistakes;scenario_contexts,(pending)
dbfc0b67-b99e-4783-8559-823e58f0041f,Transfer reference tone,Audio Restoration & Archival,null,plain_english;purpose_function;practical_application;category;related_terms;common_mistakes;scenario_contexts,(pending)
92578faf-0185-4940-b0fa-235f54710e83,Wind-noise reduction,Audio Restoration & Archival,null,plain_english;purpose_function;practical_application;category;related_terms;common_mistakes;scenario_contexts,(pending)
45d805ff-8c58-4d0e-93f0-5addb515b081,After-hours,"Beatmatching, Mixing & FX",null,plain_english;purpose_function;practical_application;category;related_terms;common_mistakes;scenario_contexts,(pending)
e5bf4e8f-be83-4ba4-bf53-b71f4618decb,Anthem,"Beatmatching, Mixing & FX",null,plain_english;purpose_function;practical_application;category;related_terms;common_mistakes;scenario_contexts,(pending)
b88f489f-aef4-4c35-b3b2-1265c6aaa28b,Banger,"Beatmatching, Mixing & FX",null,plain_english;purpose_function;practical_application;category;related_terms;common_mistakes;scenario_contexts,(pending)
1bfa2594-cf35-4ffc-b950-125829be496c,Bring it in,"Beatmatching, Mixing & FX",null,plain_english;purpose_function;practical_application;category;related_terms;common_mistakes;scenario_contexts,(pending)
183bf41f-b2fc-4fa2-8c03-dd00b24363e1,Certified hit,"Beatmatching, Mixing & FX",null,plain_english;purpose_function;practical_application;category;related_terms;common_mistakes;scenario_contexts,(pending)
7af85f88-ad16-456f-a54e-7f33e89ff7ca,Dancefloor killer,"Beatmatching, Mixing & FX",null,plain_english;purpose_function;practical_application;category;related_terms;common_mistakes;scenario_contexts,(pending)
9b1e01c9-c6fb-4385-95e6-a1800cdd4fb2,Day party,"Beatmatching, Mixing & FX",null,plain_english;purpose_function;practical_application;category;related_terms;common_mistakes;scenario_contexts,(pending)
ed40eb11-437f-4a9c-b35d-ee482aaf5b08,Dig deeper,"Beatmatching, Mixing & FX",null,plain_english;purpose_function;practical_application;category;related_terms;common_mistakes;scenario_contexts,(pending)
5373172f-e477-499d-b601-e1fa5e77751a,Double drop,"Beatmatching, Mixing & FX",null,plain_english;purpose_function;practical_application;category;related_terms;common_mistakes;scenario_contexts,(pending)
368bc51a-bb99-4533-a791-51702dbcd850,Drop it,"Beatmatching, Mixing & FX",null,plain_english;purpose_function;practical_application;category;related_terms;common_mistakes;scenario_contexts,(pending)
a074aeb1-08e0-449e-815a-cfa7ee35b138,Empty the floor,"Beatmatching, Mixing & FX",null,plain_english;purpose_function;practical_application;category;related_terms;common_mistakes;scenario_contexts,(pending)
98b52e28-36a5-43d7-80fa-70d47f617c27,Fake mix,"Beatmatching, Mixing & FX",null,plain_english;purpose_function;practical_application;category;related_terms;common_mistakes;scenario_contexts,(pending)
3a441925-7a0d-4d80-84be-bd7eea69fe68,Fill,"Beatmatching, Mixing & FX",null,plain_english;purpose_function;practical_application;category;related_terms;common_mistakes;scenario_contexts,(pending)
ba18e0b3-3747-49f9-82ac-6951b35bb331,Flip,"Beatmatching, Mixing & FX",null,plain_english;purpose_function;practical_application;category;related_terms;common_mistakes;scenario_contexts,(pending)
05bf9c80-bcbe-4754-b6a5-5e55a7c10362,Host,"Beatmatching, Mixing & FX",null,plain_english;purpose_function;practical_application;category;related_terms;common_mistakes;scenario_contexts,(pending)
023a53ea-afb3-4b5b-bdff-37b3468d6b1e,ID (unknown track),"Beatmatching, Mixing & FX",null,plain_english;purpose_function;practical_application;category;related_terms;common_mistakes;scenario_contexts,(pending)
7d90baf8-485d-40dd-be45-5eab54cb2e5b,Lose the floor,"Beatmatching, Mixing & FX",null,plain_english;purpose_function;practical_application;category;related_terms;common_mistakes;scenario_contexts,(pending)
6a203e36-d896-4ace-a7a5-a470d956d9b8,Roll effect,"Beatmatching, Mixing & FX",null,plain_english;purpose_function;practical_application;category;related_terms;common_mistakes;scenario_contexts,(pending)
0db6e8e0-8837-4675-b513-40ce9bac1e9c,Spiral,"Beatmatching, Mixing & FX",null,plain_english;purpose_function;practical_application;category;related_terms;common_mistakes;scenario_contexts,(pending)
2468fdb5-8eb0-473a-907e-cef9b8b5c1de,Spiral out,"Beatmatching, Mixing & FX",null,plain_english;purpose_function;practical_application;category;related_terms;common_mistakes;scenario_contexts,(pending)
015d95df-1a2a-453e-9a57-525168051941,Wash out,"Beatmatching, Mixing & FX",null,plain_english;purpose_function;practical_application;category;related_terms;common_mistakes;scenario_contexts,(pending)
a44a2347-5c72-454c-b48f-6e4e0ed62125,Radio imaging voice,Broadcast / Radio Production & Air Chain,null,plain_english;purpose_function;practical_application;category;related_terms;common_mistakes;scenario_contexts,(pending)
5f421c5a-ffae-4761-a4fa-a3ba53430340,Ghost channel,Channel Strip & Processing,null,plain_english;purpose_function;practical_application;category;related_terms;common_mistakes;scenario_contexts,(pending)
f9cae882-e0d7-4cd5-9e53-f9949dea64e6,Signal stage,Circuits & Topologies,null,plain_english;purpose_function;practical_application;category;related_terms;common_mistakes;scenario_contexts,(pending)
9f026645-9ae6-4ab2-8e52-d4f110f77432,Audio pocket,Connectors & Plugs,null,plain_english;purpose_function;practical_application;category;related_terms;common_mistakes;scenario_contexts,(pending)
a1179c78-a2a3-4ae0-89c1-f1f679aa8eda,Bird's nest,Connectors & Plugs,null,plain_english;purpose_function;practical_application;category;related_terms;common_mistakes;scenario_contexts,(pending)
8db6587d-5c36-4e05-8d58-21390e03ddbb,Follow,Console Architecture & Signal Flow,null,plain_english;purpose_function;practical_application;category;related_terms;common_mistakes;scenario_contexts,(pending)
ad4850e4-8e7a-4ad0-9778-c8963a4d3832,House music,Console Architecture & Signal Flow,null,plain_english;purpose_function;practical_application;category;related_terms;common_mistakes;scenario_contexts,(pending)
29d8add3-5cf1-4158-ab15-43b7b77b6db8,House start file,Console Architecture & Signal Flow,null,plain_english;purpose_function;practical_application;category;related_terms;common_mistakes;scenario_contexts,(pending)
30ff9320-64eb-43be-b0dd-83133a5012c0,Populate group,Console Architecture & Signal Flow,null,plain_english;purpose_function;practical_application;category;related_terms;common_mistakes;scenario_contexts,(pending)
7965fdca-194d-4277-bef4-59278cbdb050,Population group,Console Architecture & Signal Flow,null,plain_english;purpose_function;practical_application;category;related_terms;common_mistakes;scenario_contexts,(pending)
0e27848f-eec8-418d-8089-5554eefad006,Solo group,Console Architecture & Signal Flow,null,plain_english;purpose_function;practical_application;category;related_terms;common_mistakes;scenario_contexts,(pending)
8f5ef941-96a7-4aa3-9f84-7153e053aeaf,Start file,Console Architecture & Signal Flow,null,plain_english;purpose_function;practical_application;category;related_terms;common_mistakes;scenario_contexts,(pending)
9fc53185-7ea4-4c1d-864f-506bdff06b1b,Walk-in,Console Architecture & Signal Flow,null,plain_english;purpose_function;practical_application;category;related_terms;common_mistakes;scenario_contexts,(pending)
63e18750-77b3-41ba-97af-a156ad8e216c,Walk-out,Console Architecture & Signal Flow,null,plain_english;purpose_function;practical_application;category;related_terms;common_mistakes;scenario_contexts,(pending)
bd5bb4cb-d670-4116-9576-d201cd92fc47,Attention track,Control Surfaces & Machine Control,null,plain_english;purpose_function;practical_application;category;related_terms;common_mistakes;scenario_contexts,(pending)
c10eb829-8328-418a-8814-f9177971b6df,Start-time offset,Control Surfaces & Machine Control,null,plain_english;purpose_function;practical_application;category;related_terms;common_mistakes;scenario_contexts,(pending)
672f8459-e658-4e56-a05f-3ae40565f4f5,Surface attention zone,Control Surfaces & Machine Control,null,plain_english;purpose_function;practical_application;category;related_terms;common_mistakes;scenario_contexts,(pending)
8f7eb2f1-f560-4e24-b14e-2e99419d166e,Arrangement transition,Creative & Advanced Mix Processing,null,plain_english;purpose_function;practical_application;category;related_terms;common_mistakes;scenario_contexts,(pending)
d49d9fe7-4955-40a5-9775-9c68d61ffb3f,Breakdown section,Creative & Advanced Mix Processing,null,plain_english;purpose_function;practical_application;category;related_terms;common_mistakes;scenario_contexts,(pending)
bfa2ecae-6980-4985-b471-acf797de76ac,Chorus section,Creative & Advanced Mix Processing,null,plain_english;purpose_function;practical_application;category;related_terms;common_mistakes;scenario_contexts,(pending)
bf971079-2249-409a-863a-83c7b4221ad3,Climactic section,Creative & Advanced Mix Processing,null,plain_english;purpose_function;practical_application;category;related_terms;common_mistakes;scenario_contexts,(pending)
3eefc9e0-beea-4fa7-ae7b-c1ef524f2018,Contrast section,Creative & Advanced Mix Processing,null,plain_english;purpose_function;practical_application;category;related_terms;common_mistakes;scenario_contexts,(pending)
940c15ea-c4d8-4f37-b3bd-ad164c59f414,Density change,Creative & Advanced Mix Processing,null,plain_english;purpose_function;practical_application;category;related_terms;common_mistakes;scenario_contexts,(pending)
a77b3f3a-5ca1-46b6-b1b0-c701e721688c,Double chorus,Creative & Advanced Mix Processing,null,plain_english;purpose_function;practical_application;category;related_terms;common_mistakes;scenario_contexts,(pending)
23730017-b9d8-45cb-8d66-8730db9a6319,Drop section,Creative & Advanced Mix Processing,null,plain_english;purpose_function;practical_application;category;related_terms;common_mistakes;scenario_contexts,(pending)
8e172b1f-b344-4175-926f-a2b9f10f445a,Dynamic transition,Creative & Advanced Mix Processing,null,plain_english;purpose_function;practical_application;category;related_terms;common_mistakes;scenario_contexts,(pending)
bc217d7d-9b94-4fb1-8279-09133ba1b9fd,Energy development,Creative & Advanced Mix Processing,null,plain_english;purpose_function;practical_application;category;related_terms;common_mistakes;scenario_contexts,(pending)
0ac611aa-3db7-421b-926c-3dd3808d1d24,Extended intro,Creative & Advanced Mix Processing,null,plain_english;purpose_function;practical_application;category;related_terms;common_mistakes;scenario_contexts,(pending)
6a33c88f-7b34-457a-9488-4f3a96287cb4,Extended outro,Creative & Advanced Mix Processing,null,plain_english;purpose_function;practical_application;category;related_terms;common_mistakes;scenario_contexts,(pending)
b5ea79c4-74bc-45b0-887a-05d19874b789,Frequency-density control,Creative & Advanced Mix Processing,null,plain_english;purpose_function;practical_application;category;related_terms;common_mistakes;scenario_contexts,(pending)
8520e4c1-2149-4f78-8957-3b15ea6d3df8,Half chorus,Creative & Advanced Mix Processing,null,plain_english;purpose_function;practical_application;category;related_terms;common_mistakes;scenario_contexts,(pending)
452b2c64-f121-4d1f-b4f3-01af61159073,Harmonic transition,Creative & Advanced Mix Processing,null,plain_english;purpose_function;practical_application;category;related_terms;common_mistakes;scenario_contexts,(pending)
bbbccbb6-404d-4af9-9ac8-46a1dc57c533,Instrumental section,Creative & Advanced Mix Processing,null,plain_english;purpose_function;practical_application;category;related_terms;common_mistakes;scenario_contexts,(pending)
08aef49f-4f9c-4752-b673-21df9bc5e729,Instrumentation change,Creative & Advanced Mix Processing,null,plain_english;purpose_function;practical_application;category;related_terms;common_mistakes;scenario_contexts,(pending)
553c8584-904b-4e5b-a22e-4ad4ab433888,Production arrangement,Creative & Advanced Mix Processing,null,plain_english;purpose_function;practical_application;category;related_terms;common_mistakes;scenario_contexts,(pending)
39d96337-d4e3-4d3d-af9c-b121f95df20f,Rhythmic transition,Creative & Advanced Mix Processing,null,plain_english;purpose_function;practical_application;category;related_terms;common_mistakes;scenario_contexts,(pending)
fa8c526c-5fd7-4f0a-916a-d3242f77cba9,Section transition,Creative & Advanced Mix Processing,null,plain_english;purpose_function;practical_application;category;related_terms;common_mistakes;scenario_contexts,(pending)
90cfcd81-3c89-4129-b778-82ac3e354885,Shortened verse,Creative & Advanced Mix Processing,null,plain_english;purpose_function;practical_application;category;related_terms;common_mistakes;scenario_contexts,(pending)
e8ede57e-1ae9-48e5-a688-d7952e11037a,Tag ending,Creative & Advanced Mix Processing,null,plain_english;purpose_function;practical_application;category;related_terms;common_mistakes;scenario_contexts,(pending)
d8e1397d-a0ca-4568-a2be-da9efc64b708,Texture change,Creative & Advanced Mix Processing,null,plain_english;purpose_function;practical_application;category;related_terms;common_mistakes;scenario_contexts,(pending)
5ca52716-c048-488a-a4f5-148f6d306d0b,Cross-subscription,Dante Fundamentals & Routing,null,plain_english;purpose_function;practical_application;category;related_terms;common_mistakes;scenario_contexts,(pending)
e226eea0-55d7-4ee0-ae65-46648136de4f,Dante Button,Dante Fundamentals & Routing,null,plain_english;purpose_function;practical_application;category;related_terms;common_mistakes;scenario_contexts,(pending)
1a86dd6f-0b4b-496b-8cd0-f85f000d4a25,Basic Folder,DAW Fundamentals & Session Management,null,plain_english;purpose_function;practical_application;category;related_terms;common_mistakes;scenario_contexts,(pending)
382aab38-4963-4c24-b353-061b4ef1dd40,Digital asset management,DAW Fundamentals & Session Management,null,plain_english;purpose_function;practical_application;category;related_terms;common_mistakes;scenario_contexts,(pending)
0085beb2-17d2-4d4e-ad09-12baf25f4e8a,High-resolution media,DAW Fundamentals & Session Management,null,plain_english;purpose_function;practical_application;category;related_terms;common_mistakes;scenario_contexts,(pending)
96c2c933-730e-4165-a2cb-8d9aa7fee957,Low-resolution proxy,DAW Fundamentals & Session Management,null,plain_english;purpose_function;practical_application;category;related_terms;common_mistakes;scenario_contexts,(pending)
8ff3e7a5-2eb0-40ac-8572-158192a199a2,Media asset management,DAW Fundamentals & Session Management,null,plain_english;purpose_function;practical_application;category;related_terms;common_mistakes;scenario_contexts,(pending)
3e982b80-09cf-4e90-9ac1-aa84d6e1dd18,Media server,DAW Fundamentals & Session Management,null,plain_english;purpose_function;practical_application;category;related_terms;common_mistakes;scenario_contexts,(pending)
89d16e4d-45b2-4c8d-be3d-5186d5288274,Navigation Memory,DAW Fundamentals & Session Management,null,plain_english;purpose_function;practical_application;category;related_terms;common_mistakes;scenario_contexts,(pending)
1bac3bfe-6338-4abe-a412-2e65d7a846c1,Session server,DAW Fundamentals & Session Management,null,plain_english;purpose_function;practical_application;category;related_terms;common_mistakes;scenario_contexts,(pending)
44b8727d-c8f2-4ee5-b8a6-ae5878fe0911,Fixed-length recording,DAW: Ableton Live,null,plain_english;purpose_function;practical_application;category;related_terms;common_mistakes;scenario_contexts,(pending)
81044de0-d357-475a-9fc4-f383ad0dc529,Loop brace,DAW: Ableton Live,null,plain_english;purpose_function;practical_application;category;related_terms;common_mistakes;scenario_contexts,(pending)
46276a05-0e81-4da8-9c69-075e326dd76f,Reduced latency when monitoring,DAW: Ableton Live,null,plain_english;purpose_function;practical_application;category;related_terms;common_mistakes;scenario_contexts,(pending)
bfad2fc4-94f3-4db9-b722-38dd334b609f,Segmentation resolution,DAW: Ableton Live,null,plain_english;purpose_function;practical_application;category;related_terms;common_mistakes;scenario_contexts,(pending)
85da7fdc-6d3f-47e7-a268-1df5fe0f2f3c,Session recording,DAW: Ableton Live,null,plain_english;purpose_function;practical_application;category;related_terms;common_mistakes;scenario_contexts,(pending)
0591c905-a184-409f-9d47-4eadbbaf4c9e,Transient loop mode,DAW: Ableton Live,null,plain_english;purpose_function;practical_application;category;related_terms;common_mistakes;scenario_contexts,(pending)
f3a16158-ae83-4e1d-9fbd-163bd2699663,Constrain Delay Compensation,DAW: Cubase/Nuendo,null,plain_english;purpose_function;practical_application;category;related_terms;common_mistakes;scenario_contexts,(pending)
4656d3a4-d2eb-41ca-81c2-f3c67d71d60a,Create Groove,DAW: Cubase/Nuendo,null,plain_english;purpose_function;practical_application;category;related_terms;common_mistakes;scenario_contexts,(pending)
b692abd7-2f23-477f-bd3e-e889fdb6e425,Pre-record audio,DAW: Cubase/Nuendo,null,plain_english;purpose_function;practical_application;category;related_terms;common_mistakes;scenario_contexts,(pending)
d6a829ea-ba7d-4c30-9b4d-e3f2c9e0ad44,Quantize Panel,DAW: Cubase/Nuendo,null,plain_english;purpose_function;practical_application;category;related_terms;common_mistakes;scenario_contexts,(pending)
524b2056-c8a2-4cbe-8f14-81fd9314cb40,Slip Event Content,DAW: Cubase/Nuendo,null,plain_english;purpose_function;practical_application;category;related_terms;common_mistakes;scenario_contexts,(pending)
2ee11954-c88f-49b1-9633-8e4cf228f9be,Polar window,DAW: Digital Performer/Reason,null,plain_english;purpose_function;practical_application;category;related_terms;common_mistakes;scenario_contexts,(pending)
3efa9b3b-5c3e-4b92-92d7-7d73ce942f85,Comp section,DAW: Logic,null,plain_english;purpose_function;practical_application;category;related_terms;common_mistakes;scenario_contexts,(pending)
46b65d7e-3b8a-4bdd-9d3d-879852c6a4c6,Input format selector,DAW: Logic,null,plain_english;purpose_function;practical_application;category;related_terms;common_mistakes;scenario_contexts,(pending)
87fbaddc-fa03-4dc1-8840-03d9548980d2,Quick Swipe Comping,DAW: Logic,null,plain_english;purpose_function;practical_application;category;related_terms;common_mistakes;scenario_contexts,(pending)
8cd4e511-6df2-4493-b4de-10628feadd1e,Recording delay,DAW: Logic,null,plain_english;purpose_function;practical_application;category;related_terms;common_mistakes;scenario_contexts,(pending)
a77f9268-77f2-4f67-a24b-644efe924dfa,Right input channel (Logic),DAW: Logic,null,plain_english;purpose_function;practical_application;category;related_terms;common_mistakes;scenario_contexts,(pending)
44b6c876-6993-4bb3-9686-4f94a9c04003,Take region,DAW: Logic,null,plain_english;purpose_function;practical_application;category;related_terms;common_mistakes;scenario_contexts,(pending)
f4cd3a71-3ff8-4c5e-b82f-6e9b105f1834,Track recording path,DAW: Logic,null,plain_english;purpose_function;practical_application;category;related_terms;common_mistakes;scenario_contexts,(pending)
3a327c93-5d12-4d3a-8a28-4abee49aeb98,All-track ripple editing,DAW: REAPER,null,plain_english;purpose_function;practical_application;category;related_terms;common_mistakes;scenario_contexts,(pending)
15c49407-382e-47d6-800e-e2f190394eed,Apply track FX to items,DAW: REAPER,null,plain_english;purpose_function;practical_application;category;related_terms;common_mistakes;scenario_contexts,(pending)
1d706bd3-501d-4088-af53-b947c1eec8e1,Dynamic split,DAW: REAPER,null,plain_english;purpose_function;practical_application;category;related_terms;common_mistakes;scenario_contexts,(pending)
bb6e7440-d130-44e2-9fc5-976e80e5c135,Per-track ripple editing,DAW: REAPER,null,plain_english;purpose_function;practical_application;category;related_terms;common_mistakes;scenario_contexts,(pending)
0926e672-d525-4112-85e0-933dc6a9a849,Preserve PDC delayed monitoring,DAW: REAPER,null,plain_english;purpose_function;practical_application;category;related_terms;common_mistakes;scenario_contexts,(pending)
2a8bffe7-098c-42b5-89fc-a10a573f8a88,Punch selected items,DAW: REAPER,null,plain_english;purpose_function;practical_application;category;related_terms;common_mistakes;scenario_contexts,(pending)
aeb05c8b-bc77-4c46-8cad-97748c4719d7,Punch time selection,DAW: REAPER,null,plain_english;purpose_function;practical_application;category;related_terms;common_mistakes;scenario_contexts,(pending)
a32c3c5e-6187-4170-a993-f4002de1036a,Record mono output,DAW: REAPER,null,plain_english;purpose_function;practical_application;category;related_terms;common_mistakes;scenario_contexts,(pending)
3379a8a4-72d9-4ded-87b0-5651fbf2c70e,Record stereo output,DAW: REAPER,null,plain_english;purpose_function;practical_application;category;related_terms;common_mistakes;scenario_contexts,(pending)
159125d7-cda0-417e-ac4b-69dfbe15a335,Render region matrix,DAW: REAPER,null,plain_english;purpose_function;practical_application;category;related_terms;common_mistakes;scenario_contexts,(pending)
1ad9aeeb-8ff5-495c-b03a-ee7fab409904,Stretch-marker slope,DAW: REAPER,null,plain_english;purpose_function;practical_application;category;related_terms;common_mistakes;scenario_contexts,(pending)
282d96aa-c913-47a6-9344-939dcacacce4,Takes explode in place,DAW: REAPER,null,plain_english;purpose_function;practical_application;category;related_terms;common_mistakes;scenario_contexts,(pending)
c3bdaa88-2287-48fa-83ee-77eaa286f0fd,Arranger section,DAW: Studio One,null,plain_english;purpose_function;practical_application;category;related_terms;common_mistakes;scenario_contexts,(pending)
a497173e-d6e8-4072-be54-d01ec5410889,Bounce to New Track,DAW: Studio One,null,plain_english;purpose_function;practical_application;category;related_terms;common_mistakes;scenario_contexts,(pending)
a30cbe7a-9dd4-480e-8eb4-53244d053165,Clip version,DAW: Studio One,null,plain_english;purpose_function;practical_application;category;related_terms;common_mistakes;scenario_contexts,(pending)
dc9c7049-1d5a-40f2-80ef-5c7df457704d,Digital Release,DAW: Studio One,null,plain_english;purpose_function;practical_application;category;related_terms;common_mistakes;scenario_contexts,(pending)
e1a2d078-3136-4168-8fad-d5eefe988863,Event envelope,DAW: Studio One,null,plain_english;purpose_function;practical_application;category;related_terms;common_mistakes;scenario_contexts,(pending)
894711a5-3946-42e7-883c-43d5911a7f73,Event FX,DAW: Studio One,null,plain_english;purpose_function;practical_application;category;related_terms;common_mistakes;scenario_contexts,(pending)
c209b968-3e33-4b55-8038-c6fc529a2ea3,Follow tempo,DAW: Studio One,null,plain_english;purpose_function;practical_application;category;related_terms;common_mistakes;scenario_contexts,(pending)
6248e01c-5d63-49af-a9c1-10964ec7dc7e,Instrument Transform,DAW: Studio One,null,plain_english;purpose_function;practical_application;category;related_terms;common_mistakes;scenario_contexts,(pending)
a2bef08f-60e1-4043-9693-066cbef0f460,Listen tool,DAW: Studio One,null,plain_english;purpose_function;practical_application;category;related_terms;common_mistakes;scenario_contexts,(pending)
b06db557-13ab-4e81-a964-b956ea43392d,Mixdown Selection,DAW: Studio One,null,plain_english;purpose_function;practical_application;category;related_terms;common_mistakes;scenario_contexts,(pending)
80e400c8-ed1a-484c-bad7-4ca383411b00,Record Mix,DAW: Studio One,null,plain_english;purpose_function;practical_application;category;related_terms;common_mistakes;scenario_contexts,(pending)
0dcb7e46-c7f3-4a84-9685-8cc7ea52ce06,Record Panel,DAW: Studio One,null,plain_english;purpose_function;practical_application;category;related_terms;common_mistakes;scenario_contexts,(pending)
f1e5b423-fc95-4af3-9b08-ffbf2a5161c4,Record Takes to Layers,DAW: Studio One,null,plain_english;purpose_function;practical_application;category;related_terms;common_mistakes;scenario_contexts,(pending)
42363442-8d2b-48af-85c1-247038a3cc4b,Takes to Layers,DAW: Studio One,null,plain_english;purpose_function;practical_application;category;related_terms;common_mistakes;scenario_contexts,(pending)
0a0e04cd-67c7-4d2e-bccd-c6a1b44ee961,Track layer,DAW: Studio One,null,plain_english;purpose_function;practical_application;category;related_terms;common_mistakes;scenario_contexts,(pending)
51067efc-f930-448f-9534-839a0a97a67f,Update Mastering File,DAW: Studio One,null,plain_english;purpose_function;practical_application;category;related_terms;common_mistakes;scenario_contexts,(pending)
21422c88-5675-423a-99d6-36eb14316b64,Grid diffuser,Diffusion & Materials,null,plain_english;purpose_function;practical_application;category;related_terms;common_mistakes;scenario_contexts,(pending)
f1651b76-7fd1-406c-a213-18cada3d5033,Battle scratch,DJ Performance & Turntablism,null,plain_english;purpose_function;practical_application;category;related_terms;common_mistakes;scenario_contexts,(pending)
b0dfe8f6-22b2-40fb-a68d-0bf97d0079a9,Recover the floor,DJ Performance & Turntablism,null,plain_english;purpose_function;practical_application;category;related_terms;common_mistakes;scenario_contexts,(pending)
2eb18ee6-dfb9-43fe-866d-03db75e4d945,Tone play,DJ Performance & Turntablism,null,plain_english;purpose_function;practical_application;category;related_terms;common_mistakes;scenario_contexts,(pending)
c533c16a-432b-4960-be34-0cbc2726d798,House file,Documentation & Diagrams,null,plain_english;purpose_function;practical_application;category;related_terms;common_mistakes;scenario_contexts,(pending)
e44fa56e-af46-408a-beac-07c1a9f76b4c,Accent supervision,Dubbing & Localization,null,plain_english;purpose_function;practical_application;category;related_terms;common_mistakes;scenario_contexts,(pending)
869304f6-47d5-46b8-801d-d19701a82bc6,Collaborative editing,Editing & Comping,null,plain_english;purpose_function;practical_application;category;related_terms;common_mistakes;scenario_contexts,(pending)
bc254fb8-63c5-4330-9309-56b615719ba3,Meter bridge lamp,Electromechanical Parts & Hardware,null,plain_english;purpose_function;practical_application;category;related_terms;common_mistakes;scenario_contexts,(pending)
4641ca46-8ebf-449b-af59-d971df2a2872,Shielded transformer,Electromechanical Parts & Hardware,null,plain_english;purpose_function;practical_application;category;related_terms;common_mistakes;scenario_contexts,(pending)
4ac6becb-033f-4760-9228-edd81718db30,Sensitivity-curve nodes,Equalization (EQ),null,plain_english;purpose_function;practical_application;category;related_terms;common_mistakes;scenario_contexts,(pending)
abddb9f5-0a68-4377-a1bd-c1fb21e0b339,Chamber scoring ensemble,Film Scoring,null,plain_english;purpose_function;practical_application;category;related_terms;common_mistakes;scenario_contexts,(pending)
14a5770f-33d0-42a9-9115-8c2c87935929,Conducting offset,Film Scoring,null,plain_english;purpose_function;practical_application;category;related_terms;common_mistakes;scenario_contexts,(pending)
d3d840f8-ca9a-4a89-999d-3154d03b9143,Conductor score,Film Scoring,null,plain_english;purpose_function;practical_application;category;related_terms;common_mistakes;scenario_contexts,(pending)
577353b3-3fd6-4cc2-9954-5eb5fbd2b675,Cue duration,Film Scoring,null,plain_english;purpose_function;practical_application;category;related_terms;common_mistakes;scenario_contexts,(pending)
21bba6a6-6829-4cf9-af88-8371adc0e4ba,Cue end time,Film Scoring,null,plain_english;purpose_function;practical_application;category;related_terms;common_mistakes;scenario_contexts,(pending)
18bb23f7-b7b2-42f3-98df-81ff6a18f6e1,Cue revision,Film Scoring,null,plain_english;purpose_function;practical_application;category;related_terms;common_mistakes;scenario_contexts,(pending)
ba062fe1-6f61-49c0-94eb-73e015f0485b,Cue slate,Film Scoring,null,plain_english;purpose_function;practical_application;category;related_terms;common_mistakes;scenario_contexts,(pending)
81345765-dfc2-45ba-85b1-e6bc611ae35e,Cue start time,Film Scoring,null,plain_english;purpose_function;practical_application;category;related_terms;common_mistakes;scenario_contexts,(pending)
2a8df20b-ea7c-45b4-ad6f-ee7882cc6392,Cue take,Film Scoring,null,plain_english;purpose_function;practical_application;category;related_terms;common_mistakes;scenario_contexts,(pending)
d1eaeab4-3c3a-4d7f-bfb3-2b0fa3cf073f,Cue title,Film Scoring,null,plain_english;purpose_function;practical_application;category;related_terms;common_mistakes;scenario_contexts,(pending)
525ec2c4-77ab-4fe7-a8ed-329488827747,Cue version,Film Scoring,null,plain_english;purpose_function;practical_application;category;related_terms;common_mistakes;scenario_contexts,(pending)
64ff6878-f180-4d7e-8f6b-5bcc9bc129ad,Hybrid scoring session,Film Scoring,null,plain_english;purpose_function;practical_application;category;related_terms;common_mistakes;scenario_contexts,(pending)
79dccd08-f968-48b5-998d-5f131d9377a3,Music preparation,Film Scoring,null,plain_english;purpose_function;practical_application;category;related_terms;common_mistakes;scenario_contexts,(pending)
fa9ca6bd-8523-4ee3-8358-349974efa963,Orchestration preparation,Film Scoring,null,plain_english;purpose_function;practical_application;category;related_terms;common_mistakes;scenario_contexts,(pending)
656c4d25-e82f-4b98-8e59-260c518378e4,Part preparation,Film Scoring,null,plain_english;purpose_function;practical_application;category;related_terms;common_mistakes;scenario_contexts,(pending)
2fd86913-d8e9-4960-92a3-8d981efcaebb,Punch preparation,Film Scoring,null,plain_english;purpose_function;practical_application;category;related_terms;common_mistakes;scenario_contexts,(pending)
ef93a4be-755c-4595-84c3-3c892c5897e4,Score recording schedule,Film Scoring,null,plain_english;purpose_function;practical_application;category;related_terms;common_mistakes;scenario_contexts,(pending)
1dd07aaf-8898-4fe0-a7d4-466b85e42aec,Scoring session call,Film Scoring,null,plain_english;purpose_function;practical_application;category;related_terms;common_mistakes;scenario_contexts,(pending)
d2dd4a9d-a040-4f85-a000-1904f3935cbe,Scoring-session log,Film Scoring,null,plain_english;purpose_function;practical_application;category;related_terms;common_mistakes;scenario_contexts,(pending)
a5cb9266-a2b3-4d17-9db3-a9bd48bf433a,Session part,Film Scoring,null,plain_english;purpose_function;practical_application;category;related_terms;common_mistakes;scenario_contexts,(pending)
cd2d98fc-73f6-4486-b1cb-a3b0c6c21f93,Streamer preparation,Film Scoring,null,plain_english;purpose_function;practical_application;category;related_terms;common_mistakes;scenario_contexts,(pending)
a791339e-52fc-47c0-954c-508fa362553d,Barefoot Foley,Foley Performance & Recording,null,plain_english;purpose_function;practical_application;category;related_terms;common_mistakes;scenario_contexts,(pending)
c2ecf9f9-7f7f-4038-a3b1-75bc02756a3b,Body Fall Foley,Foley Performance & Recording,null,plain_english;purpose_function;practical_application;category;related_terms;common_mistakes;scenario_contexts,(pending)
5156fcbe-e4c0-408e-b56d-027022f38b2a,Breath Foley,Foley Performance & Recording,null,plain_english;purpose_function;practical_application;category;related_terms;common_mistakes;scenario_contexts,(pending)
114d9a0f-6a92-4b77-95f4-f6ef7206b941,Cloth Foley,Foley Performance & Recording,null,plain_english;purpose_function;practical_application;category;related_terms;common_mistakes;scenario_contexts,(pending)
4bf8b643-1ba7-432e-938b-b58c4afe6bfe,Contact Foley,Foley Performance & Recording,null,plain_english;purpose_function;practical_application;category;related_terms;common_mistakes;scenario_contexts,(pending)
53b32326-c642-49b6-9bc8-772f1e22b1ed,Exaggerated Foley,Foley Performance & Recording,null,plain_english;purpose_function;practical_application;category;related_terms;common_mistakes;scenario_contexts,(pending)
ea9e8aa5-e912-4c42-8bed-ed4a5c99e1fd,Fabricated Foley Prop,Foley Performance & Recording,null,plain_english;purpose_function;practical_application;category;related_terms;common_mistakes;scenario_contexts,(pending)
407b9c97-8c4b-4867-98d4-aedc8834f44c,Foley Acting,Foley Performance & Recording,null,plain_english;purpose_function;practical_application;category;related_terms;common_mistakes;scenario_contexts,(pending)
28cbd65e-a690-4158-942b-8409f491280b,Foley Assistant,Foley Performance & Recording,null,plain_english;purpose_function;practical_application;category;related_terms;common_mistakes;scenario_contexts,(pending)
2e41610d-7fdd-44bb-9266-e0a25874b774,Foley Continuity,Foley Performance & Recording,null,plain_english;purpose_function;practical_application;category;related_terms;common_mistakes;scenario_contexts,(pending)
bf9e8965-0316-4200-bcb5-c47e96abd62c,Foley Coverage,Foley Performance & Recording,null,plain_english;purpose_function;practical_application;category;related_terms;common_mistakes;scenario_contexts,(pending)
9103e083-1978-4d0c-832d-99b08627266a,Foley Dirt,Foley Performance & Recording,null,plain_english;purpose_function;practical_application;category;related_terms;common_mistakes;scenario_contexts,(pending)
65eba110-151c-4d69-bae6-9842d9d181ea,Foley Performer,Foley Performance & Recording,null,plain_english;purpose_function;practical_application;category;related_terms;common_mistakes;scenario_contexts,(pending)
076e30ad-ebdd-44ca-b743-eb11c911da5b,Foley Preparation,Foley Performance & Recording,null,plain_english;purpose_function;practical_application;category;related_terms;common_mistakes;scenario_contexts,(pending)
46027ccf-3c86-4398-8ec2-218e1de26431,Foley Prop,Foley Performance & Recording,null,plain_english;purpose_function;practical_application;category;related_terms;common_mistakes;scenario_contexts,(pending)
489c5c0c-dee2-4b04-811d-83f8abf3559f,Foley Prop Collection,Foley Performance & Recording,null,plain_english;purpose_function;practical_application;category;related_terms;common_mistakes;scenario_contexts,(pending)
ef541ce8-6ed0-4361-b4b3-18cd3363fdba,Foley Prop Room,Foley Performance & Recording,null,plain_english;purpose_function;practical_application;category;related_terms;common_mistakes;scenario_contexts,(pending)
9d5d17d1-5c9d-4977-8fe1-ce67b85f2124,Foley Recordist,Foley Performance & Recording,null,plain_english;purpose_function;practical_application;category;related_terms;common_mistakes;scenario_contexts,(pending)
3caa6116-24d4-48ee-a67b-c2ed9c42bf87,Foley Reinforcement,Foley Performance & Recording,null,plain_english;purpose_function;practical_application;category;related_terms;common_mistakes;scenario_contexts,(pending)
fc872268-1181-4701-aefd-448c97ceabcb,Foley Replacement,Foley Performance & Recording,null,plain_english;purpose_function;practical_application;category;related_terms;common_mistakes;scenario_contexts,(pending)
2aa70df6-edf8-4168-91d8-3d7264be18b9,Foley Session,Foley Performance & Recording,null,plain_english;purpose_function;practical_application;category;related_terms;common_mistakes;scenario_contexts,(pending)
0dcca41e-f4d3-4dd5-ad93-04e514f564b5,Foley Setup,Foley Performance & Recording,null,plain_english;purpose_function;practical_application;category;related_terms;common_mistakes;scenario_contexts,(pending)
49ee2ae4-fab4-43f1-9c35-657a5283b374,Foley Shoe,Foley Performance & Recording,null,plain_english;purpose_function;practical_application;category;related_terms;common_mistakes;scenario_contexts,(pending)
57e3e7c8-55aa-49b6-b0cc-2e49bbdff3c5,Foley Slate,Foley Performance & Recording,null,plain_english;purpose_function;practical_application;category;related_terms;common_mistakes;scenario_contexts,(pending)
44e92810-abab-4c2f-b70b-4418924a1dfd,Foley Specific,Foley Performance & Recording,null,plain_english;purpose_function;practical_application;category;related_terms;common_mistakes;scenario_contexts,(pending)
3a9f3e53-804e-4c26-8643-4a5a0266554c,Foley Spotting,Foley Performance & Recording,null,plain_english;purpose_function;practical_application;category;related_terms;common_mistakes;scenario_contexts,(pending)
199cf0b3-15d2-4ca0-99fb-7c16aaf21d95,Foley Studio,Foley Performance & Recording,null,plain_english;purpose_function;practical_application;category;related_terms;common_mistakes;scenario_contexts,(pending)
6a9dd3e8-b10f-43dc-ad10-ad6eaa708733,Foley Supervisor,Foley Performance & Recording,null,plain_english;purpose_function;practical_application;category;related_terms;common_mistakes;scenario_contexts,(pending)
301ee577-6cea-4505-b9fa-e21d7865a9bf,Foley Sweetening,Foley Performance & Recording,null,plain_english;purpose_function;practical_application;category;related_terms;common_mistakes;scenario_contexts,(pending)
0fcd78a6-6ef8-497b-8b43-3e288ef790d9,Foley Take,Foley Performance & Recording,null,plain_english;purpose_function;practical_application;category;related_terms;common_mistakes;scenario_contexts,(pending)
2077feac-57a8-45c7-8690-f7bf50cae192,Foley Walker,Foley Performance & Recording,null,plain_english;purpose_function;practical_application;category;related_terms;common_mistakes;scenario_contexts,(pending)
a0ad6f94-44cc-4ea9-8c26-42f21d58e87a,Footstep Foley,Foley Performance & Recording,null,plain_english;purpose_function;practical_application;category;related_terms;common_mistakes;scenario_contexts,(pending)
c84d0f9a-f678-4302-b4cd-357731fce512,Hand Foley,Foley Performance & Recording,null,plain_english;purpose_function;practical_application;category;related_terms;common_mistakes;scenario_contexts,(pending)
b5d1c6bf-7e83-4b5e-89a8-f13473e11009,Hero Foley,Foley Performance & Recording,null,plain_english;purpose_function;practical_application;category;related_terms;common_mistakes;scenario_contexts,(pending)
64203273-91a0-4c88-82d8-14c3a0166e7b,Incidental Foley,Foley Performance & Recording,null,plain_english;purpose_function;practical_application;category;related_terms;common_mistakes;scenario_contexts,(pending)
ae337650-08cb-42d8-8642-ab8d1c397e23,Loose-Sync Foley,Foley Performance & Recording,null,plain_english;purpose_function;practical_application;category;related_terms;common_mistakes;scenario_contexts,(pending)
47cd3de0-f77f-4b32-a46c-0522c6a76eb5,Mouth Foley,Foley Performance & Recording,null,plain_english;purpose_function;practical_application;category;related_terms;common_mistakes;scenario_contexts,(pending)
aa25e6e4-302e-4d11-abcc-f8af4faac222,Practical Foley Prop,Foley Performance & Recording,null,plain_english;purpose_function;practical_application;category;related_terms;common_mistakes;scenario_contexts,(pending)
62b1ad94-b8b1-4b0a-9b28-b3d6bf052ea4,Production Foley,Foley Performance & Recording,null,plain_english;purpose_function;practical_application;category;related_terms;common_mistakes;scenario_contexts,(pending)
da25153d-e0ce-4802-90a5-d3d8f2719ff6,Prop Foley,Foley Performance & Recording,null,plain_english;purpose_function;practical_application;category;related_terms;common_mistakes;scenario_contexts,(pending)
23b81e98-4aca-4fc0-98ac-9fd1c248356b,Synchronized Foley,Foley Performance & Recording,null,plain_english;purpose_function;practical_application;category;related_terms;common_mistakes;scenario_contexts,(pending)
24f3eb3b-4bc9-4318-9c0f-580e08f0d793,Underplayed Foley,Foley Performance & Recording,null,plain_english;purpose_function;practical_application;category;related_terms;common_mistakes;scenario_contexts,(pending)
66065a67-6b3b-4c56-9fb6-4be4781bdff9,Wild Foley,Foley Performance & Recording,null,plain_english;purpose_function;practical_application;category;related_terms;common_mistakes;scenario_contexts,(pending)
a07b4512-392f-42a8-9163-fa4df2bbe34f,Audio behavior,Game Audio,null,plain_english;purpose_function;practical_application;category;related_terms;common_mistakes;scenario_contexts,(pending)
196aeb7d-c499-43f2-8c64-c8e85b56efed,RAI,Instrument & Close Miking Techniques,null,plain_english;purpose_function;practical_application;category;related_terms;common_mistakes;scenario_contexts,(pending)
a896fab7-fe96-4f22-9e76-1177c6734304,Beer-proof,Live Sound — Concert-Audio Slang,null,plain_english;purpose_function;practical_application;category;related_terms;common_mistakes;scenario_contexts,(pending)
bd97bc62-fe7a-4e7f-9b13-e84342fae7af,Cat line,Live Sound — Concert-Audio Slang,null,plain_english;purpose_function;practical_application;category;related_terms;common_mistakes;scenario_contexts,(pending)
3fcab0e3-19b1-4505-bb5b-66e2dc8bdb64,Pile-up,Live Sound — Concert-Audio Slang,null,plain_english;purpose_function;practical_application;category;related_terms;common_mistakes;scenario_contexts,(pending)
1a5b56bf-a825-48a4-8a58-b05a30ae0966,Plenty of rig,Live Sound — Concert-Audio Slang,null,plain_english;purpose_function;practical_application;category;related_terms;common_mistakes;scenario_contexts,(pending)
24687cc7-49cf-4c70-b4d5-51e6729ff62e,Catch the solo,Live Sound — FOH Mixing Workflow,null,plain_english;purpose_function;practical_application;category;related_terms;common_mistakes;scenario_contexts,(pending)
f121a4e1-a72e-4da8-a5f0-a9a320494418,Miss the solo,Live Sound — FOH Mixing Workflow,null,plain_english;purpose_function;practical_application;category;related_terms;common_mistakes;scenario_contexts,(pending)
e55cca1e-e14e-498f-8094-99682e18394d,Closed fist,Live Sound — Monitor Engineering,null,plain_english;purpose_function;practical_application;category;related_terms;common_mistakes;scenario_contexts,(pending)
6aa094cc-23f4-4079-81e8-f8a0f6f9dfed,Crossfire wedges,Live Sound — Monitor Engineering,null,plain_english;purpose_function;practical_application;category;related_terms;common_mistakes;scenario_contexts,(pending)
7ef5b737-d96e-41df-b7f3-a2f6025989e5,Mix stability,Live Sound — Monitor Engineering,null,plain_english;purpose_function;practical_application;category;related_terms;common_mistakes;scenario_contexts,(pending)
160d9ab1-bacd-4456-abde-9ae9caef15ed,Point to the wedge,Live Sound — Monitor Engineering,null,plain_english;purpose_function;practical_application;category;related_terms;common_mistakes;scenario_contexts,(pending)
c7eed23d-598a-4071-87e5-e011aad66ff4,Point-and-signal method,Live Sound — Monitor Engineering,null,plain_english;purpose_function;practical_application;category;related_terms;common_mistakes;scenario_contexts,(pending)
2de57c2b-92b8-460b-b721-a244c5564fdb,Private talkback,Live Sound — Monitor Engineering,null,plain_english;purpose_function;practical_application;category;related_terms;common_mistakes;scenario_contexts,(pending)
c242bc4e-e6fe-40e8-bd7d-a60d260c5bb7,Shout system,Live Sound — Monitor Engineering,null,plain_english;purpose_function;practical_application;category;related_terms;common_mistakes;scenario_contexts,(pending)
ac6506f2-3a5a-44c0-82d6-c0513049d852,Take me out,Live Sound — Monitor Engineering,null,plain_english;purpose_function;practical_application;category;related_terms;common_mistakes;scenario_contexts,(pending)
a38964fc-7f68-4d36-962c-11d0c2798d59,Tap the ear,Live Sound — Monitor Engineering,null,plain_english;purpose_function;practical_application;category;related_terms;common_mistakes;scenario_contexts,(pending)
fefbd43d-3c22-420e-9761-dbc652890577,Thumb up or down,Live Sound — Monitor Engineering,null,plain_english;purpose_function;practical_application;category;related_terms;common_mistakes;scenario_contexts,(pending)
a5366f0f-a273-48b0-a2d7-7534bbff920d,Universal tips,Live Sound — Monitor Engineering,null,plain_english;purpose_function;practical_application;category;related_terms;common_mistakes;scenario_contexts,(pending)
f04da6b0-e3dc-47ef-80b0-877c29c3f6a6,Wedge wash,Live Sound — Monitor Engineering,null,plain_english;purpose_function;practical_application;category;related_terms;common_mistakes;scenario_contexts,(pending)
541b43d3-658c-4d7d-bd38-07dedaee6987,Amp city (amp world),Live Sound — PA Deployment & System Engineering,null,plain_english;purpose_function;practical_application;category;related_terms;common_mistakes;scenario_contexts,(pending)
a5207e9e-0235-4237-baad-13758e956c65,Spatial crossover,Live Sound — PA Deployment & System Engineering,null,plain_english;purpose_function;practical_application;category;related_terms;common_mistakes;scenario_contexts,(pending)
a394e201-4553-41a1-a7db-eee86a6a11cc,Spectral crossover,Live Sound — PA Deployment & System Engineering,null,plain_english;purpose_function;practical_application;category;related_terms;common_mistakes;scenario_contexts,(pending)
16a0a7d9-c0aa-4abe-a939-ad0a07a41ae6,Call and response,Live Sound — Soundcheck / Rehearsal / Virtual Soundcheck,null,plain_english;purpose_function;practical_application;category;related_terms;common_mistakes;scenario_contexts,(pending)
c131b7e7-79b2-4a91-ae9b-6520fb2d4ad6,Call the channel,Live Sound — Soundcheck / Rehearsal / Virtual Soundcheck,null,plain_english;purpose_function;practical_application;category;related_terms;common_mistakes;scenario_contexts,(pending)
167b81b7-5a97-4ab9-803e-e8661d9babec,Check from the top,Live Sound — Soundcheck / Rehearsal / Virtual Soundcheck,null,plain_english;purpose_function;practical_application;category;related_terms;common_mistakes;scenario_contexts,(pending)
ab30ef76-ed9e-41f4-9d76-a2198fc64675,Check in context,Live Sound — Soundcheck / Rehearsal / Virtual Soundcheck,null,plain_english;purpose_function;practical_application;category;related_terms;common_mistakes;scenario_contexts,(pending)
5260bf60-fc27-4f24-8649-98703caab02e,Check the split,Live Sound — Soundcheck / Rehearsal / Virtual Soundcheck,null,plain_english;purpose_function;practical_application;category;related_terms;common_mistakes;scenario_contexts,(pending)
31b8fb97-25d1-42c3-85e0-b03d3fa3532b,Color pass,Live Sound — Soundcheck / Rehearsal / Virtual Soundcheck,null,plain_english;purpose_function;practical_application;category;related_terms;common_mistakes;scenario_contexts,(pending)
8dfdc2c4-21bd-4a55-9cea-e35968ab6a9e,Communication check,Live Sound — Soundcheck / Rehearsal / Virtual Soundcheck,null,plain_english;purpose_function;practical_application;category;related_terms;common_mistakes;scenario_contexts,(pending)
2770f62f-753b-4181-878f-e20fe2000f3a,Count into the microphone,Live Sound — Soundcheck / Rehearsal / Virtual Soundcheck,null,plain_english;purpose_function;practical_application;category;related_terms;common_mistakes;scenario_contexts,(pending)
a2cc0ad0-7198-4e71-bb58-c200fcf7d6e7,Scratch the grille,Live Sound — Soundcheck / Rehearsal / Virtual Soundcheck,null,plain_english;purpose_function;practical_application;category;related_terms;common_mistakes;scenario_contexts,(pending)
1ac9985c-0d12-42c3-bd20-d03e75b665e4,Throw-and-go,Live Sound — Soundcheck / Rehearsal / Virtual Soundcheck,null,plain_english;purpose_function;practical_application;category;related_terms;common_mistakes;scenario_contexts,(pending)
2a92af0f-d5d7-4e94-bc7c-28eb7fe6dace,Top and tail,Live Sound — Soundcheck / Rehearsal / Virtual Soundcheck,null,plain_english;purpose_function;practical_application;category;related_terms;common_mistakes;scenario_contexts,(pending)
38d4059a-127d-40a3-9e16-4a2c8fd79127,Copper cap,Loudspeaker / Transducer Engineering,null,plain_english;purpose_function;practical_application;category;related_terms;common_mistakes;scenario_contexts,(pending)
e95045a5-d8b4-400b-9d51-5162ce5377f5,Ear-cup resonance,Loudspeaker / Transducer Engineering,null,plain_english;purpose_function;practical_application;category;related_terms;common_mistakes;scenario_contexts,(pending)
38d7cee5-6efa-492e-8108-1face1903c84,Ear-seal performance,Loudspeaker / Transducer Engineering,null,plain_english;purpose_function;practical_application;category;related_terms;common_mistakes;scenario_contexts,(pending)
bef1ca94-e018-4958-9ce3-057016b708e7,Earbud engineering,Loudspeaker / Transducer Engineering,null,plain_english;purpose_function;practical_application;category;related_terms;common_mistakes;scenario_contexts,(pending)
896ed79d-e5d5-47a6-a0a5-04d481b5e9fd,Headband tension,Loudspeaker / Transducer Engineering,null,plain_english;purpose_function;practical_application;category;related_terms;common_mistakes;scenario_contexts,(pending)
65268989-e70a-4f05-85d7-cdc18f4f3584,Hybrid earphone,Loudspeaker / Transducer Engineering,null,plain_english;purpose_function;practical_application;category;related_terms;common_mistakes;scenario_contexts,(pending)
c5751c2e-ccbd-4905-a1e6-b1e40c367a0f,Hybrid noise cancellation,Loudspeaker / Transducer Engineering,null,plain_english;purpose_function;practical_application;category;related_terms;common_mistakes;scenario_contexts,(pending)
6c33e1b5-7eac-484a-b2f2-b93f72457d60,Listening-fatigue assessment,Loudspeaker / Transducer Engineering,null,plain_english;purpose_function;practical_application;category;related_terms;common_mistakes;scenario_contexts,(pending)
e453ea6f-8ef7-4a98-96e6-8385be0b0432,Long-term wear evaluation,Loudspeaker / Transducer Engineering,null,plain_english;purpose_function;practical_application;category;related_terms;common_mistakes;scenario_contexts,(pending)
8162d39f-435d-4581-9699-bbf53b54fa81,Top-plate thickness,Loudspeaker / Transducer Engineering,null,plain_english;purpose_function;practical_application;category;related_terms;common_mistakes;scenario_contexts,(pending)
ec8df41a-1049-49a3-a044-19d509ee56ae,Blind comparison,Mastering Fundamentals & Chain,null,plain_english;purpose_function;practical_application;category;related_terms;common_mistakes;scenario_contexts,(pending)
e3f6e6a4-1a15-4c7d-967f-ee4d995d9c20,Client reference,Mastering Fundamentals & Chain,null,plain_english;purpose_function;practical_application;category;related_terms;common_mistakes;scenario_contexts,(pending)
59662c82-05fa-41eb-a953-f8e9dbb70016,Cutting engineer,Mastering Fundamentals & Chain,null,plain_english;purpose_function;practical_application;category;related_terms;common_mistakes;scenario_contexts,(pending)
6a49ae40-1794-412e-9650-92fa7e47952f,Cutting lathe,Mastering Fundamentals & Chain,null,plain_english;purpose_function;practical_application;category;related_terms;common_mistakes;scenario_contexts,(pending)
60150006-a606-4037-8cc5-518d6d67da71,De-essing for vinyl,Mastering Fundamentals & Chain,null,plain_english;purpose_function;practical_application;category;related_terms;common_mistakes;scenario_contexts,(pending)
16e3ddac-67cc-4d8f-b6a0-c0dec7d510b0,Export verification,Mastering Fundamentals & Chain,null,plain_english;purpose_function;practical_application;category;related_terms;common_mistakes;scenario_contexts,(pending)
04b8a5bc-ff4f-48b6-9452-9056e413ad93,Final approval,Mastering Fundamentals & Chain,null,plain_english;purpose_function;practical_application;category;related_terms;common_mistakes;scenario_contexts,(pending)
e82837f3-b1bb-4423-8faa-d2271bf9a589,Revision pass,Mastering Fundamentals & Chain,null,plain_english;purpose_function;practical_application;category;related_terms;common_mistakes;scenario_contexts,(pending)
f11e6e7a-a89b-45c5-b804-d7b54a697ecc,Overlay,Measurement Fundamentals & Metering,null,plain_english;purpose_function;practical_application;category;related_terms;common_mistakes;scenario_contexts,(pending)
87e2e2da-f0fe-4bc5-a426-61329e33fe64,Associate producer,Music Entrepreneurship,null,plain_english;purpose_function;practical_application;category;related_terms;common_mistakes;scenario_contexts,(pending)
69143402-723d-4fa7-8bec-bda2caee16dd,Co-producer,Music Entrepreneurship,null,plain_english;purpose_function;practical_application;category;related_terms;common_mistakes;scenario_contexts,(pending)
0da2adcc-c5d6-4e4c-9880-ad0531282d95,Creative approval,Music Entrepreneurship,null,plain_english;purpose_function;practical_application;category;related_terms;common_mistakes;scenario_contexts,(pending)
64befb1e-ebea-4609-a66d-dc7e65ba7d91,Creative producer,Music Entrepreneurship,null,plain_english;purpose_function;practical_application;category;related_terms;common_mistakes;scenario_contexts,(pending)
cd6fa32e-e4bf-4635-9bd6-c824fa38c34e,Demo production,Music Entrepreneurship,null,plain_english;purpose_function;practical_application;category;related_terms;common_mistakes;scenario_contexts,(pending)
3ee7aba0-5002-4495-89a9-1ef1a42aadec,Instrument scheduling,Music Entrepreneurship,null,plain_english;purpose_function;practical_application;category;related_terms;common_mistakes;scenario_contexts,(pending)
99bf8180-3e2c-4159-975e-dc4a54752afd,Label approval,Music Entrepreneurship,null,plain_english;purpose_function;practical_application;category;related_terms;common_mistakes;scenario_contexts,(pending)
0ff5c791-8cbf-4845-9c35-5008e7ef0d89,Mix approval process,Music Entrepreneurship,null,plain_english;purpose_function;practical_application;category;related_terms;common_mistakes;scenario_contexts,(pending)
d1248174-4775-46cb-8fd2-b2792f5eac4f,Musician scheduling,Music Entrepreneurship,null,plain_english;purpose_function;practical_application;category;related_terms;common_mistakes;scenario_contexts,(pending)
58213f18-254c-4ad6-b3da-b5cc8f9483a3,Pre-production session,Music Entrepreneurship,null,plain_english;purpose_function;practical_application;category;related_terms;common_mistakes;scenario_contexts,(pending)
d9578a7b-4ff0-4723-b440-a7d7d81b0418,Production approval,Music Entrepreneurship,null,plain_english;purpose_function;practical_application;category;related_terms;common_mistakes;scenario_contexts,(pending)
6398ec51-c29c-46de-8b2f-623532fda5f6,Production assistant,Music Entrepreneurship,null,plain_english;purpose_function;practical_application;category;related_terms;common_mistakes;scenario_contexts,(pending)
1d786bbb-006c-43e8-8a97-98d986602002,Production milestone,Music Entrepreneurship,null,plain_english;purpose_function;practical_application;category;related_terms;common_mistakes;scenario_contexts,(pending)
d3fe2f0c-e912-4d90-9f7f-f01494add8a9,Production revision,Music Entrepreneurship,null,plain_english;purpose_function;practical_application;category;related_terms;common_mistakes;scenario_contexts,(pending)
ca534a22-01a2-4e1f-b82d-a02f2d8a8c2c,Production timeline,Music Entrepreneurship,null,plain_english;purpose_function;practical_application;category;related_terms;common_mistakes;scenario_contexts,(pending)
7bd5f7ab-f64a-451d-8023-57468174f64a,Record production,Music Entrepreneurship,null,plain_english;purpose_function;practical_application;category;related_terms;common_mistakes;scenario_contexts,(pending)
684ea228-9124-414e-b014-82e049623469,Session budget,Music Entrepreneurship,null,plain_english;purpose_function;practical_application;category;related_terms;common_mistakes;scenario_contexts,(pending)
67a93cde-a3f4-4866-9687-53521c2a9cbb,Session planning,Music Entrepreneurship,null,plain_english;purpose_function;practical_application;category;related_terms;common_mistakes;scenario_contexts,(pending)
08e41db9-88c7-4c48-8a49-aa05ce89c7d1,Session producer,Music Entrepreneurship,null,plain_english;purpose_function;practical_application;category;related_terms;common_mistakes;scenario_contexts,(pending)
e0d7d761-eaf0-4ca8-9523-09be4711377d,Song development,Music Entrepreneurship,null,plain_english;purpose_function;practical_application;category;related_terms;common_mistakes;scenario_contexts,(pending)
08d6f6c6-ff2d-4062-9ebd-e35d027d273a,Song mapping,Music Entrepreneurship,null,plain_english;purpose_function;practical_application;category;related_terms;common_mistakes;scenario_contexts,(pending)
e41aa0c1-12c1-47e7-b2f6-6008b94e1efd,Song structure planning,Music Entrepreneurship,null,plain_english;purpose_function;practical_application;category;related_terms;common_mistakes;scenario_contexts,(pending)
e05defd9-c784-44b1-9e3c-2789ac6e8edf,Studio budget,Music Entrepreneurship,null,plain_english;purpose_function;practical_application;category;related_terms;common_mistakes;scenario_contexts,(pending)
dbd05d43-e7a7-4e25-a795-a6e72cf10852,Tone Model,Neural Amp Modeling & Neural Synthesis,null,plain_english;purpose_function;practical_application;category;related_terms;common_mistakes;scenario_contexts,(pending)
77c144ae-7232-4da8-95ff-19dbdda0a97d,Early monitor,Orchestra Pit & Ensemble Layout,null,plain_english;purpose_function;practical_application;category;related_terms;common_mistakes;scenario_contexts,(pending)
4108570b-cd79-4294-ac80-18ae9be3128c,Late monitor,Orchestra Pit & Ensemble Layout,null,plain_english;purpose_function;practical_application;category;related_terms;common_mistakes;scenario_contexts,(pending)
dd212676-643a-4e2b-9fef-838bdfadacc5,Audience perspective,"Orchestral, Choir & Acoustic-Ensemble Mixing",null,plain_english;purpose_function;practical_application;category;related_terms;common_mistakes;scenario_contexts,(pending)
d90e28eb-6a8a-4822-996e-5b18ba916f8d,Chamber-orchestra mixing,"Orchestral, Choir & Acoustic-Ensemble Mixing",null,plain_english;purpose_function;practical_application;category;related_terms;common_mistakes;scenario_contexts,(pending)
ca36bde6-a092-462d-be8e-8c1e46ef2f06,Concert realism,"Orchestral, Choir & Acoustic-Ensemble Mixing",null,plain_english;purpose_function;practical_application;category;related_terms;common_mistakes;scenario_contexts,(pending)
5cc9c36b-a126-40f7-9b10-3a07ed359853,Concert-hall perspective,"Orchestral, Choir & Acoustic-Ensemble Mixing",null,plain_english;purpose_function;practical_application;category;related_terms;common_mistakes;scenario_contexts,(pending)
5199369c-a5d2-4c94-8002-f5790670385a,Crescendo automation,"Orchestral, Choir & Acoustic-Ensemble Mixing",null,plain_english;purpose_function;practical_application;category;related_terms;common_mistakes;scenario_contexts,(pending)
e2729a74-44dd-4369-94e2-b79f5b3deae5,Decrescendo automation,"Orchestral, Choir & Acoustic-Ensemble Mixing",null,plain_english;purpose_function;practical_application;category;related_terms;common_mistakes;scenario_contexts,(pending)
d255d147-4aee-480e-851b-d4ac5884de20,Direct-to-ambient ratio,"Orchestral, Choir & Acoustic-Ensemble Mixing",null,plain_english;purpose_function;practical_application;category;related_terms;common_mistakes;scenario_contexts,(pending)
dd3eae1c-4632-4e4b-933b-24b1a8e1a931,Early-reflection balance,"Orchestral, Choir & Acoustic-Ensemble Mixing",null,plain_english;purpose_function;practical_application;category;related_terms;common_mistakes;scenario_contexts,(pending)
d87215fc-8296-4b6a-82a9-d0e2ef75ae6f,Hall bloom control,"Orchestral, Choir & Acoustic-Ensemble Mixing",null,plain_english;purpose_function;practical_application;category;related_terms;common_mistakes;scenario_contexts,(pending)
a7e50384-9e1d-4cb0-957a-39b1b39a8a92,Hall equalization,"Orchestral, Choir & Acoustic-Ensemble Mixing",null,plain_english;purpose_function;practical_application;category;related_terms;common_mistakes;scenario_contexts,(pending)
14f367d8-72d3-44bc-a1d3-4de5b6300f4e,Hall imaging,"Orchestral, Choir & Acoustic-Ensemble Mixing",null,plain_english;purpose_function;practical_application;category;related_terms;common_mistakes;scenario_contexts,(pending)
071cff4d-00e3-4bff-b8ab-23c1848f4cb1,Hall-microphone balance,"Orchestral, Choir & Acoustic-Ensemble Mixing",null,plain_english;purpose_function;practical_application;category;related_terms;common_mistakes;scenario_contexts,(pending)
8a5cd3a3-4422-4254-a2ed-c4dfa406e7ce,Hall-tail preservation,"Orchestral, Choir & Acoustic-Ensemble Mixing",null,plain_english;purpose_function;practical_application;category;related_terms;common_mistakes;scenario_contexts,(pending)
f3dad770-be2c-4576-9979-1e3f7776ed52,Instrument localization,"Orchestral, Choir & Acoustic-Ensemble Mixing",null,plain_english;purpose_function;practical_application;category;related_terms;common_mistakes;scenario_contexts,(pending)
c822e65b-fc0d-48c3-84a9-66a76fd607e4,Orchestral dynamics,"Orchestral, Choir & Acoustic-Ensemble Mixing",null,plain_english;purpose_function;practical_application;category;related_terms;common_mistakes;scenario_contexts,(pending)
2ea3291b-340a-424c-bdf5-6e65d28800d8,Outrigger balance,"Orchestral, Choir & Acoustic-Ensemble Mixing",null,plain_english;purpose_function;practical_application;category;related_terms;common_mistakes;scenario_contexts,(pending)
0d32a2be-8c44-488b-9e21-ac849df8c306,Percussion-section mixing,"Orchestral, Choir & Acoustic-Ensemble Mixing",null,plain_english;purpose_function;practical_application;category;related_terms;common_mistakes;scenario_contexts,(pending)
8b27e503-88b4-49ef-b8ec-fef7a392a3d3,Section blend,"Orchestral, Choir & Acoustic-Ensemble Mixing",null,plain_english;purpose_function;practical_application;category;related_terms;common_mistakes;scenario_contexts,(pending)
22f12791-6736-4427-bdfc-2574130682b5,Section imaging,"Orchestral, Choir & Acoustic-Ensemble Mixing",null,plain_english;purpose_function;practical_application;category;related_terms;common_mistakes;scenario_contexts,(pending)
a04d9ff6-14d1-4c82-a0b1-69b6f6c300e1,Section ride,"Orchestral, Choir & Acoustic-Ensemble Mixing",null,plain_english;purpose_function;practical_application;category;related_terms;common_mistakes;scenario_contexts,(pending)
962eabd5-70be-4aa3-adc6-d00c4920a662,Solo ride,"Orchestral, Choir & Acoustic-Ensemble Mixing",null,plain_english;purpose_function;practical_application;category;related_terms;common_mistakes;scenario_contexts,(pending)
ef9d0be1-6f09-4a21-a48d-59a647aa5ec0,Spot coherence,"Orchestral, Choir & Acoustic-Ensemble Mixing",null,plain_english;purpose_function;practical_application;category;related_terms;common_mistakes;scenario_contexts,(pending)
25fdaf67-6a82-4e4f-ab2c-18d7990d6447,Spot equalization,"Orchestral, Choir & Acoustic-Ensemble Mixing",null,plain_english;purpose_function;practical_application;category;related_terms;common_mistakes;scenario_contexts,(pending)
57e6f160-3b8c-482b-9f6c-144cfef63062,Spot-delay compensation,"Orchestral, Choir & Acoustic-Ensemble Mixing",null,plain_english;purpose_function;practical_application;category;related_terms;common_mistakes;scenario_contexts,(pending)
009baef4-ee3c-4b53-9830-4dde1355a989,Spot-microphone balance,"Orchestral, Choir & Acoustic-Ensemble Mixing",null,plain_english;purpose_function;practical_application;category;related_terms;common_mistakes;scenario_contexts,(pending)
fa2ac2ee-c9c3-479b-bfe1-42adaec02277,Stage imaging,"Orchestral, Choir & Acoustic-Ensemble Mixing",null,plain_english;purpose_function;practical_application;category;related_terms;common_mistakes;scenario_contexts,(pending)
8d35e3f9-4324-4956-9b72-030734878f76,Cement resistor,Passive Components,null,scenario_contexts,(pending)
deaa01c6-3e8f-4a47-98c5-20ff503a55d9,Button behavior,Physical Controls & Hardware,null,plain_english;purpose_function;practical_application;category;related_terms;common_mistakes;scenario_contexts,(pending)
0138499d-18dc-42e8-9ef8-2bc839e4f2bb,Alternate read,Podcast Production,null,plain_english;purpose_function;practical_application;category;related_terms;common_mistakes;scenario_contexts,(pending)
d9cac637-9c29-4e54-9537-c48203c3d4d7,Animation voice recording,Podcast Production,null,plain_english;purpose_function;practical_application;category;related_terms;common_mistakes;scenario_contexts,(pending)
153f84df-b1b4-4781-bc89-42e3cbe9f0fa,Audiobook recording,Podcast Production,null,plain_english;purpose_function;practical_application;category;related_terms;common_mistakes;scenario_contexts,(pending)
ab95a21f-8ec4-41c9-b736-ee4f4352efd6,Character interpretation,Podcast Production,null,plain_english;purpose_function;practical_application;category;related_terms;common_mistakes;scenario_contexts,(pending)
8bfd93f2-be7e-4a90-bb74-ed68d3d1a101,Character voice recording,Podcast Production,null,plain_english;purpose_function;practical_application;category;related_terms;common_mistakes;scenario_contexts,(pending)
da38160b-662f-4eec-97a5-982c75554e13,Documentary narration,Podcast Production,null,plain_english;purpose_function;practical_application;category;related_terms;common_mistakes;scenario_contexts,(pending)
e891878f-6739-4f99-a537-bd2ed10542db,Episode description,Podcast Production,null,plain_english;purpose_function;practical_application;category;related_terms;common_mistakes;scenario_contexts,(pending)
724df053-5192-4a3e-b4cb-e83e2225abfa,Episode number,Podcast Production,null,plain_english;purpose_function;practical_application;category;related_terms;common_mistakes;scenario_contexts,(pending)
80985300-b92b-47ae-97fd-b5326b0c54e8,Host-read advertisement,Podcast Production,null,plain_english;purpose_function;practical_application;category;related_terms;common_mistakes;scenario_contexts,(pending)
4dd84f87-7804-4685-b3b0-88b8927a2d7f,Interview recording,Podcast Production,null,plain_english;purpose_function;practical_application;category;related_terms;common_mistakes;scenario_contexts,(pending)
182a5580-5e21-4b07-bef1-3421b4d2f2c2,Local podcast recording,Podcast Production,null,plain_english;purpose_function;practical_application;category;related_terms;common_mistakes;scenario_contexts,(pending)
4ad59a26-0d55-480d-bb83-33a8853a0f58,Long-form narration editing,Podcast Production,null,plain_english;purpose_function;practical_application;category;related_terms;common_mistakes;scenario_contexts,(pending)
4cca6257-c9f2-46cd-aecf-9e0ccbedb3f3,Mouth-noise reduction,Podcast Production,null,plain_english;purpose_function;practical_application;category;related_terms;common_mistakes;scenario_contexts,(pending)
af851a09-8bd3-4c61-8c41-700491c64fcd,Multi-host recording,Podcast Production,null,plain_english;purpose_function;practical_application;category;related_terms;common_mistakes;scenario_contexts,(pending)
2a309a82-7250-476d-9c45-d0e92675fdb2,Performance read,Podcast Production,null,plain_english;purpose_function;practical_application;category;related_terms;common_mistakes;scenario_contexts,(pending)
cbfe82cf-9b8f-4367-b224-6b5d3e01ce38,Pickup line,Podcast Production,null,plain_english;purpose_function;practical_application;category;related_terms;common_mistakes;scenario_contexts,(pending)
384829b7-bae1-42b0-8dce-246b301dac6a,Podcast chapter marker,Podcast Production,null,plain_english;purpose_function;practical_application;category;related_terms;common_mistakes;scenario_contexts,(pending)
ebb2543e-a1ba-4519-ad17-c30f17c7f639,Podcast guest,Podcast Production,null,plain_english;purpose_function;practical_application;category;related_terms;common_mistakes;scenario_contexts,(pending)
9f8130f7-6263-4744-ab5e-bc857ed489bf,Podcast host,Podcast Production,null,plain_english;purpose_function;practical_application;category;related_terms;common_mistakes;scenario_contexts,(pending)
27efad7e-5021-44d3-a5bc-209d3b5e8bc6,Podcast narration,Podcast Production,null,plain_english;purpose_function;practical_application;category;related_terms;common_mistakes;scenario_contexts,(pending)
74ae768d-d0e7-4759-bb30-f8e08977c1ac,Promo voice recording,Podcast Production,null,plain_english;purpose_function;practical_application;category;related_terms;common_mistakes;scenario_contexts,(pending)
59eb18b1-ebf2-4475-8150-65a68cef190b,Pronunciation check,Podcast Production,null,plain_english;purpose_function;practical_application;category;related_terms;common_mistakes;scenario_contexts,(pending)
479d36c3-b5d9-4759-ad82-48997333834f,Pronunciation guide,Podcast Production,null,plain_english;purpose_function;practical_application;category;related_terms;common_mistakes;scenario_contexts,(pending)
f6ba22cc-b05b-4ea3-9a03-7301fb57a0e8,Punch-and-roll recording,Podcast Production,null,plain_english;purpose_function;practical_application;category;related_terms;common_mistakes;scenario_contexts,(pending)
3e0a3a7b-47ff-486f-af72-c8b714d517a0,Roundtable recording,Podcast Production,null,plain_english;purpose_function;practical_application;category;related_terms;common_mistakes;scenario_contexts,(pending)
6c22d655-9a68-4e4a-8815-7f1b37c64f82,RSS feed audio,Podcast Production,null,plain_english;purpose_function;practical_application;category;related_terms;common_mistakes;scenario_contexts,(pending)
1859832e-a727-479c-8b00-6974a1a586e4,Script read,Podcast Production,null,plain_english;purpose_function;practical_application;category;related_terms;common_mistakes;scenario_contexts,(pending)
07af2f74-c986-4641-8b21-6d7bffc8cb84,Single-host recording,Podcast Production,null,plain_english;purpose_function;practical_application;category;related_terms;common_mistakes;scenario_contexts,(pending)
58afde38-cfb6-47bb-85de-6f2059ff26f7,Sponsor message,Podcast Production,null,plain_english;purpose_function;practical_application;category;related_terms;common_mistakes;scenario_contexts,(pending)
84474c94-9d3d-4920-8839-94d56cf433ec,Trailer voice recording,Podcast Production,null,plain_english;purpose_function;practical_application;category;related_terms;common_mistakes;scenario_contexts,(pending)
f56b45a0-79f8-4a75-aa68-9ee10c43b103,Voice producer,Podcast Production,null,plain_english;purpose_function;practical_application;category;related_terms;common_mistakes;scenario_contexts,(pending)
1caac7c1-9344-41a1-b0bb-20e5ffd96255,Blue light,Professional Audio Safety,null,plain_english;purpose_function;practical_application;category;related_terms;common_mistakes;scenario_contexts,(pending)
cfb35378-ef1c-4fbe-b408-85ea253ff514,Artist package,Project Management,null,plain_english;purpose_function;practical_application;category;related_terms;common_mistakes;scenario_contexts,(pending)
c4714014-7f91-419a-a175-e54eb039015d,Festival package,Project Management,null,plain_english;purpose_function;practical_application;category;related_terms;common_mistakes;scenario_contexts,(pending)
0fe8711b-bda6-4b3f-b45d-c57e3e022f75,Hotel day,Project Management,null,plain_english;purpose_function;practical_application;category;related_terms;common_mistakes;scenario_contexts,(pending)
360fbfe2-88d6-456e-a729-f17e5a35ca15,Local pickup,Project Management,null,plain_english;purpose_function;practical_application;category;related_terms;common_mistakes;scenario_contexts,(pending)
93220408-953a-4e83-b01e-0ef0daeac959,Back,"Racks, Patchbays & Wiring Infrastructure",null,plain_english;purpose_function;practical_application;category;related_terms;common_mistakes;scenario_contexts,(pending)
c51c314f-e178-457e-a0d7-8cb8f03b3ee3,Contrast,"Racks, Patchbays & Wiring Infrastructure",null,plain_english;purpose_function;practical_application;category;related_terms;common_mistakes;scenario_contexts,(pending)
33a999f9-1ae5-402a-89c3-8f4daaf3cd06,Enter,"Racks, Patchbays & Wiring Infrastructure",null,plain_english;purpose_function;practical_application;category;related_terms;common_mistakes;scenario_contexts,(pending)
80416870-0a22-4332-975b-b9bb4212de86,Podcast table,"Racks, Patchbays & Wiring Infrastructure",null,plain_english;purpose_function;practical_application;category;related_terms;common_mistakes;scenario_contexts,(pending)
7646d6f5-56d7-4058-80cc-775e2ccd467a,Quality Mode,"Racks, Patchbays & Wiring Infrastructure",null,plain_english;purpose_function;practical_application;category;related_terms;common_mistakes;scenario_contexts,(pending)
e94a6dbd-aead-409d-8e82-4839459ffdc6,Rack pedestal,"Racks, Patchbays & Wiring Infrastructure",null,plain_english;purpose_function;practical_application;category;related_terms;common_mistakes;scenario_contexts,(pending)
f0efd722-fc1e-4325-abaf-06df322b4318,Wraparound console,"Racks, Patchbays & Wiring Infrastructure",null,plain_english;purpose_function;practical_application;category;related_terms;common_mistakes;scenario_contexts,(pending)
aaef2910-f2d6-4c72-bce1-059e73144665,Perspective Cut,Re-Recording & Final Mix,null,plain_english;purpose_function;practical_application;category;related_terms;common_mistakes;scenario_contexts,(pending)
72efc495-6d71-4b89-8401-e647906ce6df,Perspective Performance,Re-Recording & Final Mix,null,plain_english;purpose_function;practical_application;category;related_terms;common_mistakes;scenario_contexts,(pending)
13b13399-5d33-4ef0-99d5-73d043908853,Specifics Track,Re-Recording & Final Mix,null,plain_english;purpose_function;practical_application;category;related_terms;common_mistakes;scenario_contexts,(pending)
e73a8c5a-ed7c-4b33-982f-2d8fa01bdb20,Step Perspective,Re-Recording & Final Mix,null,plain_english;purpose_function;practical_application;category;related_terms;common_mistakes;scenario_contexts,(pending)
95486d11-0620-4fd0-9fcd-7dd86b8bada9,Engineering best practice,Recording Fundamentals & Signal Chain,null,plain_english;purpose_function;practical_application;category;related_terms;common_mistakes;scenario_contexts,(pending)
60606819-920e-41bf-8c3a-58d98e663d60,Engineering workflow optimization,Recording Fundamentals & Signal Chain,null,plain_english;purpose_function;practical_application;category;related_terms;common_mistakes;scenario_contexts,(pending)
caec1105-7b8c-45cb-b586-19d07c91d10a,Mission-critical recording,Recording Fundamentals & Signal Chain,null,plain_english;purpose_function;practical_application;category;related_terms;common_mistakes;scenario_contexts,(pending)
6afbb447-bd6a-4fd9-957d-f3304f8e435f,Component replacement,Repair,null,plain_english;purpose_function;practical_application;category;related_terms;common_mistakes;scenario_contexts,(pending)
d18cf10a-b427-41d4-ad53-38dc846a4f2f,Current-limited power-up,Repair,null,plain_english;purpose_function;practical_application;category;related_terms;common_mistakes;scenario_contexts,(pending)
f5071da1-b477-4b17-ac64-d73bb591a193,Hairline crack,Repair,null,plain_english;purpose_function;practical_application;category;related_terms;common_mistakes;scenario_contexts,(pending)
d0faf8da-f009-4730-8f1c-d899835d5850,Thermal failure,Repair,null,plain_english;purpose_function;practical_application;category;related_terms;common_mistakes;scenario_contexts,(pending)
b23efb58-3485-4ea9-8e0b-7783fa0eb313,Voltage tracing,Repair,null,plain_english;purpose_function;practical_application;category;related_terms;common_mistakes;scenario_contexts,(pending)
637416fa-36b6-46b4-8caa-2d3f7a10f46a,Stick,RF Wireless Systems,null,plain_english;purpose_function;practical_application;category;related_terms;common_mistakes;scenario_contexts,(pending)
5b154a2e-2b3b-4136-81ae-5215209a1175,Attic space,"Rigging Hardware, Loads & Motorized Flying",null,plain_english;purpose_function;practical_application;category;related_terms;common_mistakes;scenario_contexts,(pending)
ab79a3a2-06fe-4f87-b5e3-e9fad5b8e3e6,Hook it,"Rigging Hardware, Loads & Motorized Flying",null,plain_english;purpose_function;practical_application;related_terms;common_mistakes;scenario_contexts,(pending)
bcc30945-c533-49d2-95ca-df76fd3c8f0b,Obstruction zone,"Rigging Hardware, Loads & Motorized Flying",null,plain_english;purpose_function;practical_application;category;related_terms;common_mistakes;scenario_contexts,(pending)
502e5b02-de3f-4ca2-9813-ed33fa87b45d,Send it,"Rigging Hardware, Loads & Motorized Flying",null,plain_english;purpose_function;practical_application;category;related_terms;common_mistakes;scenario_contexts,(pending)
ae16bc35-b72d-47cb-802b-b84b587020ab,Sound bridge,"Rigging Hardware, Loads & Motorized Flying",null,plain_english;purpose_function;practical_application;category;related_terms;common_mistakes;scenario_contexts,(pending)
b6d2bc8e-f3fd-422c-a0a3-c4f8ec45a6d6,Throw steel,"Rigging Hardware, Loads & Motorized Flying",null,plain_english;purpose_function;practical_application;category;related_terms;common_mistakes;scenario_contexts,(pending)
3768f669-812e-41a6-9155-6db90b355087,Belly,Road Crew,null,plain_english;purpose_function;practical_application;category;related_terms;common_mistakes;scenario_contexts,(pending)
aed3e6c5-12a0-4b5a-ab5a-9c89deddb014,Break-in,Road Crew,null,plain_english;purpose_function;practical_application;category;related_terms;common_mistakes;scenario_contexts,(pending)
709e2760-5453-492e-ad15-e1061ee0dbed,Case line,Road Crew,null,plain_english;purpose_function;practical_application;category;related_terms;common_mistakes;scenario_contexts,(pending)
7834e1bf-4e4f-46e9-841f-d5aceb350c58,Case park,Road Crew,null,plain_english;purpose_function;practical_application;category;related_terms;common_mistakes;scenario_contexts,(pending)
dd159d12-3bf6-43db-982c-70fb4e0d49ee,Case parking,Road Crew,null,plain_english;purpose_function;practical_application;category;related_terms;common_mistakes;scenario_contexts,(pending)
036d1e0a-ff71-49ac-9ecc-af27ba20b3c3,Case world,Road Crew,null,plain_english;purpose_function;practical_application;category;related_terms;common_mistakes;scenario_contexts,(pending)
30dd1699-1d1a-4e5a-ae36-bf2581dab021,Up-and-over,Road Crew,null,plain_english;purpose_function;practical_application;category;related_terms;common_mistakes;scenario_contexts,(pending)
5b01f2fb-718b-4eac-9b00-1a8f04b1efe1,Vault,Road Crew,null,plain_english;purpose_function;practical_application;category;related_terms;common_mistakes;scenario_contexts,(pending)
fba8a94a-5844-4e5a-b8f7-e3fbd8d4255a,Battery-powered preamplifier,Session Setup & Signal Flow,null,plain_english;purpose_function;practical_application;category;related_terms;common_mistakes;scenario_contexts,(pending)
a2802816-0e78-45ba-a37e-31607e32b347,Headphone communication,Session Setup & Signal Flow,null,plain_english;purpose_function;practical_application;category;related_terms;common_mistakes;scenario_contexts,(pending)
f19ca80b-b42b-48fd-aab7-b235e4b4e0e2,Headphone mix verification,Session Setup & Signal Flow,null,plain_english;purpose_function;practical_application;category;related_terms;common_mistakes;scenario_contexts,(pending)
305e5018-4983-46a6-af6b-c31f68c773d6,Microphone setup photographs,Session Setup & Signal Flow,null,plain_english;purpose_function;practical_application;category;related_terms;common_mistakes;scenario_contexts,(pending)
f8999b83-fa61-4a64-b494-7155fa94dba8,Mobile monitoring position,Session Setup & Signal Flow,null,plain_english;purpose_function;practical_application;category;related_terms;common_mistakes;scenario_contexts,(pending)
66f2f6ee-30ee-4591-99ce-754c692de491,Mobile patch technician,Session Setup & Signal Flow,null,plain_english;purpose_function;practical_application;category;related_terms;common_mistakes;scenario_contexts,(pending)
26428e57-346e-4568-a756-5b76d63c2f20,Portable monitor controller,Session Setup & Signal Flow,null,plain_english;purpose_function;practical_application;category;related_terms;common_mistakes;scenario_contexts,(pending)
1862adb1-a4f2-4ea6-86ad-289e883f4bce,Remote line check,Session Setup & Signal Flow,null,plain_english;purpose_function;practical_application;category;related_terms;common_mistakes;scenario_contexts,(pending)
2fb06079-ffdd-48f5-b2c5-75ffbef76814,Remote patch panel,Session Setup & Signal Flow,null,plain_english;purpose_function;practical_application;category;related_terms;common_mistakes;scenario_contexts,(pending)
4708e2c2-e855-46be-8b90-b2259ea5aa51,Setup schedule,Session Setup & Signal Flow,null,plain_english;purpose_function;practical_application;category;related_terms;common_mistakes;scenario_contexts,(pending)
c3a7e52c-4c2d-4971-abc6-a3d241475814,Talkback etiquette,Session Setup & Signal Flow,null,plain_english;purpose_function;practical_application;category;related_terms;common_mistakes;scenario_contexts,(pending)
bc61d5a8-1979-4e1b-b58e-bb85d2713a02,Beat-production room,"Session Workflow, Takes & Documentation",null,plain_english;purpose_function;practical_application;category;related_terms;common_mistakes;scenario_contexts,(pending)
773d447f-5496-45a6-8d07-7df79c8e0ce1,Creative approval session,"Session Workflow, Takes & Documentation",null,plain_english;purpose_function;practical_application;category;related_terms;common_mistakes;scenario_contexts,(pending)
aa31e69d-1b6c-4a86-9e4f-89f0f82b89b6,Cue instruction,"Session Workflow, Takes & Documentation",null,plain_english;purpose_function;practical_application;category;related_terms;common_mistakes;scenario_contexts,(pending)
0a1faa54-db6c-48ae-a7cd-5761dbd3da5c,End-of-day archive,"Session Workflow, Takes & Documentation",null,plain_english;purpose_function;practical_application;category;related_terms;common_mistakes;scenario_contexts,(pending)
fd118a8e-5567-4b13-a853-f25e716b5b17,Engineer call time,"Session Workflow, Takes & Documentation",null,plain_english;purpose_function;practical_application;category;related_terms;common_mistakes;scenario_contexts,(pending)
33ed6e19-d53e-4532-b3ff-1154890f8ba8,Engineer handoff,"Session Workflow, Takes & Documentation",null,plain_english;purpose_function;practical_application;category;related_terms;common_mistakes;scenario_contexts,(pending)
104fcd15-8b69-4811-89ed-a3a5de0200f5,Field-production rack,"Session Workflow, Takes & Documentation",null,plain_english;purpose_function;practical_application;category;related_terms;common_mistakes;scenario_contexts,(pending)
a02f56a1-3832-4705-a7d8-4250a0cb659b,Final listening session,"Session Workflow, Takes & Documentation",null,plain_english;purpose_function;practical_application;category;related_terms;common_mistakes;scenario_contexts,(pending)
25e618bb-cd77-4ad2-b0c2-eecc80d03ca6,Final technical review,"Session Workflow, Takes & Documentation",null,plain_english;purpose_function;practical_application;category;related_terms;common_mistakes;scenario_contexts,(pending)
431b2084-12d6-44d7-b4f7-86c2038f6cd7,Incremental synchronization,"Session Workflow, Takes & Documentation",null,plain_english;purpose_function;practical_application;category;related_terms;common_mistakes;scenario_contexts,(pending)
ed7b973c-d25e-4827-860b-fa0554f19fd4,Instant review,"Session Workflow, Takes & Documentation",null,plain_english;purpose_function;practical_application;category;related_terms;common_mistakes;scenario_contexts,(pending)
237ff440-188b-4c42-9f34-f44f97b56694,Mobile recording certification,"Session Workflow, Takes & Documentation",null,plain_english;purpose_function;practical_application;category;related_terms;common_mistakes;scenario_contexts,(pending)
7dc8b8b7-3a5b-4a3f-99b9-9bfaf0a656e7,Mobile workstation cart,"Session Workflow, Takes & Documentation",null,plain_english;purpose_function;practical_application;category;related_terms;common_mistakes;scenario_contexts,(pending)
7564b234-eb62-4226-8f8f-ac817925449a,Piano room,"Session Workflow, Takes & Documentation",null,plain_english;purpose_function;practical_application;category;related_terms;common_mistakes;scenario_contexts,(pending)
6bcb5885-a275-4ebd-811c-05991bc74c8d,Portable archive system,"Session Workflow, Takes & Documentation",null,plain_english;purpose_function;practical_application;category;related_terms;common_mistakes;scenario_contexts,(pending)
2e13aee6-7b14-434d-bc11-0a63552e94a7,Portable machine room,"Session Workflow, Takes & Documentation",null,plain_english;purpose_function;practical_application;category;related_terms;common_mistakes;scenario_contexts,(pending)
075e4c14-8cc7-4441-a629-7a73bc1aec50,Producer notes,"Session Workflow, Takes & Documentation",null,plain_english;purpose_function;practical_application;category;related_terms;common_mistakes;scenario_contexts,(pending)
44de42eb-f7a5-4aba-8a5c-ced5149c18f0,Producer playback,"Session Workflow, Takes & Documentation",null,plain_english;purpose_function;practical_application;category;related_terms;common_mistakes;scenario_contexts,(pending)
1843562e-3542-4c1d-8ba0-a97823c9de93,Production recap,"Session Workflow, Takes & Documentation",null,plain_english;purpose_function;practical_application;category;related_terms;common_mistakes;scenario_contexts,(pending)
dd1db7fc-1e22-4c15-8f46-bcfce015b79d,Production suite,"Session Workflow, Takes & Documentation",null,plain_english;purpose_function;practical_application;category;related_terms;common_mistakes;scenario_contexts,(pending)
2af9e401-adfd-4b58-815e-144e34af4644,Programming room,"Session Workflow, Takes & Documentation",null,plain_english;purpose_function;practical_application;category;related_terms;common_mistakes;scenario_contexts,(pending)
57e6f7f9-224e-4cd2-9c0d-1251193e9d22,Real-time collaboration,"Session Workflow, Takes & Documentation",null,plain_english;purpose_function;practical_application;category;related_terms;common_mistakes;scenario_contexts,(pending)
0fc222e6-b63a-41b0-8a13-976bf85afe52,Reference take,"Session Workflow, Takes & Documentation",null,plain_english;purpose_function;practical_application;category;related_terms;common_mistakes;scenario_contexts,(pending)
3761f053-3b01-446e-9cae-09368fdec4c0,Remote approval session,"Session Workflow, Takes & Documentation",null,plain_english;purpose_function;practical_application;category;related_terms;common_mistakes;scenario_contexts,(pending)
2ba9240a-2cd2-4ba5-b867-9e2ad8a0f423,Remote asset management,"Session Workflow, Takes & Documentation",null,plain_english;purpose_function;practical_application;category;related_terms;common_mistakes;scenario_contexts,(pending)
f4217ffb-21af-4240-aa3d-731f0388173a,Remote audio interface,"Session Workflow, Takes & Documentation",null,plain_english;purpose_function;practical_application;category;related_terms;common_mistakes;scenario_contexts,(pending)
398ee634-e1c2-4b24-aff7-afacc99ec979,Remote equipment cart,"Session Workflow, Takes & Documentation",null,plain_english;purpose_function;practical_application;category;related_terms;common_mistakes;scenario_contexts,(pending)
b5cd48c1-1e7b-4894-a5fc-3a7542b47337,Revision request log,"Session Workflow, Takes & Documentation",null,plain_english;purpose_function;practical_application;category;related_terms;common_mistakes;scenario_contexts,(pending)
4099033d-a6cf-43a2-af1a-46a5a28de670,Safety take request,"Session Workflow, Takes & Documentation",null,plain_english;purpose_function;practical_application;category;related_terms;common_mistakes;scenario_contexts,(pending)
0a100895-1a25-45b5-b285-ee1926b0397e,Secure session transfer,"Session Workflow, Takes & Documentation",null,plain_english;purpose_function;practical_application;category;related_terms;common_mistakes;scenario_contexts,(pending)
727ca5a4-d9bc-4e9c-ae2d-26f64475fe73,Session download,"Session Workflow, Takes & Documentation",null,plain_english;purpose_function;practical_application;category;related_terms;common_mistakes;scenario_contexts,(pending)
c3dd53be-02cc-484e-a95f-295d858ed297,Session lockout,"Session Workflow, Takes & Documentation",null,plain_english;purpose_function;practical_application;category;related_terms;common_mistakes;scenario_contexts,(pending)
2ab6df39-1c44-4565-8de5-8af2ea666cb8,Session merge,"Session Workflow, Takes & Documentation",null,plain_english;purpose_function;practical_application;category;related_terms;common_mistakes;scenario_contexts,(pending)
1af6d8f2-e8f1-4f26-b557-21a3021a29e6,Technical approval session,"Session Workflow, Takes & Documentation",null,plain_english;purpose_function;practical_application;category;related_terms;common_mistakes;scenario_contexts,(pending)
7a90b013-3f49-4b48-836d-6cf9664dff86,Temporary control room,"Session Workflow, Takes & Documentation",null,plain_english;purpose_function;practical_application;category;related_terms;common_mistakes;scenario_contexts,(pending)
0348eb09-204f-4470-8f71-382bdb269c6f,Touring recording system,"Session Workflow, Takes & Documentation",null,plain_english;purpose_function;practical_application;category;related_terms;common_mistakes;scenario_contexts,(pending)
5af15700-19ce-47fd-8ba4-80ffafb15b99,Age matching,SFX Editorial & Sound Design,null,plain_english;purpose_function;practical_application;category;related_terms;common_mistakes;scenario_contexts,(pending)
46e3c0c9-2f63-4705-9ada-c83e60740272,Braam,SFX Editorial & Sound Design,null,plain_english;purpose_function;practical_application;category;related_terms;common_mistakes;scenario_contexts,(pending)
bd68b7e8-9d5a-4eb7-a490-d25ca8028d3e,Downer effect,SFX Editorial & Sound Design,null,plain_english;purpose_function;practical_application;category;related_terms;common_mistakes;scenario_contexts,(pending)
284d8827-1adf-4c82-b114-1c11c31767f4,Emotional performance,SFX Editorial & Sound Design,null,plain_english;purpose_function;practical_application;category;related_terms;common_mistakes;scenario_contexts,(pending)
5f144024-9020-446d-a810-29960e244cf8,Finger tap,SFX Editorial & Sound Design,null,plain_english;purpose_function;practical_application;category;related_terms;common_mistakes;scenario_contexts,(pending)
55c449a5-d563-4c67-b3d6-fad7bb2d4490,Button,"Show Control, Cueing & Communications",null,plain_english;purpose_function;practical_application;category;related_terms;common_mistakes;scenario_contexts,(pending)
cea9b806-570b-4f33-84d1-fd5f3f8fd1a4,Clear the cue,"Show Control, Cueing & Communications",null,plain_english;purpose_function;practical_application;category;related_terms;common_mistakes;scenario_contexts,(pending)
a3d1d069-3670-4171-b7ee-ac99929a0c32,Clear to patch,"Show Control, Cueing & Communications",null,plain_english;purpose_function;practical_application;category;related_terms;common_mistakes;scenario_contexts,(pending)
aef33f27-6774-4915-b243-b54adf5c8718,Clear to power,"Show Control, Cueing & Communications",null,plain_english;purpose_function;practical_application;category;related_terms;common_mistakes;scenario_contexts,(pending)
6634089e-d2b0-43f0-917b-8b0fc3cfd2f7,Clear to power up,"Show Control, Cueing & Communications",null,plain_english;purpose_function;practical_application;category;related_terms;common_mistakes;scenario_contexts,(pending)
90b7cf7c-2f81-44b0-9e0b-316179f83103,Clear to test,"Show Control, Cueing & Communications",null,plain_english;purpose_function;practical_application;category;related_terms;common_mistakes;scenario_contexts,(pending)
ea23dbf6-c31f-44b0-8a44-313e9273d539,Clear to unmute,"Show Control, Cueing & Communications",null,plain_english;purpose_function;practical_application;category;related_terms;common_mistakes;scenario_contexts,(pending)
3d125330-0ead-4f3f-b065-7f2b1b3148c6,Coming down,"Show Control, Cueing & Communications",null,plain_english;purpose_function;practical_application;category;related_terms;common_mistakes;scenario_contexts,(pending)
8d0cf8a8-ca1c-43cb-956c-7dcc0354d652,Coming through,"Show Control, Cueing & Communications",null,plain_english;purpose_function;practical_application;category;related_terms;common_mistakes;scenario_contexts,(pending)
c8dbee32-e78b-456e-9cb8-087d3f76e497,Overnight hold,"Show Control, Cueing & Communications",null,plain_english;purpose_function;practical_application;category;related_terms;common_mistakes;scenario_contexts,(pending)
514ab632-ad65-43d4-b862-32fb2bf32bb6,Post-show hold,"Show Control, Cueing & Communications",null,plain_english;purpose_function;practical_application;category;related_terms;common_mistakes;scenario_contexts,(pending)
be86fdc4-0d23-433c-8cc0-b5329a9c9657,Shout line,"Show Control, Cueing & Communications",null,plain_english;purpose_function;practical_application;category;related_terms;common_mistakes;scenario_contexts,(pending)
45ca3318-496e-4545-9652-6dd68679a3b7,Show call,"Show Control, Cueing & Communications",null,plain_english;purpose_function;practical_application;category;related_terms;common_mistakes;scenario_contexts,(pending)
c0c02b98-6c26-4d34-aeb1-203a8a82c7ee,Watch your feet,"Show Control, Cueing & Communications",null,plain_english;purpose_function;practical_application;category;related_terms;common_mistakes;scenario_contexts,(pending)
3e746b3e-a395-4cd9-aef6-b85f684ccaca,Weight is off,"Show Control, Cueing & Communications",null,plain_english;purpose_function;practical_application;category;related_terms;common_mistakes;scenario_contexts,(pending)
d0a14866-198c-4c92-a7d6-43f555497547,You have it,"Show Control, Cueing & Communications",null,plain_english;purpose_function;practical_application;category;related_terms;common_mistakes;scenario_contexts,(pending)
752f91f9-9b90-4732-8be9-cafc38935cbb,Accessory Movement,Sound for Picture — Post Workflow & Deliverables,null,plain_english;purpose_function;practical_application;category;related_terms;common_mistakes;scenario_contexts,(pending)
40f9fcb0-a4c9-4768-94c6-a390de6b0656,Armor Movement,Sound for Picture — Post Workflow & Deliverables,null,plain_english;purpose_function;practical_application;category;related_terms;common_mistakes;scenario_contexts,(pending)
f7514a0f-cf5a-463e-9595-086efc09fdc3,Body Drag,Sound for Picture — Post Workflow & Deliverables,null,plain_english;purpose_function;practical_application;category;related_terms;common_mistakes;scenario_contexts,(pending)
08be5a1a-bf94-4c41-820a-76ca615ec30d,Body Drop,Sound for Picture — Post Workflow & Deliverables,null,plain_english;purpose_function;practical_application;category;related_terms;common_mistakes;scenario_contexts,(pending)
484faad5-9fdd-4133-8c7b-9d14dc0f2d88,Body Roll,Sound for Picture — Post Workflow & Deliverables,null,plain_english;purpose_function;practical_application;category;related_terms;common_mistakes;scenario_contexts,(pending)
c47740cb-604c-4bff-bafd-dc57a32f60dc,Body Shift,Sound for Picture — Post Workflow & Deliverables,null,plain_english;purpose_function;practical_application;category;related_terms;common_mistakes;scenario_contexts,(pending)
ef5e2274-e606-40c5-98c4-aaa1b3f820a8,Body Slide,Sound for Picture — Post Workflow & Deliverables,null,plain_english;purpose_function;practical_application;category;related_terms;common_mistakes;scenario_contexts,(pending)
f05ad5e5-d457-4963-ae75-2a1a29e4cb9e,Boot Creak,Sound for Picture — Post Workflow & Deliverables,null,plain_english;purpose_function;practical_application;category;related_terms;common_mistakes;scenario_contexts,(pending)
0b211d9c-1d27-4871-9b72-8d1e949dece0,Boot Footstep,Sound for Picture — Post Workflow & Deliverables,null,plain_english;purpose_function;practical_application;category;related_terms;common_mistakes;scenario_contexts,(pending)
308bbbff-811a-4e80-85dc-d685a11963ed,Bubble windscreen,Sound for Picture — Post Workflow & Deliverables,null,plain_english;purpose_function;practical_application;category;related_terms;common_mistakes;scenario_contexts,(pending)
d4027cf8-6a1d-4459-adb6-5fbcc435c084,Cadence Matching,Sound for Picture — Post Workflow & Deliverables,null,plain_english;purpose_function;practical_application;category;related_terms;common_mistakes;scenario_contexts,(pending)
1a502116-88db-42d8-a905-677a2a4220ff,Character Matching,Sound for Picture — Post Workflow & Deliverables,null,plain_english;purpose_function;practical_application;category;related_terms;common_mistakes;scenario_contexts,(pending)
9a853778-64f0-49f1-8254-a5f56ebc4db7,Character Pass,Sound for Picture — Post Workflow & Deliverables,null,plain_english;purpose_function;practical_application;category;related_terms;common_mistakes;scenario_contexts,(pending)
ee45b53a-4e63-4081-8252-f2086615c2e0,Cloth Pass,Sound for Picture — Post Workflow & Deliverables,null,plain_english;purpose_function;practical_application;category;related_terms;common_mistakes;scenario_contexts,(pending)
1fd62fea-d752-4e3d-9b82-bda7d4945031,Cloth Settle,Sound for Picture — Post Workflow & Deliverables,null,plain_english;purpose_function;practical_application;category;related_terms;common_mistakes;scenario_contexts,(pending)
f61fa647-793b-41d7-897e-eacdc3636d4c,Cloth Tension,Sound for Picture — Post Workflow & Deliverables,null,plain_english;purpose_function;practical_application;category;related_terms;common_mistakes;scenario_contexts,(pending)
d80a7347-8218-4830-bff0-34c735904670,Clothing Movement,Sound for Picture — Post Workflow & Deliverables,null,plain_english;purpose_function;practical_application;category;related_terms;common_mistakes;scenario_contexts,(pending)
0940c0a4-14e1-467b-a900-09e4fe103a57,Coat Movement,Sound for Picture — Post Workflow & Deliverables,null,plain_english;purpose_function;practical_application;category;related_terms;common_mistakes;scenario_contexts,(pending)
0afbf0e8-4935-47f6-809d-9b96f65248a2,Contact Detail,Sound for Picture — Post Workflow & Deliverables,null,plain_english;purpose_function;practical_application;category;related_terms;common_mistakes;scenario_contexts,(pending)
bad1812e-be0f-46b5-ba31-295b1d4eb1c9,Controlled Effects Recording,Sound for Picture — Post Workflow & Deliverables,null,plain_english;purpose_function;practical_application;category;related_terms;common_mistakes;scenario_contexts,(pending)
e9c739de-85ec-43bd-b09b-0e36c862ec00,Costume Movement,Sound for Picture — Post Workflow & Deliverables,null,plain_english;purpose_function;practical_application;category;related_terms;common_mistakes;scenario_contexts,(pending)
f62e70d3-a9fc-4510-9283-94e15bc6b681,Cut Effect,Sound for Picture — Post Workflow & Deliverables,null,plain_english;purpose_function;practical_application;category;related_terms;common_mistakes;scenario_contexts,(pending)
151135e3-6533-4ea1-8c33-ee0df9ef3f47,Cut-to-Cut Matching,Sound for Picture — Post Workflow & Deliverables,null,plain_english;purpose_function;practical_application;category;related_terms;common_mistakes;scenario_contexts,(pending)
00d076f4-b6e5-4a7c-bb09-444fdadbfeb5,Effect Head Extension,Sound for Picture — Post Workflow & Deliverables,null,plain_english;purpose_function;practical_application;category;related_terms;common_mistakes;scenario_contexts,(pending)
5adb7f59-88b9-4dd5-909a-6d7e39a436f2,Effect Sync Point,Sound for Picture — Post Workflow & Deliverables,null,plain_english;purpose_function;practical_application;category;related_terms;common_mistakes;scenario_contexts,(pending)
4a7cf575-0d2d-47a2-a46f-0abd9794e0a6,Effect Tail Extension,Sound for Picture — Post Workflow & Deliverables,null,plain_english;purpose_function;practical_application;category;related_terms;common_mistakes;scenario_contexts,(pending)
adfcd7cd-e408-4591-8e14-4c599bc04977,Effects Continuity,Sound for Picture — Post Workflow & Deliverables,null,plain_english;purpose_function;practical_application;category;related_terms;common_mistakes;scenario_contexts,(pending)
c505eed0-55b8-49d2-8b90-d02d9f3e3a68,Elbow Contact,Sound for Picture — Post Workflow & Deliverables,null,plain_english;purpose_function;practical_application;category;related_terms;common_mistakes;scenario_contexts,(pending)
d2a7f4cf-a555-4bd2-8326-1bac7f1a64dc,Fabric Flap,Sound for Picture — Post Workflow & Deliverables,null,plain_english;purpose_function;practical_application;category;related_terms;common_mistakes;scenario_contexts,(pending)
6d519d6d-2b39-4662-b732-7b6761a42ee0,Fabric Friction,Sound for Picture — Post Workflow & Deliverables,null,plain_english;purpose_function;practical_application;category;related_terms;common_mistakes;scenario_contexts,(pending)
f83af796-1cb3-47a1-8504-63f54bab7c37,Fabric Snap,Sound for Picture — Post Workflow & Deliverables,null,plain_english;purpose_function;practical_application;category;related_terms;common_mistakes;scenario_contexts,(pending)
0af17b9a-4481-4dd2-b477-8d8a456406b9,Fabric Swish,Sound for Picture — Post Workflow & Deliverables,null,plain_english;purpose_function;practical_application;category;related_terms;common_mistakes;scenario_contexts,(pending)
b132b707-052f-4fe1-991b-e59d4503633d,Feet Pass,Sound for Picture — Post Workflow & Deliverables,null,plain_english;purpose_function;practical_application;category;related_terms;common_mistakes;scenario_contexts,(pending)
5e1d98dc-aad2-460e-a448-4361fe2e31af,Foot Drag,Sound for Picture — Post Workflow & Deliverables,null,plain_english;purpose_function;practical_application;category;related_terms;common_mistakes;scenario_contexts,(pending)
fd2d57de-267d-4fa4-93c8-70a488a7ae63,Foot Roll,Sound for Picture — Post Workflow & Deliverables,null,plain_english;purpose_function;practical_application;category;related_terms;common_mistakes;scenario_contexts,(pending)
8c84f459-6fbc-49b0-951c-e65565c61b55,Foot Scuff,Sound for Picture — Post Workflow & Deliverables,null,plain_english;purpose_function;practical_application;category;related_terms;common_mistakes;scenario_contexts,(pending)
6b21ef78-f1d2-4921-a252-679091393ce3,Foot Shuffle,Sound for Picture — Post Workflow & Deliverables,null,plain_english;purpose_function;practical_application;category;related_terms;common_mistakes;scenario_contexts,(pending)
46170948-1c2e-4141-91e7-39037b373fd1,Footstep Body,Sound for Picture — Post Workflow & Deliverables,null,plain_english;purpose_function;practical_application;category;related_terms;common_mistakes;scenario_contexts,(pending)
41b89ff4-0f12-4188-856b-f336eaabb50f,Footstep Tail,Sound for Picture — Post Workflow & Deliverables,null,plain_english;purpose_function;practical_application;category;related_terms;common_mistakes;scenario_contexts,(pending)
41fe2b23-3c0b-4f31-989b-0bc08fcfb4d8,Footstep Transient,Sound for Picture — Post Workflow & Deliverables,null,plain_english;purpose_function;practical_application;category;related_terms;common_mistakes;scenario_contexts,(pending)
409e0ef0-12b7-4577-a7f2-dc35734ba3a8,Footwear Break-In,Sound for Picture — Post Workflow & Deliverables,null,plain_english;purpose_function;practical_application;category;related_terms;common_mistakes;scenario_contexts,(pending)
7c75417d-5d49-4d08-8adc-28ccb0e43c76,Footwear Match,Sound for Picture — Post Workflow & Deliverables,null,plain_english;purpose_function;practical_application;category;related_terms;common_mistakes;scenario_contexts,(pending)
a9b0695c-acf1-48ff-9949-df21c4edf13e,Found Prop,Sound for Picture — Post Workflow & Deliverables,null,plain_english;purpose_function;practical_application;category;related_terms;common_mistakes;scenario_contexts,(pending)
bf63c5e9-6320-4e06-be04-ed8f30a29f26,Gait Matching,Sound for Picture — Post Workflow & Deliverables,null,plain_english;purpose_function;practical_application;category;related_terms;common_mistakes;scenario_contexts,(pending)
da1609c3-a761-4f41-8a53-cbb909095c9a,Garment Rustle,Sound for Picture — Post Workflow & Deliverables,null,plain_english;purpose_function;practical_application;category;related_terms;common_mistakes;scenario_contexts,(pending)
1449af56-373f-49a9-967b-38453340e698,Gear Movement,Sound for Picture — Post Workflow & Deliverables,null,plain_english;purpose_function;practical_application;category;related_terms;common_mistakes;scenario_contexts,(pending)
416122c8-31bb-41c0-9ea0-662c9b9f56c4,Grip Sound,Sound for Picture — Post Workflow & Deliverables,null,plain_english;purpose_function;practical_application;category;related_terms;common_mistakes;scenario_contexts,(pending)
8b59c317-8733-4472-aa14-d32157c9710f,Hand Plant,Sound for Picture — Post Workflow & Deliverables,null,plain_english;purpose_function;practical_application;category;related_terms;common_mistakes;scenario_contexts,(pending)
6bf0cb52-ed4e-4ac6-864d-7d017ddd6881,Hand Prop,Sound for Picture — Post Workflow & Deliverables,null,plain_english;purpose_function;practical_application;category;related_terms;common_mistakes;scenario_contexts,(pending)
82e86473-ec76-4dc8-be7d-4c3fc6cbc608,Handling Detail,Sound for Picture — Post Workflow & Deliverables,null,plain_english;purpose_function;practical_application;category;related_terms;common_mistakes;scenario_contexts,(pending)
1e08886e-a5a1-43ae-afc9-c87277a9a074,Hard-Sole Footstep,Sound for Picture — Post Workflow & Deliverables,null,plain_english;purpose_function;practical_application;category;related_terms;common_mistakes;scenario_contexts,(pending)
b5ea167c-8819-41c2-9a66-744a2374b3dd,Heel Click,Sound for Picture — Post Workflow & Deliverables,null,plain_english;purpose_function;practical_application;category;related_terms;common_mistakes;scenario_contexts,(pending)
b1310325-a890-4a1a-a19f-b20853747740,Heel-Toe Articulation,Sound for Picture — Post Workflow & Deliverables,null,plain_english;purpose_function;practical_application;category;related_terms;common_mistakes;scenario_contexts,(pending)
2e4aebfd-9988-4d91-83f0-4009c647c2be,Hero Prop,Sound for Picture — Post Workflow & Deliverables,null,plain_english;purpose_function;practical_application;category;related_terms;common_mistakes;scenario_contexts,(pending)
eb28a26e-3b4b-425e-9231-6c070dfa898c,High-Heel Footstep,Sound for Picture — Post Workflow & Deliverables,null,plain_english;purpose_function;practical_application;category;related_terms;common_mistakes;scenario_contexts,(pending)
08fdbed5-3ae4-43ad-9fcb-7f3aeeb733fd,Knee Contact,Sound for Picture — Post Workflow & Deliverables,null,plain_english;purpose_function;practical_application;category;related_terms;common_mistakes;scenario_contexts,(pending)
1590d193-2ead-461e-a86e-f9708dc3bc73,Leather Movement,Sound for Picture — Post Workflow & Deliverables,null,plain_english;purpose_function;practical_application;category;related_terms;common_mistakes;scenario_contexts,(pending)
b27ab85f-2655-4405-850c-8349d80ea8eb,Leather-Sole Footstep,Sound for Picture — Post Workflow & Deliverables,null,plain_english;purpose_function;practical_application;category;related_terms;common_mistakes;scenario_contexts,(pending)
80613518-51ab-49f1-aa00-6a64ead63c38,Limp Performance,Sound for Picture — Post Workflow & Deliverables,null,plain_english;purpose_function;practical_application;category;related_terms;common_mistakes;scenario_contexts,(pending)
c35fa63d-4400-451b-ab23-defa1357eecc,Material Character,Sound for Picture — Post Workflow & Deliverables,null,plain_english;purpose_function;practical_application;category;related_terms;common_mistakes;scenario_contexts,(pending)
89978941-b9be-4960-ae9c-e9f30cbb6176,Material Substitution,Sound for Picture — Post Workflow & Deliverables,null,plain_english;purpose_function;practical_application;category;related_terms;common_mistakes;scenario_contexts,(pending)
9f37aa5a-391c-4025-ad53-fc3cdb3fc84b,Moves Pass,Sound for Picture — Post Workflow & Deliverables,null,plain_english;purpose_function;practical_application;category;related_terms;common_mistakes;scenario_contexts,(pending)
d3f815bf-2ba3-4b30-8e7f-c727f57f31e5,Moves Track,Sound for Picture — Post Workflow & Deliverables,null,plain_english;purpose_function;practical_application;category;related_terms;common_mistakes;scenario_contexts,(pending)
63977e41-809b-44d3-9a65-53d44a0cc2b9,Music pass,Sound for Picture — Post Workflow & Deliverables,null,plain_english;purpose_function;practical_application;category;related_terms;common_mistakes;scenario_contexts,(pending)
02cbf28b-0ccf-4f48-8224-bc4a5d8a5eea,Object Weight Illusion,Sound for Picture — Post Workflow & Deliverables,null,plain_english;purpose_function;practical_application;category;related_terms;common_mistakes;scenario_contexts,(pending)
b536a1b0-1fc6-4f1c-b26d-6c0f701f1b34,Palm Contact,Sound for Picture — Post Workflow & Deliverables,null,plain_english;purpose_function;practical_application;category;related_terms;common_mistakes;scenario_contexts,(pending)
bc891edf-059b-49a5-a5cd-d3643f180006,Performance Anticipation,Sound for Picture — Post Workflow & Deliverables,null,plain_english;purpose_function;practical_application;category;related_terms;common_mistakes;scenario_contexts,(pending)
e040e932-107b-4f9d-89e6-8928612e7005,Performance Follow-Through,Sound for Picture — Post Workflow & Deliverables,null,plain_english;purpose_function;practical_application;category;related_terms;common_mistakes;scenario_contexts,(pending)
9b51692d-ef53-466e-ad6e-e5b7333ffce5,Performance Matching,Sound for Picture — Post Workflow & Deliverables,null,plain_english;purpose_function;practical_application;category;related_terms;common_mistakes;scenario_contexts,(pending)
2ee9f92c-6e43-4863-bedf-93a17e32b788,Pickup mix,Sound for Picture — Post Workflow & Deliverables,null,plain_english;purpose_function;practical_application;category;related_terms;common_mistakes;scenario_contexts,(pending)
032673e6-da5b-4d20-aa55-5e0973a6b009,Pickup Take,Sound for Picture — Post Workflow & Deliverables,null,plain_english;purpose_function;practical_application;category;related_terms;common_mistakes;scenario_contexts,(pending)
686cc038-33b8-45f7-a334-e7c75fb7c870,Pivot Step,Sound for Picture — Post Workflow & Deliverables,null,plain_english;purpose_function;practical_application;category;related_terms;common_mistakes;scenario_contexts,(pending)
aeb6cc87-d025-40ff-a928-44e8cf7a485b,Plant Step,Sound for Picture — Post Workflow & Deliverables,null,plain_english;purpose_function;practical_application;category;related_terms;common_mistakes;scenario_contexts,(pending)
05896660-ecec-466a-8b7e-70842d0aadd0,Production Effect,Sound for Picture — Post Workflow & Deliverables,null,plain_english;purpose_function;practical_application;category;related_terms;common_mistakes;scenario_contexts,(pending)
28f4960e-e422-427e-8f88-7461cc1c6fec,Projection playback,Sound for Picture — Post Workflow & Deliverables,null,plain_english;purpose_function;practical_application;category;related_terms;common_mistakes;scenario_contexts,(pending)
71fe3833-6972-44c6-82ef-e874cc004581,Prop Combination,Sound for Picture — Post Workflow & Deliverables,null,plain_english;purpose_function;practical_application;category;related_terms;common_mistakes;scenario_contexts,(pending)
b30d566e-7551-44ae-8687-bf1a49d0c325,Prop Creak,Sound for Picture — Post Workflow & Deliverables,null,plain_english;purpose_function;practical_application;category;related_terms;common_mistakes;scenario_contexts,(pending)
fcd6b834-46c9-49b3-9289-cd69d1dfad8a,Prop Drop,Sound for Picture — Post Workflow & Deliverables,null,plain_english;purpose_function;practical_application;category;related_terms;common_mistakes;scenario_contexts,(pending)
5e760f5d-5217-462b-a2a7-2a10d98515a1,Prop Handling,Sound for Picture — Post Workflow & Deliverables,null,plain_english;purpose_function;practical_application;category;related_terms;common_mistakes;scenario_contexts,(pending)
9553d142-7a3b-40ae-ae65-44b0b149cf95,Prop Mechanism,Sound for Picture — Post Workflow & Deliverables,null,plain_english;purpose_function;practical_application;category;related_terms;common_mistakes;scenario_contexts,(pending)
da531f45-5307-4af7-af0e-fbf8d080f596,Prop Modification,Sound for Picture — Post Workflow & Deliverables,null,plain_english;purpose_function;practical_application;category;related_terms;common_mistakes;scenario_contexts,(pending)
93468c5e-4958-4291-b6b8-7944e42fbf6e,Prop Pickup,Sound for Picture — Post Workflow & Deliverables,null,plain_english;purpose_function;practical_application;category;related_terms;common_mistakes;scenario_contexts,(pending)
8278bdca-1973-4159-8571-08fa6d04bf02,Prop Rattle,Sound for Picture — Post Workflow & Deliverables,null,plain_english;purpose_function;practical_application;category;related_terms;common_mistakes;scenario_contexts,(pending)
2507fa87-70d8-4146-be83-59ba5ae2cb2f,Prop Resonance,Sound for Picture — Post Workflow & Deliverables,null,plain_english;purpose_function;practical_application;category;related_terms;common_mistakes;scenario_contexts,(pending)
6c2016ad-0031-420e-8222-0da1de09b52b,Prop Roll,Sound for Picture — Post Workflow & Deliverables,null,plain_english;purpose_function;practical_application;category;related_terms;common_mistakes;scenario_contexts,(pending)
f02992d0-629d-42d9-924d-5bc4d7125ec4,Prop Scrape,Sound for Picture — Post Workflow & Deliverables,null,plain_english;purpose_function;practical_application;category;related_terms;common_mistakes;scenario_contexts,(pending)
d3d52cc1-353c-4070-b253-21c9fad5b58e,Prop Set-Down,Sound for Picture — Post Workflow & Deliverables,null,plain_english;purpose_function;practical_application;category;related_terms;common_mistakes;scenario_contexts,(pending)
c0a214bb-2a4d-4466-bd02-65fe9cde631a,Prop Slide,Sound for Picture — Post Workflow & Deliverables,null,plain_english;purpose_function;practical_application;category;related_terms;common_mistakes;scenario_contexts,(pending)
10fe58f7-2f91-47b9-8ac2-6f152814bd8c,Prop Squeak,Sound for Picture — Post Workflow & Deliverables,null,plain_english;purpose_function;practical_application;category;related_terms;common_mistakes;scenario_contexts,(pending)
6d25f18d-c1b0-448a-8e24-ca5c34641bb0,Prop Substitution,Sound for Picture — Post Workflow & Deliverables,null,plain_english;purpose_function;practical_application;category;related_terms;common_mistakes;scenario_contexts,(pending)
ab72e0d5-b73a-4463-a670-840174d89fed,Props Pass,Sound for Picture — Post Workflow & Deliverables,null,plain_english;purpose_function;practical_application;category;related_terms;common_mistakes;scenario_contexts,(pending)
4458b541-b1bc-4787-a635-e11ad088115e,Punch pass,Sound for Picture — Post Workflow & Deliverables,null,plain_english;purpose_function;practical_application;category;related_terms;common_mistakes;scenario_contexts,(pending)
fa4985f7-1ac4-4793-ac07-894ca2ea1c6d,Release Sound,Sound for Picture — Post Workflow & Deliverables,null,plain_english;purpose_function;practical_application;category;related_terms;common_mistakes;scenario_contexts,(pending)
36d76b2d-de31-4ac8-a730-4b91f1d2fe0a,Rubber-Sole Footstep,Sound for Picture — Post Workflow & Deliverables,null,plain_english;purpose_function;practical_application;category;related_terms;common_mistakes;scenario_contexts,(pending)
4a55eb4f-20a7-415f-89bd-844c99f9129f,Run-Out,Sound for Picture — Post Workflow & Deliverables,null,plain_english;purpose_function;practical_application;category;related_terms;common_mistakes;scenario_contexts,(pending)
c1b18e82-52e0-4766-ac22-8907731ec943,Run-Up,Sound for Picture — Post Workflow & Deliverables,null,plain_english;purpose_function;practical_application;category;related_terms;common_mistakes;scenario_contexts,(pending)
e102d833-ee86-4fa7-abbe-68bac9125914,Sandal Footstep,Sound for Picture — Post Workflow & Deliverables,null,plain_english;purpose_function;practical_application;category;related_terms;common_mistakes;scenario_contexts,(pending)
92918194-0d97-4f7d-91ad-b8b8c8ccbf60,Scene Pass,Sound for Picture — Post Workflow & Deliverables,null,plain_english;purpose_function;practical_application;category;related_terms;common_mistakes;scenario_contexts,(pending)
faaa3c43-75db-4e6a-b083-2b8876c29208,Seat Movement,Sound for Picture — Post Workflow & Deliverables,null,plain_english;purpose_function;practical_application;category;related_terms;common_mistakes;scenario_contexts,(pending)
bf48f81b-7be7-45b5-936e-de9083dbc8a4,Shoe Modification,Sound for Picture — Post Workflow & Deliverables,null,plain_english;purpose_function;practical_application;category;related_terms;common_mistakes;scenario_contexts,(pending)
1cbe9d9c-13ab-4273-b710-a8fcf4e3b33b,Shoe Prop,Sound for Picture — Post Workflow & Deliverables,null,plain_english;purpose_function;practical_application;category;related_terms;common_mistakes;scenario_contexts,(pending)
f89de706-dc24-452b-8886-7a56f3ac66a0,Shoe Squeak,Sound for Picture — Post Workflow & Deliverables,null,plain_english;purpose_function;practical_application;category;related_terms;common_mistakes;scenario_contexts,(pending)
c8856124-3d13-4dd0-aa38-57479080e515,Skin Contact,Sound for Picture — Post Workflow & Deliverables,null,plain_english;purpose_function;practical_application;category;related_terms;common_mistakes;scenario_contexts,(pending)
ec147dc8-85ae-49ba-b83f-3c23a344c939,Sleeve Movement,Sound for Picture — Post Workflow & Deliverables,null,plain_english;purpose_function;practical_application;category;related_terms;common_mistakes;scenario_contexts,(pending)
72d8d9e0-cb32-4700-8d23-e54c3f98fc3e,Slipper Footstep,Sound for Picture — Post Workflow & Deliverables,null,plain_english;purpose_function;practical_application;category;related_terms;common_mistakes;scenario_contexts,(pending)
77e7a206-8990-44d2-9aab-b3304119d330,Sneak Step,Sound for Picture — Post Workflow & Deliverables,null,plain_english;purpose_function;practical_application;category;related_terms;common_mistakes;scenario_contexts,(pending)
fb260d42-4e58-408f-b909-1fe919838ffd,Sock Footstep,Sound for Picture — Post Workflow & Deliverables,null,plain_english;purpose_function;practical_application;category;related_terms;common_mistakes;scenario_contexts,(pending)
11b4b922-7340-48f6-bc21-94f8111692ce,Soft-Sole Footstep,Sound for Picture — Post Workflow & Deliverables,null,plain_english;purpose_function;practical_application;category;related_terms;common_mistakes;scenario_contexts,(pending)
a0a70bd1-cbec-4ab9-a193-0eaa76736580,Sole Slap,Sound for Picture — Post Workflow & Deliverables,null,plain_english;purpose_function;practical_application;category;related_terms;common_mistakes;scenario_contexts,(pending)
5cc35b67-b788-4880-ad90-1f1e355ff390,Sound Carryover,Sound for Picture — Post Workflow & Deliverables,null,plain_english;purpose_function;practical_application;category;related_terms;common_mistakes;scenario_contexts,(pending)
a2841d0c-bc6c-4d1c-9592-bd9e52b7bb4f,Sound-Effects Cut,Sound for Picture — Post Workflow & Deliverables,null,plain_english;purpose_function;practical_application;category;related_terms;common_mistakes;scenario_contexts,(pending)
8c121088-9fc6-4a75-b921-5de618eb4117,Stagger Step,Sound for Picture — Post Workflow & Deliverables,null,plain_english;purpose_function;practical_application;category;related_terms;common_mistakes;scenario_contexts,(pending)
bf6557dd-85db-4296-998b-29450ff51074,Stride Matching,Sound for Picture — Post Workflow & Deliverables,null,plain_english;purpose_function;practical_application;category;related_terms;common_mistakes;scenario_contexts,(pending)
dec87c29-4d7a-4cb7-8498-f79b09a6b8ef,Surface Match,Sound for Picture — Post Workflow & Deliverables,null,plain_english;purpose_function;practical_application;category;related_terms;common_mistakes;scenario_contexts,(pending)
3d74770e-dcf9-4a5a-9f6d-0ade00f59c48,Surface Resonance,Sound for Picture — Post Workflow & Deliverables,null,plain_english;purpose_function;practical_application;category;related_terms;common_mistakes;scenario_contexts,(pending)
1a9f2ff8-556b-4206-9dd1-f6474b59c194,Surface Scatter,Sound for Picture — Post Workflow & Deliverables,null,plain_english;purpose_function;practical_application;category;related_terms;common_mistakes;scenario_contexts,(pending)
3b8fb270-59df-40e5-9669-849cb97234fa,Surface Substitution,Sound for Picture — Post Workflow & Deliverables,null,plain_english;purpose_function;practical_application;category;related_terms;common_mistakes;scenario_contexts,(pending)
c0ca4db2-d8e9-4741-b4a9-ed9f0f9fc8fb,Surface Texture,Sound for Picture — Post Workflow & Deliverables,null,plain_english;purpose_function;practical_application;category;related_terms;common_mistakes;scenario_contexts,(pending)
50788049-1285-45b8-8913-b747d65b874c,Sync Transient,Sound for Picture — Post Workflow & Deliverables,null,plain_english;purpose_function;practical_application;category;related_terms;common_mistakes;scenario_contexts,(pending)
d7091cce-d366-48ed-b25d-8e6cb8048063,Toe-Heel Articulation,Sound for Picture — Post Workflow & Deliverables,null,plain_english;purpose_function;practical_application;category;related_terms;common_mistakes;scenario_contexts,(pending)
dfcb87aa-6dde-430a-bc1c-8f94d49ca532,Transport lock,Sound for Picture — Post Workflow & Deliverables,null,plain_english;purpose_function;practical_application;category;related_terms;common_mistakes;scenario_contexts,(pending)
0ab8e3f3-a631-470e-9e6d-0c4ed3e316b7,Trouser Movement,Sound for Picture — Post Workflow & Deliverables,null,plain_english;purpose_function;practical_application;category;related_terms;common_mistakes;scenario_contexts,(pending)
4b511762-c144-48e7-9fd2-1561c5ddffaf,Weight Matching,Sound for Picture — Post Workflow & Deliverables,null,plain_english;purpose_function;practical_application;category;related_terms;common_mistakes;scenario_contexts,(pending)
c3d5fc0e-9fa5-4391-8403-13a2c38c3e6f,Weight Shift,Sound for Picture — Post Workflow & Deliverables,null,plain_english;purpose_function;practical_application;category;related_terms;common_mistakes;scenario_contexts,(pending)
57bad379-c459-4a23-a8bc-0757506ebce0,C-stage,Stage Geography & Backstage,null,plain_english;purpose_function;practical_application;category;related_terms;common_mistakes;scenario_contexts,(pending)
9f5dcef8-0c34-4236-b33d-b7a7f8804930,Acoustic equipment closet,Studio & Facility Design,null,plain_english;purpose_function;practical_application;category;related_terms;common_mistakes;scenario_contexts,(pending)
15432b00-c7e8-448c-804f-27778ca7070f,rubbery,Synthesis Fundamentals & Oscillators,null,plain_english;purpose_function;practical_application;category;related_terms;common_mistakes;scenario_contexts,(pending)
4d24df74-7868-4c08-9ab5-d50a0776bd2b,Control-voltage recorder,"Synthesis Types, Modular & CV",null,plain_english;purpose_function;practical_application;category;related_terms;common_mistakes;scenario_contexts,(pending)
6ac53c22-da7b-41e5-8903-26d639d18eec,Negative gate,"Synthesis Types, Modular & CV",null,plain_english;purpose_function;practical_application;category;related_terms;common_mistakes;scenario_contexts,(pending)
f6ea5882-a8e7-4bdd-8a4e-f44d285554c3,Run signal,"Synthesis Types, Modular & CV",null,plain_english;purpose_function;practical_application;category;related_terms;common_mistakes;scenario_contexts,(pending)
7ebc76f2-3234-4a04-a299-81f8fbfb8ded,Bridge buzz,System & Live Troubleshooting Method,null,plain_english;purpose_function;practical_application;category;related_terms;common_mistakes;scenario_contexts,(pending)
0e58dbb1-6ba2-4e3b-b8e5-9bd357e4c80a,Creak,System & Live Troubleshooting Method,null,plain_english;purpose_function;practical_application;category;related_terms;common_mistakes;scenario_contexts,(pending)
7eb5456c-7c04-4884-95e0-bed302c5a5a3,Mute loop,System & Live Troubleshooting Method,null,plain_english;purpose_function;practical_application;category;related_terms;common_mistakes;scenario_contexts,(pending)
88ac4740-8743-4c67-ad63-def3682bdd75,swimming,System & Live Troubleshooting Method,null,plain_english;purpose_function;practical_application;category;related_terms;common_mistakes;scenario_contexts,(pending)
cf4ea502-6d29-4edb-abb7-2c219335d559,Takeoff,System & Live Troubleshooting Method,null,plain_english;purpose_function;practical_application;category;related_terms;common_mistakes;scenario_contexts,(pending)
07ea41a8-2705-4ddf-a0e5-a5c264153aae,Turnaround,System & Live Troubleshooting Method,null,plain_english;purpose_function;practical_application;category;related_terms;common_mistakes;scenario_contexts,(pending)
e75a6202-2906-465a-bc5e-80d63761cdea,Acoustic reference point,System Deployment & Rigging,null,plain_english;purpose_function;practical_application;category;related_terms;common_mistakes;scenario_contexts,(pending)
aaa848a9-5fa7-41d4-97a7-b991874b0258,Band Polarity,System Deployment & Rigging,null,plain_english;purpose_function;practical_application;category;related_terms;common_mistakes;scenario_contexts,(pending)
4a132df8-1a5b-43ab-a477-f3a73284b2a7,Bump,System Deployment & Rigging,null,plain_english;purpose_function;practical_application;category;related_terms;common_mistakes;scenario_contexts,(pending)
61dfdd55-592b-40a4-8a9b-8136e9404319,Drive line,System Deployment & Rigging,null,plain_english;purpose_function;practical_application;category;related_terms;common_mistakes;scenario_contexts,(pending)
3b0e2c7a-9837-467b-a4f9-62c1cd3bda19,Mute walk,System Deployment & Rigging,null,plain_english;purpose_function;practical_application;category;related_terms;common_mistakes;scenario_contexts,(pending)
f7beb51f-2ff6-49a0-ad93-e1e9ee50fabb,Pull back,System Deployment & Rigging,null,plain_english;purpose_function;practical_application;category;related_terms;common_mistakes;scenario_contexts,(pending)
104224b1-e41e-49b3-ac1e-be904e53949e,Push forward,System Deployment & Rigging,null,plain_english;purpose_function;practical_application;category;related_terms;common_mistakes;scenario_contexts,(pending)
752ead34-0996-4950-b6a6-c0f1de90b58e,Rattle hunt,System Deployment & Rigging,null,plain_english;purpose_function;practical_application;category;related_terms;common_mistakes;scenario_contexts,(pending)
1a959978-25fb-416d-a908-b4eb4ca81d7c,Costume-change handoff,Theatrical Sound (commercial card),null,plain_english;purpose_function;practical_application;category;related_terms;common_mistakes;scenario_contexts,(pending)
c7126633-7d64-451e-b8dc-bac3d4652d2b,Cue programmer,Theatrical Sound (commercial card),null,plain_english;purpose_function;practical_application;category;related_terms;common_mistakes;scenario_contexts,(pending)
ee75a7a1-bc30-4c05-9227-c47e2af4741f,Playback programmer,Theatrical Sound (commercial card),null,plain_english;purpose_function;practical_application;category;related_terms;common_mistakes;scenario_contexts,(pending)
e3c389b2-ed94-448c-82d2-ef01e1a39809,Redundant playback system,Theatrical Sound (commercial card),null,plain_english;purpose_function;practical_application;category;related_terms;common_mistakes;scenario_contexts,(pending)
ade90ffd-c7cc-4242-bccb-5de5e0c841fd,Scene tracking,Theatrical Sound (commercial card),null,plain_english;purpose_function;practical_application;category;related_terms;common_mistakes;scenario_contexts,(pending)
bcba8e5d-e004-4ffa-8923-1120b87876cf,Song pickup,Theatrical Sound (commercial card),null,plain_english;purpose_function;practical_application;category;related_terms;common_mistakes;scenario_contexts,(pending)
e205d706-e056-4800-b870-27781abacec0,Theater playback studio,Theatrical Sound (commercial card),null,plain_english;purpose_function;practical_application;category;related_terms;common_mistakes;scenario_contexts,(pending)
ce8d24a1-071f-4867-9224-a9667d5d0253,Theater sound studio,Theatrical Sound (commercial card),null,plain_english;purpose_function;practical_application;category;related_terms;common_mistakes;scenario_contexts,(pending)
845d47d9-859c-4580-ac36-6121d7d6bde5,Approach Effect,Themed Entertainment / Haunt Audio,null,plain_english;purpose_function;practical_application;category;related_terms;common_mistakes;scenario_contexts,(pending)
95ef31cd-feb0-45ff-9803-106b47aba157,Behind-You Effect,Themed Entertainment / Haunt Audio,null,plain_english;purpose_function;practical_application;category;related_terms;common_mistakes;scenario_contexts,(pending)
f6ebc0c0-0581-4b52-a4b1-19524c1009f6,Boo Cue,Themed Entertainment / Haunt Audio,null,plain_english;purpose_function;practical_application;category;related_terms;common_mistakes;scenario_contexts,(pending)
221ebe4f-7e9d-4f02-9048-9015271efbe4,Breathing Loop,Themed Entertainment / Haunt Audio,null,plain_english;purpose_function;practical_application;category;related_terms;common_mistakes;scenario_contexts,(pending)
3721a7dc-3e77-41a7-8bf0-5b2d254c95c5,Distributed Haunt Audio,Themed Entertainment / Haunt Audio,null,plain_english;purpose_function;practical_application;category;related_terms;common_mistakes;scenario_contexts,(pending)
4d63c02d-9348-4581-806c-5a8c4cb397d0,False Scare Cue,Themed Entertainment / Haunt Audio,null,plain_english;purpose_function;practical_application;category;related_terms;common_mistakes;scenario_contexts,(pending)
54d2f081-32aa-4e22-814b-112682ddd701,Floor-Level Audio Zone,Themed Entertainment / Haunt Audio,null,plain_english;purpose_function;practical_application;category;related_terms;common_mistakes;scenario_contexts,(pending)
b0b283d5-823c-4f88-bc9d-09fd3435fc8b,Footstep Chase Effect,Themed Entertainment / Haunt Audio,null,plain_english;purpose_function;practical_application;category;related_terms;common_mistakes;scenario_contexts,(pending)
e7ae6852-8c6d-496a-a7a4-d1168cfabbd3,Hidden Speaker Effect,Themed Entertainment / Haunt Audio,null,plain_english;purpose_function;practical_application;category;related_terms;common_mistakes;scenario_contexts,(pending)
8c1bc268-6a41-440a-861d-f20b51b08b28,Intercom Horror Cue,Themed Entertainment / Haunt Audio,null,plain_english;purpose_function;practical_application;category;related_terms;common_mistakes;scenario_contexts,(pending)
969134d7-1b8c-4356-ae26-395a43b29212,Localized Scare Speaker,Themed Entertainment / Haunt Audio,null,plain_english;purpose_function;practical_application;category;related_terms;common_mistakes;scenario_contexts,(pending)
a6f423d3-ec1a-4126-b53a-1e5178dacb4b,Lunge Cue,Themed Entertainment / Haunt Audio,null,plain_english;purpose_function;practical_application;category;related_terms;common_mistakes;scenario_contexts,(pending)
4de07de2-f148-45e7-be7e-7b9747a6cc6f,Moving Scare Sound,Themed Entertainment / Haunt Audio,null,plain_english;purpose_function;practical_application;category;related_terms;common_mistakes;scenario_contexts,(pending)
15b39e10-c5bc-4d53-a3d4-c95301dc62ed,Near-Ear Effect,Themed Entertainment / Haunt Audio,null,plain_english;purpose_function;practical_application;category;related_terms;common_mistakes;scenario_contexts,(pending)
df9258c0-b223-4993-a519-c0e34d65bfe6,Possessed-Voice Effect,Themed Entertainment / Haunt Audio,null,plain_english;purpose_function;practical_application;category;related_terms;common_mistakes;scenario_contexts,(pending)
bfb460c4-a6cd-4b34-b72e-80d0faf76e2e,Receding Effect,Themed Entertainment / Haunt Audio,null,plain_english;purpose_function;practical_application;category;related_terms;common_mistakes;scenario_contexts,(pending)
749f8018-827d-4876-aa72-dbb4dd30c590,Scare Audio Level Check,Themed Entertainment / Haunt Audio,null,plain_english;purpose_function;practical_application;category;related_terms;common_mistakes;scenario_contexts,(pending)
45292120-98c4-498f-b4e8-77d24ec2c711,Scare Cue,Themed Entertainment / Haunt Audio,null,plain_english;purpose_function;practical_application;category;related_terms;common_mistakes;scenario_contexts,(pending)
e54f7185-6acc-49c2-8419-50bdaeae128d,Scare Reset Time,Themed Entertainment / Haunt Audio,null,plain_english;purpose_function;practical_application;category;related_terms;common_mistakes;scenario_contexts,(pending)
2a696d02-9a26-4761-a08a-e2b75c745367,Scare Trigger Lockout,Themed Entertainment / Haunt Audio,null,plain_english;purpose_function;practical_application;category;related_terms;common_mistakes;scenario_contexts,(pending)
9617c868-f5e6-4707-b1dc-b64ecb885aeb,Scene Reset Audio,Themed Entertainment / Haunt Audio,null,plain_english;purpose_function;practical_application;category;related_terms;common_mistakes;scenario_contexts,(pending)
20e84177-307e-4f53-afca-9547de66d367,Scream Cue,Themed Entertainment / Haunt Audio,null,plain_english;purpose_function;practical_application;category;related_terms;common_mistakes;scenario_contexts,(pending)
da6929de-78a9-45c1-92ed-2af1ac3f018f,Whisper Loop,Themed Entertainment / Haunt Audio,null,plain_english;purpose_function;practical_application;category;related_terms;common_mistakes;scenario_contexts,(pending)
d5c564dd-08ba-4497-951e-ee4ba549c5b1,Principal position,Venue Architecture & Spaces,null,plain_english;purpose_function;practical_application;category;related_terms;common_mistakes;scenario_contexts,(pending)
984d8dd9-e18a-41f4-bda7-6e77629cd9a1,Platform Wash,Worship Sound (commercial card),null,plain_english;purpose_function;practical_application;category;related_terms;common_mistakes;scenario_contexts,(pending)
26bcc47a-1749-4e42-8004-9484c96d8f30,Tracks Operator,Worship Sound (commercial card),null,plain_english;purpose_function;practical_application;category;related_terms;common_mistakes;scenario_contexts,(pending)