term,topic
Audio surveillance,"Surveillance, Forensic & Covert Audio"
Covert audio,"Surveillance, Forensic & Covert Audio"
Covert recording,"Surveillance, Forensic & Covert Audio"
Covert listening,"Surveillance, Forensic & Covert Audio"
Covert microphone,"Surveillance, Forensic & Covert Audio"
Concealed microphone,"Surveillance, Forensic & Covert Audio"
Listening device,"Surveillance, Forensic & Covert Audio"
Audio bug,"Surveillance, Forensic & Covert Audio"
Bug,"Surveillance, Forensic & Covert Audio"
Bugging,"Surveillance, Forensic & Covert Audio"
Electronic eavesdropping,"Surveillance, Forensic & Covert Audio"
Room monitoring,"Surveillance, Forensic & Covert Audio"
Ambient recording,"Surveillance, Forensic & Covert Audio"
Audio interception,"Surveillance, Forensic & Covert Audio"
Remote audio monitoring,"Surveillance, Forensic & Covert Audio"
Remote listening device,"Surveillance, Forensic & Covert Audio"
Live monitoring,"Surveillance, Forensic & Covert Audio"
Audio intelligence,"Surveillance, Forensic & Covert Audio"
Voice collection,"Surveillance, Forensic & Covert Audio"
Voice interception,"Surveillance, Forensic & Covert Audio"
Body wire microphone,"Surveillance, Forensic & Covert Audio"
Pin microphone,"Surveillance, Forensic & Covert Audio"
Through-wall microphone,"Surveillance, Forensic & Covert Audio"
Beamforming microphone,"Surveillance, Forensic & Covert Audio"
Array microphone,"Surveillance, Forensic & Covert Audio"
Long-range pickup,"Surveillance, Forensic & Covert Audio"
Far-field microphone,"Surveillance, Forensic & Covert Audio"
Near-field microphone,"Surveillance, Forensic & Covert Audio"
Acoustic zoom,"Surveillance, Forensic & Covert Audio"
Acoustic focus,"Surveillance, Forensic & Covert Audio"
Directional pickup,"Surveillance, Forensic & Covert Audio"
Omnidirectional pickup,"Surveillance, Forensic & Covert Audio"
Beam steering,"Surveillance, Forensic & Covert Audio"
Acoustic gain,"Surveillance, Forensic & Covert Audio"
Target isolation,"Surveillance, Forensic & Covert Audio"
Miniature recorder,"Surveillance, Forensic & Covert Audio"
Pocket recorder,"Surveillance, Forensic & Covert Audio"
Wearable recorder,"Surveillance, Forensic & Covert Audio"
Digital voice recorder,"Surveillance, Forensic & Covert Audio"
Solid-state recorder,"Surveillance, Forensic & Covert Audio"
Flash recorder,"Surveillance, Forensic & Covert Audio"
Body recorder,"Surveillance, Forensic & Covert Audio"
Evidence recorder,"Surveillance, Forensic & Covert Audio"
Continuous recorder,"Surveillance, Forensic & Covert Audio"
Event-triggered recorder,"Surveillance, Forensic & Covert Audio"
Voice-activated recorder (VOX),"Surveillance, Forensic & Covert Audio"
Buffered recording,"Surveillance, Forensic & Covert Audio"
Time-stamped recording,"Surveillance, Forensic & Covert Audio"
Audio transmitter,"Surveillance, Forensic & Covert Audio"
RF transmitter,"Surveillance, Forensic & Covert Audio"
Digital transmitter,"Surveillance, Forensic & Covert Audio"
Analog transmitter,"Surveillance, Forensic & Covert Audio"
Encrypted transmitter,"Surveillance, Forensic & Covert Audio"
Low-power transmitter,"Surveillance, Forensic & Covert Audio"
Burst transmitter,"Surveillance, Forensic & Covert Audio"
Frequency hopping,"Surveillance, Forensic & Covert Audio"
Spread spectrum,"Surveillance, Forensic & Covert Audio"
Narrowband transmission,"Surveillance, Forensic & Covert Audio"
UHF transmitter,"Surveillance, Forensic & Covert Audio"
VHF transmitter,"Surveillance, Forensic & Covert Audio"
ISM-band transmitter,"Surveillance, Forensic & Covert Audio"
Bluetooth audio,"Surveillance, Forensic & Covert Audio"
Wi-Fi audio transmission,"Surveillance, Forensic & Covert Audio"
Cellular audio transmitter,"Surveillance, Forensic & Covert Audio"
GSM audio transmitter,"Surveillance, Forensic & Covert Audio"
LTE transmitter,"Surveillance, Forensic & Covert Audio"
Audio link,"Surveillance, Forensic & Covert Audio"
RF link,"Surveillance, Forensic & Covert Audio"
Audio relay,"Surveillance, Forensic & Covert Audio"
Remote receiver,"Surveillance, Forensic & Covert Audio"
Listening post,"Surveillance, Forensic & Covert Audio"
Monitoring station,"Surveillance, Forensic & Covert Audio"
Base station,"Surveillance, Forensic & Covert Audio"
Relay station,"Surveillance, Forensic & Covert Audio"
Audio downlink,"Surveillance, Forensic & Covert Audio"
Audio uplink,"Surveillance, Forensic & Covert Audio"
Voice enhancement,"Surveillance, Forensic & Covert Audio"
Adaptive filtering,"Surveillance, Forensic & Covert Audio"
Wind filtering,"Surveillance, Forensic & Covert Audio"
Voice isolation,"Surveillance, Forensic & Covert Audio"
Speech extraction,"Surveillance, Forensic & Covert Audio"
Target voice enhancement,"Surveillance, Forensic & Covert Audio"
Speaker recognition,"Surveillance, Forensic & Covert Audio"
Voiceprint,"Surveillance, Forensic & Covert Audio"
Voice signature,"Surveillance, Forensic & Covert Audio"
Formant analysis,"Surveillance, Forensic & Covert Audio"
Pitch analysis,"Surveillance, Forensic & Covert Audio"
Harmonic analysis,"Surveillance, Forensic & Covert Audio"
Phonetic analysis,"Surveillance, Forensic & Covert Audio"
Acoustic shadow,"Surveillance, Forensic & Covert Audio"
Audio monitoring,"Surveillance, Forensic & Covert Audio"
Continuous monitoring,"Surveillance, Forensic & Covert Audio"
Remote monitoring,"Surveillance, Forensic & Covert Audio"
Passive monitoring,"Surveillance, Forensic & Covert Audio"
Active monitoring,"Surveillance, Forensic & Covert Audio"
Audio surveillance network,"Surveillance, Forensic & Covert Audio"
Multi-channel recorder,"Surveillance, Forensic & Covert Audio"
Channel synchronization,"Surveillance, Forensic & Covert Audio"
Time synchronization,"Surveillance, Forensic & Covert Audio"
Forensic audio,"Surveillance, Forensic & Covert Audio"
Evidence recording,"Surveillance, Forensic & Covert Audio"
Audio authentication,"Surveillance, Forensic & Covert Audio"
Recording authentication,"Surveillance, Forensic & Covert Audio"
Audio integrity,"Surveillance, Forensic & Covert Audio"
Waveform comparison,"Surveillance, Forensic & Covert Audio"
Spectral comparison,"Surveillance, Forensic & Covert Audio"
Recording continuity,"Surveillance, Forensic & Covert Audio"
Tamper detection,"Surveillance, Forensic & Covert Audio"
TSCM,"Surveillance, Forensic & Covert Audio"
Bug sweep,"Surveillance, Forensic & Covert Audio"
Electronic sweep,"Surveillance, Forensic & Covert Audio"
RF detector,"Surveillance, Forensic & Covert Audio"
RF spectrum analyzer,"Surveillance, Forensic & Covert Audio"
Broadband detector,"Surveillance, Forensic & Covert Audio"
Nonlinear junction detector (NLJD),"Surveillance, Forensic & Covert Audio"
Signal detector,"Surveillance, Forensic & Covert Audio"
Carrier detection,"Surveillance, Forensic & Covert Audio"
RF leakage,"Surveillance, Forensic & Covert Audio"
Hidden microphone detection,"Surveillance, Forensic & Covert Audio"
Hidden transmitter detection,"Surveillance, Forensic & Covert Audio"
Counter-surveillance,"Surveillance, Forensic & Covert Audio"
Electronic countermeasures,"Surveillance, Forensic & Covert Audio"
Electronic surveillance countermeasures (ESCM),"Surveillance, Forensic & Covert Audio"
Parabolic reflector,"Surveillance, Forensic & Covert Audio"
Acoustic reflector,"Surveillance, Forensic & Covert Audio"
Beamforming array,"Surveillance, Forensic & Covert Audio"
Laser Doppler microphone,"Surveillance, Forensic & Covert Audio"
Laser vibrometer,"Surveillance, Forensic & Covert Audio"
Fiber optic microphone,"Surveillance, Forensic & Covert Audio"
MEMS microphone array,"Surveillance, Forensic & Covert Audio"
Acoustic camera,"Surveillance, Forensic & Covert Audio"
Acoustic imaging,"Surveillance, Forensic & Covert Audio"
Acoustic localization,"Surveillance, Forensic & Covert Audio"
Sound source localization,"Surveillance, Forensic & Covert Audio"
Articulation index,"Surveillance, Forensic & Covert Audio"
Technical surveillance,"Surveillance, Forensic & Covert Audio"
Technical surveillance counter-measures (TSCM),"Surveillance, Forensic & Covert Audio"
Electronic surveillance,"Surveillance, Forensic & Covert Audio"
Acoustic surveillance,"Surveillance, Forensic & Covert Audio"
Audio forensics,"Surveillance, Forensic & Covert Audio"
Forensic acoustics,"Surveillance, Forensic & Covert Audio"
Speech intelligence,"Surveillance, Forensic & Covert Audio"
Signals intelligence (SIGINT),"Surveillance, Forensic & Covert Audio"
Communications intelligence (COMINT),"Surveillance, Forensic & Covert Audio"
Acoustic intelligence (ACINT),"Surveillance, Forensic & Covert Audio"
Vibroacoustics,Acoustics & Wave Physics (Science)
Aeroacoustics,Acoustics & Wave Physics (Science)
Underwater acoustics,Acoustics & Wave Physics (Science)
Physical acoustics,Acoustics & Wave Physics (Science)
Nonlinear acoustics,Acoustics & Wave Physics (Science)
Ultrasonics,Acoustics & Wave Physics (Science)
Infrasonics,Acoustics & Wave Physics (Science)
Sonic,Acoustics & Wave Physics (Science)
Audible spectrum,Acoustics & Wave Physics (Science)
Sound field,Acoustics & Wave Physics (Science)
Acoustic field,Acoustics & Wave Physics (Science)
Compression wave,Acoustics & Wave Physics (Science)
Evanescent wave,Acoustics & Wave Physics (Science)
Anti-resonance,Acoustics & Wave Physics (Science)
Sound pressure,Acoustics & Wave Physics (Science)
RMS SPL,Acoustics & Wave Physics (Science)
Characteristic impedance,Acoustics & Wave Physics (Science)
Acoustic intensity,Acoustics & Wave Physics (Science)
Sound energy,Acoustics & Wave Physics (Science)
Specific acoustic impedance,Acoustics & Wave Physics (Science)
Acoustic admittance,Acoustics & Wave Physics (Science)
Acoustic mobility,Acoustics & Wave Physics (Science)
Acoustic resistance,Acoustics & Wave Physics (Science)
Modal behavior,Acoustics & Wave Physics (Science)
Eigenmode,Acoustics & Wave Physics (Science)
Overtone,Acoustics & Wave Physics (Science)
Mode shape,Acoustics & Wave Physics (Science)
Resonant frequency,Acoustics & Wave Physics (Science)
Natural frequency,Acoustics & Wave Physics (Science)
Quarter-wave resonance,Acoustics & Wave Physics (Science)
Half-wave resonance,Acoustics & Wave Physics (Science)
Spatial hearing,Acoustics & Wave Physics (Science)
Monaural hearing,Acoustics & Wave Physics (Science)
Transduction,Microphone Engineering & Transduction (Science)
Electromechanical transducer,Microphone Engineering & Transduction (Science)
Acoustic transducer,Microphone Engineering & Transduction (Science)
Pressure transducer,Microphone Engineering & Transduction (Science)
Pressure-gradient transducer,Microphone Engineering & Transduction (Science)
Velocity microphone,Microphone Engineering & Transduction (Science)
Ribbon velocity microphone,Microphone Engineering & Transduction (Science)
Condenser capsule,Microphone Engineering & Transduction (Science)
Electret capsule,Microphone Engineering & Transduction (Science)
Ceramic microphone,Microphone Engineering & Transduction (Science)
Membrane,Microphone Engineering & Transduction (Science)
Air gap,Microphone Engineering & Transduction (Science)
Gold sputtering,Microphone Engineering & Transduction (Science)
Dual diaphragm,Microphone Engineering & Transduction (Science)
Single diaphragm,Microphone Engineering & Transduction (Science)
Capsule resonance,Microphone Engineering & Transduction (Science)
Acoustic labyrinth,Microphone Engineering & Transduction (Science)
Equalization port,Microphone Engineering & Transduction (Science)
Rear chamber,Microphone Engineering & Transduction (Science)
Acoustic vent,Microphone Engineering & Transduction (Science)
Open-circuit sensitivity,Microphone Engineering & Transduction (Science)
Free-field response,Microphone Engineering & Transduction (Science)
Diffuse-field response,Microphone Engineering & Transduction (Science)
Pressure response,Microphone Engineering & Transduction (Science)
Acoustic overload point,Microphone Engineering & Transduction (Science)
Electroacoustic driver,Loudspeaker & Transducer Engineering (Science)
Dynamic driver,Loudspeaker & Transducer Engineering (Science)
Moving-coil driver,Loudspeaker & Transducer Engineering (Science)
Ribbon driver,Loudspeaker & Transducer Engineering (Science)
Balanced armature,Loudspeaker & Transducer Engineering (Science)
Piezoelectric driver,Loudspeaker & Transducer Engineering (Science)
Magnetostrictive driver,Loudspeaker & Transducer Engineering (Science)
Bending-wave driver,Loudspeaker & Transducer Engineering (Science)
Surface exciter,Loudspeaker & Transducer Engineering (Science)
Spider,Loudspeaker & Transducer Engineering (Science)
Surround,Loudspeaker & Transducer Engineering (Science)
Dome,Loudspeaker & Transducer Engineering (Science)
Top plate,Loudspeaker & Transducer Engineering (Science)
Magnet gap,Loudspeaker & Transducer Engineering (Science)
Ferrite magnet,Loudspeaker & Transducer Engineering (Science)
Demodulation ring,Loudspeaker & Transducer Engineering (Science)
Acoustic suspension,Loudspeaker & Transducer Engineering (Science)
Front-loaded horn,Loudspeaker & Transducer Engineering (Science)
Rear-loaded horn,Loudspeaker & Transducer Engineering (Science)
Isobaric enclosure,Loudspeaker & Transducer Engineering (Science)
Dipole enclosure,Loudspeaker & Transducer Engineering (Science)
Bipole enclosure,Loudspeaker & Transducer Engineering (Science)
Open baffle,Loudspeaker & Transducer Engineering (Science)
Polypropylene cone,Loudspeaker & Transducer Engineering (Science)
Paper cone,Loudspeaker & Transducer Engineering (Science)
Kevlar cone,Loudspeaker & Transducer Engineering (Science)
Carbon fiber cone,Loudspeaker & Transducer Engineering (Science)
Aluminum cone,Loudspeaker & Transducer Engineering (Science)
Magnesium cone,Loudspeaker & Transducer Engineering (Science)
Titanium diaphragm,Loudspeaker & Transducer Engineering (Science)
Beryllium diaphragm,Loudspeaker & Transducer Engineering (Science)
Diamond diaphragm,Loudspeaker & Transducer Engineering (Science)
Graphene diaphragm,Loudspeaker & Transducer Engineering (Science)
Silk dome,Loudspeaker & Transducer Engineering (Science)
Fabric dome,Loudspeaker & Transducer Engineering (Science)
Composite cone,Loudspeaker & Transducer Engineering (Science)
Nomex former,Loudspeaker & Transducer Engineering (Science)
Kapton former,Loudspeaker & Transducer Engineering (Science)
Magnetic flux,Loudspeaker & Transducer Engineering (Science)
Magnetic circuit,Loudspeaker & Transducer Engineering (Science)
BL product,Loudspeaker & Transducer Engineering (Science)
Motor strength,Loudspeaker & Transducer Engineering (Science)
Permeability,Loudspeaker & Transducer Engineering (Science)
Eddy current,Loudspeaker & Transducer Engineering (Science)
Demagnetization,Loudspeaker & Transducer Engineering (Science)
Flux modulation,Loudspeaker & Transducer Engineering (Science)
Reactance,"Electroacoustics, DSP & Measurement Science"
Complex impedance,"Electroacoustics, DSP & Measurement Science"
Resonant circuit,"Electroacoustics, DSP & Measurement Science"
Q factor,"Electroacoustics, DSP & Measurement Science"
Sampling theorem,"Electroacoustics, DSP & Measurement Science"
FIR filter,"Electroacoustics, DSP & Measurement Science"
IIR filter,"Electroacoustics, DSP & Measurement Science"
FFT,"Electroacoustics, DSP & Measurement Science"
DFT,"Electroacoustics, DSP & Measurement Science"
Hamming window,"Electroacoustics, DSP & Measurement Science"
Blackman window,"Electroacoustics, DSP & Measurement Science"
Waterfall plot,"Electroacoustics, DSP & Measurement Science"
Cumulative spectral decay,"Electroacoustics, DSP & Measurement Science"
Step response,"Electroacoustics, DSP & Measurement Science"
Distortion spectrum,"Electroacoustics, DSP & Measurement Science"
Thermal compression,"Electroacoustics, DSP & Measurement Science"
Excursion distortion,"Electroacoustics, DSP & Measurement Science"
Flux modulation distortion,"Electroacoustics, DSP & Measurement Science"
Rocking mode,"Electroacoustics, DSP & Measurement Science"
Modal distortion,"Electroacoustics, DSP & Measurement Science"
Xmech,"Electroacoustics, DSP & Measurement Science"
Compliance,"Electroacoustics, DSP & Measurement Science"
Suspension stiffness,"Electroacoustics, DSP & Measurement Science"
Moving mass,"Electroacoustics, DSP & Measurement Science"
Mechanical damping,"Electroacoustics, DSP & Measurement Science"
Mechanical resonance,"Electroacoustics, DSP & Measurement Science"
Cms,"Electroacoustics, DSP & Measurement Science"
Mms,"Electroacoustics, DSP & Measurement Science"
Fs,"Electroacoustics, DSP & Measurement Science"
Qms,"Electroacoustics, DSP & Measurement Science"
Qes,"Electroacoustics, DSP & Measurement Science"
Qts,"Electroacoustics, DSP & Measurement Science"
BL,"Electroacoustics, DSP & Measurement Science"
Le,"Electroacoustics, DSP & Measurement Science"
Re,"Electroacoustics, DSP & Measurement Science"
Sd,"Electroacoustics, DSP & Measurement Science"
Xlim,"Electroacoustics, DSP & Measurement Science"
Efficiency bandwidth product,"Electroacoustics, DSP & Measurement Science"
Sensitivity,"Electroacoustics, DSP & Measurement Science"
Reference efficiency,"Electroacoustics, DSP & Measurement Science"
Laser Doppler vibrometer,"Electroacoustics, DSP & Measurement Science"
Vibrometer,"Electroacoustics, DSP & Measurement Science"
Accelerometer,"Electroacoustics, DSP & Measurement Science"
Hydrophone,"Electroacoustics, DSP & Measurement Science"
Geophone,"Electroacoustics, DSP & Measurement Science"
Sound level meter,"Electroacoustics, DSP & Measurement Science"
Precision microphone,"Electroacoustics, DSP & Measurement Science"
Artificial ear,"Electroacoustics, DSP & Measurement Science"
Artificial mouth,"Electroacoustics, DSP & Measurement Science"
Head and torso simulator (HATS),"Electroacoustics, DSP & Measurement Science"
Ultrasonic transducer,"Electroacoustics, DSP & Measurement Science"
Piezoelectric crystal,"Electroacoustics, DSP & Measurement Science"
Acoustic emission,"Electroacoustics, DSP & Measurement Science"
Sonar,"Electroacoustics, DSP & Measurement Science"
Medical ultrasound,"Electroacoustics, DSP & Measurement Science"
Ultrasonic imaging,"Electroacoustics, DSP & Measurement Science"
Time-of-flight,"Electroacoustics, DSP & Measurement Science"
Pulse-echo,"Electroacoustics, DSP & Measurement Science"
Doppler ultrasound,"Electroacoustics, DSP & Measurement Science"
Phased array ultrasound,"Electroacoustics, DSP & Measurement Science"
IEC 60268,"Electroacoustics, DSP & Measurement Science"
IEC 61094,"Electroacoustics, DSP & Measurement Science"
IEC 61672,"Electroacoustics, DSP & Measurement Science"
ANSI S1 series,"Electroacoustics, DSP & Measurement Science"
AES17,"Electroacoustics, DSP & Measurement Science"
AES75,"Electroacoustics, DSP & Measurement Science"
ISO 3740 series,"Electroacoustics, DSP & Measurement Science"
ISO 9613,"Electroacoustics, DSP & Measurement Science"
Acoustic wavelength,Acoustics & Wave Physics (Science)
Acoustic wavenumber,Acoustics & Wave Physics (Science)
Angular wavenumber,Acoustics & Wave Physics (Science)
Wave equation,Acoustics & Wave Physics (Science)
Inhomogeneous wave equation,Acoustics & Wave Physics (Science)
Homogeneous wave equation,Acoustics & Wave Physics (Science)
Helmholtz equation,Acoustics & Wave Physics (Science)
Acoustic velocity potential,Acoustics & Wave Physics (Science)
Scalar potential,Acoustics & Wave Physics (Science)
Acoustic particle acceleration,Acoustics & Wave Physics (Science)
Instantaneous sound pressure,Acoustics & Wave Physics (Science)
Root-mean-square sound pressure,Acoustics & Wave Physics (Science)
Reference sound pressure,Acoustics & Wave Physics (Science)
Peak particle velocity,Acoustics & Wave Physics (Science)
Acoustic energy density,Acoustics & Wave Physics (Science)
Potential energy density,Acoustics & Wave Physics (Science)
Kinetic energy density,Acoustics & Wave Physics (Science)
Acoustic energy flux,Acoustics & Wave Physics (Science)
Acoustic power density,Acoustics & Wave Physics (Science)
Acoustic momentum,Acoustics & Wave Physics (Science)
Radiation pressure,Acoustics & Wave Physics (Science)
Acoustic radiation force,Acoustics & Wave Physics (Science)
Acoustic streaming,Acoustics & Wave Physics (Science)
Sound-speed gradient,Acoustics & Wave Physics (Science)
Acoustic refractive index,Acoustics & Wave Physics (Science)
Acoustic ray,Acoustics & Wave Physics (Science)
Ray acoustics,Acoustics & Wave Physics (Science)
Geometrical acoustics,Acoustics & Wave Physics (Science)
Wave acoustics,Acoustics & Wave Physics (Science)
Paraxial approximation,Acoustics & Wave Physics (Science)
Far-field approximation,Acoustics & Wave Physics (Science)
Near-field approximation,Acoustics & Wave Physics (Science)
Fraunhofer region,Acoustics & Wave Physics (Science)
Fresnel region,Acoustics & Wave Physics (Science)
Reactive near field,Acoustics & Wave Physics (Science)
Radiating near field,Acoustics & Wave Physics (Science)
Acoustic singularity,Acoustics & Wave Physics (Science)
Acoustic vortex,Acoustics & Wave Physics (Science)
Orbital angular momentum of sound,Acoustics & Wave Physics (Science)
Phase singularity,Acoustics & Wave Physics (Science)
Nodal plane,Acoustics & Wave Physics (Science)
Wave impedance,Acoustics & Wave Physics (Science)
Transfer impedance,Acoustics & Wave Physics (Science)
Acoustic impedance mismatch,Acoustics & Wave Physics (Science)
Impedance boundary condition,Acoustics & Wave Physics (Science)
Radiation boundary condition,Acoustics & Wave Physics (Science)
Sommerfeld radiation condition,Acoustics & Wave Physics (Science)
Spherical spreading loss,Acoustics & Wave Physics (Science)
Cylindrical spreading loss,Acoustics & Wave Physics (Science)
Molecular relaxation,Acoustics & Wave Physics (Science)
Oxygen relaxation,Acoustics & Wave Physics (Science)
Nitrogen relaxation,Acoustics & Wave Physics (Science)
Thermoviscous loss,Acoustics & Wave Physics (Science)
Viscous attenuation,Acoustics & Wave Physics (Science)
Thermal attenuation,Acoustics & Wave Physics (Science)
Boundary-layer attenuation,Acoustics & Wave Physics (Science)
Excess attenuation,Acoustics & Wave Physics (Science)
Insertion loss,Acoustics & Wave Physics (Science)
Propagation loss,Acoustics & Wave Physics (Science)
Acoustic extinction,Acoustics & Wave Physics (Science)
Acoustic absorption coefficient,Acoustics & Wave Physics (Science)
Energy absorption coefficient,Acoustics & Wave Physics (Science)
Pressure reflection coefficient,Acoustics & Wave Physics (Science)
Intensity reflection coefficient,Acoustics & Wave Physics (Science)
Acoustic transmissivity,Acoustics & Wave Physics (Science)
Acoustic reflectivity,Acoustics & Wave Physics (Science)
Acoustic absorptivity,Acoustics & Wave Physics (Science)
Normal-incidence absorption,Acoustics & Wave Physics (Science)
Random-incidence absorption,Acoustics & Wave Physics (Science)
Grazing incidence,Acoustics & Wave Physics (Science)
Critical angle,Acoustics & Wave Physics (Science)
Total internal reflection,Acoustics & Wave Physics (Science)
Acoustic tunneling,Acoustics & Wave Physics (Science)
Mode conversion,Acoustics & Wave Physics (Science)
Guided-wave propagation,Acoustics & Wave Physics (Science)
Leaky wave,Acoustics & Wave Physics (Science)
Surface acoustic wave,Acoustics & Wave Physics (Science)
Lamb wave,Acoustics & Wave Physics (Science)
Love wave,Acoustics & Wave Physics (Science)
Scholte wave,Acoustics & Wave Physics (Science)
Stoneley wave,Acoustics & Wave Physics (Science)
Rayleigh wave,Acoustics & Wave Physics (Science)
Bulk acoustic wave,Acoustics & Wave Physics (Science)
Shear wave,Acoustics & Wave Physics (Science)
Torsional wave,Acoustics & Wave Physics (Science)
Linear acoustics,Acoustics & Wave Physics (Science)
Weakly nonlinear acoustics,Acoustics & Wave Physics (Science)
Finite-amplitude acoustics,Acoustics & Wave Physics (Science)
Nonlinear propagation,Acoustics & Wave Physics (Science)
Acoustic nonlinearity parameter,Acoustics & Wave Physics (Science)
Parameter of nonlinearity,Acoustics & Wave Physics (Science)
B/A parameter,Acoustics & Wave Physics (Science)
Wave steepening,Acoustics & Wave Physics (Science)
Shock formation,Acoustics & Wave Physics (Science)
Acoustic shock,Acoustics & Wave Physics (Science)
Sawtooth wave formation,Acoustics & Wave Physics (Science)
Harmonic generation,Acoustics & Wave Physics (Science)
Subharmonic generation,Acoustics & Wave Physics (Science)
Difference-frequency generation,Acoustics & Wave Physics (Science)
Sum-frequency generation,Acoustics & Wave Physics (Science)
Parametric interaction,Acoustics & Wave Physics (Science)
Parametric acoustic array,Acoustics & Wave Physics (Science)
Parametric loudspeaker,Acoustics & Wave Physics (Science)
Self-demodulation,Acoustics & Wave Physics (Science)
Acoustic rectification,Acoustics & Wave Physics (Science)
Nonlinear absorption,Acoustics & Wave Physics (Science)
Nonlinear resonance,Acoustics & Wave Physics (Science)
Mode coupling,Acoustics & Wave Physics (Science)
Internal resonance,Acoustics & Wave Physics (Science)
Bifurcation,Acoustics & Wave Physics (Science)
Acoustic cavitation,Acoustics & Wave Physics (Science)
Stable cavitation,Acoustics & Wave Physics (Science)
Inertial cavitation,Acoustics & Wave Physics (Science)
Cavitation threshold,Acoustics & Wave Physics (Science)
Bubble resonance,Acoustics & Wave Physics (Science)
Minnaert resonance,Acoustics & Wave Physics (Science)
Sonoluminescence,Acoustics & Wave Physics (Science)
Acoustic levitation,Acoustics & Wave Physics (Science)
Acoustic trapping,Acoustics & Wave Physics (Science)
Acoustic tweezers,Acoustics & Wave Physics (Science)
Phononic crystal,Acoustics & Wave Physics (Science)
Acoustic metamaterial,Acoustics & Wave Physics (Science)
Locally resonant metamaterial,Acoustics & Wave Physics (Science)
Negative effective mass density,Acoustics & Wave Physics (Science)
Negative bulk modulus,Acoustics & Wave Physics (Science)
Acoustic cloaking,Acoustics & Wave Physics (Science)
Transformation acoustics,Acoustics & Wave Physics (Science)
Topological acoustics,Acoustics & Wave Physics (Science)
Acoustic bandgap,Acoustics & Wave Physics (Science)
Bragg scattering,Acoustics & Wave Physics (Science)
Subwavelength resonator,Acoustics & Wave Physics (Science)
Flow-induced noise,Acoustics & Wave Physics (Science)
Turbulent boundary-layer noise,Acoustics & Wave Physics (Science)
Vortex shedding,Acoustics & Wave Physics (Science)
Aeolian tone,Acoustics & Wave Physics (Science)
Strouhal number,Acoustics & Wave Physics (Science)
Reynolds number,Acoustics & Wave Physics (Science)
Mach number,Acoustics & Wave Physics (Science)
Convective Mach number,Acoustics & Wave Physics (Science)
Lighthill analogy,Acoustics & Wave Physics (Science)
Lighthill stress tensor,Acoustics & Wave Physics (Science)
Ffowcs Williams–Hawkings equation,Acoustics & Wave Physics (Science)
Curle analogy,Acoustics & Wave Physics (Science)
Acoustic analogy,Acoustics & Wave Physics (Science)
Quadrupole source,Acoustics & Wave Physics (Science)
Dipole source,Acoustics & Wave Physics (Science)
Monopole source,Acoustics & Wave Physics (Science)
Jet noise,Acoustics & Wave Physics (Science)
Mixing noise,Acoustics & Wave Physics (Science)
Shock-associated noise,Acoustics & Wave Physics (Science)
Broadband shock-associated noise,Acoustics & Wave Physics (Science)
Screech tone,Acoustics & Wave Physics (Science)
Blade-passing frequency,Acoustics & Wave Physics (Science)
Rotor–stator interaction,Acoustics & Wave Physics (Science)
Trailing-edge noise,Acoustics & Wave Physics (Science)
Leading-edge noise,Acoustics & Wave Physics (Science)
Airfoil self-noise,Acoustics & Wave Physics (Science)
Cavity tone,Acoustics & Wave Physics (Science)
Edge tone,Acoustics & Wave Physics (Science)
Flow separation noise,Acoustics & Wave Physics (Science)
Turbulence ingestion noise,Acoustics & Wave Physics (Science)
Combustion noise,Acoustics & Wave Physics (Science)
Thermoacoustic instability,Acoustics & Wave Physics (Science)
Helmholtz instability,Acoustics & Wave Physics (Science)
Wind-induced microphone noise,Acoustics & Wave Physics (Science)
Pressure turbulence,Acoustics & Wave Physics (Science)
Hydrodynamic pressure fluctuation,Acoustics & Wave Physics (Science)
Turbulent pressure spectrum,Acoustics & Wave Physics (Science)
Wind-noise susceptibility,Acoustics & Wave Physics (Science)
Structural acoustics,Acoustics & Wave Physics (Science)
Vibroacoustic coupling,Acoustics & Wave Physics (Science)
Fluid–structure interaction,Acoustics & Wave Physics (Science)
Mechanical mobility,Acoustics & Wave Physics (Science)
Driving-point mobility,Acoustics & Wave Physics (Science)
Transfer mobility,Acoustics & Wave Physics (Science)
Mechanical impedance,Acoustics & Wave Physics (Science)
Point impedance,Acoustics & Wave Physics (Science)
Dynamic stiffness,Acoustics & Wave Physics (Science)
Modal stiffness,Acoustics & Wave Physics (Science)
Modal mass,Acoustics & Wave Physics (Science)
Modal damping,Acoustics & Wave Physics (Science)
Loss factor,Acoustics & Wave Physics (Science)
Structural loss factor,Acoustics & Wave Physics (Science)
Damping ratio,Acoustics & Wave Physics (Science)
Critical damping,Acoustics & Wave Physics (Science)
Underdamping,Acoustics & Wave Physics (Science)
Overdamping,Acoustics & Wave Physics (Science)
Complex stiffness,Acoustics & Wave Physics (Science)
Mechanical admittance,Acoustics & Wave Physics (Science)
Accelerance,Acoustics & Wave Physics (Science)
Inertance,Acoustics & Wave Physics (Science)
Receptance,Acoustics & Wave Physics (Science)
Frequency-response function,Acoustics & Wave Physics (Science)
Operational deflection shape,Acoustics & Wave Physics (Science)
Modal overlap,Acoustics & Wave Physics (Science)
Modal participation factor,Acoustics & Wave Physics (Science)
Effective modal mass,Acoustics & Wave Physics (Science)
Eigenfrequency,Acoustics & Wave Physics (Science)
Normal mode,Acoustics & Wave Physics (Science)
Rigid-body mode,Acoustics & Wave Physics (Science)
Bending mode,Acoustics & Wave Physics (Science)
Torsional mode,Acoustics & Wave Physics (Science)
Breathing mode,Acoustics & Wave Physics (Science)
Breakup mode,Acoustics & Wave Physics (Science)
Coincidence frequency,Acoustics & Wave Physics (Science)
Critical frequency,Acoustics & Wave Physics (Science)
Stiffness-controlled region,Acoustics & Wave Physics (Science)
Mass-controlled region,Acoustics & Wave Physics (Science)
Damping-controlled region,Acoustics & Wave Physics (Science)
Radiation efficiency,Acoustics & Wave Physics (Science)
Radiation ratio,Acoustics & Wave Physics (Science)
Structural wave impedance,Acoustics & Wave Physics (Science)
Reciprocity transducer,Microphone Engineering & Transduction (Science)
Reciprocal microphone,Microphone Engineering & Transduction (Science)
Nonreciprocal transducer,Microphone Engineering & Transduction (Science)
Electrostatic transduction,Microphone Engineering & Transduction (Science)
Electrodynamic transduction,Microphone Engineering & Transduction (Science)
Electromagnetic induction,Microphone Engineering & Transduction (Science)
Piezoelectric transduction,Microphone Engineering & Transduction (Science)
Piezoresistive transduction,Microphone Engineering & Transduction (Science)
Capacitive sensing,Microphone Engineering & Transduction (Science)
Optical interferometric sensing,Microphone Engineering & Transduction (Science)
Fiber Bragg grating microphone,Microphone Engineering & Transduction (Science)
Magnetostrictive sensing,Microphone Engineering & Transduction (Science)
Thermoacoustic sensing,Microphone Engineering & Transduction (Science)
Photoacoustic microphone,Microphone Engineering & Transduction (Science)
Optoacoustic microphone,Microphone Engineering & Transduction (Science)
Ionophone microphone,Microphone Engineering & Transduction (Science)
Plasma microphone,Microphone Engineering & Transduction (Science)
Microflown sensor,Microphone Engineering & Transduction (Science)
Particle-velocity sensor,Microphone Engineering & Transduction (Science)
Pressure–velocity probe,Microphone Engineering & Transduction (Science)
Sound-intensity probe,Microphone Engineering & Transduction (Science)
Differential-pressure microphone,Microphone Engineering & Transduction (Science)
Pressure-gradient receiver,Microphone Engineering & Transduction (Science)
First-order gradient microphone,Microphone Engineering & Transduction (Science)
Second-order gradient microphone,Microphone Engineering & Transduction (Science)
Zero-order microphone,Microphone Engineering & Transduction (Science)
Higher-order microphone,Microphone Engineering & Transduction (Science)
Coincident microphone array,Microphone Engineering & Transduction (Science)
Distributed microphone array,Microphone Engineering & Transduction (Science)
Sparse microphone array,Microphone Engineering & Transduction (Science)
Conformal microphone array,Microphone Engineering & Transduction (Science)
Spherical microphone array,Microphone Engineering & Transduction (Science)
Circular microphone array,Microphone Engineering & Transduction (Science)
Planar microphone array,Microphone Engineering & Transduction (Science)
Volumetric microphone array,Microphone Engineering & Transduction (Science)
Externally polarized condenser microphone,Microphone Engineering & Transduction (Science)
Prepolarized condenser microphone,Microphone Engineering & Transduction (Science)
Permanently polarized microphone,Microphone Engineering & Transduction (Science)
Electret polarization,Microphone Engineering & Transduction (Science)
Back-electret microphone,Microphone Engineering & Transduction (Science)
Front-electret microphone,Microphone Engineering & Transduction (Science)
Foil-electret microphone,Microphone Engineering & Transduction (Science)
Surface potential,Microphone Engineering & Transduction (Science)
Polarization voltage,Microphone Engineering & Transduction (Science)
Bias voltage,Microphone Engineering & Transduction (Science)
Diaphragm–backplate capacitance,Microphone Engineering & Transduction (Science)
Static capacitance,Microphone Engineering & Transduction (Science)
Capacitance variation,Microphone Engineering & Transduction (Science)
Electrostatic attraction,Microphone Engineering & Transduction (Science)
Diaphragm collapse,Microphone Engineering & Transduction (Science)
Pull-in voltage,Microphone Engineering & Transduction (Science)
Backplate perforation,Microphone Engineering & Transduction (Science)
Venting time constant,Microphone Engineering & Transduction (Science)
Pressure equalization vent,Microphone Engineering & Transduction (Science)
Barometric pressure coefficient,Microphone Engineering & Transduction (Science)
Static-pressure coefficient,Microphone Engineering & Transduction (Science)
Temperature coefficient,Microphone Engineering & Transduction (Science)
Humidity coefficient,Microphone Engineering & Transduction (Science)
Environmental sensitivity,Microphone Engineering & Transduction (Science)
Diaphragm resonance,Microphone Engineering & Transduction (Science)
Cavity resonance,Microphone Engineering & Transduction (Science)
Back-volume compliance,Microphone Engineering & Transduction (Science)
Vent resistance,Microphone Engineering & Transduction (Science)
Acoustic leakage,Microphone Engineering & Transduction (Science)
Protection-grid correction,Microphone Engineering & Transduction (Science)
Grid diffraction,Microphone Engineering & Transduction (Science)
Incidence correction,Microphone Engineering & Transduction (Science)
Pressure-field correction,Microphone Engineering & Transduction (Science)
Free-field correction,Microphone Engineering & Transduction (Science)
Diffuse-field correction,Microphone Engineering & Transduction (Science)
Random-incidence correction,Microphone Engineering & Transduction (Science)
Laboratory standard microphone,Microphone Engineering & Transduction (Science)
Working standard microphone,Microphone Engineering & Transduction (Science)
Transfer standard microphone,Microphone Engineering & Transduction (Science)
Sound-level-meter microphone,Microphone Engineering & Transduction (Science)
Half-inch measurement microphone,Microphone Engineering & Transduction (Science)
Quarter-inch measurement microphone,Microphone Engineering & Transduction (Science)
One-inch measurement microphone,Microphone Engineering & Transduction (Science)
Free-field microphone,Microphone Engineering & Transduction (Science)
Diffuse-field microphone,Microphone Engineering & Transduction (Science)
Low-frequency microphone,Microphone Engineering & Transduction (Science)
High-level microphone,Microphone Engineering & Transduction (Science)
Infrasonic microphone,Microphone Engineering & Transduction (Science)
Ultrasonic microphone,Microphone Engineering & Transduction (Science)
Complex sensitivity,Microphone Engineering & Transduction (Science)
Pressure sensitivity,Microphone Engineering & Transduction (Science)
Free-field sensitivity,Microphone Engineering & Transduction (Science)
Diffuse-field sensitivity,Microphone Engineering & Transduction (Science)
Loaded sensitivity,Microphone Engineering & Transduction (Science)
Sensitivity level,Microphone Engineering & Transduction (Science)
Phase sensitivity,Microphone Engineering & Transduction (Science)
Magnitude sensitivity,Microphone Engineering & Transduction (Science)
Reciprocity calibration,Microphone Engineering & Transduction (Science)
Primary calibration,Microphone Engineering & Transduction (Science)
Secondary calibration,Microphone Engineering & Transduction (Science)
Comparison calibration,Microphone Engineering & Transduction (Science)
Substitution calibration,Microphone Engineering & Transduction (Science)
Simultaneous comparison,Microphone Engineering & Transduction (Science)
Electrostatic actuator calibration,Microphone Engineering & Transduction (Science)
Pistonphone calibration,Microphone Engineering & Transduction (Science)
Sound-calibrator verification,Microphone Engineering & Transduction (Science)
Insert-voltage technique,Microphone Engineering & Transduction (Science)
Microphone reciprocity,Microphone Engineering & Transduction (Science)
Reciprocity parameter,Microphone Engineering & Transduction (Science)
Coupler reciprocity,Microphone Engineering & Transduction (Science)
Free-field reciprocity,Microphone Engineering & Transduction (Science)
Pressure reciprocity,Microphone Engineering & Transduction (Science)
Calibration uncertainty,Microphone Engineering & Transduction (Science)
Expanded uncertainty,Microphone Engineering & Transduction (Science)
Traceability chain,Microphone Engineering & Transduction (Science)
Reference environmental conditions,Microphone Engineering & Transduction (Science)
Calibration drift,Microphone Engineering & Transduction (Science)
Equivalent acoustic noise,Microphone Engineering & Transduction (Science)
Brownian noise,Microphone Engineering & Transduction (Science)
Thermal noise,Microphone Engineering & Transduction (Science)
Johnson–Nyquist noise,Microphone Engineering & Transduction (Science)
Shot noise,Microphone Engineering & Transduction (Science)
Flicker noise,Microphone Engineering & Transduction (Science)
1/f noise,Microphone Engineering & Transduction (Science)
Dielectric noise,Microphone Engineering & Transduction (Science)
Preamplifier voltage noise,Microphone Engineering & Transduction (Science)
Preamplifier current noise,Microphone Engineering & Transduction (Science)
Noise spectral density,Microphone Engineering & Transduction (Science)
Voltage-noise density,Microphone Engineering & Transduction (Science)
Current-noise density,Microphone Engineering & Transduction (Science)
Acoustic noise floor,Microphone Engineering & Transduction (Science)
Integrated noise,Microphone Engineering & Transduction (Science)
A-weighted self-noise,Microphone Engineering & Transduction (Science)
Z-weighted self-noise,Microphone Engineering & Transduction (Science)
Noise-equivalent pressure,Microphone Engineering & Transduction (Science)
Minimum detectable pressure,Microphone Engineering & Transduction (Science)
Minimum detectable signal,Microphone Engineering & Transduction (Science)
Electrical clipping point,Microphone Engineering & Transduction (Science)
Total dynamic range,Microphone Engineering & Transduction (Science)
Inherent dynamic range,Microphone Engineering & Transduction (Science)
Maximum undistorted output,Microphone Engineering & Transduction (Science)
Source impedance,Microphone Engineering & Transduction (Science)
Capacitive loading,Microphone Engineering & Transduction (Science)
Microphone preamplifier,Microphone Engineering & Transduction (Science)
Junction field-effect transistor,Microphone Engineering & Transduction (Science)
Bootstrapped input,Microphone Engineering & Transduction (Science)
Constant-current powering,Microphone Engineering & Transduction (Science)
Integrated Electronics Piezo-Electric,Microphone Engineering & Transduction (Science)
Integrated Circuit Piezoelectric,Microphone Engineering & Transduction (Science)
IEPE sensor,Microphone Engineering & Transduction (Science)
Constant-current line drive,Microphone Engineering & Transduction (Science)
Phantom powering,Microphone Engineering & Transduction (Science)
Tonader powering,Microphone Engineering & Transduction (Science)
Digital microphone interface,Microphone Engineering & Transduction (Science)
Pulse-density modulation microphone,Microphone Engineering & Transduction (Science)
I2S microphone,Microphone Engineering & Transduction (Science)
Microelectromechanical microphone,Microphone Engineering & Transduction (Science)
MEMS diaphragm,Microphone Engineering & Transduction (Science)
MEMS backplate,Microphone Engineering & Transduction (Science)
Capacitive MEMS microphone,Microphone Engineering & Transduction (Science)
Piezoelectric MEMS microphone,Microphone Engineering & Transduction (Science)
Optical MEMS microphone,Microphone Engineering & Transduction (Science)
Surface micromachining,Microphone Engineering & Transduction (Science)
Bulk micromachining,Microphone Engineering & Transduction (Science)
Deep reactive-ion etching,Microphone Engineering & Transduction (Science)
Sacrificial layer,Microphone Engineering & Transduction (Science)
Silicon-on-insulator,Microphone Engineering & Transduction (Science)
Wafer-level packaging,Microphone Engineering & Transduction (Science)
Acoustic port,Microphone Engineering & Transduction (Science)
Top-port microphone,Microphone Engineering & Transduction (Science)
Bottom-port microphone,Microphone Engineering & Transduction (Science)
Package cavity,Microphone Engineering & Transduction (Science)
Package leakage,Microphone Engineering & Transduction (Science)
MEMS ASIC,Microphone Engineering & Transduction (Science)
Application-specific integrated circuit,Microphone Engineering & Transduction (Science)
Charge amplifier,Microphone Engineering & Transduction (Science)
Sigma-delta modulator,Microphone Engineering & Transduction (Science)
Pulse-density modulation,Microphone Engineering & Transduction (Science)
Digital decimation,Microphone Engineering & Transduction (Science)
Sensitivity tolerance,Microphone Engineering & Transduction (Science)
Part-to-part matching,Microphone Engineering & Transduction (Science)
Phase matching,Microphone Engineering & Transduction (Science)
Array matching,Microphone Engineering & Transduction (Science)
Radio-frequency immunity,Microphone Engineering & Transduction (Science)
Acoustic-overload recovery,Microphone Engineering & Transduction (Science)
Pop-noise suppression,Microphone Engineering & Transduction (Science)
Wake-on-sound,Microphone Engineering & Transduction (Science)
Always-on microphone,Microphone Engineering & Transduction (Science)
Ultrasonic-band response,Microphone Engineering & Transduction (Science)
Dust ingress,Microphone Engineering & Transduction (Science)
Particle ingress protection,Microphone Engineering & Transduction (Science)
Hydrophobic acoustic membrane,Microphone Engineering & Transduction (Science)
Acoustic mesh,Microphone Engineering & Transduction (Science)
Waterproof acoustic vent,Microphone Engineering & Transduction (Science)
Pressure-event robustness,Microphone Engineering & Transduction (Science)
Directivity pattern,Microphone Engineering & Transduction (Science)
Angular response,Microphone Engineering & Transduction (Science)
Azimuth response,Microphone Engineering & Transduction (Science)
Elevation response,Microphone Engineering & Transduction (Science)
Three-dimensional directivity,Microphone Engineering & Transduction (Science)
Front-to-back ratio,Microphone Engineering & Transduction (Science)
Front-to-random ratio,Microphone Engineering & Transduction (Science)
Null depth,Microphone Engineering & Transduction (Science)
Null angle,Microphone Engineering & Transduction (Science)
Acceptance angle,Microphone Engineering & Transduction (Science)
Half-power angle,Microphone Engineering & Transduction (Science)
Main lobe,Microphone Engineering & Transduction (Science)
Side lobe,Microphone Engineering & Transduction (Science)
Rear lobe,Microphone Engineering & Transduction (Science)
Grating lobe,Microphone Engineering & Transduction (Science)
Spatial aliasing,Microphone Engineering & Transduction (Science)
Beam squint,Microphone Engineering & Transduction (Science)
Frequency-invariant beamforming,Microphone Engineering & Transduction (Science)
Pattern consistency,Microphone Engineering & Transduction (Science)
Polar-pattern invariance,Microphone Engineering & Transduction (Science)
Polar narrowing,Microphone Engineering & Transduction (Science)
Superdirectivity,Microphone Engineering & Transduction (Science)
Directivity order,Microphone Engineering & Transduction (Science)
Spherical harmonic order,Microphone Engineering & Transduction (Science)
Legendre polynomial,Microphone Engineering & Transduction (Science)
Cardioid family,Microphone Engineering & Transduction (Science)
Bidirectional response,Microphone Engineering & Transduction (Science)
Figure-eight response,Microphone Engineering & Transduction (Science)
Shotgun interference tube,Microphone Engineering & Transduction (Science)
Interference-tube slot,Microphone Engineering & Transduction (Science)
Line-gradient microphone,Microphone Engineering & Transduction (Science)
Differential array,Microphone Engineering & Transduction (Science)
Delay-and-sum beamformer,Microphone Engineering & Transduction (Science)
Filter-and-sum beamformer,Microphone Engineering & Transduction (Science)
Minimum-variance distortionless response,Microphone Engineering & Transduction (Science)
MVDR beamformer,Microphone Engineering & Transduction (Science)
Capon beamformer,Microphone Engineering & Transduction (Science)
Generalized sidelobe canceller,Microphone Engineering & Transduction (Science)
Frost beamformer,Microphone Engineering & Transduction (Science)
Linearly constrained minimum-variance beamformer,Microphone Engineering & Transduction (Science)
Adaptive beamformer,Microphone Engineering & Transduction (Science)
Fixed beamformer,Microphone Engineering & Transduction (Science)
Broadband beamformer,Microphone Engineering & Transduction (Science)
Narrowband beamformer,Microphone Engineering & Transduction (Science)
Frequency-domain beamforming,Microphone Engineering & Transduction (Science)
Time-domain beamforming,Microphone Engineering & Transduction (Science)
Subband beamforming,Microphone Engineering & Transduction (Science)
Differential beamforming,Microphone Engineering & Transduction (Science)
Superdirective beamforming,Microphone Engineering & Transduction (Science)
Robust beamforming,Microphone Engineering & Transduction (Science)
Blind beamforming,Microphone Engineering & Transduction (Science)
Neural beamforming,Microphone Engineering & Transduction (Science)
Steering vector,Microphone Engineering & Transduction (Science)
Array manifold,Microphone Engineering & Transduction (Science)
Array aperture,Microphone Engineering & Transduction (Science)
Effective aperture,Microphone Engineering & Transduction (Science)
Element spacing,Microphone Engineering & Transduction (Science)
Spatial covariance matrix,Microphone Engineering & Transduction (Science)
Cross-spectral matrix,Microphone Engineering & Transduction (Science)
Coherence matrix,Microphone Engineering & Transduction (Science)
Diagonal loading,Microphone Engineering & Transduction (Science)
Spatial whitening,Microphone Engineering & Transduction (Science)
Beamformer weight,Microphone Engineering & Transduction (Science)
Complex weighting,Microphone Engineering & Transduction (Science)
Phase shading,Microphone Engineering & Transduction (Science)
Amplitude shading,Microphone Engineering & Transduction (Science)
Tapering function,Microphone Engineering & Transduction (Science)
Dolph–Chebyshev weighting,Microphone Engineering & Transduction (Science)
Delay estimation,Microphone Engineering & Transduction (Science)
Time difference of arrival,Microphone Engineering & Transduction (Science)
Generalized cross-correlation,Microphone Engineering & Transduction (Science)
Phase-transform weighting,Microphone Engineering & Transduction (Science)
GCC-PHAT,Microphone Engineering & Transduction (Science)
Direction of arrival,Microphone Engineering & Transduction (Science)
Source localization,Microphone Engineering & Transduction (Science)
Multiple signal classification,Microphone Engineering & Transduction (Science)
MUSIC algorithm,Microphone Engineering & Transduction (Science)
ESPRIT algorithm,Microphone Engineering & Transduction (Science)
Electrodynamic motor,Loudspeaker & Transducer Engineering (Science)
Moving-coil motor,Loudspeaker & Transducer Engineering (Science)
Moving-magnet motor,Loudspeaker & Transducer Engineering (Science)
Underhung voice coil,Loudspeaker & Transducer Engineering (Science)
Overhung voice coil,Loudspeaker & Transducer Engineering (Science)
Equal-hung voice coil,Loudspeaker & Transducer Engineering (Science)
Short-coil motor,Loudspeaker & Transducer Engineering (Science)
Long-coil motor,Loudspeaker & Transducer Engineering (Science)
Differential-drive motor,Loudspeaker & Transducer Engineering (Science)
Dual-gap motor,Loudspeaker & Transducer Engineering (Science)
Push-pull motor,Loudspeaker & Transducer Engineering (Science)
Symmetric magnetic circuit,Loudspeaker & Transducer Engineering (Science)
Asymmetric magnetic circuit,Loudspeaker & Transducer Engineering (Science)
Magnetic return path,Loudspeaker & Transducer Engineering (Science)
Pole vent,Loudspeaker & Transducer Engineering (Science)
Backplate vent,Loudspeaker & Transducer Engineering (Science)
Under-spider vent,Loudspeaker & Transducer Engineering (Science)
Air-gap flux density,Loudspeaker & Transducer Engineering (Science)
Flux density distribution,Loudspeaker & Transducer Engineering (Science)
Force factor,Loudspeaker & Transducer Engineering (Science)
Position-dependent force factor,Loudspeaker & Transducer Engineering (Science)
BL(x),Loudspeaker & Transducer Engineering (Science)
Current-dependent force factor,Loudspeaker & Transducer Engineering (Science)
BL(i),Loudspeaker & Transducer Engineering (Science)
Flux stabilization,Loudspeaker & Transducer Engineering (Science)
Faraday ring,Loudspeaker & Transducer Engineering (Science)
Eddy-current brake,Loudspeaker & Transducer Engineering (Science)
Voice-coil inductance,Loudspeaker & Transducer Engineering (Science)
Position-dependent inductance,Loudspeaker & Transducer Engineering (Science)
Le(x),Loudspeaker & Transducer Engineering (Science)
Current-dependent inductance,Loudspeaker & Transducer Engineering (Science)
Le(i),Loudspeaker & Transducer Engineering (Science)
Semi-inductance,Loudspeaker & Transducer Engineering (Science)
Reluctance force,Loudspeaker & Transducer Engineering (Science)
Magnetic saturation,Loudspeaker & Transducer Engineering (Science)
Hysteresis distortion,Loudspeaker & Transducer Engineering (Science)
Motor asymmetry,Loudspeaker & Transducer Engineering (Science)
Force-factor asymmetry,Loudspeaker & Transducer Engineering (Science)
Inductance asymmetry,Loudspeaker & Transducer Engineering (Science)
Rest-position offset,Loudspeaker & Transducer Engineering (Science)
Mechanical compliance,Loudspeaker & Transducer Engineering (Science)
Kms,Loudspeaker & Transducer Engineering (Science)
Position-dependent stiffness,Loudspeaker & Transducer Engineering (Science)
Kms(x),Loudspeaker & Transducer Engineering (Science)
Compliance nonlinearity,Loudspeaker & Transducer Engineering (Science)
Progressive suspension,Loudspeaker & Transducer Engineering (Science)
Regressive suspension,Loudspeaker & Transducer Engineering (Science)
Spider linearity,Loudspeaker & Transducer Engineering (Science)
Surround linearity,Loudspeaker & Transducer Engineering (Science)
Suspension symmetry,Loudspeaker & Transducer Engineering (Science)
Suspension creep,Loudspeaker & Transducer Engineering (Science)
Viscoelastic creep,Loudspeaker & Transducer Engineering (Science)
Stress relaxation,Loudspeaker & Transducer Engineering (Science)
Hysteretic damping,Loudspeaker & Transducer Engineering (Science)
Mechanical hysteresis,Loudspeaker & Transducer Engineering (Science)
Suspension aging,Loudspeaker & Transducer Engineering (Science)
Break-in effect,Loudspeaker & Transducer Engineering (Science)
Fatigue life,Loudspeaker & Transducer Engineering (Science)
Mechanical fatigue,Loudspeaker & Transducer Engineering (Science)
Buckling,Loudspeaker & Transducer Engineering (Science)
Rocking instability,Loudspeaker & Transducer Engineering (Science)
Voice-coil rubbing,Loudspeaker & Transducer Engineering (Science)
Bottoming,Loudspeaker & Transducer Engineering (Science)
Mechanical overtravel,Loudspeaker & Transducer Engineering (Science)
Maximum linear excursion,Loudspeaker & Transducer Engineering (Science)
Peak displacement,Loudspeaker & Transducer Engineering (Science)
Peak-to-peak excursion,Loudspeaker & Transducer Engineering (Science)
Displacement limit,Loudspeaker & Transducer Engineering (Science)
Damage limit,Loudspeaker & Transducer Engineering (Science)
Suspension-limited excursion,Loudspeaker & Transducer Engineering (Science)
Motor-limited excursion,Loudspeaker & Transducer Engineering (Science)
Thermal-limited output,Loudspeaker & Transducer Engineering (Science)
Displacement-limited output,Loudspeaker & Transducer Engineering (Science)
Air-noise-limited output,Loudspeaker & Transducer Engineering (Science)
Diaphragm piston region,Loudspeaker & Transducer Engineering (Science)
Piston band,Loudspeaker & Transducer Engineering (Science)
Piston diameter,Loudspeaker & Transducer Engineering (Science)
Effective radiating diameter,Loudspeaker & Transducer Engineering (Science)
Effective radiating area,Loudspeaker & Transducer Engineering (Science)
Breakup frequency,Loudspeaker & Transducer Engineering (Science)
Partial vibration,Loudspeaker & Transducer Engineering (Science)
Distributed-mode behavior,Loudspeaker & Transducer Engineering (Science)
Modal diaphragm,Loudspeaker & Transducer Engineering (Science)
Bending-wave radiator,Loudspeaker & Transducer Engineering (Science)
Flexural radiator,Loudspeaker & Transducer Engineering (Science)
Ring radiator,Loudspeaker & Transducer Engineering (Science)
Annular diaphragm,Loudspeaker & Transducer Engineering (Science)
Inverted dome,Loudspeaker & Transducer Engineering (Science)
Balanced dome,Loudspeaker & Transducer Engineering (Science)
Compression diaphragm,Loudspeaker & Transducer Engineering (Science)
Tangential surround,Loudspeaker & Transducer Engineering (Science)
Radial mode,Loudspeaker & Transducer Engineering (Science)
Circumferential mode,Loudspeaker & Transducer Engineering (Science)
Nodal circle,Loudspeaker & Transducer Engineering (Science)
Nodal diameter,Loudspeaker & Transducer Engineering (Science)
Bell mode,Loudspeaker & Transducer Engineering (Science)
Oil-canning mode,Loudspeaker & Transducer Engineering (Science)
Diaphragm rocking,Loudspeaker & Transducer Engineering (Science)
Constrained-layer damping,Loudspeaker & Transducer Engineering (Science)
Lossy coating,Loudspeaker & Transducer Engineering (Science)
Cone treatment,Loudspeaker & Transducer Engineering (Science)
Diaphragm anisotropy,Loudspeaker & Transducer Engineering (Science)
Orthotropic diaphragm,Loudspeaker & Transducer Engineering (Science)
Young's modulus,Loudspeaker & Transducer Engineering (Science)
Specific modulus,Loudspeaker & Transducer Engineering (Science)
Tensile strength,Loudspeaker & Transducer Engineering (Science)
Internal damping,Loudspeaker & Transducer Engineering (Science)
Loss tangent,Loudspeaker & Transducer Engineering (Science)
Poisson's ratio,Loudspeaker & Transducer Engineering (Science)
Areal mass,Loudspeaker & Transducer Engineering (Science)
Bending stiffness,Loudspeaker & Transducer Engineering (Science)
Flexural rigidity,Loudspeaker & Transducer Engineering (Science)
Sandwich composite,Loudspeaker & Transducer Engineering (Science)
Honeycomb core,Loudspeaker & Transducer Engineering (Science)
Rohacell core,Loudspeaker & Transducer Engineering (Science)
Vapor-deposited diaphragm,Loudspeaker & Transducer Engineering (Science)
Diamond-like carbon coating,Loudspeaker & Transducer Engineering (Science)
Ceramic-metal composite,Loudspeaker & Transducer Engineering (Science)
Compression ratio,Loudspeaker & Transducer Engineering (Science)
Compression chamber,Loudspeaker & Transducer Engineering (Science)
Annular phase plug,Loudspeaker & Transducer Engineering (Science)
Radial phase plug,Loudspeaker & Transducer Engineering (Science)
Circumferential phase plug,Loudspeaker & Transducer Engineering (Science)
Coherent wavefront,Loudspeaker & Transducer Engineering (Science)
Exit aperture,Loudspeaker & Transducer Engineering (Science)
Throat aperture,Loudspeaker & Transducer Engineering (Science)
Throat impedance,Loudspeaker & Transducer Engineering (Science)
Throat reactance,Loudspeaker & Transducer Engineering (Science)
Throat resistance,Loudspeaker & Transducer Engineering (Science)
Throat distortion,Loudspeaker & Transducer Engineering (Science)
Horn throat,Loudspeaker & Transducer Engineering (Science)
Horn mouth,Loudspeaker & Transducer Engineering (Science)
Mouth circumference,Loudspeaker & Transducer Engineering (Science)
Mouth termination,Loudspeaker & Transducer Engineering (Science)
Mouth reflection,Loudspeaker & Transducer Engineering (Science)
Horn cutoff frequency,Loudspeaker & Transducer Engineering (Science)
Acoustic cutoff,Loudspeaker & Transducer Engineering (Science)
Flare constant,Loudspeaker & Transducer Engineering (Science)
Flare rate,Loudspeaker & Transducer Engineering (Science)
Exponential horn,Loudspeaker & Transducer Engineering (Science)
Conical horn,Loudspeaker & Transducer Engineering (Science)
Hyperbolic horn,Loudspeaker & Transducer Engineering (Science)
Hyperbolic-exponential horn,Loudspeaker & Transducer Engineering (Science)
Tractrix horn,Loudspeaker & Transducer Engineering (Science)
Oblate spheroidal waveguide,Loudspeaker & Transducer Engineering (Science)
Bi-radial horn,Loudspeaker & Transducer Engineering (Science)
Multicellular horn,Loudspeaker & Transducer Engineering (Science)
Diffraction horn,Loudspeaker & Transducer Engineering (Science)
Mantaray horn,Loudspeaker & Transducer Engineering (Science)
Acoustic lens,Loudspeaker & Transducer Engineering (Science)
Waveguide loading,Loudspeaker & Transducer Engineering (Science)
Wavefront curvature,Loudspeaker & Transducer Engineering (Science)
Pattern flip,Loudspeaker & Transducer Engineering (Science)
Pattern collapse,Loudspeaker & Transducer Engineering (Science)
Coverage balloon,Loudspeaker & Transducer Engineering (Science)
Higher-order horn mode,Loudspeaker & Transducer Engineering (Science)
Mouth diffraction,Loudspeaker & Transducer Engineering (Science)
Throat reflection,Loudspeaker & Transducer Engineering (Science)
Horn honk,Loudspeaker & Transducer Engineering (Science)
Air nonlinearity,Loudspeaker & Transducer Engineering (Science)
Compression nonlinearity,Loudspeaker & Transducer Engineering (Science)
Acoustic compliance of enclosure,Loudspeaker & Transducer Engineering (Science)
Enclosure compliance,Loudspeaker & Transducer Engineering (Science)
Box compliance,Loudspeaker & Transducer Engineering (Science)
Enclosed-air stiffness,Loudspeaker & Transducer Engineering (Science)
Box loss,Loudspeaker & Transducer Engineering (Science)
Leakage loss,Loudspeaker & Transducer Engineering (Science)
Absorption loss,Loudspeaker & Transducer Engineering (Science)
Qa,Loudspeaker & Transducer Engineering (Science)
Ql,Loudspeaker & Transducer Engineering (Science)
Qp,Loudspeaker & Transducer Engineering (Science)
Total enclosure Q,Loudspeaker & Transducer Engineering (Science)
System resonance,Loudspeaker & Transducer Engineering (Science)
Closed-box resonance,Loudspeaker & Transducer Engineering (Science)
Fc,Loudspeaker & Transducer Engineering (Science)
Closed-box Q,Loudspeaker & Transducer Engineering (Science)
Qtc,Loudspeaker & Transducer Engineering (Science)
Compliance ratio,Loudspeaker & Transducer Engineering (Science)
Alpha ratio,Loudspeaker & Transducer Engineering (Science)
Butterworth alignment,Loudspeaker & Transducer Engineering (Science)
Bessel alignment,Loudspeaker & Transducer Engineering (Science)
Chebyshev alignment,Loudspeaker & Transducer Engineering (Science)
Linkwitz transform,Loudspeaker & Transducer Engineering (Science)
Extended bass shelf,Loudspeaker & Transducer Engineering (Science)
Quasi-Butterworth alignment,Loudspeaker & Transducer Engineering (Science)
SBB4 alignment,Loudspeaker & Transducer Engineering (Science)
QB3 alignment,Loudspeaker & Transducer Engineering (Science)
C4 alignment,Loudspeaker & Transducer Engineering (Science)
Passive-radiator alignment,Loudspeaker & Transducer Engineering (Science)
Vented-box alignment,Loudspeaker & Transducer Engineering (Science)
Box tuning frequency,Loudspeaker & Transducer Engineering (Science)
Fb,Loudspeaker & Transducer Engineering (Science)
Port air mass,Loudspeaker & Transducer Engineering (Science)
Port end correction,Loudspeaker & Transducer Engineering (Science)
Port acoustic resistance,Loudspeaker & Transducer Engineering (Science)
Port compression,Loudspeaker & Transducer Engineering (Science)
Port turbulence,Loudspeaker & Transducer Engineering (Science)
Port Mach number,Loudspeaker & Transducer Engineering (Science)
Port chuffing,Loudspeaker & Transducer Engineering (Science)
Organ-pipe resonance,Loudspeaker & Transducer Engineering (Science)
Pipe resonance,Loudspeaker & Transducer Engineering (Science)
Vent resonance,Loudspeaker & Transducer Engineering (Science)
Passive-radiator mass,Loudspeaker & Transducer Engineering (Science)
Passive-radiator compliance,Loudspeaker & Transducer Engineering (Science)
Passive-radiator excursion,Loudspeaker & Transducer Engineering (Science)
Transmission-line terminus,Loudspeaker & Transducer Engineering (Science)
Line taper,Loudspeaker & Transducer Engineering (Science)
Line stuffing,Loudspeaker & Transducer Engineering (Science)
Quarter-wave enclosure,Loudspeaker & Transducer Engineering (Science)
Mass-loaded transmission line,Loudspeaker & Transducer Engineering (Science)
Tapered quarter-wave tube,Loudspeaker & Transducer Engineering (Science)
Voigt pipe,Loudspeaker & Transducer Engineering (Science)
Aperiodic enclosure,Loudspeaker & Transducer Engineering (Science)
Resistive vent,Loudspeaker & Transducer Engineering (Science)
Variovent,Loudspeaker & Transducer Engineering (Science)
Lumped-parameter model,Loudspeaker & Transducer Engineering (Science)
Small-signal model,Loudspeaker & Transducer Engineering (Science)
Large-signal model,Loudspeaker & Transducer Engineering (Science)
Electro-mechano-acoustic equivalent circuit,Loudspeaker & Transducer Engineering (Science)
Mechanical equivalent circuit,Loudspeaker & Transducer Engineering (Science)
Mobility analogy,Loudspeaker & Transducer Engineering (Science)
Impedance analogy,Loudspeaker & Transducer Engineering (Science)
Electrical quality factor,Loudspeaker & Transducer Engineering (Science)
Mechanical quality factor,Loudspeaker & Transducer Engineering (Science)
Total quality factor,Loudspeaker & Transducer Engineering (Science)
Resonance frequency,Loudspeaker & Transducer Engineering (Science)
Equivalent compliance volume,Loudspeaker & Transducer Engineering (Science)
DC resistance,Loudspeaker & Transducer Engineering (Science)
Mechanical resistance,Loudspeaker & Transducer Engineering (Science)
Diaphragm mass,Loudspeaker & Transducer Engineering (Science)
Mmd,Loudspeaker & Transducer Engineering (Science)
Radiation mass,Loudspeaker & Transducer Engineering (Science)
Acoustic mass loading,Loudspeaker & Transducer Engineering (Science)
EBP,Loudspeaker & Transducer Engineering (Science)
Electrical damping,Loudspeaker & Transducer Engineering (Science)
Acoustic damping,Loudspeaker & Transducer Engineering (Science)
Mass corner,Loudspeaker & Transducer Engineering (Science)
Compliance corner,Loudspeaker & Transducer Engineering (Science)
Impedance peak,Loudspeaker & Transducer Engineering (Science)
Motional impedance,Loudspeaker & Transducer Engineering (Science)
Blocked impedance,Loudspeaker & Transducer Engineering (Science)
Motional branch,Loudspeaker & Transducer Engineering (Science)
Electrical branch,Loudspeaker & Transducer Engineering (Science)
Large-signal identification,Loudspeaker & Transducer Engineering (Science)
Nonlinear parameter identification,Loudspeaker & Transducer Engineering (Science)
Dynamic parameter measurement,Loudspeaker & Transducer Engineering (Science)
Quasi-static measurement,Loudspeaker & Transducer Engineering (Science)
Dynamic voice-coil position,Loudspeaker & Transducer Engineering (Science)
Instantaneous displacement,Loudspeaker & Transducer Engineering (Science)
Voice-coil current,Loudspeaker & Transducer Engineering (Science)
Voice-coil temperature,Loudspeaker & Transducer Engineering (Science)
Thermal state variable,Loudspeaker & Transducer Engineering (Science)
Nonlinear state-space model,Loudspeaker & Transducer Engineering (Science)
Lumped nonlinear model,Loudspeaker & Transducer Engineering (Science)
Parameter trajectory,Loudspeaker & Transducer Engineering (Science)
Working-point shift,Loudspeaker & Transducer Engineering (Science)
Dynamic DC displacement,Loudspeaker & Transducer Engineering (Science)
Rectified displacement,Loudspeaker & Transducer Engineering (Science)
Force-factor modulation,Loudspeaker & Transducer Engineering (Science)
Compliance modulation,Loudspeaker & Transducer Engineering (Science)
Inductance modulation,Loudspeaker & Transducer Engineering (Science)
Doppler modulation,Loudspeaker & Transducer Engineering (Science)
Amplitude modulation distortion,Loudspeaker & Transducer Engineering (Science)
Multitone distortion,Loudspeaker & Transducer Engineering (Science)
Rub-and-buzz distortion,Loudspeaker & Transducer Engineering (Science)
Loose-particle noise,Loudspeaker & Transducer Engineering (Science)
Air-leak noise,Loudspeaker & Transducer Engineering (Science)
Suspension noise,Loudspeaker & Transducer Engineering (Science)
Rocking-mode distortion,Loudspeaker & Transducer Engineering (Science)
Motor instability,Loudspeaker & Transducer Engineering (Science)
Thermal modulation,Loudspeaker & Transducer Engineering (Science)
Dynamic compression,Loudspeaker & Transducer Engineering (Science)
Instantaneous compression,Loudspeaker & Transducer Engineering (Science)
Sensitivity compression,Loudspeaker & Transducer Engineering (Science)
Thermal time constant,Loudspeaker & Transducer Engineering (Science)
Fast thermal time constant,Loudspeaker & Transducer Engineering (Science)
Slow thermal time constant,Loudspeaker & Transducer Engineering (Science)
Voice-coil thermal resistance,Loudspeaker & Transducer Engineering (Science)
Magnet thermal resistance,Loudspeaker & Transducer Engineering (Science)
Thermal capacitance,Loudspeaker & Transducer Engineering (Science)
Thermal runaway,Loudspeaker & Transducer Engineering (Science)
Balloon plot,Loudspeaker & Transducer Engineering (Science)
Polar map,Loudspeaker & Transducer Engineering (Science)
Directivity sonogram,Loudspeaker & Transducer Engineering (Science)
Directivity spectrogram,Loudspeaker & Transducer Engineering (Science)
Early-reflections curve,Loudspeaker & Transducer Engineering (Science)
Sound-power response,Loudspeaker & Transducer Engineering (Science)
Horizontal off-axis response,Loudspeaker & Transducer Engineering (Science)
Vertical off-axis response,Loudspeaker & Transducer Engineering (Science)
Constant directivity,Loudspeaker & Transducer Engineering (Science)
Directivity narrowing,Loudspeaker & Transducer Engineering (Science)
Directivity discontinuity,Loudspeaker & Transducer Engineering (Science)
Directivity mismatch,Loudspeaker & Transducer Engineering (Science)
Crossover lobing,Loudspeaker & Transducer Engineering (Science)
Vertical lobing,Loudspeaker & Transducer Engineering (Science)
Apparent acoustic center,Loudspeaker & Transducer Engineering (Science)
Phase center,Loudspeaker & Transducer Engineering (Science)
Virtual source,Loudspeaker & Transducer Engineering (Science)
Effective source size,Loudspeaker & Transducer Engineering (Science)
Piston directivity,Loudspeaker & Transducer Engineering (Science)
Baffle diffraction,Loudspeaker & Transducer Engineering (Science)
Edge diffraction,Loudspeaker & Transducer Engineering (Science)
Floor bounce,Loudspeaker & Transducer Engineering (Science)
Ceiling bounce,Loudspeaker & Transducer Engineering (Science)
SBIR,Loudspeaker & Transducer Engineering (Science)
Dipole null,Loudspeaker & Transducer Engineering (Science)
Dipole peak,Loudspeaker & Transducer Engineering (Science)
Dipole cancellation,Loudspeaker & Transducer Engineering (Science)
Cardioid radiation,Loudspeaker & Transducer Engineering (Science)
Gradient loudspeaker,Loudspeaker & Transducer Engineering (Science)
Acoustic resistance enclosure,Loudspeaker & Transducer Engineering (Science)
End-fire subwoofer array,Loudspeaker & Transducer Engineering (Science)
Broadside subwoofer array,Loudspeaker & Transducer Engineering (Science)
Gradient subwoofer array,Loudspeaker & Transducer Engineering (Science)
Steered array,Loudspeaker & Transducer Engineering (Science)
Shaded array,Loudspeaker & Transducer Engineering (Science)
Constant-beamwidth transducer,Loudspeaker & Transducer Engineering (Science)
Anechoic measurement,"Electroacoustics, DSP & Measurement Science"
Half-space measurement,"Electroacoustics, DSP & Measurement Science"
Full-space measurement,"Electroacoustics, DSP & Measurement Science"
Hemispherical measurement,"Electroacoustics, DSP & Measurement Science"
Far-field measurement,"Electroacoustics, DSP & Measurement Science"
Near-field–far-field splice,"Electroacoustics, DSP & Measurement Science"
Near-field scanner,"Electroacoustics, DSP & Measurement Science"
Klippel near-field scanner,"Electroacoustics, DSP & Measurement Science"
Holographic measurement,"Electroacoustics, DSP & Measurement Science"
Acoustic holography,"Electroacoustics, DSP & Measurement Science"
Near-field acoustic holography,"Electroacoustics, DSP & Measurement Science"
Boundary-element method,"Electroacoustics, DSP & Measurement Science"
Finite-element method,"Electroacoustics, DSP & Measurement Science"
Finite-difference time-domain,"Electroacoustics, DSP & Measurement Science"
FDTD acoustics,"Electroacoustics, DSP & Measurement Science"
Boundary-condition model,"Electroacoustics, DSP & Measurement Science"
Reciprocity measurement,"Electroacoustics, DSP & Measurement Science"
Dual-channel measurement,"Electroacoustics, DSP & Measurement Science"
Reference-channel measurement,"Electroacoustics, DSP & Measurement Science"
Logarithmic sine sweep,"Electroacoustics, DSP & Measurement Science"
Maximum-length sequence,"Electroacoustics, DSP & Measurement Science"
Time-delay spectrometry,"Electroacoustics, DSP & Measurement Science"
Time-windowed response,"Electroacoustics, DSP & Measurement Science"
Gated measurement,"Electroacoustics, DSP & Measurement Science"
Reflection-free window,"Electroacoustics, DSP & Measurement Science"
Time resolution,"Electroacoustics, DSP & Measurement Science"
Window leakage,"Electroacoustics, DSP & Measurement Science"
Transfer-function estimator,"Electroacoustics, DSP & Measurement Science"
H1 estimator,"Electroacoustics, DSP & Measurement Science"
H2 estimator,"Electroacoustics, DSP & Measurement Science"
Hv estimator,"Electroacoustics, DSP & Measurement Science"
Complex frequency response,"Electroacoustics, DSP & Measurement Science"
Minimum-phase response,"Electroacoustics, DSP & Measurement Science"
Excess-phase response,"Electroacoustics, DSP & Measurement Science"
Unwrapped phase,"Electroacoustics, DSP & Measurement Science"
Acoustic delay,"Electroacoustics, DSP & Measurement Science"
Excess group delay,"Electroacoustics, DSP & Measurement Science"
Harmonic distortion profile,"Electroacoustics, DSP & Measurement Science"
Second-harmonic distortion,"Electroacoustics, DSP & Measurement Science"
Third-harmonic distortion,"Electroacoustics, DSP & Measurement Science"
Higher-order harmonic distortion,"Electroacoustics, DSP & Measurement Science"
Difference-frequency distortion,"Electroacoustics, DSP & Measurement Science"
Modulation distortion,"Electroacoustics, DSP & Measurement Science"
Dynamic intermodulation distortion,"Electroacoustics, DSP & Measurement Science"
Transient intermodulation distortion,"Electroacoustics, DSP & Measurement Science"
Perceptual rub and buzz,"Electroacoustics, DSP & Measurement Science"
Crest-factor degradation,"Electroacoustics, DSP & Measurement Science"
Noncoherent distortion,"Electroacoustics, DSP & Measurement Science"
Coherent distortion,"Electroacoustics, DSP & Measurement Science"
Residual distortion,"Electroacoustics, DSP & Measurement Science"
Distortion residue,"Electroacoustics, DSP & Measurement Science"
Nonlinear impulse response,"Electroacoustics, DSP & Measurement Science"
Higher-order impulse response,"Electroacoustics, DSP & Measurement Science"
Volterra series,"Electroacoustics, DSP & Measurement Science"
Hammerstein model,"Electroacoustics, DSP & Measurement Science"
Wiener model,"Electroacoustics, DSP & Measurement Science"
Wiener–Hammerstein model,"Electroacoustics, DSP & Measurement Science"
Farina harmonic separation,"Electroacoustics, DSP & Measurement Science"
Compression threshold,"Electroacoustics, DSP & Measurement Science"
Linearity threshold,"Electroacoustics, DSP & Measurement Science"
Maximum linear SPL,"Electroacoustics, DSP & Measurement Science"
Maximum usable SPL,"Electroacoustics, DSP & Measurement Science"
Multitone coherence,"Electroacoustics, DSP & Measurement Science"
Spectral contamination,"Electroacoustics, DSP & Measurement Science"
Spurious-free dynamic range,"Electroacoustics, DSP & Measurement Science"
Maximum linear output,"Electroacoustics, DSP & Measurement Science"
Maximum acoustic output,"Electroacoustics, DSP & Measurement Science"
Maximum continuous SPL,"Electroacoustics, DSP & Measurement Science"
Maximum peak SPL,"Electroacoustics, DSP & Measurement Science"
Short-term maximum SPL,"Electroacoustics, DSP & Measurement Science"
Long-term maximum SPL,"Electroacoustics, DSP & Measurement Science"
Burst SPL,"Electroacoustics, DSP & Measurement Science"
Peak-to-average ratio,"Electroacoustics, DSP & Measurement Science"
Compression-limited output,"Electroacoustics, DSP & Measurement Science"
Distortion-limited output,"Electroacoustics, DSP & Measurement Science"
Excursion-limited output,"Electroacoustics, DSP & Measurement Science"
Voltage-limited output,"Electroacoustics, DSP & Measurement Science"
Current-limited output,"Electroacoustics, DSP & Measurement Science"
Continuous power handling,"Electroacoustics, DSP & Measurement Science"
Peak power,"Electroacoustics, DSP & Measurement Science"
Short-term power,"Electroacoustics, DSP & Measurement Science"
Long-term power,"Electroacoustics, DSP & Measurement Science"
Power-test noise,"Electroacoustics, DSP & Measurement Science"
Pink-noise power test,"Electroacoustics, DSP & Measurement Science"
Shaped-noise test,"Electroacoustics, DSP & Measurement Science"
IEC noise,"Electroacoustics, DSP & Measurement Science"
M-Noise,"Electroacoustics, DSP & Measurement Science"
Maximum linear sound level,"Electroacoustics, DSP & Measurement Science"
Acoustic compression,"Electroacoustics, DSP & Measurement Science"
Magnitude linearity,"Electroacoustics, DSP & Measurement Science"
Coherence degradation,"Electroacoustics, DSP & Measurement Science"
Test-signal spectrum,"Electroacoustics, DSP & Measurement Science"
Spectral crest factor,"Electroacoustics, DSP & Measurement Science"
Integrating sound-level meter,"Electroacoustics, DSP & Measurement Science"
Integrating-averaging sound-level meter,"Electroacoustics, DSP & Measurement Science"
Time-weighting sound-level meter,"Electroacoustics, DSP & Measurement Science"
Exponential time weighting,"Electroacoustics, DSP & Measurement Science"
Fast time weighting,"Electroacoustics, DSP & Measurement Science"
Slow time weighting,"Electroacoustics, DSP & Measurement Science"
Impulse time weighting,"Electroacoustics, DSP & Measurement Science"
Sound exposure,"Electroacoustics, DSP & Measurement Science"
Sound exposure level,"Electroacoustics, DSP & Measurement Science"
Time-average sound level,"Electroacoustics, DSP & Measurement Science"
Equivalent continuous sound level,"Electroacoustics, DSP & Measurement Science"
LZeq,"Electroacoustics, DSP & Measurement Science"
Maximum sound level,"Electroacoustics, DSP & Measurement Science"
Minimum sound level,"Electroacoustics, DSP & Measurement Science"
LAFmax,"Electroacoustics, DSP & Measurement Science"
LASmax,"Electroacoustics, DSP & Measurement Science"
LCFmax,"Electroacoustics, DSP & Measurement Science"
Peak C-weighted level,"Electroacoustics, DSP & Measurement Science"
Statistical sound level,"Electroacoustics, DSP & Measurement Science"
Exceedance level,"Electroacoustics, DSP & Measurement Science"
Percentile level,"Electroacoustics, DSP & Measurement Science"
Day–night average sound level,"Electroacoustics, DSP & Measurement Science"
Community-noise equivalent level,"Electroacoustics, DSP & Measurement Science"
Noise dose,"Electroacoustics, DSP & Measurement Science"
Exchange rate,"Electroacoustics, DSP & Measurement Science"
Criterion level,"Electroacoustics, DSP & Measurement Science"
Threshold level,"Electroacoustics, DSP & Measurement Science"
Octave-band level,"Electroacoustics, DSP & Measurement Science"
Fractional-octave-band level,"Electroacoustics, DSP & Measurement Science"
One-third-octave analysis,"Electroacoustics, DSP & Measurement Science"
Tonality,"Electroacoustics, DSP & Measurement Science"
Prominent discrete tone,"Electroacoustics, DSP & Measurement Science"
Impulsiveness,"Electroacoustics, DSP & Measurement Science"
Event sound level,"Electroacoustics, DSP & Measurement Science"
Maximum-event level,"Electroacoustics, DSP & Measurement Science"
Background sound level,"Electroacoustics, DSP & Measurement Science"
Residual sound level,"Electroacoustics, DSP & Measurement Science"
Specific sound level,"Electroacoustics, DSP & Measurement Science"
Rating level,"Electroacoustics, DSP & Measurement Science"
Active intensity,"Electroacoustics, DSP & Measurement Science"
Reactive intensity,"Electroacoustics, DSP & Measurement Science"
Instantaneous intensity,"Electroacoustics, DSP & Measurement Science"
Time-averaged intensity,"Electroacoustics, DSP & Measurement Science"
Intensity vector,"Electroacoustics, DSP & Measurement Science"
Intensity probe,"Electroacoustics, DSP & Measurement Science"
Pressure–pressure intensity probe,"Electroacoustics, DSP & Measurement Science"
Pressure–velocity intensity probe,"Electroacoustics, DSP & Measurement Science"
Phase mismatch,"Electroacoustics, DSP & Measurement Science"
Residual intensity,"Electroacoustics, DSP & Measurement Science"
Pressure–intensity index,"Electroacoustics, DSP & Measurement Science"
Field reactivity,"Electroacoustics, DSP & Measurement Science"
Dynamic capability,"Electroacoustics, DSP & Measurement Science"
Spacer distance,"Electroacoustics, DSP & Measurement Science"
Probe orientation,"Electroacoustics, DSP & Measurement Science"
Surface scanning,"Electroacoustics, DSP & Measurement Science"
Discrete-point measurement,"Electroacoustics, DSP & Measurement Science"
Measurement surface,"Electroacoustics, DSP & Measurement Science"
Enveloping surface,"Electroacoustics, DSP & Measurement Science"
Acoustic-power determination,"Electroacoustics, DSP & Measurement Science"
Sound-power source,"Electroacoustics, DSP & Measurement Science"
Reference sound source,"Electroacoustics, DSP & Measurement Science"
Comparison method,"Electroacoustics, DSP & Measurement Science"
Reverberation-room method,"Electroacoustics, DSP & Measurement Science"
Anechoic-room method,"Electroacoustics, DSP & Measurement Science"
Intensity method,"Electroacoustics, DSP & Measurement Science"
Engineering-grade measurement,"Electroacoustics, DSP & Measurement Science"
Precision-grade measurement,"Electroacoustics, DSP & Measurement Science"
Survey-grade measurement,"Electroacoustics, DSP & Measurement Science"
Directivity correction,"Electroacoustics, DSP & Measurement Science"
Environmental correction,"Electroacoustics, DSP & Measurement Science"
Background-noise correction,"Electroacoustics, DSP & Measurement Science"
Near-field correction,"Electroacoustics, DSP & Measurement Science"
Modal region,Acoustics & Wave Physics (Science)
Transition region,Acoustics & Wave Physics (Science)
Statistical region,Acoustics & Wave Physics (Science)
Modal spacing,Acoustics & Wave Physics (Science)
Mean absorption coefficient,Acoustics & Wave Physics (Science)
Sabine absorption,Acoustics & Wave Physics (Science)
Eyring absorption,Acoustics & Wave Physics (Science)
Reverberation radius,Acoustics & Wave Physics (Science)
Non-diffuse sound field,Acoustics & Wave Physics (Science)
Sound-field diffuseness,Acoustics & Wave Physics (Science)
Spatial variance,Acoustics & Wave Physics (Science)
Energy decay curve,Acoustics & Wave Physics (Science)
Schroeder integration,Acoustics & Wave Physics (Science)
Reverse-time integration,Acoustics & Wave Physics (Science)
Interrupted-noise method,Acoustics & Wave Physics (Science)
Integrated impulse-response method,Acoustics & Wave Physics (Science)
T10,Acoustics & Wave Physics (Science)
Center time,Acoustics & Wave Physics (Science)
Ts,Acoustics & Wave Physics (Science)
Definition,Acoustics & Wave Physics (Science)
C50,Acoustics & Wave Physics (Science)
C80,Acoustics & Wave Physics (Science)
Strength,Acoustics & Wave Physics (Science)
Bass ratio,Acoustics & Wave Physics (Science)
Brilliance,Acoustics & Wave Physics (Science)
Lateral-energy fraction,Acoustics & Wave Physics (Science)
Late lateral sound level,Acoustics & Wave Physics (Science)
Interaural cross-correlation coefficient,Acoustics & Wave Physics (Science)
Binaural quality index,Acoustics & Wave Physics (Science)
Stage support,Acoustics & Wave Physics (Science)
STearly,Acoustics & Wave Physics (Science)
STlate,Acoustics & Wave Physics (Science)
Echo criterion,Acoustics & Wave Physics (Science)
Speech clarity,Acoustics & Wave Physics (Science)
Musical clarity,Acoustics & Wave Physics (Science)
Spatial impression,Acoustics & Wave Physics (Science)
Finite-element analysis,Acoustics & Wave Physics (Science)
Boundary-element analysis,Acoustics & Wave Physics (Science)
Finite-difference method,Acoustics & Wave Physics (Science)
Discontinuous Galerkin method,Acoustics & Wave Physics (Science)
Spectral-element method,Acoustics & Wave Physics (Science)
Wave-based method,Acoustics & Wave Physics (Science)
Ray tracing,Acoustics & Wave Physics (Science)
Image-source method,Acoustics & Wave Physics (Science)
Beam tracing,Acoustics & Wave Physics (Science)
Phonon tracing,Acoustics & Wave Physics (Science)
Geometrical-acoustics simulation,Acoustics & Wave Physics (Science)
Hybrid acoustic simulation,Acoustics & Wave Physics (Science)
Statistical energy analysis,Acoustics & Wave Physics (Science)
SEA,Acoustics & Wave Physics (Science)
Energy finite-element analysis,Acoustics & Wave Physics (Science)
Transfer-matrix method,Acoustics & Wave Physics (Science)
Transmission-line matrix,Acoustics & Wave Physics (Science)
Equivalent-fluid model,Acoustics & Wave Physics (Science)
Johnson–Champoux–Allard model,Acoustics & Wave Physics (Science)
Biot theory,Acoustics & Wave Physics (Science)
Poroelastic model,Acoustics & Wave Physics (Science)
Perfectly matched layer,Acoustics & Wave Physics (Science)
Absorbing boundary condition,Acoustics & Wave Physics (Science)
Mesh convergence,Acoustics & Wave Physics (Science)
Element order,Acoustics & Wave Physics (Science)
Numerical dispersion,Acoustics & Wave Physics (Science)
Numerical dissipation,Acoustics & Wave Physics (Science)
Courant condition,Acoustics & Wave Physics (Science)
Spatial discretization,Acoustics & Wave Physics (Science)
Temporal discretization,Acoustics & Wave Physics (Science)
Model-order reduction,Acoustics & Wave Physics (Science)
Reduced-order model,Acoustics & Wave Physics (Science)
Lumped-element approximation,Acoustics & Wave Physics (Science)
Distributed-parameter model,Acoustics & Wave Physics (Science)
Coupled-field simulation,Acoustics & Wave Physics (Science)
Multiphysics simulation,Acoustics & Wave Physics (Science)
Fibrous absorber,Acoustics & Wave Physics (Science)
Open-cell foam,Acoustics & Wave Physics (Science)
Closed-cell foam,Acoustics & Wave Physics (Science)
Flow resistivity,Acoustics & Wave Physics (Science)
Tortuosity,Acoustics & Wave Physics (Science)
Porosity,Acoustics & Wave Physics (Science)
Viscous characteristic length,Acoustics & Wave Physics (Science)
Thermal characteristic length,Acoustics & Wave Physics (Science)
Bulk density,Acoustics & Wave Physics (Science)
Complex bulk modulus,Acoustics & Wave Physics (Science)
Complex density,Acoustics & Wave Physics (Science)
Propagation constant,Acoustics & Wave Physics (Science)
Normal-incidence impedance,Acoustics & Wave Physics (Science)
Surface impedance,Acoustics & Wave Physics (Science)
Slotted-panel absorber,Acoustics & Wave Physics (Science)
Distributed Helmholtz resonator,Acoustics & Wave Physics (Science)
Quarter-wave absorber,Acoustics & Wave Physics (Science)
Locally reacting absorber,Acoustics & Wave Physics (Science)
Nonlocally reacting absorber,Acoustics & Wave Physics (Science)
Acoustic black hole,Acoustics & Wave Physics (Science)
Sonic crystal,Acoustics & Wave Physics (Science)
Phononic bandgap,Acoustics & Wave Physics (Science)
Coiled-space resonator,Acoustics & Wave Physics (Science)
Space-coiling metamaterial,Acoustics & Wave Physics (Science)
Labyrinthine metamaterial,Acoustics & Wave Physics (Science)
Acoustic metasurface,Acoustics & Wave Physics (Science)
Gradient-index acoustic material,Acoustics & Wave Physics (Science)
Acoustic impedance matching layer,Acoustics & Wave Physics (Science)
Anechoic coating,Acoustics & Wave Physics (Science)
Constrained-layer damping material,Acoustics & Wave Physics (Science)
Piezoelectric element,Ultrasonics & Underwater Acoustics
Piezoelectric stack,Ultrasonics & Underwater Acoustics
Langevin transducer,Ultrasonics & Underwater Acoustics
Tonpilz transducer,Ultrasonics & Underwater Acoustics
Flextensional transducer,Ultrasonics & Underwater Acoustics
Cymbal transducer,Ultrasonics & Underwater Acoustics
Capacitive micromachined ultrasonic transducer,Ultrasonics & Underwater Acoustics
CMUT,Ultrasonics & Underwater Acoustics
Piezoelectric micromachined ultrasonic transducer,Ultrasonics & Underwater Acoustics
PMUT,Ultrasonics & Underwater Acoustics
Ultrasonic horn,Ultrasonics & Underwater Acoustics
Sonotrode,Ultrasonics & Underwater Acoustics
Acoustic matching layer,Ultrasonics & Underwater Acoustics
Backing layer,Ultrasonics & Underwater Acoustics
Quarter-wave matching layer,Ultrasonics & Underwater Acoustics
Electromechanical coupling coefficient,Ultrasonics & Underwater Acoustics
Thickness mode,Ultrasonics & Underwater Acoustics
Lateral mode,Ultrasonics & Underwater Acoustics
Shear mode,Ultrasonics & Underwater Acoustics
Pulse-echo mode,Ultrasonics & Underwater Acoustics
Through-transmission mode,Ultrasonics & Underwater Acoustics
Time-of-flight diffraction,Ultrasonics & Underwater Acoustics
Ultrasonic attenuation,Ultrasonics & Underwater Acoustics
Acoustic-emission sensor,Ultrasonics & Underwater Acoustics
Guided-wave inspection,Ultrasonics & Underwater Acoustics
Phased-array ultrasonics,Ultrasonics & Underwater Acoustics
Electronic focusing,Ultrasonics & Underwater Acoustics
Focal law,Ultrasonics & Underwater Acoustics
Near-field length,Ultrasonics & Underwater Acoustics
Dead zone,Ultrasonics & Underwater Acoustics
Axial resolution,Ultrasonics & Underwater Acoustics
Lateral resolution,Ultrasonics & Underwater Acoustics
Doppler shift,Ultrasonics & Underwater Acoustics
Continuous-wave Doppler,Ultrasonics & Underwater Acoustics
Pulsed-wave Doppler,Ultrasonics & Underwater Acoustics
Acoustic radiation-force impulse,Ultrasonics & Underwater Acoustics
Shear-wave elastography,Ultrasonics & Underwater Acoustics
Vector hydrophone,Ultrasonics & Underwater Acoustics
Pressure hydrophone,Ultrasonics & Underwater Acoustics
Particle-velocity hydrophone,Ultrasonics & Underwater Acoustics
Sonobuoy,Ultrasonics & Underwater Acoustics
Towed array,Ultrasonics & Underwater Acoustics
Hull-mounted array,Ultrasonics & Underwater Acoustics
Flank array,Ultrasonics & Underwater Acoustics
Planar sonar array,Ultrasonics & Underwater Acoustics
Spherical sonar array,Ultrasonics & Underwater Acoustics
Beamformed sonar,Ultrasonics & Underwater Acoustics
Active sonar,Ultrasonics & Underwater Acoustics
Passive sonar,Ultrasonics & Underwater Acoustics
Multibeam sonar,Ultrasonics & Underwater Acoustics
Side-scan sonar,Ultrasonics & Underwater Acoustics
Synthetic-aperture sonar,Ultrasonics & Underwater Acoustics
Forward-looking sonar,Ultrasonics & Underwater Acoustics
Echo sounder,Ultrasonics & Underwater Acoustics
Pinger,Ultrasonics & Underwater Acoustics
Transponder,Ultrasonics & Underwater Acoustics
Underwater acoustic modem,Ultrasonics & Underwater Acoustics
Sound-speed profile,Ultrasonics & Underwater Acoustics
Thermocline,Ultrasonics & Underwater Acoustics
SOFAR channel,Ultrasonics & Underwater Acoustics
Deep sound channel,Ultrasonics & Underwater Acoustics
Surface duct,Ultrasonics & Underwater Acoustics
Bottom bounce,Ultrasonics & Underwater Acoustics
Convergence zone,Ultrasonics & Underwater Acoustics
Multipath propagation,Ultrasonics & Underwater Acoustics
Reverberation level,Ultrasonics & Underwater Acoustics
Target strength,Ultrasonics & Underwater Acoustics
Source level,Ultrasonics & Underwater Acoustics
Detection threshold,Ultrasonics & Underwater Acoustics
Ambient-noise level,Ultrasonics & Underwater Acoustics
Cavitation noise,Ultrasonics & Underwater Acoustics
Array gain,Ultrasonics & Underwater Acoustics
Directivity gain,Ultrasonics & Underwater Acoustics
Processing gain,Ultrasonics & Underwater Acoustics
Matched-field processing,Ultrasonics & Underwater Acoustics
Photoacoustic effect,Microphone Engineering & Transduction (Science)
Optoacoustic effect,Microphone Engineering & Transduction (Science)
Photoacoustic spectroscopy,Microphone Engineering & Transduction (Science)
Photoacoustic cell,Microphone Engineering & Transduction (Science)
Resonant photoacoustic cell,Microphone Engineering & Transduction (Science)
Nonresonant photoacoustic cell,Microphone Engineering & Transduction (Science)
Laser Doppler vibrometry,Microphone Engineering & Transduction (Science)
Scanning laser Doppler vibrometry,Microphone Engineering & Transduction (Science)
Heterodyne interferometry,Microphone Engineering & Transduction (Science)
Homodyne interferometry,Microphone Engineering & Transduction (Science)
Optical microphone,Microphone Engineering & Transduction (Science)
Fabry–Pérot microphone,Microphone Engineering & Transduction (Science)
Mach–Zehnder interferometer,Microphone Engineering & Transduction (Science)
Michelson interferometer,Microphone Engineering & Transduction (Science)
Optical phase modulation,Microphone Engineering & Transduction (Science)
Optical intensity modulation,Microphone Engineering & Transduction (Science)
Speckle interferometry,Microphone Engineering & Transduction (Science)
Remote vibrometry,Microphone Engineering & Transduction (Science)
Surface-velocity measurement,Microphone Engineering & Transduction (Science)
Noncontact vibration measurement,Microphone Engineering & Transduction (Science)
Photothermal excitation,Microphone Engineering & Transduction (Science)
Photoacoustic imaging,Microphone Engineering & Transduction (Science)
Optoacoustic tomography,Microphone Engineering & Transduction (Science)
Laser ultrasonics,Microphone Engineering & Transduction (Science)
Interferometric displacement sensitivity,Microphone Engineering & Transduction (Science)
Auditory filter,Psychoacoustics & Hearing Science
Equivalent rectangular bandwidth,Psychoacoustics & Hearing Science
ERB,Psychoacoustics & Hearing Science
Critical-band rate,Psychoacoustics & Hearing Science
Mel scale,Psychoacoustics & Hearing Science
Auditory excitation pattern,Psychoacoustics & Hearing Science
Specific loudness,Psychoacoustics & Hearing Science
Loudness level,Psychoacoustics & Hearing Science
Sone,Psychoacoustics & Hearing Science
Partial loudness,Psychoacoustics & Hearing Science
Binaural loudness,Psychoacoustics & Hearing Science
Loudness summation,Psychoacoustics & Hearing Science
Spectral loudness summation,Psychoacoustics & Hearing Science
Auditory compression,Psychoacoustics & Hearing Science
Cochlear compression,Psychoacoustics & Hearing Science
Simultaneous masking,Psychoacoustics & Hearing Science
Forward masking,Psychoacoustics & Hearing Science
Backward masking,Psychoacoustics & Hearing Science
Informational masking,Psychoacoustics & Hearing Science
Energetic masking,Psychoacoustics & Hearing Science
Masking release,Psychoacoustics & Hearing Science
Comodulation masking release,Psychoacoustics & Hearing Science
Equalization-cancellation model,Psychoacoustics & Hearing Science
Pitch salience,Psychoacoustics & Hearing Science
Residue pitch,Psychoacoustics & Hearing Science
Spectral pitch,Psychoacoustics & Hearing Science
Temporal pitch,Psychoacoustics & Hearing Science
Roughness,Psychoacoustics & Hearing Science
Fluctuation strength,Psychoacoustics & Hearing Science
Sensory pleasantness,Psychoacoustics & Hearing Science
Annoyance,Psychoacoustics & Hearing Science
Stream segregation,Psychoacoustics & Hearing Science
Auditory object,Psychoacoustics & Hearing Science
Common-fate grouping,Psychoacoustics & Hearing Science
Harmonicity cue,Psychoacoustics & Hearing Science
Onset synchrony,Psychoacoustics & Hearing Science
Spectral spread,Psychoacoustics & Hearing Science
Temporal envelope,Psychoacoustics & Hearing Science
Fine-structure cue,Psychoacoustics & Hearing Science
HRTF,Spatial Audio & Reproduction Science
Head-related impulse response,Spatial Audio & Reproduction Science
HRIR,Spatial Audio & Reproduction Science
Interaural phase difference,Spatial Audio & Reproduction Science
Interaural cross-correlation,Spatial Audio & Reproduction Science
Cone of confusion,Spatial Audio & Reproduction Science
Front–back reversal,Spatial Audio & Reproduction Science
Externalization,Spatial Audio & Reproduction Science
Intracranial localization,Spatial Audio & Reproduction Science
Auditory parallax,Spatial Audio & Reproduction Science
Dynamic localization cue,Spatial Audio & Reproduction Science
Head-motion cue,Spatial Audio & Reproduction Science
Pinna cue,Spatial Audio & Reproduction Science
Spectral notch,Spatial Audio & Reproduction Science
Binaural room impulse response,Spatial Audio & Reproduction Science
BRIR,Spatial Audio & Reproduction Science
Binaural synthesis,Spatial Audio & Reproduction Science
Binaural rendering,Spatial Audio & Reproduction Science
Crosstalk cancellation,Spatial Audio & Reproduction Science
Transaural reproduction,Spatial Audio & Reproduction Science
Ambisonics,Spatial Audio & Reproduction Science
Spherical harmonic decomposition,Spatial Audio & Reproduction Science
Ambisonic order,Spatial Audio & Reproduction Science
Ambisonic normalization,Spatial Audio & Reproduction Science
Near-field compensation,Spatial Audio & Reproduction Science
Radial filter,Spatial Audio & Reproduction Science
Plane-wave decomposition,Spatial Audio & Reproduction Science
Wave-field synthesis,Spatial Audio & Reproduction Science
Kirchhoff–Helmholtz integral,Spatial Audio & Reproduction Science
Huygens principle,Spatial Audio & Reproduction Science
Sound-field synthesis,Spatial Audio & Reproduction Science
Sound-zone control,Spatial Audio & Reproduction Science
Personal sound zone,Spatial Audio & Reproduction Science
Acoustic contrast control,Spatial Audio & Reproduction Science
Pressure matching,Spatial Audio & Reproduction Science
Multizone reproduction,Spatial Audio & Reproduction Science
Instantaneous amplitude,"Electroacoustics, DSP & Measurement Science"
Instantaneous phase,"Electroacoustics, DSP & Measurement Science"
Instantaneous frequency,"Electroacoustics, DSP & Measurement Science"
Complex envelope,"Electroacoustics, DSP & Measurement Science"
Quadrature signal,"Electroacoustics, DSP & Measurement Science"
Time–frequency representation,"Electroacoustics, DSP & Measurement Science"
Continuous wavelet transform,"Electroacoustics, DSP & Measurement Science"
Discrete wavelet transform,"Electroacoustics, DSP & Measurement Science"
Wigner–Ville distribution,"Electroacoustics, DSP & Measurement Science"
Cohen's class,"Electroacoustics, DSP & Measurement Science"
Reassigned spectrogram,"Electroacoustics, DSP & Measurement Science"
Synchrosqueezing,"Electroacoustics, DSP & Measurement Science"
Constant-Q transform,"Electroacoustics, DSP & Measurement Science"
Gammatone transform,"Electroacoustics, DSP & Measurement Science"
Auditory filterbank,"Electroacoustics, DSP & Measurement Science"
Mel-frequency spectrum,"Electroacoustics, DSP & Measurement Science"
Real cepstrum,"Electroacoustics, DSP & Measurement Science"
Complex cepstrum,"Electroacoustics, DSP & Measurement Science"
Power cepstrum,"Electroacoustics, DSP & Measurement Science"
Quefrency,"Electroacoustics, DSP & Measurement Science"
Liftering,"Electroacoustics, DSP & Measurement Science"
Homomorphic analysis,"Electroacoustics, DSP & Measurement Science"
Bispectrum,"Electroacoustics, DSP & Measurement Science"
Bicoherence,"Electroacoustics, DSP & Measurement Science"
Higher-order spectrum,"Electroacoustics, DSP & Measurement Science"
Cyclostationary analysis,"Electroacoustics, DSP & Measurement Science"
Order tracking,"Electroacoustics, DSP & Measurement Science"
Synchronous averaging,"Electroacoustics, DSP & Measurement Science"
Envelope analysis,"Electroacoustics, DSP & Measurement Science"
Spectral kurtosis,"Electroacoustics, DSP & Measurement Science"
Kurtogram,"Electroacoustics, DSP & Measurement Science"
Coherence function,"Electroacoustics, DSP & Measurement Science"
Partial coherence,"Electroacoustics, DSP & Measurement Science"
Multiple coherence,"Electroacoustics, DSP & Measurement Science"
Operational transfer-path analysis,"Electroacoustics, DSP & Measurement Science"
Independent-component analysis,"Electroacoustics, DSP & Measurement Science"
Nonnegative matrix factorization,"Electroacoustics, DSP & Measurement Science"
Metrology,"Electroacoustics, DSP & Measurement Science"
Acoustical metrology,"Electroacoustics, DSP & Measurement Science"
Measurand,"Electroacoustics, DSP & Measurement Science"
Measurement model,"Electroacoustics, DSP & Measurement Science"
Measurement function,"Electroacoustics, DSP & Measurement Science"
Indication,"Electroacoustics, DSP & Measurement Science"
Measurement result,"Electroacoustics, DSP & Measurement Science"
Adjustment,"Electroacoustics, DSP & Measurement Science"
Validation,"Electroacoustics, DSP & Measurement Science"
Traceability,"Electroacoustics, DSP & Measurement Science"
Metrological traceability,"Electroacoustics, DSP & Measurement Science"
Reference standard,"Electroacoustics, DSP & Measurement Science"
Primary standard,"Electroacoustics, DSP & Measurement Science"
Secondary standard,"Electroacoustics, DSP & Measurement Science"
Working standard,"Electroacoustics, DSP & Measurement Science"
Transfer standard,"Electroacoustics, DSP & Measurement Science"
Calibration hierarchy,"Electroacoustics, DSP & Measurement Science"
Standard uncertainty,"Electroacoustics, DSP & Measurement Science"
Combined standard uncertainty,"Electroacoustics, DSP & Measurement Science"
Coverage factor,"Electroacoustics, DSP & Measurement Science"
Coverage probability,"Electroacoustics, DSP & Measurement Science"
Type A evaluation,"Electroacoustics, DSP & Measurement Science"
Type B evaluation,"Electroacoustics, DSP & Measurement Science"
Uncertainty budget,"Electroacoustics, DSP & Measurement Science"
Sensitivity coefficient,"Electroacoustics, DSP & Measurement Science"
Error distribution,"Electroacoustics, DSP & Measurement Science"
Repeatability,"Electroacoustics, DSP & Measurement Science"
Reproducibility,"Electroacoustics, DSP & Measurement Science"
Intermediate precision,"Electroacoustics, DSP & Measurement Science"
Resolution,"Electroacoustics, DSP & Measurement Science"
Accuracy,"Electroacoustics, DSP & Measurement Science"
Precision,"Electroacoustics, DSP & Measurement Science"
Systematic error,"Electroacoustics, DSP & Measurement Science"
Random error,"Electroacoustics, DSP & Measurement Science"
Linearity error,"Electroacoustics, DSP & Measurement Science"
Hysteresis error,"Electroacoustics, DSP & Measurement Science"
Long-term stability,"Electroacoustics, DSP & Measurement Science"
Short-term stability,"Electroacoustics, DSP & Measurement Science"
Calibration correction,"Electroacoustics, DSP & Measurement Science"
Influence quantity,"Electroacoustics, DSP & Measurement Science"
Guard band,"Electroacoustics, DSP & Measurement Science"
Decision rule,"Electroacoustics, DSP & Measurement Science"
Measurement tolerance,"Electroacoustics, DSP & Measurement Science"
