term,proposed_topic,source_batch
AA-IIR,General Audio & Signal Terms (Standards),Standards list
ADM Lookup Chunk,"Immersive, Object & Scene Audio (Standards)",Standards list
AES EtherType,Audio Transport & Networking (Standards),Standards list
AES Organizationally Unique Identifier,Audio Transport & Networking (Standards),Standards list
AES protocol identifier,Audio Transport & Networking (Standards),Standards list
AES3 block,Audio Transport & Networking (Standards),Standards list
AES3 frame,Audio Transport & Networking (Standards),Standards list
ATM adaptation-layer parameter,Audio Transport & Networking (Standards),Standards list
ATM audio call,Audio Transport & Networking (Standards),Standards list
ATM interworking,Audio Transport & Networking (Standards),Standards list
AXML Chunk,Audio Metadata & File Formats (Standards),Standards list
Abnormal Growth of Loudness,Broadcast Loudness & Compliance,Standards list
Absolute Gating Threshold,Broadcast Loudness & Compliance,Standards list
Absolute Limen,Psychoacoustics & Audiology (Standards),Standards list
Absolute object position,"Immersive, Object & Scene Audio (Standards)",Standards list
Absolute-polarity inversion,General Audio & Signal Terms (Standards),Standards list
Absorption loss,Room & Building Acoustics (Standards),Standards list
Access unit,Perceptual Audio Coding (Standards),Standards list
Accessibility metadata,Audio Metadata & File Formats (Standards),Standards list
Accessibility presentation,"Speech, Dialogue & Enhancement (Standards)",Standards list
Acoustic Activity Index,Room & Building Acoustics (Standards),Standards list
Acoustic Attenuation Constant,Room & Building Acoustics (Standards),Standards list
Acoustic Black Hole,Room & Building Acoustics (Standards),Standards list
Acoustic Bridge,Room & Building Acoustics (Standards),Standards list
Acoustic Dispersion,Room & Building Acoustics (Standards),Standards list
Acoustic Encounter,Room & Building Acoustics (Standards),Standards list
Acoustic Equivalent Volume,Room & Building Acoustics (Standards),Standards list
Acoustic Localization Error,Room & Building Acoustics (Standards),Standards list
Acoustic Radiation Force,Room & Building Acoustics (Standards),Standards list
Acoustic Streaming,Room & Building Acoustics (Standards),Standards list
Acoustic admittance,"Immersive, Object & Scene Audio (Standards)",Standards list
Acoustic appropriateness,Room & Building Acoustics (Standards),Standards list
Acoustic boundary,Room & Building Acoustics (Standards),Standards list
Acoustic coupler,Room & Building Acoustics (Standards),Standards list
Acoustic diffraction,Room & Building Acoustics (Standards),Standards list
Acoustic energy map,Room & Building Acoustics (Standards),Standards list
Acoustic environment model,Room & Building Acoustics (Standards),Standards list
Acoustic impedance of water,Room & Building Acoustics (Standards),Standards list
Acoustic multitarget tracking,Room & Building Acoustics (Standards),Standards list
Acoustic obstruction,Room & Building Acoustics (Standards),Standards list
Acoustic opening,Room & Building Acoustics (Standards),Standards list
Acoustic particle acceleration,Room & Building Acoustics (Standards),Standards list
Acoustic particle motion,Room & Building Acoustics (Standards),Standards list
Acoustic prediction data set,Room & Building Acoustics (Standards),Standards list
Acoustic privacy,Room & Building Acoustics (Standards),Standards list
Acoustic ray,Room & Building Acoustics (Standards),Standards list
Acoustic ray path,Room & Building Acoustics (Standards),Standards list
Acoustic region,Room & Building Acoustics (Standards),Standards list
Acoustic source trajectory,Room & Building Acoustics (Standards),Standards list
Acoustic transfer impedance,Room & Building Acoustics (Standards),Standards list
Acoustic transfer-function vector,Room & Building Acoustics (Standards),Standards list
Acoustic visibility,Room & Building Acoustics (Standards),Standards list
Acoustic zone,Room & Building Acoustics (Standards),Standards list
Acoustic-command injection,Room & Building Acoustics (Standards),Standards list
Acoustic-environment recording,Room & Building Acoustics (Standards),Standards list
Acoustic-response parameterization,Room & Building Acoustics (Standards),Standards list
Acoustic-scene graph,"Immersive, Object & Scene Audio (Standards)",Standards list
Acoustic-scene navigation,"Immersive, Object & Scene Audio (Standards)",Standards list
Across-Ear Envelope Comparison,MPEG-7 Descriptors & Machine Listening (Standards),Standards list
Across-Formant Grouping,Psychoacoustics & Audiology (Standards),Standards list
Across-Modal Influence,Psychoacoustics & Audiology (Standards),Standards list
Action/Object Paradigm,"Immersive, Object & Scene Audio (Standards)",Standards list
Actual loudspeaker position,"Immersive, Object & Scene Audio (Standards)",Standards list
Adaptation control,MPEG Audio Systems & Container Formats (Standards),Standards list
Adapted Port Resistance,General Audio & Signal Terms (Standards),Standards list
Adaptive Psychophysical Method,Neural / ML Audio (Standards),Standards list
Adaptive codebook,Neural / ML Audio (Standards),Standards list
Additivity of Forward Masking,Psychoacoustics & Hearing (Standards),Standards list
Adjacent listener space,"Immersive, Object & Scene Audio (Standards)",Standards list
Administrative audio metadata,"Immersive, Object & Scene Audio (Standards)",Standards list
Adversarial detection front end,Neural / ML Audio (Standards),Standards list
Affinity matrix,Neural / ML Audio (Standards),Standards list
Air-absorption model,Room & Building Acoustics (Standards),Standards list
Air-conduction audiometry,Psychoacoustics & Audiology (Standards),Standards list
Airborne sound insulation,Room & Building Acoustics (Standards),Standards list
Airborne sound insulation rating,Room & Building Acoustics (Standards),Standards list
Album loudness,Broadcast Loudness & Compliance,Standards list
Album-mode processing,General Audio & Signal Terms (Standards),Standards list
Algebraic Loop,General Audio & Signal Terms (Standards),Standards list
Algebraic code-excited linear prediction,Neural / ML Audio (Standards),Standards list
Algorithmic audio,Neural / ML Audio (Standards),Standards list
Alias-Free Neural Nonlinearity,Neural / ML Audio (Standards),Standards list
All Frame,MPEG Audio Systems & Container Formats (Standards),Standards list
Alternate-language presentation,"Immersive, Object & Scene Audio (Standards)",Standards list
Alternative Value Set,MPEG Audio Systems & Container Formats (Standards),Standards list
Alternative audio element,MPEG Audio Systems & Container Formats (Standards),Standards list
Ambient sound,Environmental & Propagation Acoustics (Standards),Standards list
Ambisonic component ordering,"Immersive, Object & Scene Audio (Standards)",Standards list
Ambisonic normalization convention,"Immersive, Object & Scene Audio (Standards)",Standards list
Ambisonics Channel Numbering,"Immersive, Object & Scene Audio (Standards)",Standards list
Anchor loudness,Broadcast Loudness & Compliance,Standards list
Angular Deviation Loss,General Audio & Signal Terms (Standards),Standards list
Angular response data set,General Audio & Signal Terms (Standards),Standards list
Annotation Boundary Deviation,General Audio & Signal Terms (Standards),Standards list
Annoyance,Psychoacoustics & Audiology (Standards),Standards list
Anthropogenic sound,Environmental & Propagation Acoustics (Standards),Standards list
Antiderivative Antialiasing,Neural / ML Audio (Standards),Standards list
Antiphasic Listening Condition,Psychoacoustics & Audiology (Standards),Standards list
Apical Excitation,Psychoacoustics & Audiology (Standards),Standards list
Apparent sound reduction index,Room & Building Acoustics (Standards),Standards list
Arbitrary downmix gain,"Immersive, Object & Scene Audio (Standards)",Standards list
Area source,Environmental & Propagation Acoustics (Standards),Standards list
Arithmetic-coded spectral data,Perceptual Audio Coding (Standards),Standards list
Array manifold,General Audio & Signal Terms (Standards),Standards list
Array manifold vector,General Audio & Signal Terms (Standards),Standards list
Array self-localization,Music Info Retrieval & Machine Listening (Standards),Standards list
Artificial mastoid,Psychoacoustics & Audiology (Standards),Standards list
Ascending method,General Audio & Signal Terms (Standards),Standards list
Assessment level,Environmental & Propagation Acoustics (Standards),Standards list
Assessment period,Environmental & Propagation Acoustics (Standards),Standards list
Attenuation coefficient,Environmental & Propagation Acoustics (Standards),Standards list
Attenuation due to foliage,Environmental & Propagation Acoustics (Standards),Standards list
Attenuation due to geometrical divergence,Environmental & Propagation Acoustics (Standards),Standards list
Attenuation due to housing,Environmental & Propagation Acoustics (Standards),Standards list
Attenuation due to industrial sites,Environmental & Propagation Acoustics (Standards),Standards list
Attractor formation,Neural / ML Audio (Standards),Standards list
Attractor point,Neural / ML Audio (Standards),Standards list
Audibility path,Psychoacoustics & Audiology (Standards),Standards list
Audio Block Format,"Immersive, Object & Scene Audio (Standards)",Standards list
Audio Complementary Object,"Immersive, Object & Scene Audio (Standards)",Standards list
Audio Data Interchange Format,General Audio & Signal Terms (Standards),Standards list
Audio Data Transport Stream,MPEG Audio Systems & Container Formats (Standards),Standards list
Audio Essence,Audio Metadata & File Formats (Standards),Standards list
Audio Feature Ontology,MPEG-7 Descriptors & Machine Listening (Standards),Standards list
Audio Object Type,"Immersive, Object & Scene Audio (Standards)",Standards list
Audio Pack Format,"Immersive, Object & Scene Audio (Standards)",Standards list
Audio Programme Reference Screen,"Immersive, Object & Scene Audio (Standards)",Standards list
Audio Thumbnailing,Music Info Retrieval & Machine Listening (Standards),Standards list
Audio access unit,Perceptual Audio Coding (Standards),Standards list
Audio adversarial example,Neural / ML Audio (Standards),Standards list
Audio call-setup signaling,Audio Transport & Networking (Standards),Standards list
Audio chunk interleaving,Audio Metadata & File Formats (Standards),Standards list
Audio clip node,MPEG Audio Systems & Container Formats (Standards),Standards list
Audio conformance point,MPEG Audio Systems & Container Formats (Standards),Standards list
Audio delay node,MPEG Audio Systems & Container Formats (Standards),Standards list
Audio description scheme,General Audio & Signal Terms (Standards),Standards list
Audio descriptor,MPEG-7 Descriptors & Machine Listening (Standards),Standards list
Audio element,MPEG Audio Systems & Container Formats (Standards),Standards list
Audio element dependency,MPEG Audio Systems & Container Formats (Standards),Standards list
Audio element group,MPEG Audio Systems & Container Formats (Standards),Standards list
Audio element identifier,Audio Metadata & File Formats (Standards),Standards list
Audio element interaction,MPEG Audio Systems & Container Formats (Standards),Standards list
Audio elementary stream,Perceptual Audio Coding (Standards),Standards list
Audio frame,MPEG Audio Systems & Container Formats (Standards),Standards list
Audio fundamental frequency,MPEG-7 Descriptors & Machine Listening (Standards),Standards list
Audio harmonicity,MPEG-7 Descriptors & Machine Listening (Standards),Standards list
Audio identification,MPEG-7 Descriptors & Machine Listening (Standards),Standards list
Audio interactivity,MPEG Audio Systems & Container Formats (Standards),Standards list
Audio manifestation,MPEG Audio Systems & Container Formats (Standards),Standards list
Audio matching,Music Info Retrieval & Machine Listening (Standards),Standards list
Audio media timescale,MPEG Audio Systems & Container Formats (Standards),Standards list
Audio metadata code point,Audio Metadata & File Formats (Standards),Standards list
Audio metadata enhancement,Audio Metadata & File Formats (Standards),Standards list
Audio metadata invalidation,Audio Metadata & File Formats (Standards),Standards list
Audio mixing node,MPEG Audio Systems & Container Formats (Standards),Standards list
Audio multiplex element,MPEG Audio Systems & Container Formats (Standards),Standards list
Audio object characteristic,"Immersive, Object & Scene Audio (Standards)",Standards list
Audio object structure,"Immersive, Object & Scene Audio (Standards)",Standards list
Audio over asynchronous transfer mode,Audio Transport & Networking (Standards),Standards list
Audio power,General Audio & Signal Terms (Standards),Standards list
Audio preroll,MPEG Audio Systems & Container Formats (Standards),Standards list
Audio preroll recovery,MPEG Audio Systems & Container Formats (Standards),Standards list
Audio preservation event,Audio Metadata & File Formats (Standards),Standards list
Audio profile-level compatibility,MPEG Audio Systems & Container Formats (Standards),Standards list
Audio profile-level indication,MPEG Audio Systems & Container Formats (Standards),Standards list
Audio protocol discriminator,MPEG Audio Systems & Container Formats (Standards),Standards list
Audio sample description,MPEG Audio Systems & Container Formats (Standards),Standards list
Audio sample duration,MPEG Audio Systems & Container Formats (Standards),Standards list
Audio sample entry,MPEG Audio Systems & Container Formats (Standards),Standards list
Audio sample group,MPEG Audio Systems & Container Formats (Standards),Standards list
Audio sample packet,Audio Transport & Networking (Standards),Standards list
Audio sample table,MPEG Audio Systems & Container Formats (Standards),Standards list
Audio sampling clock traceability,Audio Transport & Networking (Standards),Standards list
Audio scene,"Immersive, Object & Scene Audio (Standards)",Standards list
Audio scene adaptation,"Immersive, Object & Scene Audio (Standards)",Standards list
Audio scene anchor,"Immersive, Object & Scene Audio (Standards)",Standards list
Audio scene composition,"Immersive, Object & Scene Audio (Standards)",Standards list
Audio scene configuration,"Immersive, Object & Scene Audio (Standards)",Standards list
Audio scene coordinate system,"Immersive, Object & Scene Audio (Standards)",Standards list
Audio scene descriptor,"Immersive, Object & Scene Audio (Standards)",Standards list
Audio scene displacement,"Immersive, Object & Scene Audio (Standards)",Standards list
Audio scene graph,"Immersive, Object & Scene Audio (Standards)",Standards list
Audio scene information,"Immersive, Object & Scene Audio (Standards)",Standards list
Audio scene metadata,"Immersive, Object & Scene Audio (Standards)",Standards list
Audio scene origin,"Immersive, Object & Scene Audio (Standards)",Standards list
Audio scene reference point,"Immersive, Object & Scene Audio (Standards)",Standards list
Audio scene rendering,"Immersive, Object & Scene Audio (Standards)",Standards list
Audio scene rotation,"Immersive, Object & Scene Audio (Standards)",Standards list
Audio scene scaling,"Immersive, Object & Scene Audio (Standards)",Standards list
Audio scene translation,"Immersive, Object & Scene Audio (Standards)",Standards list
Audio scene-graph traversal,"Immersive, Object & Scene Audio (Standards)",Standards list
Audio signature,MPEG-7 Descriptors & Machine Listening (Standards),Standards list
Audio source node,MPEG Audio Systems & Container Formats (Standards),Standards list
Audio spatialization node,MPEG Audio Systems & Container Formats (Standards),Standards list
Audio spectrum basis,MPEG-7 Descriptors & Machine Listening (Standards),Standards list
Audio spectrum centroid,MPEG-7 Descriptors & Machine Listening (Standards),Standards list
Audio spectrum envelope,MPEG-7 Descriptors & Machine Listening (Standards),Standards list
Audio spectrum flatness,MPEG-7 Descriptors & Machine Listening (Standards),Standards list
Audio spectrum projection,MPEG-7 Descriptors & Machine Listening (Standards),Standards list
Audio spectrum spread,MPEG-7 Descriptors & Machine Listening (Standards),Standards list
Audio stream configuration,MPEG Audio Systems & Container Formats (Standards),Standards list
Audio stream synchronization tolerance,Audio Transport & Networking (Standards),Standards list
Audio style-transfer defense,Neural / ML Audio (Standards),Standards list
Audio subframe,MPEG Audio Systems & Container Formats (Standards),Standards list
Audio superframe,MPEG Audio Systems & Container Formats (Standards),Standards list
Audio switch node,MPEG Audio Systems & Container Formats (Standards),Standards list
Audio sync stream,Audio Transport & Networking (Standards),Standards list
Audio synchronization word,Audio Transport & Networking (Standards),Standards list
Audio track timescale,MPEG Audio Systems & Container Formats (Standards),Standards list
Audio waveform descriptor,MPEG-7 Descriptors & Machine Listening (Standards),Standards list
Audio-Language Retrieval,Music Info Retrieval & Machine Listening (Standards),Standards list
Audio-Sheet-Music Correspondence,Music Info Retrieval & Machine Listening (Standards),Standards list
Audio-bound metadata,Audio Metadata & File Formats (Standards),Standards list
Audio-content indexing,MPEG-7 Descriptors & Machine Listening (Standards),Standards list
Audio-description extraction,General Audio & Signal Terms (Standards),Standards list
Audio-description presentation,"Immersive, Object & Scene Audio (Standards)",Standards list
Audio-embedded downmix metadata,"Immersive, Object & Scene Audio (Standards)",Standards list
Audio-embedded loudness metadata,Broadcast Loudness & Compliance,Standards list
Audio-embedded metadata,"Immersive, Object & Scene Audio (Standards)",Standards list
Audio-embedded true-peak metadata,Broadcast Loudness & Compliance,Standards list
Audio-event description,MPEG-7 Descriptors & Machine Listening (Standards),Standards list
Audio-format box,MPEG Audio Systems & Container Formats (Standards),Standards list
Audio-format migration,Audio Metadata & File Formats (Standards),Standards list
Audio-frequency shield behavior,General Audio & Signal Terms (Standards),Standards list
Audio-network code-point registry,MPEG Audio Systems & Container Formats (Standards),Standards list
Audio-node event,General Audio & Signal Terms (Standards),Standards list
Audio-node field,General Audio & Signal Terms (Standards),Standards list
Audio-node routing,General Audio & Signal Terms (Standards),Standards list
Audio-object instantiation,"Immersive, Object & Scene Audio (Standards)",Standards list
Audio-object integrity,"Immersive, Object & Scene Audio (Standards)",Standards list
Audio-object provenance,"Immersive, Object & Scene Audio (Standards)",Standards list
Audio-object relationship,"Immersive, Object & Scene Audio (Standards)",Standards list
Audio-rate processing,General Audio & Signal Terms (Standards),Standards list
Audio-sample metadata embedding,"Immersive, Object & Scene Audio (Standards)",Standards list
Audio-sample time identification,MPEG-7 Descriptors & Machine Listening (Standards),Standards list
Audio-segment decomposition,MPEG-7 Descriptors & Machine Listening (Standards),Standards list
Audio-segment descriptor,MPEG-7 Descriptors & Machine Listening (Standards),Standards list
Audio-source classification,MPEG-7 Descriptors & Machine Listening (Standards),Standards list
Audio-specific configuration,MPEG Audio Systems & Container Formats (Standards),Standards list
Audio-to-Lyrics Alignment,MPEG-7 Descriptors & Machine Listening (Standards),Standards list
Audio-to-Score Alignment,MPEG-7 Descriptors & Machine Listening (Standards),Standards list
Audio-visual coherence,"Immersive, Object & Scene Audio (Standards)",Standards list
Audio-visual object association,"Immersive, Object & Scene Audio (Standards)",Standards list
Audio-visual position mismatch,"Immersive, Object & Scene Audio (Standards)",Standards list
Audio-visual spatial alignment,"Immersive, Object & Scene Audio (Standards)",Standards list
Audio-visual synchronization metadata,Audio Transport & Networking (Standards),Standards list
AudioBIFS,MPEG Audio Systems & Container Formats (Standards),Standards list
Audiometric reference zero,Psychoacoustics & Audiology (Standards),Standards list
Audiometrically Normal Listener,Psychoacoustics & Audiology (Standards),Standards list
Audiovisual Speech Benefit,General Audio & Signal Terms (Standards),Standards list
Auditory Gap,Psychoacoustics & Hearing (Standards),Standards list
Auditory Negative Afterimage,Psychoacoustics & Hearing (Standards),Standards list
Auditory Sensation Area,Psychoacoustics & Hearing (Standards),Standards list
Auditory Time Error,Psychoacoustics & Hearing (Standards),Standards list
Auditory weighting function,Psychoacoustics & Hearing (Standards),Standards list
Auditory-Filter Asymmetry,Psychoacoustics & Hearing (Standards),Standards list
Auditory-field correction,Psychoacoustics & Hearing (Standards),Standards list
Auditory-filter bandwidth,Psychoacoustics & Hearing (Standards),Standards list
Augmented-reality acoustic environment,Room & Building Acoustics (Standards),Standards list
Augmented-reality listener space,"Immersive, Object & Scene Audio (Standards)",Standards list
Aural Combination Tone,General Audio & Signal Terms (Standards),Standards list
Aural Harmonic,General Audio & Signal Terms (Standards),Standards list
Author-defined preset,General Audio & Signal Terms (Standards),Standards list
Authoring Information,General Audio & Signal Terms (Standards),Standards list
Auxiliary sample bits,General Audio & Signal Terms (Standards),Standards list
Availability Bias,General Audio & Signal Terms (Standards),Standards list
Average Sound-Pressure Level in a Room,General Audio & Signal Terms (Standards),Standards list
Axial Sensitivity,Acoustic Measurement & Metrology (Standards),Standards list
Backward Masking,Psychoacoustics & Hearing (Standards),Standards list
Baffled piston,General Audio & Signal Terms (Standards),Standards list
Band-limiting filter,Audio DSP & Coding Signal Terms (Standards),Standards list
Bandwidth-extension coding,Perceptual Audio Coding (Standards),Standards list
Base curve,General Audio & Signal Terms (Standards),Standards list
Base layer,Perceptual Audio Coding (Standards),Standards list
Baseband audio,Audio DSP & Coding Signal Terms (Standards),Standards list
Basilar-Membrane Motion,Psychoacoustics & Hearing (Standards),Standards list
Beam pattern,Audio DSP & Coding Signal Terms (Standards),Standards list
Beamforming weight vector,Music Info Retrieval & Machine Listening (Standards),Standards list
Beat Histogram,Music Info Retrieval & Machine Listening (Standards),Standards list
Beat Spectrum,Music Info Retrieval & Machine Listening (Standards),Standards list
Bel,Audio DSP & Coding Signal Terms (Standards),Standards list
Between-Channel Masking,Psychoacoustics & Hearing (Standards),Standards list
Bidirectional predictive frame,MPEG Audio Systems & Container Formats (Standards),Standards list
Bilateral Masking-Level Difference,Psychoacoustics & Hearing (Standards),Standards list
Binaural Advantage,Psychoacoustics & Hearing (Standards),Standards list
Binaural Interference,Psychoacoustics & Hearing (Standards),Standards list
Binaural Sluggishness,Psychoacoustics & Hearing (Standards),Standards list
Binaural room impulse response,Psychoacoustics & Hearing (Standards),Standards list
Binaural rendering,"Immersive, Object & Scene Audio (Standards)",Standards list
Binaural unmasking,Psychoacoustics & Hearing (Standards),Standards list
Bistream element,MPEG Audio Systems & Container Formats (Standards),Standards list
Bitstream payload,Perceptual Audio Coding (Standards),Standards list
Blauert Band,Psychoacoustics & Hearing (Standards),Standards list
Block companded PCM,Audio DSP & Coding Signal Terms (Standards),Standards list
Block floating point,Audio DSP & Coding Signal Terms (Standards),Standards list
Block switching,Perceptual Audio Coding (Standards),Standards list
Blocking matrix,Audio DSP & Coding Signal Terms (Standards),Standards list
Bone-conduction threshold,Psychoacoustics & Audiology (Standards),Standards list
Boundary element method,MPEG Audio Systems & Container Formats (Standards),Standards list
Broadband noise,Audio DSP & Coding Signal Terms (Standards),Standards list
Building acoustics descriptor,Room & Building Acoustics (Standards),Standards list
Building service noise,General Audio & Signal Terms (Standards),Standards list
Bulk delay,Audio DSP & Coding Signal Terms (Standards),Standards list
Cardioid response,General Audio & Signal Terms (Standards),Standards list
Cascade filter bank,Audio DSP & Coding Signal Terms (Standards),Standards list
Categorical Loudness Scaling,Broadcast Loudness & Compliance,Standards list
Center-of-gravity effect,Psychoacoustics & Hearing (Standards),Standards list
Cepstral coefficient,Audio DSP & Coding Signal Terms (Standards),Standards list
Channel element,MPEG Audio Systems & Container Formats (Standards),Standards list
Channel pair element,MPEG Audio Systems & Container Formats (Standards),Standards list
Channel-based audio,"Immersive, Object & Scene Audio (Standards)",Standards list
Chirp signal,Audio DSP & Coding Signal Terms (Standards),Standards list
Clarity index,Room & Building Acoustics (Standards),Standards list
Class of a sound level meter,Acoustic Measurement & Metrology (Standards),Standards list
Clean audio,Audio DSP & Coding Signal Terms (Standards),Standards list
Click train,Audio DSP & Coding Signal Terms (Standards),Standards list
Co-articulation cue,Psychoacoustics & Hearing (Standards),Standards list
Coarticulated cue,Psychoacoustics & Hearing (Standards),Standards list
Coded audio access unit,Perceptual Audio Coding (Standards),Standards list
Coded representation,"Immersive, Object & Scene Audio (Standards)",Standards list
Codebook index,Neural / ML Audio (Standards),Standards list
Coherence function,Audio DSP & Coding Signal Terms (Standards),Standards list
Coincidence dip,Audio DSP & Coding Signal Terms (Standards),Standards list
Coincidence frequency,Audio DSP & Coding Signal Terms (Standards),Standards list
Comodulation Masking Release,Psychoacoustics & Hearing (Standards),Standards list
Comfort noise,Audio DSP & Coding Signal Terms (Standards),Standards list
Common Loudspeaker Format,General Audio & Signal Terms (Standards),Standards list
Common intelligibility scale,"Speech, Dialogue & Enhancement (Standards)",Standards list
Complex sound source,General Audio & Signal Terms (Standards),Standards list
Compression driver directivity,General Audio & Signal Terms (Standards),Standards list
Concert-hall acoustics,Room & Building Acoustics (Standards),Standards list
Conditioned Threshold,Psychoacoustics & Hearing (Standards),Standards list
Cone of Confusion,Psychoacoustics & Hearing (Standards),Standards list
Confusion neighborhood,Psychoacoustics & Hearing (Standards),Standards list
Content dependency index,General Audio & Signal Terms (Standards),Standards list
Content kind,General Audio & Signal Terms (Standards),Standards list
Continuous descending method,General Audio & Signal Terms (Standards),Standards list
Continuous rating scale,Psychoacoustics & Hearing (Standards),Standards list
Contralateral routing of signals,Room & Building Acoustics (Standards),Standards list
Contrast gain control,Audio DSP & Coding Signal Terms (Standards),Standards list
Controlled acoustical environment,Room & Building Acoustics (Standards),Standards list
Conversational level,Psychoacoustics & Hearing (Standards),Standards list
Core coder,Perceptual Audio Coding (Standards),Standards list
Core experiment,General Audio & Signal Terms (Standards),Standards list
Coupled channel,General Audio & Signal Terms (Standards),Standards list
Critical Bandwidth,Psychoacoustics & Hearing (Standards),Standards list
Critical ratio,Psychoacoustics & Hearing (Standards),Standards list
Cross-adaptive processing,Psychoacoustics & Hearing (Standards),Standards list
Cross-correlation lag,Audio DSP & Coding Signal Terms (Standards),Standards list
Cross-fade window,Audio DSP & Coding Signal Terms (Standards),Standards list
Cross-modal binding,Psychoacoustics & Hearing (Standards),Standards list
Cross-modulation distortion,Audio DSP & Coding Signal Terms (Standards),Standards list
Cue integration,Psychoacoustics & Hearing (Standards),Standards list
Cumulative distribution of exposure,General Audio & Signal Terms (Standards),Standards list
Cut-off frequency of a filter,Audio DSP & Coding Signal Terms (Standards),Standards list
Damping ratio of a resonator,Audio DSP & Coding Signal Terms (Standards),Standards list
Data-driven room correction,General Audio & Signal Terms (Standards),Standards list
Dead room,General Audio & Signal Terms (Standards),Standards list
Decibel full scale,Audio DSP & Coding Signal Terms (Standards),Standards list
Decibel relative to sound power,Acoustic Measurement & Metrology (Standards),Standards list
Decision-directed estimation,Room & Building Acoustics (Standards),Standards list
Decoded audio,Audio DSP & Coding Signal Terms (Standards),Standards list
Decorrelation filter,Audio DSP & Coding Signal Terms (Standards),Standards list
Dedicated metadata channel,Audio Metadata & File Formats (Standards),Standards list
Deep clustering,Music Info Retrieval & Machine Listening (Standards),Standards list
Delay-and-sum beamformer,Music Info Retrieval & Machine Listening (Standards),Standards list
Delayed masking,Psychoacoustics & Hearing (Standards),Standards list
Denormalized number,Audio DSP & Coding Signal Terms (Standards),Standards list
Depth of modulation,General Audio & Signal Terms (Standards),Standards list
Descriptor scheme,MPEG-7 Descriptors & Machine Listening (Standards),Standards list
Detection efficiency,Psychoacoustics & Hearing (Standards),Standards list
Detection theory,Psychoacoustics & Hearing (Standards),Standards list
Deterministic-plus-stochastic model,Room & Building Acoustics (Standards),Standards list
Diagnostic Rhyme Test,Room & Building Acoustics (Standards),Standards list
Dialogue enhancement,"Speech, Dialogue & Enhancement (Standards)",Standards list
Dialogue normalization,Broadcast Loudness & Compliance,Standards list
Dichotic Pitch,Music Info Retrieval & Machine Listening (Standards),Standards list
Difference limen for frequency,Psychoacoustics & Audiology (Standards),Standards list
Difference limen for intensity,Psychoacoustics & Audiology (Standards),Standards list
Diffraction coefficient,Audio DSP & Coding Signal Terms (Standards),Standards list
Diffuse-field equalization,General Audio & Signal Terms (Standards),Standards list
Diffuse-field frequency response,General Audio & Signal Terms (Standards),Standards list
Diffuse-field sensitivity,Acoustic Measurement & Metrology (Standards),Standards list
Directional loudness,Broadcast Loudness & Compliance,Standards list
Directional weighting,General Audio & Signal Terms (Standards),Standards list
Discrete cosine transform coefficient,General Audio & Signal Terms (Standards),Standards list
Discrete-time analytic signal,Audio DSP & Coding Signal Terms (Standards),Standards list
Dispersion relation,General Audio & Signal Terms (Standards),Standards list
Displacement transducer,General Audio & Signal Terms (Standards),Standards list
Distance attenuation model,Environmental & Propagation Acoustics (Standards),Standards list
Distortion product otoacoustic emission,Room & Building Acoustics (Standards),Standards list
Divergence loss,Environmental & Propagation Acoustics (Standards),Standards list
Dominant Frequency Region,General Audio & Signal Terms (Standards),Standards list
Double-blind triple-stimulus test,Room & Building Acoustics (Standards),Standards list
Downmix coefficient,"Immersive, Object & Scene Audio (Standards)",Standards list
Downward Spread of Masking,Psychoacoustics & Hearing (Standards),Standards list
Drift-corrected clock,Audio Transport & Networking (Standards),Standards list
Dry sound,General Audio & Signal Terms (Standards),Standards list
Dual-mono content,General Audio & Signal Terms (Standards),Standards list
Duplex Theory,General Audio & Signal Terms (Standards),Standards list
Duration model,General Audio & Signal Terms (Standards),Standards list
Dynamic Range Control,General Audio & Signal Terms (Standards),Standards list
Ear canal resonance,General Audio & Signal Terms (Standards),Standards list
Echo threshold,Psychoacoustics & Hearing (Standards),Standards list
Effective perceived noise level,General Audio & Signal Terms (Standards),Standards list
Emission sound pressure level,General Audio & Signal Terms (Standards),Standards list
Encoded bitstream,Perceptual Audio Coding (Standards),Standards list
Energy decay relief,General Audio & Signal Terms (Standards),Standards list
Ensemble duration,General Audio & Signal Terms (Standards),Standards list
Envelope following response,MPEG-7 Descriptors & Machine Listening (Standards),Standards list
Envelopment,Room & Building Acoustics (Standards),Standards list
Equal-temperament deviation,General Audio & Signal Terms (Standards),Standards list
Equivalent continuous sound level,General Audio & Signal Terms (Standards),Standards list
Equivalent rectangular bandwidth,Psychoacoustics & Hearing (Standards),Standards list
Equivalent sound absorption area,Room & Building Acoustics (Standards),Standards list
Error concealment,General Audio & Signal Terms (Standards),Standards list
Excess attenuation,Environmental & Propagation Acoustics (Standards),Standards list
Excitation pattern,Psychoacoustics & Hearing (Standards),Standards list
Exposure action value,General Audio & Signal Terms (Standards),Standards list
Extended stereo image,General Audio & Signal Terms (Standards),Standards list
Extensible metadata scheme,Audio Metadata & File Formats (Standards),Standards list
External-ear transfer function,General Audio & Signal Terms (Standards),Standards list
Far-field criterion,General Audio & Signal Terms (Standards),Standards list
Fast time weighting,General Audio & Signal Terms (Standards),Standards list
Feature-space maximum-likelihood linear regression,General Audio & Signal Terms (Standards),Standards list
Field calibration,General Audio & Signal Terms (Standards),Standards list
Filter bank,Audio DSP & Coding Signal Terms (Standards),Standards list
Filter-bank equalizer,Audio DSP & Coding Signal Terms (Standards),Standards list
Fine-structure cue,Music Info Retrieval & Machine Listening (Standards),Standards list
Finite-difference time-domain acoustics,Room & Building Acoustics (Standards),Standards list
First-arrival time,General Audio & Signal Terms (Standards),Standards list
First-wavefront law,General Audio & Signal Terms (Standards),Standards list
Fixed-point audio sample,General Audio & Signal Terms (Standards),Standards list
Fletcher-Munson effect,General Audio & Signal Terms (Standards),Standards list
Floating intermediate frame,MPEG Audio Systems & Container Formats (Standards),Standards list
Foldback level,General Audio & Signal Terms (Standards),Standards list
Formant Transition Cue,Psychoacoustics & Audiology (Standards),Standards list
Forward-backward masking,Psychoacoustics & Hearing (Standards),Standards list
Frame loss concealment,MPEG Audio Systems & Container Formats (Standards),Standards list
Free-field correction,Acoustic Measurement & Metrology (Standards),Standards list
Free-field method,General Audio & Signal Terms (Standards),Standards list
Free-field sensitivity,Acoustic Measurement & Metrology (Standards),Standards list
Frequency Selectivity,General Audio & Signal Terms (Standards),Standards list
Frequency band of interest,General Audio & Signal Terms (Standards),Standards list
Frequency-domain audio coding,Perceptual Audio Coding (Standards),Standards list
Frequency-following response,General Audio & Signal Terms (Standards),Standards list
Frequency-warping,General Audio & Signal Terms (Standards),Standards list
Fundamental-frequency contour,General Audio & Signal Terms (Standards),Standards list
Gap detection threshold,Psychoacoustics & Hearing (Standards),Standards list
Gated loudness,Broadcast Loudness & Compliance,Standards list
Gaussian mixture model,General Audio & Signal Terms (Standards),Standards list
Generalized cross-correlation,Audio DSP & Coding Signal Terms (Standards),Standards list
Generalized sidelobe canceller,General Audio & Signal Terms (Standards),Standards list
Geometric acoustics,Room & Building Acoustics (Standards),Standards list
Global motion parameter,General Audio & Signal Terms (Standards),Standards list
Grouping cue,Psychoacoustics & Audiology (Standards),Standards list
Half-power bandwidth,General Audio & Signal Terms (Standards),Standards list
Harmonic-percussive source separation,Music Info Retrieval & Machine Listening (Standards),Standards list
Head-related impulse response,Psychoacoustics & Hearing (Standards),Standards list
Hearing level,Psychoacoustics & Audiology (Standards),Standards list
Hearing threshold level,Psychoacoustics & Audiology (Standards),Standards list
High-order ambisonics,"Immersive, Object & Scene Audio (Standards)",Standards list
Higher-order ambisonic coefficient,"Immersive, Object & Scene Audio (Standards)",Standards list
Homomorphic deconvolution,Audio DSP & Coding Signal Terms (Standards),Standards list
Huffman codebook,Perceptual Audio Coding (Standards),Standards list
Hybrid filter bank,Audio DSP & Coding Signal Terms (Standards),Standards list
Immersive audio bitstream,"Immersive, Object & Scene Audio (Standards)",Standards list
Impulsive noise,General Audio & Signal Terms (Standards),Standards list
In-head localization,Music Info Retrieval & Machine Listening (Standards),Standards list
Informational Masking,Psychoacoustics & Hearing (Standards),Standards list
Inharmonicity coefficient,MPEG-7 Descriptors & Machine Listening (Standards),Standards list
Insert loss,General Audio & Signal Terms (Standards),Standards list
Insertion gain,General Audio & Signal Terms (Standards),Standards list
Instantaneous frequency,General Audio & Signal Terms (Standards),Standards list
Integrated loudness,Broadcast Loudness & Compliance,Standards list
Intensity Discrimination,General Audio & Signal Terms (Standards),Standards list
Intensity stereo,General Audio & Signal Terms (Standards),Standards list
Interaural cross-correlation coefficient,Psychoacoustics & Hearing (Standards),Standards list
Interaural intensity difference,Psychoacoustics & Hearing (Standards),Standards list
Interaural phase difference,Psychoacoustics & Hearing (Standards),Standards list
Interchannel coherence,Audio DSP & Coding Signal Terms (Standards),Standards list
Interchannel level difference,General Audio & Signal Terms (Standards),Standards list
Interchannel prediction,General Audio & Signal Terms (Standards),Standards list
Interchannel time difference,General Audio & Signal Terms (Standards),Standards list
Internal noise of the auditory system,Psychoacoustics & Hearing (Standards),Standards list
Inverse constant-Q transform,General Audio & Signal Terms (Standards),Standards list
Ipsilateral masking,Psychoacoustics & Hearing (Standards),Standards list
Isophonic contour,Psychoacoustics & Hearing (Standards),Standards list
Iterative closest point registration,General Audio & Signal Terms (Standards),Standards list
Joint stereo coding,Perceptual Audio Coding (Standards),Standards list
K-weighting,Broadcast Loudness & Compliance,Standards list
Karhunen-Loeve transform,General Audio & Signal Terms (Standards),Standards list
Key profile,Music Info Retrieval & Machine Listening (Standards),Standards list
Kurtosis of noise,General Audio & Signal Terms (Standards),Standards list
Late lateral energy,Room & Building Acoustics (Standards),Standards list
Lateral energy fraction,Room & Building Acoustics (Standards),Standards list
Lateral gain,Room & Building Acoustics (Standards),Standards list
Lateralization,Room & Building Acoustics (Standards),Standards list
Leakage current test,General Audio & Signal Terms (Standards),Standards list
Level-dependent frequency response,General Audio & Signal Terms (Standards),Standards list
Line source array,General Audio & Signal Terms (Standards),Standards list
Linear-phase filter,Audio DSP & Coding Signal Terms (Standards),Standards list
Localization blur,Music Info Retrieval & Machine Listening (Standards),Standards list
Log-area ratio,General Audio & Signal Terms (Standards),Standards list
Log-mel spectrogram,General Audio & Signal Terms (Standards),Standards list
Lombard effect,General Audio & Signal Terms (Standards),Standards list
Long-term average spectrum,MPEG-7 Descriptors & Machine Listening (Standards),Standards list
Lossless coding mode,Perceptual Audio Coding (Standards),Standards list
Loudness range,Broadcast Loudness & Compliance,Standards list
Loudness recruitment,Broadcast Loudness & Compliance,Standards list
Loudspeaker sensitivity,Acoustic Measurement & Metrology (Standards),Standards list
Low-complexity profile,General Audio & Signal Terms (Standards),Standards list
Low-frequency effects channel,General Audio & Signal Terms (Standards),Standards list
Low-frequency oscillator rate,General Audio & Signal Terms (Standards),Standards list
Masker level,General Audio & Signal Terms (Standards),Standards list
Masking pattern,Psychoacoustics & Hearing (Standards),Standards list
Masking release,Psychoacoustics & Hearing (Standards),Standards list
Matrix decoding,Perceptual Audio Coding (Standards),Standards list
Maximum length sequence,General Audio & Signal Terms (Standards),Standards list
Maximum sound pressure level,General Audio & Signal Terms (Standards),Standards list
Mean opinion score,MPEG-7 Descriptors & Machine Listening (Standards),Standards list
Mel-frequency cepstral coefficient,Audio DSP & Coding Signal Terms (Standards),Standards list
Metadata delivery unit,Audio Metadata & File Formats (Standards),Standards list
Middle-ear transfer function,General Audio & Signal Terms (Standards),Standards list
Minimum audible angle,General Audio & Signal Terms (Standards),Standards list
Minimum audible field,General Audio & Signal Terms (Standards),Standards list
Minimum audible pressure,General Audio & Signal Terms (Standards),Standards list
Minimum phase response,General Audio & Signal Terms (Standards),Standards list
Modulation masking,Psychoacoustics & Hearing (Standards),Standards list
Modulation transfer function,General Audio & Signal Terms (Standards),Standards list
Monaural cue,General Audio & Signal Terms (Standards),Standards list
Monitoring reference level,General Audio & Signal Terms (Standards),Standards list
Mother wavelet,General Audio & Signal Terms (Standards),Standards list
Multichannel audio coding,Perceptual Audio Coding (Standards),Standards list
Multidimensional scaling of timbre,Psychoacoustics & Hearing (Standards),Standards list
Multitalker babble,General Audio & Signal Terms (Standards),Standards list
Multitrack stem,General Audio & Signal Terms (Standards),Standards list
Narrowband noise,General Audio & Signal Terms (Standards),Standards list
Near-field criterion,General Audio & Signal Terms (Standards),Standards list
Negative Level Difference,General Audio & Signal Terms (Standards),Standards list
Noise criterion curve,General Audio & Signal Terms (Standards),Standards list
Noise gate threshold,Psychoacoustics & Hearing (Standards),Standards list
Noise-reduction coefficient,General Audio & Signal Terms (Standards),Standards list
Non-negative matrix factorization,Music Info Retrieval & Machine Listening (Standards),Standards list
Nonlinear distortion measure,General Audio & Signal Terms (Standards),Standards list
Normalized loudness,Broadcast Loudness & Compliance,Standards list
Object priority,"Immersive, Object & Scene Audio (Standards)",Standards list
Octave-band analysis,Acoustic Measurement & Metrology (Standards),Standards list
Off-axis response,General Audio & Signal Terms (Standards),Standards list
Onset asynchrony,Music Info Retrieval & Machine Listening (Standards),Standards list
Onset detection function,Music Info Retrieval & Machine Listening (Standards),Standards list
Open-plan office acoustics,Room & Building Acoustics (Standards),Standards list
Optimum reverberation time,Psychoacoustics & Hearing (Standards),Standards list
Order of an ambisonic system,"Immersive, Object & Scene Audio (Standards)",Standards list
Otoacoustic emission,Room & Building Acoustics (Standards),Standards list
Overlap-add reconstruction,General Audio & Signal Terms (Standards),Standards list
Oversampling ratio,Audio DSP & Coding Signal Terms (Standards),Standards list
Parametric stereo,Perceptual Audio Coding (Standards),Standards list
Partial loudness,Broadcast Loudness & Compliance,Standards list
Peak program meter,General Audio & Signal Terms (Standards),Standards list
Perceptual audio coding,Perceptual Audio Coding (Standards),Standards list
Perceptual evaluation of audio quality,General Audio & Signal Terms (Standards),Standards list
Perceptual evaluation of speech quality,General Audio & Signal Terms (Standards),Standards list
Perceptual linear prediction,Neural / ML Audio (Standards),Standards list
Perceptual noise substitution,Room & Building Acoustics (Standards),Standards list
Perceptual weighting filter,Audio DSP & Coding Signal Terms (Standards),Standards list
Phantom image,General Audio & Signal Terms (Standards),Standards list
Phase-locked loop jitter,General Audio & Signal Terms (Standards),Standards list
Pinna cue,General Audio & Signal Terms (Standards),Standards list
Pitch salience,Music Info Retrieval & Machine Listening (Standards),Standards list
Pitch strength,Music Info Retrieval & Machine Listening (Standards),Standards list
Plane-wave decomposition,"Immersive, Object & Scene Audio (Standards)",Standards list
Point source model,General Audio & Signal Terms (Standards),Standards list
Polar pattern measurement,General Audio & Signal Terms (Standards),Standards list
Post-masking,Psychoacoustics & Hearing (Standards),Standards list
Pre-echo,Perceptual Audio Coding (Standards),Standards list
Pre-masking,Psychoacoustics & Hearing (Standards),Standards list
Predictive coding gain,Perceptual Audio Coding (Standards),Standards list
Presentation timestamp,"Immersive, Object & Scene Audio (Standards)",Standards list
Primary-ambient decomposition,"Immersive, Object & Scene Audio (Standards)",Standards list
Probe-tube microphone,Psychoacoustics & Hearing (Standards),Standards list
Quadrature mirror filter,"Speech, Dialogue & Enhancement (Standards)",Standards list
Quefrency,General Audio & Signal Terms (Standards),Standards list
Random-incidence response,Acoustic Measurement & Metrology (Standards),Standards list
Rate-distortion optimization,General Audio & Signal Terms (Standards),Standards list
Reference listening level,Psychoacoustics & Hearing (Standards),Standards list
Region of dominance,General Audio & Signal Terms (Standards),Standards list
Release from masking,Psychoacoustics & Hearing (Standards),Standards list
Rendering matrix,"Immersive, Object & Scene Audio (Standards)",Standards list
Residual echo suppression,General Audio & Signal Terms (Standards),Standards list
Reverberation radius,Psychoacoustics & Hearing (Standards),Standards list
Reverberation time,Psychoacoustics & Hearing (Standards),Standards list
Room transfer function,General Audio & Signal Terms (Standards),Standards list
Sabine absorption,Room & Building Acoustics (Standards),Standards list
Scalable audio coding,Perceptual Audio Coding (Standards),Standards list
Scale-factor band,Perceptual Audio Coding (Standards),Standards list
Schroeder integration,Room & Building Acoustics (Standards),Standards list
Sensation level,Psychoacoustics & Audiology (Standards),Standards list
Sequency,General Audio & Signal Terms (Standards),Standards list
Sidelobe level,General Audio & Signal Terms (Standards),Standards list
Signal-to-mask ratio,Music Info Retrieval & Machine Listening (Standards),Standards list
Sine-sweep measurement,General Audio & Signal Terms (Standards),Standards list
Single-equivalent-level descriptor,MPEG-7 Descriptors & Machine Listening (Standards),Standards list
Sone,Psychoacoustics & Hearing (Standards),Standards list
Sound exposure level,General Audio & Signal Terms (Standards),Standards list
Sound reduction index,Room & Building Acoustics (Standards),Standards list
Source-filter model,Audio DSP & Coding Signal Terms (Standards),Standards list
Sparse coding of audio,Perceptual Audio Coding (Standards),Standards list
Spatial aliasing frequency,"Immersive, Object & Scene Audio (Standards)",Standards list
Spatial audio object coding,"Immersive, Object & Scene Audio (Standards)",Standards list
Spatial impression,"Immersive, Object & Scene Audio (Standards)",Standards list
Spatial release from masking,Psychoacoustics & Hearing (Standards),Standards list
Spectral flatness measure,MPEG-7 Descriptors & Machine Listening (Standards),Standards list
Spectral tilt,General Audio & Signal Terms (Standards),Standards list
Speech intelligibility index,"Speech, Dialogue & Enhancement (Standards)",Standards list
Speech reception threshold,Psychoacoustics & Hearing (Standards),Standards list
Stationary noise assumption,General Audio & Signal Terms (Standards),Standards list
Stereo width control,General Audio & Signal Terms (Standards),Standards list
Stimulus-onset asynchrony,Room & Building Acoustics (Standards),Standards list
Streaming loudness compliance,Broadcast Loudness & Compliance,Standards list
Sub-band coding,Perceptual Audio Coding (Standards),Standards list
Successive masking,Psychoacoustics & Hearing (Standards),Standards list
Superdirective beamforming,Music Info Retrieval & Machine Listening (Standards),Standards list
Suprathreshold,Psychoacoustics & Hearing (Standards),Standards list
Syllabic compression,General Audio & Signal Terms (Standards),Standards list
Temporal envelope cue,Music Info Retrieval & Machine Listening (Standards),Standards list
Temporal fine structure,Music Info Retrieval & Machine Listening (Standards),Standards list
Temporal masking,Psychoacoustics & Hearing (Standards),Standards list
Temporal weighting function,Music Info Retrieval & Machine Listening (Standards),Standards list
Timbre space,Psychoacoustics & Hearing (Standards),Standards list
Time-frequency masking,Psychoacoustics & Hearing (Standards),Standards list
Time-scale modification,General Audio & Signal Terms (Standards),Standards list
Tonality index,Psychoacoustics & Hearing (Standards),Standards list
Tone-to-noise ratio,General Audio & Signal Terms (Standards),Standards list
Total harmonic distortion plus noise,General Audio & Signal Terms (Standards),Standards list
Transaural reproduction,"Immersive, Object & Scene Audio (Standards)",Standards list
Transient detection,General Audio & Signal Terms (Standards),Standards list
True peak level,Broadcast Loudness & Compliance,Standards list
Two-alternative forced choice,General Audio & Signal Terms (Standards),Standards list
Variable bit-rate coding,Perceptual Audio Coding (Standards),Standards list
Vector-base amplitude panning,"Immersive, Object & Scene Audio (Standards)",Standards list
Virtual bass,General Audio & Signal Terms (Standards),Standards list
Vocoder analysis,General Audio & Signal Terms (Standards),Standards list
Wave field synthesis,"Immersive, Object & Scene Audio (Standards)",Standards list
Waveform coding,Perceptual Audio Coding (Standards),Standards list
Wavelength constant,General Audio & Signal Terms (Standards),Standards list
Weighted overlap-add,General Audio & Signal Terms (Standards),Standards list
Weighting network,Acoustic Measurement & Metrology (Standards),Standards list
Wet/dry mix ratio,General Audio & Signal Terms (Standards),Standards list
Whisper-mode processing,General Audio & Signal Terms (Standards),Standards list
Wideband speech coding,Perceptual Audio Coding (Standards),Standards list
Windowing function,Audio DSP & Coding Signal Terms (Standards),Standards list
Zero-crossing rate,General Audio & Signal Terms (Standards),Standards list
Zwicker loudness model,Broadcast Loudness & Compliance,Standards list
Punch-and-streamer synchronization,"Film Scoring — Sync, Cue & Music Editorial",Batch 1
Free timing,"Film Scoring — Sync, Cue & Music Editorial",Batch 1
Written click,"Film Scoring — Sync, Cue & Music Editorial",Batch 1
Click value,"Film Scoring — Sync, Cue & Music Editorial",Batch 1
Fractional click,"Film Scoring — Sync, Cue & Music Editorial",Batch 1
Variable click,"Film Scoring — Sync, Cue & Music Editorial",Batch 1
Dead click,"Film Scoring — Sync, Cue & Music Editorial",Batch 1
Click dropout,"Film Scoring — Sync, Cue & Music Editorial",Batch 1
Catch beat,"Film Scoring — Sync, Cue & Music Editorial",Batch 1
Catch point,"Film Scoring — Sync, Cue & Music Editorial",Batch 1
Sync beat,"Film Scoring — Sync, Cue & Music Editorial",Batch 1
Sync bar,"Film Scoring — Sync, Cue & Music Editorial",Batch 1
Sync-point tolerance,"Film Scoring — Sync, Cue & Music Editorial",Batch 1
Hit-point map,"Film Scoring — Sync, Cue & Music Editorial",Batch 1
Beat mapping to picture,"Film Scoring — Sync, Cue & Music Editorial",Batch 1
Tempo solve,"Film Scoring — Sync, Cue & Music Editorial",Batch 1
Tempo fitting,"Film Scoring — Sync, Cue & Music Editorial",Batch 1
Meter modulation for picture,"Film Scoring — Sync, Cue & Music Editorial",Batch 1
Reel–music cue number,"Film Scoring — Sync, Cue & Music Editorial",Batch 1
M-number,"Film Scoring — Sync, Cue & Music Editorial",Batch 1
Cue suffix,"Film Scoring — Sync, Cue & Music Editorial",Batch 1
Cue prefix,"Film Scoring — Sync, Cue & Music Editorial",Batch 1
Cue split,"Film Scoring — Sync, Cue & Music Editorial",Batch 1
Cue combine,"Film Scoring — Sync, Cue & Music Editorial",Batch 1
Cue insert,"Film Scoring — Sync, Cue & Music Editorial",Batch 1
Cue replacement,"Film Scoring — Sync, Cue & Music Editorial",Batch 1
Cue versioning,"Film Scoring — Sync, Cue & Music Editorial",Batch 1
Alternate cue,"Film Scoring — Sync, Cue & Music Editorial",Batch 1
Cue revision letter,"Film Scoring — Sync, Cue & Music Editorial",Batch 1
Cue matrix,"Film Scoring — Sync, Cue & Music Editorial",Batch 1
Cue status,"Film Scoring — Sync, Cue & Music Editorial",Batch 1
Cue turnover,"Film Scoring — Sync, Cue & Music Editorial",Batch 1
Cue lock,"Film Scoring — Sync, Cue & Music Editorial",Batch 1
Cue package,"Film Scoring — Sync, Cue & Music Editorial",Batch 1
Reconform,"Film Scoring — Sync, Cue & Music Editorial",Batch 1
Global reconform,"Film Scoring — Sync, Cue & Music Editorial",Batch 1
Picture-change list,"Film Scoring — Sync, Cue & Music Editorial",Batch 1
Change note,"Film Scoring — Sync, Cue & Music Editorial",Batch 1
Pull-up,"Film Scoring — Sync, Cue & Music Editorial",Batch 1
Pull-down,"Film Scoring — Sync, Cue & Music Editorial",Batch 1
Head change,"Film Scoring — Sync, Cue & Music Editorial",Batch 1
Tail change,"Film Scoring — Sync, Cue & Music Editorial",Batch 1
Internal change,"Film Scoring — Sync, Cue & Music Editorial",Batch 1
Picture slip,"Film Scoring — Sync, Cue & Music Editorial",Batch 1
Music slip,"Film Scoring — Sync, Cue & Music Editorial",Batch 1
Editorial stretch,"Film Scoring — Sync, Cue & Music Editorial",Batch 1
Editorial compression,"Film Scoring — Sync, Cue & Music Editorial",Batch 1
Structural conform,"Film Scoring — Sync, Cue & Music Editorial",Batch 1
Post-record conform,"Film Scoring — Sync, Cue & Music Editorial",Batch 1
Pre-record conform,"Film Scoring — Sync, Cue & Music Editorial",Batch 1
Spotting note,"Film Scoring — Sync, Cue & Music Editorial",Batch 1
Timing note,"Film Scoring — Sync, Cue & Music Editorial",Batch 1
In-point,"Film Scoring — Sync, Cue & Music Editorial",Batch 1
Out-point,"Film Scoring — Sync, Cue & Music Editorial",Batch 1
Music entrance rationale,"Film Scoring — Sync, Cue & Music Editorial",Batch 1
Music exit rationale,"Film Scoring — Sync, Cue & Music Editorial",Batch 1
Play-through,"Film Scoring — Sync, Cue & Music Editorial",Batch 1
Play-off,"Film Scoring — Sync, Cue & Music Editorial",Batch 1
Play-on,"Film Scoring — Sync, Cue & Music Editorial",Batch 1
Open ending,"Film Scoring — Sync, Cue & Music Editorial",Batch 1
Soft out,"Film Scoring — Sync, Cue & Music Editorial",Batch 1
Tail-out,"Film Scoring — Sync, Cue & Music Editorial",Batch 1
Top-and-tail scoring,"Film Scoring — Sync, Cue & Music Editorial",Batch 1
Bookend scoring,"Film Scoring — Sync, Cue & Music Editorial",Batch 1
Under-dialogue corridor,"Film Scoring — Sync, Cue & Music Editorial",Batch 1
Dialogue pocket,"Film Scoring — Sync, Cue & Music Editorial",Batch 1
Narrative handoff,"Film Scoring — Sync, Cue & Music Editorial",Batch 1
Modular scoring,"Film Scoring — Sync, Cue & Music Editorial",Batch 1
Expandable module,"Film Scoring — Sync, Cue & Music Editorial",Batch 1
Contractible module,"Film Scoring — Sync, Cue & Music Editorial",Batch 1
Elastic phrase,"Film Scoring — Sync, Cue & Music Editorial",Batch 1
Neutral bar,"Film Scoring — Sync, Cue & Music Editorial",Batch 1
Holding pattern,"Film Scoring — Sync, Cue & Music Editorial",Batch 1
Vamp-to-hit,"Film Scoring — Sync, Cue & Music Editorial",Batch 1
Vamp-out,"Film Scoring — Sync, Cue & Music Editorial",Batch 1
Safety bar,"Film Scoring — Sync, Cue & Music Editorial",Batch 1
Cut bar,"Film Scoring — Sync, Cue & Music Editorial",Batch 1
Insert bar,"Film Scoring — Sync, Cue & Music Editorial",Batch 1
Accordion cue,"Film Scoring — Sync, Cue & Music Editorial",Batch 1
Pivot bar,"Film Scoring — Sync, Cue & Music Editorial",Batch 1
Transition module,"Film Scoring — Sync, Cue & Music Editorial",Batch 1
Tension plateau,"Film Scoring — Sync, Cue & Music Editorial",Batch 1
Deferred cadence,"Film Scoring — Sync, Cue & Music Editorial",Batch 1
Cadential synchronization,"Film Scoring — Sync, Cue & Music Editorial",Batch 1
Phrasal synchronization,"Film Scoring — Sync, Cue & Music Editorial",Batch 1
Metric synchronization,"Film Scoring — Sync, Cue & Music Editorial",Batch 1
Parametric synchronization,"Film Scoring — Sync, Cue & Music Editorial",Batch 1
Orchestral handoff,"Film Scoring — Sync, Cue & Music Editorial",Batch 1
Timbral reveal,"Film Scoring — Sync, Cue & Music Editorial",Batch 1
Registral clearance,"Film Scoring — Sync, Cue & Music Editorial",Batch 1
Orchestration thinning,"Film Scoring — Sync, Cue & Music Editorial",Batch 1
Perspective orchestration,"Film Scoring — Sync, Cue & Music Editorial",Batch 1
Scoring stage foldback,"Film Scoring — Sync, Cue & Music Editorial",Batch 1
Conductor picture feed,"Film Scoring — Sync, Cue & Music Editorial",Batch 1
Session streamer,"Film Scoring — Sync, Cue & Music Editorial",Batch 1
Session punch,"Film Scoring — Sync, Cue & Music Editorial",Batch 1
Prelay,"Film Scoring — Sync, Cue & Music Editorial",Batch 1
Score prelay,"Film Scoring — Sync, Cue & Music Editorial",Batch 1
Orchestral sweetener,"Film Scoring — Sync, Cue & Music Editorial",Batch 1
Electronic sweetener,"Film Scoring — Sync, Cue & Music Editorial",Batch 1
Double pass,"Film Scoring — Sync, Cue & Music Editorial",Batch 1
Sectional overlay,"Film Scoring — Sync, Cue & Music Editorial",Batch 1
Spot overdub,"Film Scoring — Sync, Cue & Music Editorial",Batch 1
Score replacement pass,"Film Scoring — Sync, Cue & Music Editorial",Batch 1
Wild take,"Film Scoring — Sync, Cue & Music Editorial",Batch 1
Wild ending,"Film Scoring — Sync, Cue & Music Editorial",Batch 1
Ring-out take,"Film Scoring — Sync, Cue & Music Editorial",Batch 1
Long-tail take,"Film Scoring — Sync, Cue & Music Editorial",Batch 1
Clean top,"Film Scoring — Sync, Cue & Music Editorial",Batch 1
Clean tail,"Film Scoring — Sync, Cue & Music Editorial",Batch 1
Score stage master,"Film Scoring — Sync, Cue & Music Editorial",Batch 1
Cue assembly,"Film Scoring — Sync, Cue & Music Editorial",Batch 1
Score conform stem,"Film Scoring — Sync, Cue & Music Editorial",Batch 1
Cue assembly master,"Film Scoring — Sync, Cue & Music Editorial",Batch 1
Music editorial master,"Film Scoring — Sync, Cue & Music Editorial",Batch 1
Music-and-effects compatibility,"Film Scoring — Sync, Cue & Music Editorial",Batch 1
M&E gap,"Film Scoring — Sync, Cue & Music Editorial",Batch 1
Score stem family,"Film Scoring — Sync, Cue & Music Editorial",Batch 1
Editorial stem,"Film Scoring — Sync, Cue & Music Editorial",Batch 1
Theme stem,"Film Scoring — Sync, Cue & Music Editorial",Batch 1
Pulse stem,"Film Scoring — Sync, Cue & Music Editorial",Batch 1
Atmospheric stem,"Film Scoring — Sync, Cue & Music Editorial",Batch 1
Transient stem,"Film Scoring — Sync, Cue & Music Editorial",Batch 1
Score element,"Film Scoring — Sync, Cue & Music Editorial",Batch 1
No-melody mix,"Film Scoring — Sync, Cue & Music Editorial",Batch 1
No-percussion mix,"Film Scoring — Sync, Cue & Music Editorial",Batch 1
Reduced-density mix,"Film Scoring — Sync, Cue & Music Editorial",Batch 1
Button alternate,"Film Scoring — Sync, Cue & Music Editorial",Batch 1
Mix-out alternate,"Film Scoring — Sync, Cue & Music Editorial",Batch 1
Music editorial toolkit,"Film Scoring — Sync, Cue & Music Editorial",Batch 1
Photoplay music,Silent-Film & Photoplay Scoring,Batch 1
Photoplay album,Silent-Film & Photoplay Scoring,Batch 1
Photoplay library,Silent-Film & Photoplay Scoring,Batch 1
Thematic cue sheet,Silent-Film & Photoplay Scoring,Batch 1
Cue-sheet incipit,Silent-Film & Photoplay Scoring,Batch 1
Compilation score,Silent-Film & Photoplay Scoring,Batch 1
Compiled accompaniment,Silent-Film & Photoplay Scoring,Batch 1
Synchronization score,Silent-Film & Photoplay Scoring,Batch 1
Stock cue,Silent-Film & Photoplay Scoring,Batch 1
Characteristic piece,Silent-Film & Photoplay Scoring,Batch 1
Situation music,Silent-Film & Photoplay Scoring,Batch 1
Hurry,Silent-Film & Photoplay Scoring,Batch 1
Comic hurry,Silent-Film & Photoplay Scoring,Batch 1
Agitato,Silent-Film & Photoplay Scoring,Batch 1
Furioso,Silent-Film & Photoplay Scoring,Batch 1
Misterioso,Silent-Film & Photoplay Scoring,Batch 1
Comic misterioso,Silent-Film & Photoplay Scoring,Batch 1
Andante misterioso,Silent-Film & Photoplay Scoring,Batch 1
Plaintive,Silent-Film & Photoplay Scoring,Batch 1
Pathetic music,Silent-Film & Photoplay Scoring,Batch 1
Neutral music,Silent-Film & Photoplay Scoring,Batch 1
General-use hurry,Silent-Film & Photoplay Scoring,Batch 1
Descriptive incidental,Silent-Film & Photoplay Scoring,Batch 1
Curtain music,Silent-Film & Photoplay Scoring,Batch 1
Musical primer,Silent-Film & Photoplay Scoring,Batch 1
Modular silent-film score,Silent-Film & Photoplay Scoring,Batch 1
Anempathetic music,Film-Music Theory & Analysis,Batch 1
Empathetic music,Film-Music Theory & Analysis,Batch 1
Synchresis,Film-Music Theory & Analysis,Batch 1
Added value,Film-Music Theory & Analysis,Batch 1
Audiovisual counterpoint,Film-Music Theory & Analysis,Batch 1
Audiovisual consonance,Film-Music Theory & Analysis,Batch 1
Audiovisual dissonance,Film-Music Theory & Analysis,Batch 1
Temporal vectorization,Film-Music Theory & Analysis,Batch 1
Temporalization of image,Film-Music Theory & Analysis,Batch 1
Point of synchronization,Film-Music Theory & Analysis,Batch 1
Avoided synchronization,Film-Music Theory & Analysis,Batch 1
False synchronization,Film-Music Theory & Analysis,Batch 1
Micro-synchronization,Film-Music Theory & Analysis,Batch 1
Macro-synchronization,Film-Music Theory & Analysis,Batch 1
Structural synchronization,Film-Music Theory & Analysis,Batch 1
Tonal teleology,Film-Music Theory & Analysis,Batch 1
Cadential genre,Film-Music Theory & Analysis,Batch 1
Mixed plagal cadence,Film-Music Theory & Analysis,Batch 1
Subtonic half cadence,Film-Music Theory & Analysis,Batch 1
Tritone-minor-second complex,Film-Music Theory & Analysis,Batch 1
Chromatic mediant network,Film-Music Theory & Analysis,Batch 1
Pan-triadic writing,Film-Music Theory & Analysis,Batch 1
Neo-Riemannian transformation,Film-Music Theory & Analysis,Batch 1
Hexatonic pole,Film-Music Theory & Analysis,Batch 1
Double-tonic complex,Film-Music Theory & Analysis,Batch 1
Tonal pairing,Film-Music Theory & Analysis,Batch 1
Associative orchestration,Film-Music Theory & Analysis,Batch 1
Timbral leitmotif,Film-Music Theory & Analysis,Batch 1
Textural leitmotif,Film-Music Theory & Analysis,Batch 1
Harmonic signifier,Film-Music Theory & Analysis,Batch 1
Topic transformation,Film-Music Theory & Analysis,Batch 1
Genre-coded cadence,Film-Music Theory & Analysis,Batch 1
Signal extraction,Archival Preservation Principles & Digital Repository,Batch 1
Content migration,Archival Preservation Principles & Digital Repository,Batch 1
Carrier preservation,Archival Preservation Principles & Digital Repository,Batch 1
Content preservation,Archival Preservation Principles & Digital Repository,Batch 1
Preservation transfer,Archival Preservation Principles & Digital Repository,Batch 1
Archival transfer chain,Archival Preservation Principles & Digital Repository,Batch 1
Access derivative,Archival Preservation Principles & Digital Repository,Batch 1
Mezzanine file,Archival Preservation Principles & Digital Repository,Batch 1
Authentic signal representation,Archival Preservation Principles & Digital Repository,Batch 1
Archival neutrality,Archival Preservation Principles & Digital Repository,Batch 1
Reversible intervention,Archival Preservation Principles & Digital Repository,Batch 1
Minimal intervention,Archival Preservation Principles & Digital Repository,Batch 1
Documented intervention,Archival Preservation Principles & Digital Repository,Batch 1
Preservation pathway,Archival Preservation Principles & Digital Repository,Batch 1
Format obsolescence risk,Archival Preservation Principles & Digital Repository,Batch 1
Carrier-based obsolescence,Archival Preservation Principles & Digital Repository,Batch 1
System dependency,Archival Preservation Principles & Digital Repository,Batch 1
Preservation triage,Archival Preservation Principles & Digital Repository,Batch 1
Unequalized transfer,"Archival Transfer, Recovery & Restoration Processing",Batch 1
Pre-equalized transfer,"Archival Transfer, Recovery & Restoration Processing",Batch 1
Post-transfer equalization,"Archival Transfer, Recovery & Restoration Processing",Batch 1
Replay characteristic,"Archival Transfer, Recovery & Restoration Processing",Batch 1
Historical replay equalization,"Archival Transfer, Recovery & Restoration Processing",Batch 1
Turnover frequency,"Archival Transfer, Recovery & Restoration Processing",Batch 1
High-frequency roll-off constant,"Archival Transfer, Recovery & Restoration Processing",Batch 1
Non-RIAA equalization,"Archival Transfer, Recovery & Restoration Processing",Batch 1
Characteristic uncertainty,"Archival Transfer, Recovery & Restoration Processing",Batch 1
Reference transfer,"Archival Transfer, Recovery & Restoration Processing",Batch 1
Parallel transfer,"Archival Transfer, Recovery & Restoration Processing",Batch 1
Multi-stylus transfer,"Archival Transfer, Recovery & Restoration Processing",Batch 1
Multi-pass transfer,"Archival Transfer, Recovery & Restoration Processing",Batch 1
Channel-selective transfer,"Archival Transfer, Recovery & Restoration Processing",Batch 1
Dual-wall recovery,"Archival Transfer, Recovery & Restoration Processing",Batch 1
Wall-to-wall summation,"Archival Transfer, Recovery & Restoration Processing",Batch 1
Phase-coherent summation,"Archival Transfer, Recovery & Restoration Processing",Batch 1
Differential groove recovery,"Archival Transfer, Recovery & Restoration Processing",Batch 1
Common-mode groove rejection,"Archival Transfer, Recovery & Restoration Processing",Batch 1
Transfer calibration tone,"Archival Transfer, Recovery & Restoration Processing",Batch 1
Transfer lineage,"Archival Transfer, Recovery & Restoration Processing",Batch 1
Generation identification,"Archival Transfer, Recovery & Restoration Processing",Batch 1
Generation loss assessment,"Archival Transfer, Recovery & Restoration Processing",Batch 1
Contemporaneous transfer note,"Archival Transfer, Recovery & Restoration Processing",Batch 1
Binder hydrolysis,Magnetic Media Degradation (Archival),Batch 1
Sticky-shed syndrome,Magnetic Media Degradation (Archival),Batch 1
Soft-binder syndrome,Magnetic Media Degradation (Archival),Batch 1
Binder breakdown,Magnetic Media Degradation (Archival),Batch 1
Coating shed,Magnetic Media Degradation (Archival),Batch 1
Oxide shedding,Magnetic Media Degradation (Archival),Batch 1
Binder exudation,Magnetic Media Degradation (Archival),Batch 1
Lubricant exudation,Magnetic Media Degradation (Archival),Batch 1
Lubricant depletion,Magnetic Media Degradation (Archival),Batch 1
Blocking,Magnetic Media Degradation (Archival),Batch 1
Layer adhesion,Magnetic Media Degradation (Archival),Batch 1
Coating delamination,Magnetic Media Degradation (Archival),Batch 1
Base-film hydrolysis,Magnetic Media Degradation (Archival),Batch 1
Acetate-base decomposition,Magnetic Media Degradation (Archival),Batch 1
Vinegar syndrome,Magnetic Media Degradation (Archival),Batch 1
Plasticizer migration,Magnetic Media Degradation (Archival),Batch 1
Embrittlement,Magnetic Media Degradation (Archival),Batch 1
Substrate shrinkage,Magnetic Media Degradation (Archival),Batch 1
Magnetic-particle agglomeration,Magnetic Media Degradation (Archival),Batch 1
Coating friability,Magnetic Media Degradation (Archival),Batch 1
Pack tension,Magnetic Media Degradation (Archival),Batch 1
Pack stress,Magnetic Media Degradation (Archival),Batch 1
Pack slip,Magnetic Media Degradation (Archival),Batch 1
Interlayer slip,Magnetic Media Degradation (Archival),Batch 1
Cinching,Magnetic Media Degradation (Archival),Batch 1
Stepped pack,Magnetic Media Degradation (Archival),Batch 1
Scattered wind,Magnetic Media Degradation (Archival),Batch 1
Windowing,Magnetic Media Degradation (Archival),Batch 1
Spoking,Magnetic Media Degradation (Archival),Batch 1
Pack collapse,Magnetic Media Degradation (Archival),Batch 1
Flange pack contact,Magnetic Media Degradation (Archival),Batch 1
Edge weave,Magnetic Media Degradation (Archival),Batch 1
Tape skew,Magnetic Media Degradation (Archival),Batch 1
Edge damage,Magnetic Media Degradation (Archival),Batch 1
Popped strand,Magnetic Media Degradation (Archival),Batch 1
Leafing,Magnetic Media Degradation (Archival),Batch 1
Cupping,Magnetic Media Degradation (Archival),Batch 1
Longitudinal curl,Magnetic Media Degradation (Archival),Batch 1
Transverse curl,Magnetic Media Degradation (Archival),Batch 1
Saddle deformation,Magnetic Media Degradation (Archival),Batch 1
Crease memory,Magnetic Media Degradation (Archival),Batch 1
Tension imprint,Magnetic Media Degradation (Archival),Batch 1
Print-through,Magnetic Media Degradation (Archival),Batch 1
Pre-print,Magnetic Media Degradation (Archival),Batch 1
Post-print,Magnetic Media Degradation (Archival),Batch 1
Azimuth error,Magnetic Media Degradation (Archival),Batch 1
Dynamic azimuth error,Magnetic Media Degradation (Archival),Batch 1
Azimuth drift,Magnetic Media Degradation (Archival),Batch 1
Segmental azimuth correction,Magnetic Media Degradation (Archival),Batch 1
Automatic azimuth correction,Magnetic Media Degradation (Archival),Batch 1
Zenith error,Magnetic Media Degradation (Archival),Batch 1
Head-height error,Magnetic Media Degradation (Archival),Batch 1
Track-placement error,Magnetic Media Degradation (Archival),Batch 1
Track-width mismatch,Magnetic Media Degradation (Archival),Batch 1
Guard-band intrusion,Magnetic Media Degradation (Archival),Batch 1
Adjacent-track crosstalk,Magnetic Media Degradation (Archival),Batch 1
Head-wrap angle,Magnetic Media Degradation (Archival),Batch 1
Tape wrap,Magnetic Media Degradation (Archival),Batch 1
Head-to-tape contact,Magnetic Media Degradation (Archival),Batch 1
Spacing loss,Magnetic Media Degradation (Archival),Batch 1
Gap loss,Magnetic Media Degradation (Archival),Batch 1
Contour effect,Magnetic Media Degradation (Archival),Batch 1
Fringing effect,Magnetic Media Degradation (Archival),Batch 1
Head-gap scatter,Magnetic Media Degradation (Archival),Batch 1
Interchannel time displacement,Magnetic Media Degradation (Archival),Batch 1
Stack alignment,Magnetic Media Degradation (Archival),Batch 1
Reference-fluxivity mismatch,Magnetic Media Degradation (Archival),Batch 1
Replay calibration ambiguity,Magnetic Media Degradation (Archival),Batch 1
Wow,Magnetic Media Degradation (Archival),Batch 1
Flutter,Magnetic Media Degradation (Archival),Batch 1
Wow-and-flutter profile,Magnetic Media Degradation (Archival),Batch 1
Scrape flutter,Magnetic Media Degradation (Archival),Batch 1
Stick-slip motion,Magnetic Media Degradation (Archival),Batch 1
Tape squeal,Magnetic Media Degradation (Archival),Batch 1
Longitudinal vibration,Magnetic Media Degradation (Archival),Batch 1
Transverse vibration,Magnetic Media Degradation (Archival),Batch 1
Capstan eccentricity,Magnetic Media Degradation (Archival),Batch 1
Pinch-roller eccentricity,Magnetic Media Degradation (Archival),Batch 1
Capstan imprint,Magnetic Media Degradation (Archival),Batch 1
Reel eccentricity,Magnetic Media Degradation (Archival),Batch 1
Torque ripple,Magnetic Media Degradation (Archival),Batch 1
Tension modulation,Magnetic Media Degradation (Archival),Batch 1
Servo hunting,Magnetic Media Degradation (Archival),Batch 1
Speed-reference reconstruction,Magnetic Media Degradation (Archival),Batch 1
Mains-hum speed correction,Magnetic Media Degradation (Archival),Batch 1
Bias-tone tracking,Magnetic Media Degradation (Archival),Batch 1
Pilot-tone recovery,Magnetic Media Degradation (Archival),Batch 1
Capstanless correction,Magnetic Media Degradation (Archival),Batch 1
Instantaneous disc,Grooved & Obsolete Carrier Preservation,Batch 1
Direct-cut disc,Grooved & Obsolete Carrier Preservation,Batch 1
Transcription disc,Grooved & Obsolete Carrier Preservation,Batch 1
Pre-grooved disc,Grooved & Obsolete Carrier Preservation,Batch 1
Embossed groove,Grooved & Obsolete Carrier Preservation,Batch 1
Cut groove,Grooved & Obsolete Carrier Preservation,Batch 1
Lateral-cut recording,Grooved & Obsolete Carrier Preservation,Batch 1
Vertical-cut recording,Grooved & Obsolete Carrier Preservation,Batch 1
Hill-and-dale recording,Grooved & Obsolete Carrier Preservation,Batch 1
Variable-pitch cutting,Grooved & Obsolete Carrier Preservation,Batch 1
Groove eccentricity,Grooved & Obsolete Carrier Preservation,Batch 1
Concentric runout,Grooved & Obsolete Carrier Preservation,Batch 1
Inside-start disc,Grooved & Obsolete Carrier Preservation,Batch 1
Outside-start disc,Grooved & Obsolete Carrier Preservation,Batch 1
Groove-wall selection,Grooved & Obsolete Carrier Preservation,Batch 1
Stylus truncation,Grooved & Obsolete Carrier Preservation,Batch 1
Stylus-radius optimization,Grooved & Obsolete Carrier Preservation,Batch 1
Truncated elliptical stylus,Grooved & Obsolete Carrier Preservation,Batch 1
Groove-bottom riding,Grooved & Obsolete Carrier Preservation,Batch 1
Pinch effect,Grooved & Obsolete Carrier Preservation,Batch 1
Tracing distortion,Grooved & Obsolete Carrier Preservation,Batch 1
Scanning loss,Grooved & Obsolete Carrier Preservation,Batch 1
Groove echo,Grooved & Obsolete Carrier Preservation,Batch 1
Turntable rumble,Grooved & Obsolete Carrier Preservation,Batch 1
Warp wow,Grooved & Obsolete Carrier Preservation,Batch 1
Lacquer delamination,Grooved & Obsolete Carrier Preservation,Batch 1
Lacquer lifting,Grooved & Obsolete Carrier Preservation,Batch 1
Lacquer flaking,Grooved & Obsolete Carrier Preservation,Batch 1
Palmitic-acid exudation,Grooved & Obsolete Carrier Preservation,Batch 1
Plasticizer loss,Grooved & Obsolete Carrier Preservation,Batch 1
Lacquer shrinkage,Grooved & Obsolete Carrier Preservation,Batch 1
Surface crazing,Grooved & Obsolete Carrier Preservation,Batch 1
Radial cracking,Grooved & Obsolete Carrier Preservation,Batch 1
Concentric cracking,Grooved & Obsolete Carrier Preservation,Batch 1
Groove-wall fracture,Grooved & Obsolete Carrier Preservation,Batch 1
Groove collapse,Grooved & Obsolete Carrier Preservation,Batch 1
Substrate corrosion,Grooved & Obsolete Carrier Preservation,Batch 1
Glass-base fracture,Grooved & Obsolete Carrier Preservation,Batch 1
Core swelling,Grooved & Obsolete Carrier Preservation,Batch 1
Exudate removal,Grooved & Obsolete Carrier Preservation,Batch 1
Surface bloom,Grooved & Obsolete Carrier Preservation,Batch 1
Mold hyphae intrusion,Grooved & Obsolete Carrier Preservation,Batch 1
Groove accretion,Grooved & Obsolete Carrier Preservation,Batch 1
Particulate occlusion,Grooved & Obsolete Carrier Preservation,Batch 1
Wet-play transfer,Grooved & Obsolete Carrier Preservation,Batch 1
Wax-cylinder shaving,Grooved & Obsolete Carrier Preservation,Batch 1
Cylinder eccentricity,Grooved & Obsolete Carrier Preservation,Batch 1
Mandrel mismatch,Grooved & Obsolete Carrier Preservation,Batch 1
Cylinder bore deformation,Grooved & Obsolete Carrier Preservation,Batch 1
End-shrinkage,Grooved & Obsolete Carrier Preservation,Batch 1
Cylinder ovalization,Grooved & Obsolete Carrier Preservation,Batch 1
Celluloid-cylinder delamination,Grooved & Obsolete Carrier Preservation,Batch 1
Plaster-core expansion,Grooved & Obsolete Carrier Preservation,Batch 1
Dictation belt,Grooved & Obsolete Carrier Preservation,Batch 1
Dictabelt,Grooved & Obsolete Carrier Preservation,Batch 1
SoundScriber disc,Grooved & Obsolete Carrier Preservation,Batch 1
Gray Audograph disc,Grooved & Obsolete Carrier Preservation,Batch 1
Memobelt,Grooved & Obsolete Carrier Preservation,Batch 1
Groove embossing recovery,Grooved & Obsolete Carrier Preservation,Batch 1
Belt flattening,Grooved & Obsolete Carrier Preservation,Batch 1
Mandrel casting,Grooved & Obsolete Carrier Preservation,Batch 1
Noncontact cylinder scanning,Grooved & Obsolete Carrier Preservation,Batch 1
Helical-groove reconstruction,Grooved & Obsolete Carrier Preservation,Batch 1
Optical sound recovery,"Archival Transfer, Recovery & Restoration Processing",Batch 1
Noncontact playback,"Archival Transfer, Recovery & Restoration Processing",Batch 1
IRENE scanning,"Archival Transfer, Recovery & Restoration Processing",Batch 1
Two-dimensional groove imaging,"Archival Transfer, Recovery & Restoration Processing",Batch 1
Three-dimensional groove imaging,"Archival Transfer, Recovery & Restoration Processing",Batch 1
Surface metrology,"Archival Transfer, Recovery & Restoration Processing",Batch 1
Groove-topography reconstruction,"Archival Transfer, Recovery & Restoration Processing",Batch 1
Virtual stylus,"Archival Transfer, Recovery & Restoration Processing",Batch 1
Optical transfer profile,"Archival Transfer, Recovery & Restoration Processing",Batch 1
Groove-centerline extraction,"Archival Transfer, Recovery & Restoration Processing",Batch 1
Wall-profile extraction,"Archival Transfer, Recovery & Restoration Processing",Batch 1
Occlusion bridging,"Archival Transfer, Recovery & Restoration Processing",Batch 1
Fracture registration,"Archival Transfer, Recovery & Restoration Processing",Batch 1
Fragment stitching,"Archival Transfer, Recovery & Restoration Processing",Batch 1
Image-domain dewarping,"Archival Transfer, Recovery & Restoration Processing",Batch 1
Virtual reassembly,"Archival Transfer, Recovery & Restoration Processing",Batch 1
Decrackling,"Archival Transfer, Recovery & Restoration Processing",Batch 1
Declicking,"Archival Transfer, Recovery & Restoration Processing",Batch 1
Impulse interpolation,"Archival Transfer, Recovery & Restoration Processing",Batch 1
Bidirectional interpolation,"Archival Transfer, Recovery & Restoration Processing",Batch 1
Autoregressive interpolation,"Archival Transfer, Recovery & Restoration Processing",Batch 1
Spectral inpainting,"Archival Transfer, Recovery & Restoration Processing",Batch 1
Sinusoidal interpolation,"Archival Transfer, Recovery & Restoration Processing",Batch 1
Transient reconstruction,"Archival Transfer, Recovery & Restoration Processing",Batch 1
Broadband impulse,"Archival Transfer, Recovery & Restoration Processing",Batch 1
Click tail,"Archival Transfer, Recovery & Restoration Processing",Batch 1
Thump removal,"Archival Transfer, Recovery & Restoration Processing",Batch 1
Deplosive processing,"Archival Transfer, Recovery & Restoration Processing",Batch 1
Declip reconstruction,"Archival Transfer, Recovery & Restoration Processing",Batch 1
Asymmetric declipping,"Archival Transfer, Recovery & Restoration Processing",Batch 1
Dropout interpolation,"Archival Transfer, Recovery & Restoration Processing",Batch 1
Partial dropout,"Archival Transfer, Recovery & Restoration Processing",Batch 1
High-frequency dropout,"Archival Transfer, Recovery & Restoration Processing",Batch 1
Channel substitution,"Archival Transfer, Recovery & Restoration Processing",Batch 1
Patch-source restoration,"Archival Transfer, Recovery & Restoration Processing",Batch 1
Composite restoration,"Archival Transfer, Recovery & Restoration Processing",Batch 1
Source intercutting,"Archival Transfer, Recovery & Restoration Processing",Batch 1
Multi-source alignment,"Archival Transfer, Recovery & Restoration Processing",Batch 1
Drift-compensated alignment,"Archival Transfer, Recovery & Restoration Processing",Batch 1
Hum fundamental,"Archival Transfer, Recovery & Restoration Processing",Batch 1
Hum-harmonic series,"Archival Transfer, Recovery & Restoration Processing",Batch 1
Hum tracking,"Archival Transfer, Recovery & Restoration Processing",Batch 1
Adaptive dehum,"Archival Transfer, Recovery & Restoration Processing",Batch 1
Comb-notch dehum,"Archival Transfer, Recovery & Restoration Processing",Batch 1
Harmonic hum reconstruction,"Archival Transfer, Recovery & Restoration Processing",Batch 1
Buzz burst,"Archival Transfer, Recovery & Restoration Processing",Batch 1
Rectifier buzz,"Archival Transfer, Recovery & Restoration Processing",Batch 1
Line-frequency wander,"Archival Transfer, Recovery & Restoration Processing",Batch 1
Heterodyne whistle,"Archival Transfer, Recovery & Restoration Processing",Batch 1
Bias whistle,"Archival Transfer, Recovery & Restoration Processing",Batch 1
Pilot-tone leakage,"Archival Transfer, Recovery & Restoration Processing",Batch 1
Carrier leakage,"Archival Transfer, Recovery & Restoration Processing",Batch 1
Beat-frequency interference,"Archival Transfer, Recovery & Restoration Processing",Batch 1
Switching hash,"Archival Transfer, Recovery & Restoration Processing",Batch 1
Arc noise,"Archival Transfer, Recovery & Restoration Processing",Batch 1
Ignition interference,"Archival Transfer, Recovery & Restoration Processing",Batch 1
Radio breakthrough,"Archival Transfer, Recovery & Restoration Processing",Batch 1
Crosstalk print,"Archival Transfer, Recovery & Restoration Processing",Batch 1
Bit-level preservation,Archival Preservation Principles & Digital Repository,Batch 1
Fixity,Archival Preservation Principles & Digital Repository,Batch 1
Fixity check,Archival Preservation Principles & Digital Repository,Batch 1
Checksum manifest,Archival Preservation Principles & Digital Repository,Batch 1
Cryptographic hash,Archival Preservation Principles & Digital Repository,Batch 1
Checksum collision,Archival Preservation Principles & Digital Repository,Batch 1
Silent corruption,Archival Preservation Principles & Digital Repository,Batch 1
Bit rot,Archival Preservation Principles & Digital Repository,Batch 1
Media refreshing,Archival Preservation Principles & Digital Repository,Batch 1
Format migration,Archival Preservation Principles & Digital Repository,Batch 1
Normalization,Archival Preservation Principles & Digital Repository,Batch 1
Preservation normalization,Archival Preservation Principles & Digital Repository,Batch 1
Replication,Archival Preservation Principles & Digital Repository,Batch 1
Geographic replication,Archival Preservation Principles & Digital Repository,Batch 1
Storage diversity,Archival Preservation Principles & Digital Repository,Batch 1
Technological diversity,Archival Preservation Principles & Digital Repository,Batch 1
Integrity audit,Archival Preservation Principles & Digital Repository,Batch 1
Audit trail,Archival Preservation Principles & Digital Repository,Batch 1
Event metadata,Archival Preservation Principles & Digital Repository,Batch 1
Preservation provenance,Archival Preservation Principles & Digital Repository,Batch 1
Significant properties,Archival Preservation Principles & Digital Repository,Batch 1
Representation information,Archival Preservation Principles & Digital Repository,Batch 1
Representation network,Archival Preservation Principles & Digital Repository,Batch 1
Preservation watch,Archival Preservation Principles & Digital Repository,Batch 1
Technology watch,Archival Preservation Principles & Digital Repository,Batch 1
Coding history field,Archival Preservation Principles & Digital Repository,Batch 1
Originator reference,Archival Preservation Principles & Digital Repository,Batch 1
Time reference,Archival Preservation Principles & Digital Repository,Batch 1
Embedded checksum,Archival Preservation Principles & Digital Repository,Batch 1
MD5 chunk,Archival Preservation Principles & Digital Repository,Batch 1
RF64,Archival Preservation Principles & Digital Repository,Batch 1
WAVE64,Archival Preservation Principles & Digital Repository,Batch 1
Process metadata,Archival Preservation Principles & Digital Repository,Batch 1
Carrier metadata,Archival Preservation Principles & Digital Repository,Batch 1
Replay metadata,Archival Preservation Principles & Digital Repository,Batch 1
Restoration metadata,Archival Preservation Principles & Digital Repository,Batch 1
AES57 object structure,Archival Preservation Principles & Digital Repository,Batch 1
Metadata crosswalk,Archival Preservation Principles & Digital Repository,Batch 1
Schema validation,Archival Preservation Principles & Digital Repository,Batch 1
Controlled vocabulary,Archival Preservation Principles & Digital Repository,Batch 1
Persistent identifier,Archival Preservation Principles & Digital Repository,Batch 1
Essence,Archival Preservation Principles & Digital Repository,Batch 1
Essence container,Archival Preservation Principles & Digital Repository,Batch 1
Ingest validation,Archival Preservation Principles & Digital Repository,Batch 1
Archival ingest,Archival Preservation Principles & Digital Repository,Batch 1
Content Information,Archival Preservation Principles & Digital Repository,Batch 1
Preservation Description Information,Archival Preservation Principles & Digital Repository,Batch 1
Reference information,Archival Preservation Principles & Digital Repository,Batch 1
Context information,Archival Preservation Principles & Digital Repository,Batch 1
Provenance information,Archival Preservation Principles & Digital Repository,Batch 1
Fixity information,Archival Preservation Principles & Digital Repository,Batch 1
Designated community,Archival Preservation Principles & Digital Repository,Batch 1
Independent understandability,Archival Preservation Principles & Digital Repository,Batch 1
Repository succession plan,Archival Preservation Principles & Digital Repository,Batch 1
Remanence,"Magnetic Recording Physics, Bias & Erasure",Batch 1
Retentivity,"Magnetic Recording Physics, Bias & Erasure",Batch 1
Coercivity,"Magnetic Recording Physics, Bias & Erasure",Batch 1
Intrinsic coercivity,"Magnetic Recording Physics, Bias & Erasure",Batch 1
Saturation magnetization,"Magnetic Recording Physics, Bias & Erasure",Batch 1
Saturation remanence,"Magnetic Recording Physics, Bias & Erasure",Batch 1
Magnetic hysteresis,"Magnetic Recording Physics, Bias & Erasure",Batch 1
Hysteresis loop,"Magnetic Recording Physics, Bias & Erasure",Batch 1
Anhysteretic recording,"Magnetic Recording Physics, Bias & Erasure",Batch 1
Anhysteretic remanence,"Magnetic Recording Physics, Bias & Erasure",Batch 1
Domain orientation,"Magnetic Recording Physics, Bias & Erasure",Batch 1
Particle orientation,"Magnetic Recording Physics, Bias & Erasure",Batch 1
Orientation ratio,"Magnetic Recording Physics, Bias & Erasure",Batch 1
Switching-field distribution,"Magnetic Recording Physics, Bias & Erasure",Batch 1
Magnetization transition,"Magnetic Recording Physics, Bias & Erasure",Batch 1
Transition crowding,"Magnetic Recording Physics, Bias & Erasure",Batch 1
Self-demagnetization,"Magnetic Recording Physics, Bias & Erasure",Batch 1
Thickness loss,"Magnetic Recording Physics, Bias & Erasure",Batch 1
Wavelength response,"Magnetic Recording Physics, Bias & Erasure",Batch 1
Recorded wavelength,"Magnetic Recording Physics, Bias & Erasure",Batch 1
AC bias,"Magnetic Recording Physics, Bias & Erasure",Batch 1
Bias frequency,"Magnetic Recording Physics, Bias & Erasure",Batch 1
Bias current,"Magnetic Recording Physics, Bias & Erasure",Batch 1
Optimum bias,"Magnetic Recording Physics, Bias & Erasure",Batch 1
Overbias,"Magnetic Recording Physics, Bias & Erasure",Batch 1
Underbias,"Magnetic Recording Physics, Bias & Erasure",Batch 1
Overbias curve,"Magnetic Recording Physics, Bias & Erasure",Batch 1
Bias null,"Magnetic Recording Physics, Bias & Erasure",Batch 1
Bias trap,"Magnetic Recording Physics, Bias & Erasure",Batch 1
Bias feedthrough,"Magnetic Recording Physics, Bias & Erasure",Batch 1
Bias rocks,"Magnetic Recording Physics, Bias & Erasure",Batch 1
Bias compatibility,"Magnetic Recording Physics, Bias & Erasure",Batch 1
Erase depth,"Magnetic Recording Physics, Bias & Erasure",Batch 1
Erasure ratio,"Magnetic Recording Physics, Bias & Erasure",Batch 1
Incomplete erasure,"Magnetic Recording Physics, Bias & Erasure",Batch 1
Erase-field penetration,"Magnetic Recording Physics, Bias & Erasure",Batch 1
DC erasure,"Magnetic Recording Physics, Bias & Erasure",Batch 1
Bulk erasure,"Magnetic Recording Physics, Bias & Erasure",Batch 1
Degausser dwell,"Magnetic Recording Physics, Bias & Erasure",Batch 1
Degausser withdrawal,"Magnetic Recording Physics, Bias & Erasure",Batch 1
Reference fluxivity,"Tape Level, Calibration & EQ Standards",Batch 1
Magnetic fluxivity,"Tape Level, Calibration & EQ Standards",Batch 1
Elevated operating level,"Tape Level, Calibration & EQ Standards",Batch 1
Standard reference level,"Tape Level, Calibration & EQ Standards",Batch 1
Tape sensitivity,"Tape Level, Calibration & EQ Standards",Batch 1
Relative tape sensitivity,"Tape Level, Calibration & EQ Standards",Batch 1
Reference tape,"Tape Level, Calibration & EQ Standards",Batch 1
Reproducer test tape,"Tape Level, Calibration & EQ Standards",Batch 1
Multifrequency alignment tape,"Tape Level, Calibration & EQ Standards",Batch 1
Short-wavelength level,"Tape Level, Calibration & EQ Standards",Batch 1
Long-wavelength level,"Tape Level, Calibration & EQ Standards",Batch 1
Maximum output level,"Tape Level, Calibration & EQ Standards",Batch 1
Maximum output level at 3% distortion,"Tape Level, Calibration & EQ Standards",Batch 1
Saturation output,"Tape Level, Calibration & EQ Standards",Batch 1
Saturation output level,"Tape Level, Calibration & EQ Standards",Batch 1
Tape headroom,"Tape Level, Calibration & EQ Standards",Batch 1
Modulation noise,"Tape Level, Calibration & EQ Standards",Batch 1
DC noise,"Tape Level, Calibration & EQ Standards",Batch 1
Erased-tape noise,"Tape Level, Calibration & EQ Standards",Batch 1
Bulk-erased noise,"Tape Level, Calibration & EQ Standards",Batch 1
Weighted tape noise,"Tape Level, Calibration & EQ Standards",Batch 1
Print-through ratio,"Tape Level, Calibration & EQ Standards",Batch 1
IEC1 equalization,"Tape Level, Calibration & EQ Standards",Batch 1
IEC2 equalization,"Tape Level, Calibration & EQ Standards",Batch 1
CCIR equalization,"Tape Level, Calibration & EQ Standards",Batch 1
NAB equalization,"Tape Level, Calibration & EQ Standards",Batch 1
NARTB equalization,"Tape Level, Calibration & EQ Standards",Batch 1
DIN tape equalization,"Tape Level, Calibration & EQ Standards",Batch 1
AES equalization,"Tape Level, Calibration & EQ Standards",Batch 1
NagraMaster equalization,"Tape Level, Calibration & EQ Standards",Batch 1
Ampex Master Equalization,"Tape Level, Calibration & EQ Standards",Batch 1
House equalization,"Tape Level, Calibration & EQ Standards",Batch 1
Replay time constant,"Tape Level, Calibration & EQ Standards",Batch 1
Infinite low-frequency time constant,"Tape Level, Calibration & EQ Standards",Batch 1
Equalization ambiguity,"Tape Level, Calibration & EQ Standards",Batch 1
Equalization misdecode,"Tape Level, Calibration & EQ Standards",Batch 1
Head bump,"Tape Heads, Track Geometry & Transport",Batch 1
Head contour resonance,"Tape Heads, Track Geometry & Transport",Batch 1
Pole-tip recession,"Tape Heads, Track Geometry & Transport",Batch 1
Head-face grooving,"Tape Heads, Track Geometry & Transport",Batch 1
Differential head wear,"Tape Heads, Track Geometry & Transport",Batch 1
Gap erosion,"Tape Heads, Track Geometry & Transport",Batch 1
Gap-length loss,"Tape Heads, Track Geometry & Transport",Batch 1
Gap-azimuth interaction,"Tape Heads, Track Geometry & Transport",Batch 1
Vertex adjustment,"Tape Heads, Track Geometry & Transport",Batch 1
Head penetration,"Tape Heads, Track Geometry & Transport",Batch 1
Contact loss,"Tape Heads, Track Geometry & Transport",Batch 1
Contact-loss dropout,"Tape Heads, Track Geometry & Transport",Batch 1
Tape tenting,"Tape Heads, Track Geometry & Transport",Batch 1
Head clogging,"Tape Heads, Track Geometry & Transport",Batch 1
Pole-piece magnetization,"Tape Heads, Track Geometry & Transport",Batch 1
Remanent head field,"Tape Heads, Track Geometry & Transport",Batch 1
Head-field asymmetry,"Tape Heads, Track Geometry & Transport",Batch 1
Full-track mono,"Tape Heads, Track Geometry & Transport",Batch 1
Half-track mono,"Tape Heads, Track Geometry & Transport",Batch 1
Half-track stereo,"Tape Heads, Track Geometry & Transport",Batch 1
Quarter-track stereo,"Tape Heads, Track Geometry & Transport",Batch 1
Twin-track,"Tape Heads, Track Geometry & Transport",Batch 1
Staggered-head stereo,"Tape Heads, Track Geometry & Transport",Batch 1
Inline-head stereo,"Tape Heads, Track Geometry & Transport",Batch 1
Stagger offset,"Tape Heads, Track Geometry & Transport",Batch 1
Stagger correction,"Tape Heads, Track Geometry & Transport",Batch 1
Track sense,"Tape Heads, Track Geometry & Transport",Batch 1
Track assignment,"Tape Heads, Track Geometry & Transport",Batch 1
Track configuration,"Tape Heads, Track Geometry & Transport",Batch 1
Track pitch,"Tape Heads, Track Geometry & Transport",Batch 1
Track-edge effect,"Tape Heads, Track Geometry & Transport",Batch 1
Guard track,"Tape Heads, Track Geometry & Transport",Batch 1
Cue track,"Tape Heads, Track Geometry & Transport",Batch 1
Center track,"Tape Heads, Track Geometry & Transport",Batch 1
Sel-sync track,"Tape Heads, Track Geometry & Transport",Batch 1
Sync-repro response,"Tape Heads, Track Geometry & Transport",Batch 1
Sync-head offset,"Tape Heads, Track Geometry & Transport",Batch 1
Intertrack timing error,"Tape Heads, Track Geometry & Transport",Batch 1
Track-format mismatch,"Tape Heads, Track Geometry & Transport",Batch 1
Constant-tension transport,"Tape Heads, Track Geometry & Transport",Batch 1
Open-loop transport,"Tape Heads, Track Geometry & Transport",Batch 1
Closed-loop transport,"Tape Heads, Track Geometry & Transport",Batch 1
Dual-capstan transport,"Tape Heads, Track Geometry & Transport",Batch 1
Closed-loop dual capstan,"Tape Heads, Track Geometry & Transport",Batch 1
Isolated tape loop,"Tape Heads, Track Geometry & Transport",Batch 1
Back tension,"Tape Heads, Track Geometry & Transport",Batch 1
Take-up tension,"Tape Heads, Track Geometry & Transport",Batch 1
Differential tension,"Tape Heads, Track Geometry & Transport",Batch 1
Tension arm,"Tape Heads, Track Geometry & Transport",Batch 1
Dancer arm,"Tape Heads, Track Geometry & Transport",Batch 1
Vacuum column,"Tape Heads, Track Geometry & Transport",Batch 1
Vacuum buffer,"Tape Heads, Track Geometry & Transport",Batch 1
Tape lifter,"Tape Heads, Track Geometry & Transport",Batch 1
Lifter scrape,"Tape Heads, Track Geometry & Transport",Batch 1
Guide chatter,"Tape Heads, Track Geometry & Transport",Batch 1
Flange rub,"Tape Heads, Track Geometry & Transport",Batch 1
Hub-slot deformation,"Tape Heads, Track Geometry & Transport",Batch 1
Reel-table runout,"Tape Heads, Track Geometry & Transport",Batch 1
Reel-table height,"Tape Heads, Track Geometry & Transport",Batch 1
Tape-path coplanarity,"Tape Heads, Track Geometry & Transport",Batch 1
Tape-path skew,"Tape Heads, Track Geometry & Transport",Batch 1
Edge guiding,"Tape Heads, Track Geometry & Transport",Batch 1
Crowned guide,"Tape Heads, Track Geometry & Transport",Batch 1
Impedance roller,"Tape Heads, Track Geometry & Transport",Batch 1
Flutter idler,"Tape Heads, Track Geometry & Transport",Batch 1
Tape-path resonance,"Tape Heads, Track Geometry & Transport",Batch 1
Span resonance,"Tape Heads, Track Geometry & Transport",Batch 1
Longitudinal tape resonance,"Tape Heads, Track Geometry & Transport",Batch 1
Flat wind,"Tape Construction, Packs & Conservation",Batch 1
Smooth pack,"Tape Construction, Packs & Conservation",Batch 1
Hard pack,"Tape Construction, Packs & Conservation",Batch 1
Soft pack,"Tape Construction, Packs & Conservation",Batch 1
Pack shift,"Tape Construction, Packs & Conservation",Batch 1
Hub slip,"Tape Construction, Packs & Conservation",Batch 1
Pack scatter,"Tape Construction, Packs & Conservation",Batch 1
Telescope,"Tape Construction, Packs & Conservation",Batch 1
Dish,"Tape Construction, Packs & Conservation",Batch 1
Pack dish,"Tape Construction, Packs & Conservation",Batch 1
Flange squeeze,"Tape Construction, Packs & Conservation",Batch 1
Interlayer entrainment,"Tape Construction, Packs & Conservation",Batch 1
Debris embossing,"Tape Construction, Packs & Conservation",Batch 1
Layer impression,"Tape Construction, Packs & Conservation",Batch 1
Storage set,"Tape Construction, Packs & Conservation",Batch 1
Wind-induced edge curl,"Tape Construction, Packs & Conservation",Batch 1
Pack relaxation,"Tape Construction, Packs & Conservation",Batch 1
Pack compression,"Tape Construction, Packs & Conservation",Batch 1
Wickelretter,"Tape Construction, Packs & Conservation",Batch 1
Base film,"Tape Construction, Packs & Conservation",Batch 1
Cellulose-acetate base,"Tape Construction, Packs & Conservation",Batch 1
Polyester base,"Tape Construction, Packs & Conservation",Batch 1
Polyvinyl-chloride base,"Tape Construction, Packs & Conservation",Batch 1
Paper-base tape,"Tape Construction, Packs & Conservation",Batch 1
Pigment layer,"Tape Construction, Packs & Conservation",Batch 1
Magnetic coating,"Tape Construction, Packs & Conservation",Batch 1
Back coating,"Tape Construction, Packs & Conservation",Batch 1
Carbon back coating,"Tape Construction, Packs & Conservation",Batch 1
Back-coat transfer,"Tape Construction, Packs & Conservation",Batch 1
Back-coat shedding,"Tape Construction, Packs & Conservation",Batch 1
Coating-to-backing interaction,"Tape Construction, Packs & Conservation",Batch 1
Dispersion quality,"Tape Construction, Packs & Conservation",Batch 1
Particle agglomerate,"Tape Construction, Packs & Conservation",Batch 1
Calendering,"Tape Construction, Packs & Conservation",Batch 1
Calendering loss,"Tape Construction, Packs & Conservation",Batch 1
Coating thickness,"Tape Construction, Packs & Conservation",Batch 1
Base thickness,"Tape Construction, Packs & Conservation",Batch 1
Standard-play tape,"Tape Construction, Packs & Conservation",Batch 1
Long-play tape,"Tape Construction, Packs & Conservation",Batch 1
Double-play tape,"Tape Construction, Packs & Conservation",Batch 1
Triple-play tape,"Tape Construction, Packs & Conservation",Batch 1
Tensilized polyester,"Tape Construction, Packs & Conservation",Batch 1
Coating adhesion,"Tape Construction, Packs & Conservation",Batch 1
Cohesive failure,"Tape Construction, Packs & Conservation",Batch 1
Adhesive failure,"Tape Construction, Packs & Conservation",Batch 1
Pigment shedding,"Tape Construction, Packs & Conservation",Batch 1
Ferrotyping,"Tape Construction, Packs & Conservation",Batch 1
Surface glazing,"Tape Construction, Packs & Conservation",Batch 1
Binder polishing,"Tape Construction, Packs & Conservation",Batch 1
Adhesive ooze,"Tape Construction, Packs & Conservation",Batch 1
Splice bleed,"Tape Construction, Packs & Conservation",Batch 1
Splice blocking,"Tape Construction, Packs & Conservation",Batch 1
Splice imprint,"Tape Construction, Packs & Conservation",Batch 1
Splice curl,"Tape Construction, Packs & Conservation",Batch 1
Splice failure,"Tape Construction, Packs & Conservation",Batch 1
Leader embrittlement,"Tape Construction, Packs & Conservation",Batch 1
Leader shrinkage,"Tape Construction, Packs & Conservation",Batch 1
Mold staining,"Tape Construction, Packs & Conservation",Batch 1
Hyphal anchoring,"Tape Construction, Packs & Conservation",Batch 1
Insect frass contamination,"Tape Construction, Packs & Conservation",Batch 1
Particulate embedment,"Tape Construction, Packs & Conservation",Batch 1
Abrasive contamination,"Tape Construction, Packs & Conservation",Batch 1
Ferrofluid contamination,"Tape Construction, Packs & Conservation",Batch 1
Salt contamination,"Tape Construction, Packs & Conservation",Batch 1
Flood-set pack,"Tape Construction, Packs & Conservation",Batch 1
Mud intrusion,"Tape Construction, Packs & Conservation",Batch 1
Tape baking,"Tape Construction, Packs & Conservation",Batch 1
Thermal conditioning,"Tape Construction, Packs & Conservation",Batch 1
Desiccation treatment,"Tape Construction, Packs & Conservation",Batch 1
Low-temperature dehydration,"Tape Construction, Packs & Conservation",Batch 1
Localized dry-air treatment,"Tape Construction, Packs & Conservation",Batch 1
Controlled unspooling,"Tape Construction, Packs & Conservation",Batch 1
Tape relaxation,"Tape Construction, Packs & Conservation",Batch 1
Environmental acclimatization,"Tape Construction, Packs & Conservation",Batch 1
Cold-storage acclimation,"Tape Construction, Packs & Conservation",Batch 1
Dry cleaning,"Tape Construction, Packs & Conservation",Batch 1
Pellon wiping,"Tape Construction, Packs & Conservation",Batch 1
Tissue wiping,"Tape Construction, Packs & Conservation",Batch 1
Vacuum cleaning,"Tape Construction, Packs & Conservation",Batch 1
Tape polishing,"Tape Construction, Packs & Conservation",Batch 1
Rehousing,"Tape Construction, Packs & Conservation",Batch 1
Shell transplant,"Tape Construction, Packs & Conservation",Batch 1
Reel replacement,"Tape Construction, Packs & Conservation",Batch 1
Hub support,"Tape Construction, Packs & Conservation",Batch 1
Splice replacement,"Tape Construction, Packs & Conservation",Batch 1
Leader replacement,"Tape Construction, Packs & Conservation",Batch 1
Pack recovery,"Tape Construction, Packs & Conservation",Batch 1
Butt splice,"Analog Tape Editing, NR & Cassette",Batch 1
Diagonal splice,"Analog Tape Editing, NR & Cassette",Batch 1
Bias splice,"Analog Tape Editing, NR & Cassette",Batch 1
Block splice,"Analog Tape Editing, NR & Cassette",Batch 1
Edit angle,"Analog Tape Editing, NR & Cassette",Batch 1
Splicing block,"Analog Tape Editing, NR & Cassette",Batch 1
Edit tab,"Analog Tape Editing, NR & Cassette",Batch 1
Timing leader,"Analog Tape Editing, NR & Cassette",Batch 1
Paper leader,"Analog Tape Editing, NR & Cassette",Batch 1
Plastic leader,"Analog Tape Editing, NR & Cassette",Batch 1
Conductive leader,"Analog Tape Editing, NR & Cassette",Batch 1
Metallic sensing foil,"Analog Tape Editing, NR & Cassette",Batch 1
Cue foil,"Analog Tape Editing, NR & Cassette",Batch 1
Tone splice,"Analog Tape Editing, NR & Cassette",Batch 1
Razor edit,"Analog Tape Editing, NR & Cassette",Batch 1
Grease-pencil edit mark,"Analog Tape Editing, NR & Cassette",Batch 1
Edit pop,"Analog Tape Editing, NR & Cassette",Batch 1
Splice bump,"Analog Tape Editing, NR & Cassette",Batch 1
Edit sliver,"Analog Tape Editing, NR & Cassette",Batch 1
Encode/decode mistracking,"Analog Tape Editing, NR & Cassette",Batch 1
Dolby level,"Analog Tape Editing, NR & Cassette",Batch 1
Dolby tone,"Analog Tape Editing, NR & Cassette",Batch 1
Dolby lineup,"Analog Tape Editing, NR & Cassette",Batch 1
Dolby tracking error,"Analog Tape Editing, NR & Cassette",Batch 1
Sliding-band companding,"Analog Tape Editing, NR & Cassette",Batch 1
Fixed-band companding,"Analog Tape Editing, NR & Cassette",Batch 1
Spectral skewing,"Analog Tape Editing, NR & Cassette",Batch 1
Compander breathing,"Analog Tape Editing, NR & Cassette",Batch 1
Compander pumping,"Analog Tape Editing, NR & Cassette",Batch 1
Noise-reduction identification,"Analog Tape Editing, NR & Cassette",Batch 1
Undecoded transfer,"Analog Tape Editing, NR & Cassette",Batch 1
Flat encoded capture,"Analog Tape Editing, NR & Cassette",Batch 1
Pressure pad,"Analog Tape Editing, NR & Cassette",Batch 1
Pressure-pad loss,"Analog Tape Editing, NR & Cassette",Batch 1
Pressure-pad glazing,"Analog Tape Editing, NR & Cassette",Batch 1
Pad lifter,"Analog Tape Editing, NR & Cassette",Batch 1
Slip sheet,"Analog Tape Editing, NR & Cassette",Batch 1
Slip-sheet buckling,"Analog Tape Editing, NR & Cassette",Batch 1
Hub brake,"Analog Tape Editing, NR & Cassette",Batch 1
Brake drag,"Analog Tape Editing, NR & Cassette",Batch 1
Shell warp,"Analog Tape Editing, NR & Cassette",Batch 1
Shell azimuth,"Analog Tape Editing, NR & Cassette",Batch 1
Cassette skew,"Analog Tape Editing, NR & Cassette",Batch 1
Hub bind,"Analog Tape Editing, NR & Cassette",Batch 1
Pack spill,"Analog Tape Editing, NR & Cassette",Batch 1
Leader detachment,"Analog Tape Editing, NR & Cassette",Batch 1
Auto-stop foil,"Analog Tape Editing, NR & Cassette",Batch 1
Tape-type detection notch,"Analog Tape Editing, NR & Cassette",Batch 1
Type III cassette,"Analog Tape Editing, NR & Cassette",Batch 1
Ferrichrome tape,"Analog Tape Editing, NR & Cassette",Batch 1
Rehousing for equalization,"Analog Tape Editing, NR & Cassette",Batch 1
Nominal tape speed,"Analog Tape Editing, NR & Cassette",Batch 1
Actual tape speed,"Analog Tape Editing, NR & Cassette",Batch 1
Speed error,"Analog Tape Editing, NR & Cassette",Batch 1
Absolute speed error,"Analog Tape Editing, NR & Cassette",Batch 1
Timebase error,"Analog Tape Editing, NR & Cassette",Batch 1
Integral wow,"Analog Tape Editing, NR & Cassette",Batch 1
Weighted wow and flutter,"Analog Tape Editing, NR & Cassette",Batch 1
Unweighted wow and flutter,"Analog Tape Editing, NR & Cassette",Batch 1
Peak weighted wow and flutter,"Analog Tape Editing, NR & Cassette",Batch 1
Quasi-peak wow and flutter,"Analog Tape Editing, NR & Cassette",Batch 1
Drift rate,"Analog Tape Editing, NR & Cassette",Batch 1
Cyclic speed error,"Analog Tape Editing, NR & Cassette",Batch 1
Capstan-rate component,"Analog Tape Editing, NR & Cassette",Batch 1
Reel-rate component,"Analog Tape Editing, NR & Cassette",Batch 1
Pinch-roller-rate component,"Analog Tape Editing, NR & Cassette",Batch 1
Flutter spectrum,"Analog Tape Editing, NR & Cassette",Batch 1
Speed-error signature,"Analog Tape Editing, NR & Cassette",Batch 1
Nonlinear-speed recording,"Analog Tape Editing, NR & Cassette",Batch 1
Capstanless recording,"Analog Tape Editing, NR & Cassette",Batch 1
Dialogue assembly,Dialogue Editing,Batch 1
Dialogue conform,Dialogue Editing,Batch 1
Picture reconform,Dialogue Editing,Batch 1
Production dialogue pull,Dialogue Editing,Batch 1
Field-recorder expansion,Dialogue Editing,Batch 1
Production sound roll,Dialogue Editing,Batch 1
Sound-roll metadata,Dialogue Editing,Batch 1
Alternate-channel mining,Dialogue Editing,Batch 1
Alternate-take surgery,Dialogue Editing,Batch 1
Syllable replacement,Dialogue Editing,Batch 1
Phoneme patching,Dialogue Editing,Batch 1
Consonant graft,Dialogue Editing,Batch 1
Vowel graft,Dialogue Editing,Batch 1
Word-end repair,Dialogue Editing,Batch 1
Breath graft,Dialogue Editing,Batch 1
Breath matching,Dialogue Editing,Batch 1
Performance comping,Dialogue Editing,Batch 1
Micro-comping,Dialogue Editing,Batch 1
Dialogue tracklay,Dialogue Editing,Batch 1
Track dressing,Dialogue Editing,Batch 1
Handle preservation,Dialogue Editing,Batch 1
Edit exposure,Dialogue Editing,Batch 1
Mic-angle change,Dialogue Editing,Batch 1
Perspective discontinuity,Dialogue Editing,Batch 1
Acoustic discontinuity,Dialogue Editing,Batch 1
Dialogue fill,Dialogue Editing,Batch 1
Fill bed,Dialogue Editing,Batch 1
Fill pull,Dialogue Editing,Batch 1
Fill harvesting,Dialogue Editing,Batch 1
Pre-action fill,Dialogue Editing,Batch 1
Post-cut fill,Dialogue Editing,Batch 1
Fill loop,Dialogue Editing,Batch 1
Reversed fill,Dialogue Editing,Batch 1
Fill seam,Dialogue Editing,Batch 1
Fill buildup,Dialogue Editing,Batch 1
Fill pumping,Dialogue Editing,Batch 1
Room-tone pumping,Dialogue Editing,Batch 1
Noise-floor stepping,Dialogue Editing,Batch 1
Noise-floor choreography,Dialogue Editing,Batch 1
Room-tone contouring,Dialogue Editing,Batch 1
Ambience matching,Dialogue Editing,Batch 1
Background perspective match,Dialogue Editing,Batch 1
DX,Dialogue Editing,Batch 1
PDX,Dialogue Editing,Batch 1
DX A / DX B,Dialogue Editing,Batch 1
A/B dialogue checkerboarding,Dialogue Editing,Batch 1
Scene checkerboarding,Dialogue Editing,Batch 1
Setup checkerboarding,Dialogue Editing,Batch 1
Character splitting,Dialogue Editing,Batch 1
Microphone splitting,Dialogue Editing,Batch 1
Boom lane,Dialogue Editing,Batch 1
Lav lane,Dialogue Editing,Batch 1
Plant lane,Dialogue Editing,Batch 1
Mix-track guide,Dialogue Editing,Batch 1
Overlap track,Dialogue Editing,Batch 1
X track,Dialogue Editing,Batch 1
X-dialogue,Dialogue Editing,Batch 1
Safety dialogue track,Dialogue Editing,Batch 1
Transfer track,Dialogue Editing,Batch 1
Parking track,Dialogue Editing,Batch 1
Scratch DX,Dialogue Editing,Batch 1
Guide dialogue,Dialogue Editing,Batch 1
Reference production,Dialogue Editing,Batch 1
PFX,Dialogue Editing,Batch 1
PFX pull,Dialogue Editing,Batch 1
PFX extraction,Dialogue Editing,Batch 1
PFX isolation,Dialogue Editing,Batch 1
PFX marriage,Dialogue Editing,Batch 1
Dialogue-tainted PFX,Dialogue Editing,Batch 1
PFX continuity,Dialogue Editing,Batch 1
PFX sweetener,Dialogue Editing,Batch 1
Dialogue declicking,Dialogue Cleanup & Restoration,Batch 1
Mouth declicking,Dialogue Cleanup & Restoration,Batch 1
Lip-smack suppression,Dialogue Cleanup & Restoration,Batch 1
Saliva click,Dialogue Cleanup & Restoration,Batch 1
Tongue click artifact,Dialogue Cleanup & Restoration,Batch 1
Denture click,Dialogue Cleanup & Restoration,Batch 1
Palatal click,Dialogue Cleanup & Restoration,Batch 1
Mouth-noise cluster,Dialogue Cleanup & Restoration,Batch 1
Breath attenuation,Dialogue Cleanup & Restoration,Batch 1
Breath shaping,Dialogue Cleanup & Restoration,Batch 1
Breath replacement,Dialogue Cleanup & Restoration,Batch 1
Breath-hole repair,Dialogue Cleanup & Restoration,Batch 1
Inhale truncation,Dialogue Cleanup & Restoration,Batch 1
Aspiration loss,Dialogue Cleanup & Restoration,Batch 1
Plosive reconstruction,Dialogue Cleanup & Restoration,Batch 1
Plosive shadow,Dialogue Cleanup & Restoration,Batch 1
Residual plosive,Dialogue Cleanup & Restoration,Batch 1
De-plosive overreach,Dialogue Cleanup & Restoration,Batch 1
Sibilant lisping,Dialogue Cleanup & Restoration,Batch 1
Sibilant replacement,Dialogue Cleanup & Restoration,Batch 1
Sibilant graft,Dialogue Cleanup & Restoration,Batch 1
Ess-hole,Dialogue Cleanup & Restoration,Batch 1
Spectral hole,Dialogue Cleanup & Restoration,Batch 1
Restoration chirp,Dialogue Cleanup & Restoration,Batch 1
Musical-noise artifact,Dialogue Cleanup & Restoration,Batch 1
Underwater dialogue,Dialogue Cleanup & Restoration,Batch 1
Phasey speech,Dialogue Cleanup & Restoration,Batch 1
Denoise modulation,Dialogue Cleanup & Restoration,Batch 1
Noise-print mismatch,Dialogue Cleanup & Restoration,Batch 1
Adaptive-threshold chasing,Dialogue Cleanup & Restoration,Batch 1
Dialogue-isolation residue,Dialogue Cleanup & Restoration,Batch 1
Voice-extraction halo,Dialogue Cleanup & Restoration,Batch 1
Ambience stripping,Dialogue Cleanup & Restoration,Batch 1
Room-tone collapse,Dialogue Cleanup & Restoration,Batch 1
Consonant erosion,Dialogue Cleanup & Restoration,Batch 1
Transient erosion,Dialogue Cleanup & Restoration,Batch 1
Formant smearing,Dialogue Cleanup & Restoration,Batch 1
Vocal granulation,Dialogue Cleanup & Restoration,Batch 1
Spectral patching,Dialogue Cleanup & Restoration,Batch 1
Spectral attenuation pass,Dialogue Cleanup & Restoration,Batch 1
Attenuate-versus-replace decision,Dialogue Cleanup & Restoration,Batch 1
Lav rustle,Dialogue Cleanup & Restoration,Batch 1
Intermittent rustle,Dialogue Cleanup & Restoration,Batch 1
Broadband rustle,Dialogue Cleanup & Restoration,Batch 1
Chest rub,Dialogue Cleanup & Restoration,Batch 1
Cable rub,Dialogue Cleanup & Restoration,Batch 1
Cable knock,Dialogue Cleanup & Restoration,Batch 1
Capsule scrape,Dialogue Cleanup & Restoration,Batch 1
Fabric tick,Dialogue Cleanup & Restoration,Batch 1
Jewelry tick,Dialogue Cleanup & Restoration,Batch 1
Button knock,Dialogue Cleanup & Restoration,Batch 1
Lav crackle,Dialogue Cleanup & Restoration,Batch 1
RF spit,Dialogue Cleanup & Restoration,Batch 1
RF hash,Dialogue Cleanup & Restoration,Batch 1
Wireless compander artifact,Dialogue Cleanup & Restoration,Batch 1
Lav chest resonance,Dialogue Cleanup & Restoration,Batch 1
Under-clothing resonance,Dialogue Cleanup & Restoration,Batch 1
Concealment muffling,Dialogue Cleanup & Restoration,Batch 1
Boom shadowing,Dialogue Cleanup & Restoration,Batch 1
Head-turn loss,Dialogue Cleanup & Restoration,Batch 1
Boom perspective drift,Dialogue Cleanup & Restoration,Batch 1
Boom-lav phase interaction,Dialogue Cleanup & Restoration,Batch 1
Variable interchannel offset,Dialogue Cleanup & Restoration,Batch 1
Dynamic phase alignment,Dialogue Cleanup & Restoration,Batch 1
ADR cue,ADR & Looping,Batch 1
ADR cue number,ADR & Looping,Batch 1
ADR spotting,ADR & Looping,Batch 1
ADR cueing,ADR & Looping,Batch 1
Looping,ADR & Looping,Batch 1
Post-sync,ADR & Looping,Batch 1
Automatic dialogue replacement,ADR & Looping,Batch 1
Additional dialogue recording,ADR & Looping,Batch 1
ADR guide,ADR & Looping,Batch 1
ADR target,ADR & Looping,Batch 1
ADR take lane,ADR & Looping,Batch 1
ADR comp,ADR & Looping,Batch 1
ADR edit,ADR & Looping,Batch 1
ADR fit,ADR & Looping,Batch 1
ADR match,ADR & Looping,Batch 1
ADR perspective match,ADR & Looping,Batch 1
ADR proximity mismatch,ADR & Looping,Batch 1
ADR room mismatch,ADR & Looping,Batch 1
ADR tonal match,ADR & Looping,Batch 1
ADR ambience bed,ADR & Looping,Batch 1
ADR futzing,ADR & Looping,Batch 1
ADR pre-roll,ADR & Looping,Batch 1
ADR post-roll,ADR & Looping,Batch 1
Three-beep cue,ADR & Looping,Batch 1
Missing fourth beep,ADR & Looping,Batch 1
Cue streamer,ADR & Looping,Batch 1
Punch cue,ADR & Looping,Batch 1
Dead cue,ADR & Looping,Batch 1
Rhythmo band,ADR & Looping,Batch 1
Bande rythmo,ADR & Looping,Batch 1
ADR wipe,ADR & Looping,Batch 1
Wild ADR,ADR & Looping,Batch 1
Wild line,ADR & Looping,Batch 1
Off-camera ADR,ADR & Looping,Batch 1
Sync ADR,ADR & Looping,Batch 1
Hard-sync line,ADR & Looping,Batch 1
Soft-sync line,ADR & Looping,Batch 1
Lip closure,ADR & Looping,Batch 1
Bilabial sync point,ADR & Looping,Batch 1
Labial anchor,ADR & Looping,Batch 1
Open-mouth vowel hold,ADR & Looping,Batch 1
ADR stretch,ADR & Looping,Batch 1
ADR squeeze,ADR & Looping,Batch 1
Internal ADR sync,ADR & Looping,Batch 1
Head-sync / tail-sync tradeoff,ADR & Looping,Batch 1
Performance drift,ADR & Looping,Batch 1
Isochrony,Dubbing & Localization,Batch 1
Lip synchrony,Dubbing & Localization,Batch 1
Kinetic synchrony,Dubbing & Localization,Batch 1
Character synchrony,Dubbing & Localization,Batch 1
Prosodic synchrony,Dubbing & Localization,Batch 1
Prosodic phrase alignment,Dubbing & Localization,Batch 1
Sync adaptation,Dubbing & Localization,Batch 1
Lip-sync adaptation,Dubbing & Localization,Batch 1
Dubbing script adaptation,Dubbing & Localization,Batch 1
Line isometry,Dubbing & Localization,Batch 1
Quantitative synchrony,Dubbing & Localization,Batch 1
Qualitative synchrony,Dubbing & Localization,Batch 1
Phonetic synchrony,Dubbing & Localization,Batch 1
Open-vowel matching,Dubbing & Localization,Batch 1
Bilabial matching,Dubbing & Localization,Batch 1
Dubbing rhythm,Dubbing & Localization,Batch 1
Sync window,Dubbing & Localization,Batch 1
Entry tolerance,Dubbing & Localization,Batch 1
Exit tolerance,Dubbing & Localization,Batch 1
Flap coverage,Dubbing & Localization,Batch 1
Back-to-camera liberty,Dubbing & Localization,Batch 1
Reaction vocal,Dubbing & Localization,Batch 1
Effort vocal,Dubbing & Localization,Batch 1
Efforts pass,Dubbing & Localization,Batch 1
Vocal efforts,Dubbing & Localization,Batch 1
Nonverbal sync,Dubbing & Localization,Batch 1
Foreign-language walla,Dubbing & Localization,Batch 1
Dub-stage foldback,Dubbing & Localization,Batch 1
Loop group,Loop Group & Walla,Batch 1
Group ADR,Loop Group & Walla,Batch 1
Specific walla,Loop Group & Walla,Batch 1
General walla,Loop Group & Walla,Batch 1
Walla poke-through,Loop Group & Walla,Batch 1
Walla density,Loop Group & Walla,Batch 1
Walla perspective,Loop Group & Walla,Batch 1
Walla contour,Loop Group & Walla,Batch 1
Walla bed,Loop Group & Walla,Batch 1
Walla sweetener,Loop Group & Walla,Batch 1
Pass-by chatter,Loop Group & Walla,Batch 1
Crossing voices,Loop Group & Walla,Batch 1
Incidental dialogue,Loop Group & Walla,Batch 1
Background principal,Loop Group & Walla,Batch 1
Omni crowd,Loop Group & Walla,Batch 1
Call-and-response walla,Loop Group & Walla,Batch 1
Period walla,Loop Group & Walla,Batch 1
Vocabulary-safe walla,Loop Group & Walla,Batch 1
Punch-and-roll,Voiceover & Narration Recording,Batch 1
Rock-and-roll recording,Voiceover & Narration Recording,Batch 1
Pick-up boundary,Voiceover & Narration Recording,Batch 1
Pick-up match,Voiceover & Narration Recording,Batch 1
Drop-in,Voiceover & Narration Recording,Batch 1
Insert read,Voiceover & Narration Recording,Batch 1
Patch read,Voiceover & Narration Recording,Batch 1
Wild pickup,Voiceover & Narration Recording,Batch 1
Lead-in read,Voiceover & Narration Recording,Batch 1
Throwaway lead-in,Voiceover & Narration Recording,Batch 1
Tail pickup,Voiceover & Narration Recording,Batch 1
Head pickup,Voiceover & Narration Recording,Batch 1
Mid-sentence pickup,Voiceover & Narration Recording,Batch 1
Pickup drift,Voiceover & Narration Recording,Batch 1
Session-tone drift,Voiceover & Narration Recording,Batch 1
Vocal fatigue drift,Voiceover & Narration Recording,Batch 1
Hydration shift,Voiceover & Narration Recording,Batch 1
Mic-position recall,Voiceover & Narration Recording,Batch 1
Voice-match note,Voiceover & Narration Recording,Batch 1
Cadence match,Voiceover & Narration Recording,Batch 1
Inflection match,Voiceover & Narration Recording,Batch 1
Energy match,Voiceover & Narration Recording,Batch 1
Resonance match,Voiceover & Narration Recording,Batch 1
Phrase-tail match,Voiceover & Narration Recording,Batch 1
Scratch read,Voiceover & Narration Recording,Batch 1
Guide VO,Voiceover & Narration Recording,Batch 1
Temp narration,Voiceover & Narration Recording,Batch 1
Final-approved read,Voiceover & Narration Recording,Batch 1
Slate contamination,Voiceover & Narration Recording,Batch 1
Pre-roll chatter,Voiceover & Narration Recording,Batch 1
Post-roll contamination,Voiceover & Narration Recording,Batch 1
Tail room,Voiceover & Narration Recording,Batch 1
Room-tone capture,Voiceover & Narration Recording,Batch 1
Booth tone,Voiceover & Narration Recording,Batch 1
Booth-mode coloration,Voiceover & Narration Recording,Batch 1
Page-turn mitigation,Voiceover & Narration Recording,Batch 1
Copy stand noise,Voiceover & Narration Recording,Batch 1
Monitor bleed print,Voiceover & Narration Recording,Batch 1
Headphone-shell leakage,Voiceover & Narration Recording,Batch 1
Dialogue predub,"Dialogue Premix, Re-Recording & Perspective",Batch 1
DX predub,"Dialogue Premix, Re-Recording & Perspective",Batch 1
Dialogue premix,"Dialogue Premix, Re-Recording & Perspective",Batch 1
Dialogue master,"Dialogue Premix, Re-Recording & Perspective",Batch 1
Domestic dialogue stem,"Dialogue Premix, Re-Recording & Perspective",Batch 1
ADR stem,"Dialogue Premix, Re-Recording & Perspective",Batch 1
Futz stem,"Dialogue Premix, Re-Recording & Perspective",Batch 1
Futz,"Dialogue Premix, Re-Recording & Perspective",Batch 1
Futz track,"Dialogue Premix, Re-Recording & Perspective",Batch 1
Worldized dialogue,"Dialogue Premix, Re-Recording & Perspective",Batch 1
Reamped dialogue,"Dialogue Premix, Re-Recording & Perspective",Batch 1
Diegetic voice treatment,"Dialogue Premix, Re-Recording & Perspective",Batch 1
On-screen source voice,"Dialogue Premix, Re-Recording & Perspective",Batch 1
Off-screen source voice,"Dialogue Premix, Re-Recording & Perspective",Batch 1
Voice perspective,"Dialogue Premix, Re-Recording & Perspective",Batch 1
Perspective riding,"Dialogue Premix, Re-Recording & Perspective",Batch 1
Shot-size perspective,"Dialogue Premix, Re-Recording & Perspective",Batch 1
Close-up intimacy,"Dialogue Premix, Re-Recording & Perspective",Batch 1
Wide-shot relief,"Dialogue Premix, Re-Recording & Perspective",Batch 1
Dialogue reverb matching,"Dialogue Premix, Re-Recording & Perspective",Batch 1
Early-reflection matching,"Dialogue Premix, Re-Recording & Perspective",Batch 1
Room fingerprint,"Dialogue Premix, Re-Recording & Perspective",Batch 1
Room-print convolution,"Dialogue Premix, Re-Recording & Perspective",Batch 1
Production-space emulation,"Dialogue Premix, Re-Recording & Perspective",Batch 1
ADR seating,"Dialogue Premix, Re-Recording & Perspective",Batch 1
Dialogue anchoring,"Dialogue Premix, Re-Recording & Perspective",Batch 1
Center-channel anchoring,"Dialogue Premix, Re-Recording & Perspective",Batch 1
Dialogue focus,"Dialogue Premix, Re-Recording & Perspective",Batch 1
Dialogue lift,"Dialogue Premix, Re-Recording & Perspective",Batch 1
Object dialogue,"Dialogue Premix, Re-Recording & Perspective",Batch 1
Dialogue intelligibility management,Dialogue Mixing & Intelligibility,Batch 1
Consonant-zone management,Dialogue Mixing & Intelligibility,Batch 1
Vowel-body management,Dialogue Mixing & Intelligibility,Batch 1
Presence lift,Dialogue Mixing & Intelligibility,Batch 1
Intelligibility lift,Dialogue Mixing & Intelligibility,Batch 1
Articulation lift,Dialogue Mixing & Intelligibility,Batch 1
Chest reduction,Dialogue Mixing & Intelligibility,Batch 1
Boxiness carve,Dialogue Mixing & Intelligibility,Batch 1
Nasal-formant control,Dialogue Mixing & Intelligibility,Batch 1
Honk suppression,Dialogue Mixing & Intelligibility,Batch 1
Throat resonance,Dialogue Mixing & Intelligibility,Batch 1
Papery voice,Dialogue Mixing & Intelligibility,Batch 1
Spitty voice,Dialogue Mixing & Intelligibility,Batch 1
Brittle consonants,Dialogue Mixing & Intelligibility,Batch 1
Consonant splatter,Dialogue Mixing & Intelligibility,Batch 1
Sibilant spray,Dialogue Mixing & Intelligibility,Batch 1
Sibilant whistling,Dialogue Mixing & Intelligibility,Batch 1
Ess tracking,Dialogue Mixing & Intelligibility,Batch 1
Split-band de-essing,Dialogue Mixing & Intelligibility,Batch 1
Wideband de-essing,Dialogue Mixing & Intelligibility,Batch 1
Spectral de-essing,Dialogue Mixing & Intelligibility,Batch 1
Dynamic-resonance control,Dialogue Mixing & Intelligibility,Batch 1
Vocal density,Dialogue Mixing & Intelligibility,Batch 1
Dialogue density control,Dialogue Mixing & Intelligibility,Batch 1
Microdynamic preservation,Dialogue Mixing & Intelligibility,Batch 1
Phrase-level riding,Dialogue Mixing & Intelligibility,Batch 1
Syllabic riding,Dialogue Mixing & Intelligibility,Batch 1
Consonant riding,Dialogue Mixing & Intelligibility,Batch 1
Breath riding,Dialogue Mixing & Intelligibility,Batch 1
Clip-gain leveling,Dialogue Mixing & Intelligibility,Batch 1
Pre-compressor riding,Dialogue Mixing & Intelligibility,Batch 1
Post-compressor riding,Dialogue Mixing & Intelligibility,Batch 1
Upward intelligibility control,Dialogue Mixing & Intelligibility,Batch 1
Dialogue crest management,Dialogue Mixing & Intelligibility,Batch 1
Word-front clipping,Dialogue Mixing & Intelligibility,Batch 1
Word-tail swallowing,Dialogue Mixing & Intelligibility,Batch 1
Dialogue carve,Dialogue Mixing & Intelligibility,Batch 1
Dynamic dialogue carve,Dialogue Mixing & Intelligibility,Batch 1
Spectral ducking,Dialogue Mixing & Intelligibility,Batch 1
Dialogue-triggered unmasking,Dialogue Mixing & Intelligibility,Batch 1
Music and Effects,M&E & Localization Deliverables,Batch 1
Fully filled M&E,M&E & Localization Deliverables,Batch 1
Partially filled M&E,M&E & Localization Deliverables,Batch 1
M&E fill,M&E & Localization Deliverables,Batch 1
M&E sweetener,M&E & Localization Deliverables,Batch 1
M&E editorial pass,M&E & Localization Deliverables,Batch 1
Dialogue-free production effect,M&E & Localization Deliverables,Batch 1
Dialogue contamination,M&E & Localization Deliverables,Batch 1
Vocal contamination,M&E & Localization Deliverables,Batch 1
Language-neutral vocal,M&E & Localization Deliverables,Batch 1
Language-specific effort,M&E & Localization Deliverables,Batch 1
Foreign-version optional,M&E & Localization Deliverables,Batch 1
Optional dialogue,M&E & Localization Deliverables,Batch 1
Textless vocal,M&E & Localization Deliverables,Batch 1
Domestic version,M&E & Localization Deliverables,Batch 1
Dialogue guide stem,M&E & Localization Deliverables,Batch 1
Dip track,M&E & Localization Deliverables,Batch 1
Undipped M&E,M&E & Localization Deliverables,Batch 1
Fully undipped stem,M&E & Localization Deliverables,Batch 1
Dubbing adaptation,"Dubbing — Adaptation, Sync & Timing",Batch 2
Dialogue adaptation,"Dubbing — Adaptation, Sync & Timing",Batch 2
Pre-adaptation,"Dubbing — Adaptation, Sync & Timing",Batch 2
Adaptation pass,"Dubbing — Adaptation, Sync & Timing",Batch 2
Sync pass,"Dubbing — Adaptation, Sync & Timing",Batch 2
Performability pass,"Dubbing — Adaptation, Sync & Timing",Batch 2
Speakability,"Dubbing — Adaptation, Sync & Timing",Batch 2
Dubability,"Dubbing — Adaptation, Sync & Timing",Batch 2
Oral naturalness,"Dubbing — Adaptation, Sync & Timing",Batch 2
Prefabricated orality,"Dubbing — Adaptation, Sync & Timing",Batch 2
Dubbese,"Dubbing — Adaptation, Sync & Timing",Batch 2
Translationese,"Dubbing — Adaptation, Sync & Timing",Batch 2
Source-language calque,"Dubbing — Adaptation, Sync & Timing",Batch 2
Dialogue calque,"Dubbing — Adaptation, Sync & Timing",Batch 2
Structural calque,"Dubbing — Adaptation, Sync & Timing",Batch 2
Pragmatic calque,"Dubbing — Adaptation, Sync & Timing",Batch 2
Dubbing cliché,"Dubbing — Adaptation, Sync & Timing",Batch 2
Isochronic constraint,"Dubbing — Adaptation, Sync & Timing",Batch 2
Isochronic adaptation,"Dubbing — Adaptation, Sync & Timing",Batch 2
Utterance-duration matching,"Dubbing — Adaptation, Sync & Timing",Batch 2
Phrase-duration matching,"Dubbing — Adaptation, Sync & Timing",Batch 2
Segment-duration matching,"Dubbing — Adaptation, Sync & Timing",Batch 2
Temporal accommodation,"Dubbing — Adaptation, Sync & Timing",Batch 2
Temporal compression,"Dubbing — Adaptation, Sync & Timing",Batch 2
Temporal expansion,"Dubbing — Adaptation, Sync & Timing",Batch 2
Linguistic expansion,"Dubbing — Adaptation, Sync & Timing",Batch 2
Linguistic condensation,"Dubbing — Adaptation, Sync & Timing",Batch 2
Syllabic expansion,"Dubbing — Adaptation, Sync & Timing",Batch 2
Speech-rate compensation,"Dubbing — Adaptation, Sync & Timing",Batch 2
Compression threshold,"Dubbing — Adaptation, Sync & Timing",Batch 2
Expansion threshold,"Dubbing — Adaptation, Sync & Timing",Batch 2
Time-slot occupancy,"Dubbing — Adaptation, Sync & Timing",Batch 2
Sync envelope,"Dubbing — Adaptation, Sync & Timing",Batch 2
Sync latitude,"Dubbing — Adaptation, Sync & Timing",Batch 2
Entry latitude,"Dubbing — Adaptation, Sync & Timing",Batch 2
Exit latitude,"Dubbing — Adaptation, Sync & Timing",Batch 2
Internal timing anchor,"Dubbing — Adaptation, Sync & Timing",Batch 2
Boundary synchrony,"Dubbing — Adaptation, Sync & Timing",Batch 2
Internal synchrony,"Dubbing — Adaptation, Sync & Timing",Batch 2
Pause synchrony,"Dubbing — Adaptation, Sync & Timing",Batch 2
Pause redistribution,"Dubbing — Adaptation, Sync & Timing",Batch 2
Hesitation matching,"Dubbing — Adaptation, Sync & Timing",Batch 2
Silence accommodation,"Dubbing — Adaptation, Sync & Timing",Batch 2
Utterance segmentation,"Dubbing — Adaptation, Sync & Timing",Batch 2
Segmentation mismatch,"Dubbing — Adaptation, Sync & Timing",Batch 2
Phonetic synchronization,"Dubbing — Adaptation, Sync & Timing",Batch 2
Visemic synchrony,"Dubbing — Adaptation, Sync & Timing",Batch 2
Viseme,"Dubbing — Adaptation, Sync & Timing",Batch 2
Viseme matching,"Dubbing — Adaptation, Sync & Timing",Batch 2
Visemic compatibility,"Dubbing — Adaptation, Sync & Timing",Batch 2
Viseme substitution,"Dubbing — Adaptation, Sync & Timing",Batch 2
Viseme collision,"Dubbing — Adaptation, Sync & Timing",Batch 2
Viseme tolerance,"Dubbing — Adaptation, Sync & Timing",Batch 2
Labial synchrony,"Dubbing — Adaptation, Sync & Timing",Batch 2
Bilabial correspondence,"Dubbing — Adaptation, Sync & Timing",Batch 2
Labiodental correspondence,"Dubbing — Adaptation, Sync & Timing",Batch 2
Open-vowel correspondence,"Dubbing — Adaptation, Sync & Timing",Batch 2
Rounded-vowel correspondence,"Dubbing — Adaptation, Sync & Timing",Batch 2
Lip-rounding mismatch,"Dubbing — Adaptation, Sync & Timing",Batch 2
Closure mismatch,"Dubbing — Adaptation, Sync & Timing",Batch 2
Aperture mismatch,"Dubbing — Adaptation, Sync & Timing",Batch 2
Articulatory anchor,"Dubbing — Adaptation, Sync & Timing",Batch 2
Closure anchor,"Dubbing — Adaptation, Sync & Timing",Batch 2
Vowel anchor,"Dubbing — Adaptation, Sync & Timing",Batch 2
Mouth-flap matching,"Dubbing — Adaptation, Sync & Timing",Batch 2
Flap,"Dubbing — Adaptation, Sync & Timing",Batch 2
Flap count,"Dubbing — Adaptation, Sync & Timing",Batch 2
Flap density,"Dubbing — Adaptation, Sync & Timing",Batch 2
Loose flap,"Dubbing — Adaptation, Sync & Timing",Batch 2
Tight flap,"Dubbing — Adaptation, Sync & Timing",Batch 2
Held flap,"Dubbing — Adaptation, Sync & Timing",Batch 2
Closed-mouth frame,"Dubbing — Adaptation, Sync & Timing",Batch 2
Mouth-open interval,"Dubbing — Adaptation, Sync & Timing",Batch 2
Flap interpolation,"Dubbing — Adaptation, Sync & Timing",Batch 2
Kinesic synchrony,"Dubbing — Adaptation, Sync & Timing",Batch 2
Gesture synchrony,"Dubbing — Adaptation, Sync & Timing",Batch 2
Gesture anchoring,"Dubbing — Adaptation, Sync & Timing",Batch 2
Deictic synchrony,"Dubbing — Adaptation, Sync & Timing",Batch 2
Nodding synchrony,"Dubbing — Adaptation, Sync & Timing",Batch 2
Head-turn synchrony,"Dubbing — Adaptation, Sync & Timing",Batch 2
Breath-action synchrony,"Dubbing — Adaptation, Sync & Timing",Batch 2
Impact synchrony,"Dubbing — Adaptation, Sync & Timing",Batch 2
Effort synchrony,"Dubbing — Adaptation, Sync & Timing",Batch 2
Action-locked vocal,"Dubbing — Adaptation, Sync & Timing",Batch 2
Gesture-loaded utterance,"Dubbing — Adaptation, Sync & Timing",Batch 2
Visual prosody,"Dubbing — Adaptation, Sync & Timing",Batch 2
Performance synchrony,"Dubbing — Adaptation, Sync & Timing",Batch 2
Emotional synchrony,"Dubbing — Adaptation, Sync & Timing",Batch 2
Affective synchrony,"Dubbing — Adaptation, Sync & Timing",Batch 2
Body-voice fit,"Dubbing — Adaptation, Sync & Timing",Batch 2
Vocal physiognomy,"Dubbing — Adaptation, Sync & Timing",Batch 2
Acoustic body,"Dubbing — Adaptation, Sync & Timing",Batch 2
Prosodic transfer,"Dubbing — Adaptation, Sync & Timing",Batch 2
Prosodic adaptation,"Dubbing — Adaptation, Sync & Timing",Batch 2
Prosodic alignment,"Dubbing — Adaptation, Sync & Timing",Batch 2
Intonational equivalence,"Dubbing — Adaptation, Sync & Timing",Batch 2
Stress relocation,"Dubbing — Adaptation, Sync & Timing",Batch 2
Accentual synchrony,"Dubbing — Adaptation, Sync & Timing",Batch 2
Nuclear-stress matching,"Dubbing — Adaptation, Sync & Timing",Batch 2
Tonal contour matching,"Dubbing — Adaptation, Sync & Timing",Batch 2
Phrase-contour matching,"Dubbing — Adaptation, Sync & Timing",Batch 2
Prosodic resegmentation,"Dubbing — Adaptation, Sync & Timing",Batch 2
Intonational rephrasing,"Dubbing — Adaptation, Sync & Timing",Batch 2
Emphasis preservation,"Dubbing — Adaptation, Sync & Timing",Batch 2
Emphasis displacement,"Dubbing — Adaptation, Sync & Timing",Batch 2
Pragmatic stress,"Dubbing — Adaptation, Sync & Timing",Batch 2
Information-focus matching,"Dubbing — Adaptation, Sync & Timing",Batch 2
Attitudinal prosody,"Dubbing — Adaptation, Sync & Timing",Batch 2
Discourse-prosody matching,"Dubbing — Adaptation, Sync & Timing",Batch 2
Breath-group matching,"Dubbing — Adaptation, Sync & Timing",Batch 2
Emotional-arc matching,"Dubbing — Adaptation, Sync & Timing",Batch 2
Cultural substitution,"Dubbing — Localization, Casting, QC & Modes",Batch 2
Cultural transplantation,"Dubbing — Localization, Casting, QC & Modes",Batch 2
Cultural neutralization,"Dubbing — Localization, Casting, QC & Modes",Batch 2
Cultural retention,"Dubbing — Localization, Casting, QC & Modes",Batch 2
Cultural explicitation,"Dubbing — Localization, Casting, QC & Modes",Batch 2
Cultural compensation,"Dubbing — Localization, Casting, QC & Modes",Batch 2
Functional equivalence,"Dubbing — Localization, Casting, QC & Modes",Batch 2
Pragmatic equivalence,"Dubbing — Localization, Casting, QC & Modes",Batch 2
Dynamic equivalence,"Dubbing — Localization, Casting, QC & Modes",Batch 2
Register localization,"Dubbing — Localization, Casting, QC & Modes",Batch 2
Sociolect localization,"Dubbing — Localization, Casting, QC & Modes",Batch 2
Dialect relocation,"Dubbing — Localization, Casting, QC & Modes",Batch 2
Dialect neutralization,"Dubbing — Localization, Casting, QC & Modes",Batch 2
Dialect leveling,"Dubbing — Localization, Casting, QC & Modes",Batch 2
Accent mapping,"Dubbing — Localization, Casting, QC & Modes",Batch 2
Accent substitution,"Dubbing — Localization, Casting, QC & Modes",Batch 2
Accent neutralization,"Dubbing — Localization, Casting, QC & Modes",Batch 2
Sociolinguistic mapping,"Dubbing — Localization, Casting, QC & Modes",Batch 2
Politeness recalibration,"Dubbing — Localization, Casting, QC & Modes",Batch 2
Honorific adaptation,"Dubbing — Localization, Casting, QC & Modes",Batch 2
Kinship-term localization,"Dubbing — Localization, Casting, QC & Modes",Batch 2
Vocative adaptation,"Dubbing — Localization, Casting, QC & Modes",Batch 2
Taboo calibration,"Dubbing — Localization, Casting, QC & Modes",Batch 2
Swear-strength matching,"Dubbing — Localization, Casting, QC & Modes",Batch 2
Euphemistic substitution,"Dubbing — Localization, Casting, QC & Modes",Batch 2
Ratings-driven adaptation,"Dubbing — Localization, Casting, QC & Modes",Batch 2
Compliance localization,"Dubbing — Localization, Casting, QC & Modes",Batch 2
Market-specific versioning,"Dubbing — Localization, Casting, QC & Modes",Batch 2
Locale splitting,"Dubbing — Localization, Casting, QC & Modes",Batch 2
Locale fallback,"Dubbing — Localization, Casting, QC & Modes",Batch 2
Voice casting equivalence,"Dubbing — Localization, Casting, QC & Modes",Batch 2
Vocal-equivalence casting,"Dubbing — Localization, Casting, QC & Modes",Batch 2
Voice-body congruence,"Dubbing — Localization, Casting, QC & Modes",Batch 2
Vocal-age matching,"Dubbing — Localization, Casting, QC & Modes",Batch 2
Vocal-weight matching,"Dubbing — Localization, Casting, QC & Modes",Batch 2
Timbre matching,"Dubbing — Localization, Casting, QC & Modes",Batch 2
Performance-equivalence casting,"Dubbing — Localization, Casting, QC & Modes",Batch 2
Character-voice assignment,"Dubbing — Localization, Casting, QC & Modes",Batch 2
Voice continuity,"Dubbing — Localization, Casting, QC & Modes",Batch 2
Franchise voice continuity,"Dubbing — Localization, Casting, QC & Modes",Batch 2
Voice recast,"Dubbing — Localization, Casting, QC & Modes",Batch 2
Recast continuity,"Dubbing — Localization, Casting, QC & Modes",Batch 2
Vocal continuity break,"Dubbing — Localization, Casting, QC & Modes",Batch 2
Cross-title casting,"Dubbing — Localization, Casting, QC & Modes",Batch 2
Legacy voice,"Dubbing — Localization, Casting, QC & Modes",Batch 2
Voice claim,"Dubbing — Localization, Casting, QC & Modes",Batch 2
Actor-voice pairing,"Dubbing — Localization, Casting, QC & Modes",Batch 2
Fixed voice,"Dubbing — Localization, Casting, QC & Modes",Batch 2
Standard voice,"Dubbing — Localization, Casting, QC & Modes",Batch 2
Voice double,"Dubbing — Localization, Casting, QC & Modes",Batch 2
Dialogue director,"Dubbing — Localization, Casting, QC & Modes",Batch 2
Linguistic director,"Dubbing — Localization, Casting, QC & Modes",Batch 2
Language supervisor,"Dubbing — Localization, Casting, QC & Modes",Batch 2
Creative supervisor,"Dubbing — Localization, Casting, QC & Modes",Batch 2
Dubbing adapter,"Dubbing — Localization, Casting, QC & Modes",Batch 2
Dubbing author,"Dubbing — Localization, Casting, QC & Modes",Batch 2
Detection,"Dubbing — Localization, Casting, QC & Modes",Batch 2
Dialogue detection,"Dubbing — Localization, Casting, QC & Modes",Batch 2
Rhythmographic detection,"Dubbing — Localization, Casting, QC & Modes",Batch 2
Detection script,"Dubbing — Localization, Casting, QC & Modes",Batch 2
Cue extraction,"Dubbing — Localization, Casting, QC & Modes",Batch 2
Cue subdivision,"Dubbing — Localization, Casting, QC & Modes",Batch 2
Loop unit,"Dubbing — Localization, Casting, QC & Modes",Batch 2
Loop length,"Dubbing — Localization, Casting, QC & Modes",Batch 2
Loop boundary,"Dubbing — Localization, Casting, QC & Modes",Batch 2
Loop preparation,"Dubbing — Localization, Casting, QC & Modes",Batch 2
Single-character recording,"Dubbing — Localization, Casting, QC & Modes",Batch 2
Ensemble dubbing,"Dubbing — Localization, Casting, QC & Modes",Batch 2
Collective dubbing,"Dubbing — Localization, Casting, QC & Modes",Batch 2
Individual-band recording,"Dubbing — Localization, Casting, QC & Modes",Batch 2
Line-by-line dubbing,"Dubbing — Localization, Casting, QC & Modes",Batch 2
Block recording,"Dubbing — Localization, Casting, QC & Modes",Batch 2
Context recording,"Dubbing — Localization, Casting, QC & Modes",Batch 2
Cold-loop recording,"Dubbing — Localization, Casting, QC & Modes",Batch 2
Guide-track dependency,"Dubbing — Localization, Casting, QC & Modes",Batch 2
Source-performance shadowing,"Dubbing — Localization, Casting, QC & Modes",Batch 2
Guide bleed,"Dubbing — Localization, Casting, QC & Modes",Batch 2
Cue fatigue,"Dubbing — Localization, Casting, QC & Modes",Batch 2
International-version reconstruction,"Dubbing — Localization, Casting, QC & Modes",Batch 2
Foreign-version mix,"Dubbing — Localization, Casting, QC & Modes",Batch 2
Local-language mix,"Dubbing — Localization, Casting, QC & Modes",Batch 2
Dubbing mix,"Dubbing — Localization, Casting, QC & Modes",Batch 2
Localization premix,"Dubbing — Localization, Casting, QC & Modes",Batch 2
Dub dialogue stem,"Dubbing — Localization, Casting, QC & Modes",Batch 2
Foreign dialogue stem,"Dubbing — Localization, Casting, QC & Modes",Batch 2
Original-language guide,"Dubbing — Localization, Casting, QC & Modes",Batch 2
Source-dialogue bleed,"Dubbing — Localization, Casting, QC & Modes",Batch 2
Language contamination,"Dubbing — Localization, Casting, QC & Modes",Batch 2
Embedded dialogue,"Dubbing — Localization, Casting, QC & Modes",Batch 2
Dialogue-bearing effect,"Dubbing — Localization, Casting, QC & Modes",Batch 2
Vocal-bearing ambience,"Dubbing — Localization, Casting, QC & Modes",Batch 2
M&E deficiency,"Dubbing — Localization, Casting, QC & Modes",Batch 2
M&E repair,"Dubbing — Localization, Casting, QC & Modes",Batch 2
M&E supplementation,"Dubbing — Localization, Casting, QC & Modes",Batch 2
M&E fill cue,"Dubbing — Localization, Casting, QC & Modes",Batch 2
Optional track,"Dubbing — Localization, Casting, QC & Modes",Batch 2
Optional vocal,"Dubbing — Localization, Casting, QC & Modes",Batch 2
Language-neutral effort,"Dubbing — Localization, Casting, QC & Modes",Batch 2
Language-neutral vocalization,"Dubbing — Localization, Casting, QC & Modes",Batch 2
Language-bearing effort,"Dubbing — Localization, Casting, QC & Modes",Batch 2
Foreign-version Foley,"Dubbing — Localization, Casting, QC & Modes",Batch 2
International Foley,"Dubbing — Localization, Casting, QC & Modes",Batch 2
M&E checker,"Dubbing — Localization, Casting, QC & Modes",Batch 2
M&E check,"Dubbing — Localization, Casting, QC & Modes",Batch 2
Foreign-version QC,"Dubbing — Localization, Casting, QC & Modes",Batch 2
Dub-stage integration,"Dubbing — Localization, Casting, QC & Modes",Batch 2
Acoustic localization match,"Dubbing — Localization, Casting, QC & Modes",Batch 2
Linguistic QC,"Dubbing — Localization, Casting, QC & Modes",Batch 2
Technical QC,"Dubbing — Localization, Casting, QC & Modes",Batch 2
Creative QC,"Dubbing — Localization, Casting, QC & Modes",Batch 2
Dub QC,"Dubbing — Localization, Casting, QC & Modes",Batch 2
In-territory QC,"Dubbing — Localization, Casting, QC & Modes",Batch 2
Native-listener QC,"Dubbing — Localization, Casting, QC & Modes",Batch 2
Sync QC,"Dubbing — Localization, Casting, QC & Modes",Batch 2
Lip-sync defect,"Dubbing — Localization, Casting, QC & Modes",Batch 2
Start-sync error,"Dubbing — Localization, Casting, QC & Modes",Batch 2
End-sync error,"Dubbing — Localization, Casting, QC & Modes",Batch 2
Internal-sync error,"Dubbing — Localization, Casting, QC & Modes",Batch 2
Mouth-closure violation,"Dubbing — Localization, Casting, QC & Modes",Batch 2
Flap violation,"Dubbing — Localization, Casting, QC & Modes",Batch 2
Overlength line,"Dubbing — Localization, Casting, QC & Modes",Batch 2
Underlength line,"Dubbing — Localization, Casting, QC & Modes",Batch 2
Rushed delivery,"Dubbing — Localization, Casting, QC & Modes",Batch 2
Dragged delivery,"Dubbing — Localization, Casting, QC & Modes",Batch 2
Sync-driven distortion,"Dubbing — Localization, Casting, QC & Modes",Batch 2
Semantic drift,"Dubbing — Localization, Casting, QC & Modes",Batch 2
Character drift,"Dubbing — Localization, Casting, QC & Modes",Batch 2
Register drift,"Dubbing — Localization, Casting, QC & Modes",Batch 2
Terminology drift,"Dubbing — Localization, Casting, QC & Modes",Batch 2
Pronunciation drift,"Dubbing — Localization, Casting, QC & Modes",Batch 2
Voice-continuity defect,"Dubbing — Localization, Casting, QC & Modes",Batch 2
Mix-localization defect,"Dubbing — Localization, Casting, QC & Modes",Batch 2
Perspective defect,"Dubbing — Localization, Casting, QC & Modes",Batch 2
Localization artifact,"Dubbing — Localization, Casting, QC & Modes",Batch 2
Adaptation loss,"Dubbing — Localization, Casting, QC & Modes",Batch 2
Sync loss,"Dubbing — Localization, Casting, QC & Modes",Batch 2
Naturalness defect,"Dubbing — Localization, Casting, QC & Modes",Batch 2
Revoicing,"Dubbing — Localization, Casting, QC & Modes",Batch 2
Full dubbing,"Dubbing — Localization, Casting, QC & Modes",Batch 2
Partial dubbing,"Dubbing — Localization, Casting, QC & Modes",Batch 2
Selective dubbing,"Dubbing — Localization, Casting, QC & Modes",Batch 2
Multilingual dubbing,"Dubbing — Localization, Casting, QC & Modes",Batch 2
Bilingual dubbing,"Dubbing — Localization, Casting, QC & Modes",Batch 2
UN-style voiceover,"Dubbing — Localization, Casting, QC & Modes",Batch 2
Gavrilov translation,"Dubbing — Localization, Casting, QC & Modes",Batch 2
One-voice dubbing,"Dubbing — Localization, Casting, QC & Modes",Batch 2
Two-voice dubbing,"Dubbing — Localization, Casting, QC & Modes",Batch 2
Lecturing,"Dubbing — Localization, Casting, QC & Modes",Batch 2
Lectoring,"Dubbing — Localization, Casting, QC & Modes",Batch 2
Simil-sync,"Dubbing — Localization, Casting, QC & Modes",Batch 2
Phrase-sync dubbing,"Dubbing — Localization, Casting, QC & Modes",Batch 2
Time-sync dubbing,"Dubbing — Localization, Casting, QC & Modes",Batch 2
Narration replacement,"Dubbing — Localization, Casting, QC & Modes",Batch 2
Commentary replacement,"Dubbing — Localization, Casting, QC & Modes",Batch 2
Pivot-language dubbing,"Dubbing — Localization, Casting, QC & Modes",Batch 2
Relay translation,"Dubbing — Localization, Casting, QC & Modes",Batch 2
Indirect dubbing,"Dubbing — Localization, Casting, QC & Modes",Batch 2
Double translation,"Dubbing — Localization, Casting, QC & Modes",Batch 2
Fandubbing,"Dubbing — Localization, Casting, QC & Modes",Batch 2
Fundubbing,"Dubbing — Localization, Casting, QC & Modes",Batch 2
Dubbing-up,"Dubbing — Localization, Casting, QC & Modes",Batch 2
Dubbing-down,"Dubbing — Localization, Casting, QC & Modes",Batch 2
Automatic dubbing,AI Voice & Speech,Batch 2
Automated dubbing pipeline,AI Voice & Speech,Batch 2
Audio-visual speech translation,AI Voice & Speech,Batch 2
Audio-visual speech-to-speech translation,AI Voice & Speech,Batch 2
Direct speech-to-speech translation,AI Voice & Speech,Batch 2
Cascaded dubbing,AI Voice & Speech,Batch 2
End-to-end dubbing,AI Voice & Speech,Batch 2
Duration-controlled synthesis,AI Voice & Speech,Batch 2
Isochronous synthesis,AI Voice & Speech,Batch 2
Phonetic synchronization loss,AI Voice & Speech,Batch 2
Lip-synchrony loss,AI Voice & Speech,Batch 2
Vowel-distance matching,AI Voice & Speech,Batch 2
Phonetic paraphrasing,AI Voice & Speech,Batch 2
Synchronization-aware translation,AI Voice & Speech,Batch 2
Duration-aware translation,AI Voice & Speech,Batch 2
Lip-aware translation,AI Voice & Speech,Batch 2
Viseme-aware translation,AI Voice & Speech,Batch 2
Prosody transfer,AI Voice & Speech,Batch 2
Cross-lingual prosody transfer,AI Voice & Speech,Batch 2
Speaker similarity,AI Voice & Speech,Batch 2
Cross-lingual voice cloning,AI Voice & Speech,Batch 2
Speaker-preserving translation,AI Voice & Speech,Batch 2
Timbre preservation,AI Voice & Speech,Batch 2
Emotion-preserving dubbing,AI Voice & Speech,Batch 2
Expressive speech translation,AI Voice & Speech,Batch 2
Paralinguistic transfer,AI Voice & Speech,Batch 2
Dubbing naturalness,AI Voice & Speech,Batch 2
Translation-naturalness tradeoff,AI Voice & Speech,Batch 2
Sync-naturalness tradeoff,AI Voice & Speech,Batch 2
Semantic-phonetic tradeoff,AI Voice & Speech,Batch 2
Wurst microphone technique,Drum-Kit Recording,Batch 2
Front-of-kit microphone,Drum-Kit Recording,Batch 2
Drum-shell microphone,Drum-Kit Recording,Batch 2
Snare-bottom polarity inversion,Drum-Kit Recording,Batch 2
Snare-wire balance,Drum-Kit Recording,Batch 2
Snare-wire choke,Drum-Kit Recording,Batch 2
Snare buzz suppression,Drum-Kit Recording,Batch 2
Wallet damping,Drum-Kit Recording,Batch 2
Tea-towel drum damping,Drum-Kit Recording,Batch 2
Kick-drum tunnel,Drum-Kit Recording,Batch 2
Kick-drum cavity microphone,Drum-Kit Recording,Batch 2
Kick port miking,Drum-Kit Recording,Batch 2
Kick beater bleed,Drum-Kit Recording,Batch 2
Subkick capture,Drum-Kit Recording,Batch 2
Drum crush microphone,Drum-Kit Recording,Batch 2
Cymbal rejection miking,Drum-Kit Recording,Batch 2
Underhead tom miking,Drum-Kit Recording,Batch 2
Overhead equidistance,Drum-Kit Recording,Batch 2
Cap-edge miking,"Guitar, Bass & Amp Recording",Batch 2
Speaker-cone traversal,"Guitar, Bass & Amp Recording",Batch 2
Off-axis guitar-cabinet miking,"Guitar, Bass & Amp Recording",Batch 2
Guitar-speaker phase-center alignment,"Guitar, Bass & Amp Recording",Batch 2
Fredman technique,"Guitar, Bass & Amp Recording",Batch 2
Guitar-cabinet rear miking,"Guitar, Bass & Amp Recording",Batch 2
Guitar-cabinet room reinforcement,"Guitar, Bass & Amp Recording",Batch 2
Pick-attack isolation,"Guitar, Bass & Amp Recording",Batch 2
Amp reamping,"Guitar, Bass & Amp Recording",Batch 2
Cabinet reamping,"Guitar, Bass & Amp Recording",Batch 2
DI–amplifier split,"Guitar, Bass & Amp Recording",Batch 2
Bass-band splitting,"Guitar, Bass & Amp Recording",Batch 2
Bass fundamental stabilization,"Guitar, Bass & Amp Recording",Batch 2
Bass audibility enhancement,"Guitar, Bass & Amp Recording",Batch 2
Twelfth-fret miking,Instrument Recording — Strings & Guitar,Batch 2
Sound-hole avoidance,Instrument Recording — Strings & Guitar,Batch 2
Acoustic-guitar bridge miking,Instrument Recording — Strings & Guitar,Batch 2
Shoulder miking,Instrument Recording — Strings & Guitar,Batch 2
Body-and-neck stereo miking,Instrument Recording — Strings & Guitar,Batch 2
Nashville tuning,Instrument Recording — Strings & Guitar,Batch 2
Double-tracked acoustic spread,Instrument Recording — Strings & Guitar,Batch 2
Piano soundboard miking,"Instrument Recording — Keys, Winds & Brass",Batch 2
Piano boundary miking,"Instrument Recording — Keys, Winds & Brass",Batch 2
Piano hammer emphasis,"Instrument Recording — Keys, Winds & Brass",Batch 2
Vocal proximity-effect control,Microphone Technique for Recording,Batch 2
Microphone working,Microphone Technique for Recording,Batch 2
Vocal off-axis control,Microphone Technique for Recording,Batch 2
Plosive shadowing,Microphone Technique for Recording,Batch 2
Sibilance steering,Microphone Technique for Recording,Batch 2
Vocal level riding,Microphone Technique for Recording,Batch 2
Pre-compressor vocal riding,Microphone Technique for Recording,Batch 2
Vocal double alignment,Microphone Technique for Recording,Batch 2
Consonant matching,Microphone Technique for Recording,Batch 2
Stacked-Sibilance Control,Microphone Technique for Recording,Batch 2
Breath editing,Microphone Technique for Recording,Batch 2
Parallel Vocal Compression,Microphone Technique for Recording,Batch 2
Vocal throw delay,Microphone Technique for Recording,Batch 2
Vocal reverb ducking,Microphone Technique for Recording,Batch 2
Bell-axis miking,"Instrument Recording — Keys, Winds & Brass",Batch 2
Keywork-noise control,"Instrument Recording — Keys, Winds & Brass",Batch 2
Bow-noise balance,"Instrument Recording — Keys, Winds & Brass",Batch 2
Rosin-noise control,"Instrument Recording — Keys, Winds & Brass",Batch 2
Section spot miking,"Instrument Recording — Keys, Winds & Brass",Batch 2
Spot-microphone time alignment,"Instrument Recording — Keys, Winds & Brass",Batch 2
Glyn Johns technique,Instrument Recording — Drums & Percussion,Batch 3
Glyn Johns side microphone,Instrument Recording — Drums & Percussion,Batch 3
Overhead-and-shoulder array,Instrument Recording — Drums & Percussion,Batch 3
Drum head-baffle technique,Instrument Recording — Drums & Percussion,Batch 3
Drum-kit midpoint microphone,Instrument Recording — Drums & Percussion,Batch 3
Wurst microphone,Instrument Recording — Drums & Percussion,Batch 3
Tchad Blake drum microphone,Instrument Recording — Drums & Percussion,Batch 3
Drum crush channel,Instrument Recording — Drums & Percussion,Batch 3
Batter-side kick microphone,Instrument Recording — Drums & Percussion,Batch 3
Kick beater-side microphone,Instrument Recording — Drums & Percussion,Batch 3
Kick-in microphone,Instrument Recording — Drums & Percussion,Batch 3
Kick-out microphone,Instrument Recording — Drums & Percussion,Batch 3
Kick-front microphone,Instrument Recording — Drums & Percussion,Batch 3
Kick-drum tunnel microphone,Instrument Recording — Drums & Percussion,Batch 3
Resonant-head proximity miking,Instrument Recording — Drums & Percussion,Batch 3
Snare-shell microphone,Instrument Recording — Drums & Percussion,Batch 3
Snare-vent microphone,Instrument Recording — Drums & Percussion,Batch 3
Rim-plane snare miking,Instrument Recording — Drums & Percussion,Batch 3
Under-snare microphone,Instrument Recording — Drums & Percussion,Batch 3
Underhead microphone,Instrument Recording — Drums & Percussion,Batch 3
Tom-bottom microphone,Instrument Recording — Drums & Percussion,Batch 3
Drum-shell underside miking,Instrument Recording — Drums & Percussion,Batch 3
Hi-hat bell miking,Instrument Recording — Drums & Percussion,Batch 3
Hi-hat edge rejection,Instrument Recording — Drums & Percussion,Batch 3
Ride-bell spot microphone,Instrument Recording — Drums & Percussion,Batch 3
Cymbal-under miking,Instrument Recording — Drums & Percussion,Batch 3
Cymbal-plane miking,Instrument Recording — Drums & Percussion,Batch 3
Drum-shell rejection angle,Instrument Recording — Drums & Percussion,Batch 3
Timpani head-edge miking,Instrument Recording — Drums & Percussion,Batch 3
Timpani bowl-side miking,Instrument Recording — Drums & Percussion,Batch 3
Timpani pair spacing,Instrument Recording — Drums & Percussion,Batch 3
Marimba resonator miking,Instrument Recording — Drums & Percussion,Batch 3
Marimba bar-side miking,Instrument Recording — Drums & Percussion,Batch 3
Marimba low-end outrigger,Instrument Recording — Drums & Percussion,Batch 3
Vibraphone motor-noise rejection,Instrument Recording — Drums & Percussion,Batch 3
Vibraphone resonator miking,Instrument Recording — Drums & Percussion,Batch 3
Xylophone octave spread control,Instrument Recording — Drums & Percussion,Batch 3
Glockenspiel off-axis miking,Instrument Recording — Drums & Percussion,Batch 3
Tubular-bell strike-zone avoidance,Instrument Recording — Drums & Percussion,Batch 3
Gong edge miking,Instrument Recording — Drums & Percussion,Batch 3
Gong center miking,Instrument Recording — Drums & Percussion,Batch 3
Suspended-cymbal swell capture,Instrument Recording — Drums & Percussion,Batch 3
Hand-percussion underside miking,Instrument Recording — Drums & Percussion,Batch 3
Cajón sound-hole miking,Instrument Recording — Drums & Percussion,Batch 3
Cajón tapa miking,Instrument Recording — Drums & Percussion,Batch 3
Tabla dayan–bayan split,Instrument Recording — Drums & Percussion,Batch 3
Conga head-zone miking,Instrument Recording — Drums & Percussion,Batch 3
Percussion-tree spot microphone,Instrument Recording — Drums & Percussion,Batch 3
Off-bell miking,"Instrument Recording — Keys, Winds & Brass",Batch 3
Bell-edge miking,"Instrument Recording — Keys, Winds & Brass",Batch 3
Above-bell miking,"Instrument Recording — Keys, Winds & Brass",Batch 3
Across-bell miking,"Instrument Recording — Keys, Winds & Brass",Batch 3
Bell-blast avoidance,"Instrument Recording — Keys, Winds & Brass",Batch 3
Bell-flare proximity miking,"Instrument Recording — Keys, Winds & Brass",Batch 3
Bell-shadow placement,"Instrument Recording — Keys, Winds & Brass",Batch 3
Slide-path clearance,"Instrument Recording — Keys, Winds & Brass",Batch 3
Trombone over-slide miking,"Instrument Recording — Keys, Winds & Brass",Batch 3
French-horn rear-bell miking,"Instrument Recording — Keys, Winds & Brass",Batch 3
French-horn wall-reflection capture,"Instrument Recording — Keys, Winds & Brass",Batch 3
Tuba bell-height miking,"Instrument Recording — Keys, Winds & Brass",Batch 3
Section-over-bell array,"Instrument Recording — Keys, Winds & Brass",Batch 3
Tone-hole-side miking,"Instrument Recording — Keys, Winds & Brass",Batch 3
Keywork-side miking,"Instrument Recording — Keys, Winds & Brass",Batch 3
Upper-joint miking,"Instrument Recording — Keys, Winds & Brass",Batch 3
Lower-joint miking,"Instrument Recording — Keys, Winds & Brass",Batch 3
Bell–tone-hole balance,"Instrument Recording — Keys, Winds & Brass",Batch 3
Clarinet register-hole balance,"Instrument Recording — Keys, Winds & Brass",Batch 3
Clarinet bell-overemphasis,"Instrument Recording — Keys, Winds & Brass",Batch 3
Saxophone bell–key split,"Instrument Recording — Keys, Winds & Brass",Batch 3
Saxophone key-cup noise capture,"Instrument Recording — Keys, Winds & Brass",Batch 3
Flute embouchure-hole miking,"Instrument Recording — Keys, Winds & Brass",Batch 3
Flute breath-stream avoidance,"Instrument Recording — Keys, Winds & Brass",Batch 3
Flute body-axis miking,"Instrument Recording — Keys, Winds & Brass",Batch 3
Bassoon boot-joint miking,"Instrument Recording — Keys, Winds & Brass",Batch 3
Bassoon bocal-side miking,"Instrument Recording — Keys, Winds & Brass",Batch 3
Oboe key-column miking,"Instrument Recording — Keys, Winds & Brass",Batch 3
Bridge-axis miking,Instrument Recording — Strings & Guitar,Batch 3
Bridge-above miking,Instrument Recording — Strings & Guitar,Batch 3
Treble-side bridge miking,Instrument Recording — Strings & Guitar,Batch 3
Bass-side bridge miking,Instrument Recording — Strings & Guitar,Batch 3
F-hole-axis miking,Instrument Recording — Strings & Guitar,Batch 3
Off-f-hole miking,Instrument Recording — Strings & Guitar,Batch 3
Upper-bout miking,Instrument Recording — Strings & Guitar,Batch 3
Lower-bout miking,Instrument Recording — Strings & Guitar,Batch 3
Fingerboard-end miking,Instrument Recording — Strings & Guitar,Batch 3
Bow-contact-point miking,Instrument Recording — Strings & Guitar,Batch 3
Bow-side miking,Instrument Recording — Strings & Guitar,Batch 3
Fingerboard-side miking,Instrument Recording — Strings & Guitar,Batch 3
Endpin-side cello miking,Instrument Recording — Strings & Guitar,Batch 3
Endpin-floor coupling capture,Instrument Recording — Strings & Guitar,Batch 3
Cello floor-boundary microphone,Instrument Recording — Strings & Guitar,Batch 3
Double-bass bridge–f-hole balance,Instrument Recording — Strings & Guitar,Batch 3
Double-bass endpin microphone,Instrument Recording — Strings & Guitar,Batch 3
String-body shadowing,Instrument Recording — Strings & Guitar,Batch 3
Section-leader spot,Instrument Recording — Strings & Guitar,Batch 3
Desk-pair spot microphone,Instrument Recording — Strings & Guitar,Batch 3
Inside–outside string-section spots,Instrument Recording — Strings & Guitar,Batch 3
Decca Tree wings,Orchestral Arrays & Spot-Mic Integration,Batch 3
Decca Tree outriggers,Orchestral Arrays & Spot-Mic Integration,Batch 3
Decca Tree height layer,Orchestral Arrays & Spot-Mic Integration,Batch 3
Decca Tree 3D,Orchestral Arrays & Spot-Mic Integration,Batch 3
Faulkner array null-axis control,Orchestral Arrays & Spot-Mic Integration,Batch 3
Optimized Stereo Signal technique,Orchestral Arrays & Spot-Mic Integration,Batch 3
Acoustic-shadow stereo,Orchestral Arrays & Spot-Mic Integration,Batch 3
OCT,Orchestral Arrays & Spot-Mic Integration,Batch 3
OCT-3D,Orchestral Arrays & Spot-Mic Integration,Batch 3
ORTF-2plus2,Orchestral Arrays & Spot-Mic Integration,Batch 3
Hamasaki ambience layer,Orchestral Arrays & Spot-Mic Integration,Batch 3
Main-plus-ambience array,Orchestral Arrays & Spot-Mic Integration,Batch 3
Front–rear array spacing,Orchestral Arrays & Spot-Mic Integration,Batch 3
Height-layer decorrelation,Orchestral Arrays & Spot-Mic Integration,Batch 3
Orchestra outrigger,Orchestral Arrays & Spot-Mic Integration,Batch 3
Orchestra flank microphone,Orchestral Arrays & Spot-Mic Integration,Batch 3
Far-flank microphone,Orchestral Arrays & Spot-Mic Integration,Batch 3
Near-flank microphone,Orchestral Arrays & Spot-Mic Integration,Batch 3
String outrigger,Orchestral Arrays & Spot-Mic Integration,Batch 3
Bass outrigger,Orchestral Arrays & Spot-Mic Integration,Batch 3
Center-fill microphone,Orchestral Arrays & Spot-Mic Integration,Batch 3
Center-downfill microphone,Orchestral Arrays & Spot-Mic Integration,Batch 3
Conductor-position microphone,Orchestral Arrays & Spot-Mic Integration,Batch 3
Podium microphone,Orchestral Arrays & Spot-Mic Integration,Batch 3
Front-fill recording microphone,Orchestral Arrays & Spot-Mic Integration,Batch 3
Rear-hall microphone,Orchestral Arrays & Spot-Mic Integration,Batch 3
Mid-hall microphone,Orchestral Arrays & Spot-Mic Integration,Batch 3
Balcony microphone,Orchestral Arrays & Spot-Mic Integration,Batch 3
Under-balcony microphone,Orchestral Arrays & Spot-Mic Integration,Batch 3
Gallery microphone,Orchestral Arrays & Spot-Mic Integration,Batch 3
Stage-rear ambience microphone,Orchestral Arrays & Spot-Mic Integration,Batch 3
Rear-facing stage microphone,Orchestral Arrays & Spot-Mic Integration,Batch 3
Proscenium microphone,Orchestral Arrays & Spot-Mic Integration,Batch 3
Fly-rail microphone,Orchestral Arrays & Spot-Mic Integration,Batch 3
Pit-lip microphone,Orchestral Arrays & Spot-Mic Integration,Batch 3
Pit-overhead microphone,Orchestral Arrays & Spot-Mic Integration,Batch 3
Pit-wall boundary microphone,Orchestral Arrays & Spot-Mic Integration,Batch 3
Choir loft microphone,Orchestral Arrays & Spot-Mic Integration,Batch 3
Antiphonal microphone group,Orchestral Arrays & Spot-Mic Integration,Batch 3
Offstage ensemble microphone,Orchestral Arrays & Spot-Mic Integration,Batch 3
Distant-brass microphone,Orchestral Arrays & Spot-Mic Integration,Batch 3
Hall-return microphone,Orchestral Arrays & Spot-Mic Integration,Batch 3
Natural-reverb return,Orchestral Arrays & Spot-Mic Integration,Batch 3
Main-led orchestral mix,Orchestral Arrays & Spot-Mic Integration,Batch 3
Spot-led orchestral mix,Orchestral Arrays & Spot-Mic Integration,Batch 3
Main-to-spot ratio,Orchestral Arrays & Spot-Mic Integration,Batch 3
Spot-to-main balance,Orchestral Arrays & Spot-Mic Integration,Batch 3
Spot prominence,Orchestral Arrays & Spot-Mic Integration,Batch 3
Spot exposure,Orchestral Arrays & Spot-Mic Integration,Batch 3
Spotty orchestral image,Orchestral Arrays & Spot-Mic Integration,Batch 3
Spot masking,Orchestral Arrays & Spot-Mic Integration,Batch 3
Spot bloom,Orchestral Arrays & Spot-Mic Integration,Batch 3
Spot spread,Orchestral Arrays & Spot-Mic Integration,Batch 3
Spot anchoring,Orchestral Arrays & Spot-Mic Integration,Batch 3
Spot localization pull,Orchestral Arrays & Spot-Mic Integration,Batch 3
Image-width mismatch,Orchestral Arrays & Spot-Mic Integration,Batch 3
Perspective mismatch,Orchestral Arrays & Spot-Mic Integration,Batch 3
Depth-plane mismatch,Orchestral Arrays & Spot-Mic Integration,Batch 3
Spot-to-hall mismatch,Orchestral Arrays & Spot-Mic Integration,Batch 3
Spot-microphone delay,Orchestral Arrays & Spot-Mic Integration,Batch 3
Acoustic-delay compensation,Orchestral Arrays & Spot-Mic Integration,Batch 3
Main-array arrival reference,Orchestral Arrays & Spot-Mic Integration,Batch 3
Center-microphone delay reference,Orchestral Arrays & Spot-Mic Integration,Batch 3
Nearest-main delay reference,Orchestral Arrays & Spot-Mic Integration,Batch 3
Geometric spot delay,Orchestral Arrays & Spot-Mic Integration,Batch 3
Measured-arrival spot delay,Orchestral Arrays & Spot-Mic Integration,Batch 3
Perceptual spot delay,Orchestral Arrays & Spot-Mic Integration,Batch 3
Propagation-delay insertion,Orchestral Arrays & Spot-Mic Integration,Batch 3
Distance-to-delay conversion,Orchestral Arrays & Spot-Mic Integration,Batch 3
Spot pre-arrival,Orchestral Arrays & Spot-Mic Integration,Batch 3
Main-array lag,Orchestral Arrays & Spot-Mic Integration,Batch 3
Double-arrival artifact,Orchestral Arrays & Spot-Mic Integration,Batch 3
Orchestral precedence shift,Orchestral Arrays & Spot-Mic Integration,Batch 3
Spot-induced image collapse,Orchestral Arrays & Spot-Mic Integration,Batch 3
Alignment-induced flattening,Orchestral Arrays & Spot-Mic Integration,Batch 3
Natural-arrival preservation,Orchestral Arrays & Spot-Mic Integration,Batch 3
Partial spot alignment,Orchestral Arrays & Spot-Mic Integration,Batch 3
Frequency-dependent alignment,Orchestral Arrays & Spot-Mic Integration,Batch 3
Correlation-based spot alignment,Orchestral Arrays & Spot-Mic Integration,Batch 3
Transient-reference alignment,Orchestral Arrays & Spot-Mic Integration,Batch 3
Sectional-delay grouping,Orchestral Arrays & Spot-Mic Integration,Batch 3
Depth-preserving delay,Orchestral Arrays & Spot-Mic Integration,Batch 3
Haas-window integration,Orchestral Arrays & Spot-Mic Integration,Batch 3
Complementary equalization,Spectral & Masking-Control EQ,Batch 3
Reciprocal equalization,Spectral & Masking-Control EQ,Batch 3
Frequency-slotting,Spectral & Masking-Control EQ,Batch 3
Frequency carving,Spectral & Masking-Control EQ,Batch 3
Spectral pocketing,Spectral & Masking-Control EQ,Batch 3
Dynamic frequency pocketing,Spectral & Masking-Control EQ,Batch 3
Collision-frequency control,Spectral & Masking-Control EQ,Batch 3
Spectral masking control,Spectral & Masking-Control EQ,Batch 3
Masking-release processing,Spectral & Masking-Control EQ,Batch 3
Tonal tilt,Spectral & Masking-Control EQ,Batch 3
Pivot equalization,Spectral & Masking-Control EQ,Batch 3
Spectral centroid shifting,Spectral & Masking-Control EQ,Batch 3
Spectral weighting,Spectral & Masking-Control EQ,Batch 3
Broad-stroke equalization,Spectral & Masking-Control EQ,Batch 3
Micro-equalization,Spectral & Masking-Control EQ,Batch 3
Fine equalization,Spectral & Masking-Control EQ,Batch 3
Corrective equalization,Spectral & Masking-Control EQ,Batch 3
Character equalization,Spectral & Masking-Control EQ,Batch 3
Program equalization,Spectral & Masking-Control EQ,Batch 3
Contour equalization,Spectral & Masking-Control EQ,Batch 3
Resonance hunting,Spectral & Masking-Control EQ,Batch 3
Boost-and-sweep method,Spectral & Masking-Control EQ,Batch 3
Resonance suppression,Spectral & Masking-Control EQ,Batch 3
Resonance-dependent equalization,Spectral & Masking-Control EQ,Batch 3
Tonal anchoring,Spectral & Masking-Control EQ,Batch 3
Spectral balancing,Spectral & Masking-Control EQ,Batch 3
Tonal matching,Spectral & Masking-Control EQ,Batch 3
Match equalization,Spectral & Masking-Control EQ,Batch 3
Spectral target curve,Spectral & Masking-Control EQ,Batch 3
Descriptor-based equalization,Spectral & Masking-Control EQ,Batch 3
Mud,Spectral & Masking-Control EQ,Batch 3
Honk,Spectral & Masking-Control EQ,Batch 3
Nasality,Spectral & Masking-Control EQ,Batch 3
Woolliness,Spectral & Masking-Control EQ,Batch 3
Veil,Spectral & Masking-Control EQ,Batch 3
Papery tone,Spectral & Masking-Control EQ,Batch 3
Cardboard tone,Spectral & Masking-Control EQ,Batch 3
Bite,Spectral & Masking-Control EQ,Batch 3
Edge,Spectral & Masking-Control EQ,Batch 3
Glassiness,Spectral & Masking-Control EQ,Batch 3
Grain,Spectral & Masking-Control EQ,Batch 3
Chalkiness,Spectral & Masking-Control EQ,Batch 3
Smeared tone,Spectral & Masking-Control EQ,Batch 3
Program-dependent compression,Advanced Dynamics & Sidechain Processing,Batch 3
Program-adaptive compression,Advanced Dynamics & Sidechain Processing,Batch 3
Automatic-release compression,Advanced Dynamics & Sidechain Processing,Batch 3
Dual-time-constant release,Advanced Dynamics & Sidechain Processing,Batch 3
Multi-stage release,Advanced Dynamics & Sidechain Processing,Batch 3
Hold-and-release compression,Advanced Dynamics & Sidechain Processing,Batch 3
Level-dependent release,Advanced Dynamics & Sidechain Processing,Batch 3
Frequency-dependent compression,Advanced Dynamics & Sidechain Processing,Batch 3
Detector-weighted compression,Advanced Dynamics & Sidechain Processing,Batch 3
Sidechain emphasis,Advanced Dynamics & Sidechain Processing,Batch 3
Sidechain de-emphasis,Advanced Dynamics & Sidechain Processing,Batch 3
Sidechain high-pass filtering,Advanced Dynamics & Sidechain Processing,Batch 3
Sidechain low-pass filtering,Advanced Dynamics & Sidechain Processing,Batch 3
Sidechain band-pass filtering,Advanced Dynamics & Sidechain Processing,Batch 3
Sidechain tilt filtering,Advanced Dynamics & Sidechain Processing,Batch 3
Sidechain audition,Advanced Dynamics & Sidechain Processing,Batch 3
Detector signal,Advanced Dynamics & Sidechain Processing,Batch 3
Feed-forward compression,Advanced Dynamics & Sidechain Processing,Batch 3
Feedback compression,Advanced Dynamics & Sidechain Processing,Batch 3
Hinge-point compression,Advanced Dynamics & Sidechain Processing,Batch 3
Leveling amplification,Advanced Dynamics & Sidechain Processing,Batch 3
Compression riding,Advanced Dynamics & Sidechain Processing,Batch 3
Compression staging,Advanced Dynamics & Sidechain Processing,Batch 3
Serial compression,Advanced Dynamics & Sidechain Processing,Batch 3
Cascaded compression,Advanced Dynamics & Sidechain Processing,Batch 3
Multistage compression,Advanced Dynamics & Sidechain Processing,Batch 3
Peak-to-level compression chain,Advanced Dynamics & Sidechain Processing,Batch 3
Level-to-peak compression chain,Advanced Dynamics & Sidechain Processing,Batch 3
Compression handoff,Advanced Dynamics & Sidechain Processing,Batch 3
Gain-reduction sharing,Advanced Dynamics & Sidechain Processing,Batch 3
Low-ratio cascading,Advanced Dynamics & Sidechain Processing,Batch 3
Split-band compression,Advanced Dynamics & Sidechain Processing,Batch 3
Two-band compression,Advanced Dynamics & Sidechain Processing,Batch 3
Band coupling,Advanced Dynamics & Sidechain Processing,Batch 3
Band independence,Advanced Dynamics & Sidechain Processing,Batch 3
Crossover modulation artifact,Advanced Dynamics & Sidechain Processing,Batch 3
Spectral pumping,Advanced Dynamics & Sidechain Processing,Batch 3
Microdynamic compression,Advanced Dynamics & Sidechain Processing,Batch 3
Macrodynamic compression,Advanced Dynamics & Sidechain Processing,Batch 3
Crest-factor reduction,Advanced Dynamics & Sidechain Processing,Batch 3
Envelope-density increase,Advanced Dynamics & Sidechain Processing,Batch 3
Transient recovery,Advanced Dynamics & Sidechain Processing,Batch 3
Release pumping,Advanced Dynamics & Sidechain Processing,Batch 3
Gain-reduction chatter,Advanced Dynamics & Sidechain Processing,Batch 3
Detector ripple,Advanced Dynamics & Sidechain Processing,Batch 3
Keyed compression,Advanced Dynamics & Sidechain Processing,Batch 3
External-sidechain compression,Advanced Dynamics & Sidechain Processing,Batch 3
Self-sidechain compression,Advanced Dynamics & Sidechain Processing,Batch 3
Cross-source compression,Advanced Dynamics & Sidechain Processing,Batch 3
Interlocking compression,Advanced Dynamics & Sidechain Processing,Batch 3
Frequency-selective kick–bass ducking,Advanced Dynamics & Sidechain Processing,Batch 3
Fundamental-band ducking,Advanced Dynamics & Sidechain Processing,Batch 3
Transient-triggered ducking,Advanced Dynamics & Sidechain Processing,Batch 3
Envelope-followed ducking,Advanced Dynamics & Sidechain Processing,Batch 3
Lookahead ducking,Advanced Dynamics & Sidechain Processing,Batch 3
Anticipatory ducking,Advanced Dynamics & Sidechain Processing,Batch 3
Hold-time ducking,Advanced Dynamics & Sidechain Processing,Batch 3
Release-shaped ducking,Advanced Dynamics & Sidechain Processing,Batch 3
Negative ducking,Advanced Dynamics & Sidechain Processing,Batch 3
Inverse ducking,Advanced Dynamics & Sidechain Processing,Batch 3
Keyed expansion,Advanced Dynamics & Sidechain Processing,Batch 3
New York compression,Advanced Dynamics & Sidechain Processing,Batch 3
Manhattan compression,Advanced Dynamics & Sidechain Processing,Batch 3
Motown compression,Advanced Dynamics & Sidechain Processing,Batch 3
Parallel upward compression,Advanced Dynamics & Sidechain Processing,Batch 3
Parallel limiting,Advanced Dynamics & Sidechain Processing,Batch 3
Parallel saturation,Advanced Dynamics & Sidechain Processing,Batch 3
Parallel distortion,Advanced Dynamics & Sidechain Processing,Batch 3
Parallel transient processing,Advanced Dynamics & Sidechain Processing,Batch 3
Parallel spectral processing,Advanced Dynamics & Sidechain Processing,Batch 3
Exciter return,Advanced Dynamics & Sidechain Processing,Batch 3
Crush bus,Advanced Dynamics & Sidechain Processing,Batch 3
Dry-path latency mismatch,Advanced Dynamics & Sidechain Processing,Batch 3
Parallel-path comb filtering,Advanced Dynamics & Sidechain Processing,Batch 3
Wet-path phase rotation,Advanced Dynamics & Sidechain Processing,Batch 3
Parallel blend cancellation,Advanced Dynamics & Sidechain Processing,Batch 3
Processor ordering,Advanced Dynamics & Sidechain Processing,Batch 3
Order-dependent processing,Advanced Dynamics & Sidechain Processing,Batch 3
Noncommutative processing,Advanced Dynamics & Sidechain Processing,Batch 3
EQ-into-compression,Advanced Dynamics & Sidechain Processing,Batch 3
Compression-into-EQ,Advanced Dynamics & Sidechain Processing,Batch 3
Pre-dynamics equalization,Advanced Dynamics & Sidechain Processing,Batch 3
Post-dynamics equalization,Advanced Dynamics & Sidechain Processing,Batch 3
Corrective-before-character processing,Advanced Dynamics & Sidechain Processing,Batch 3
Character-before-control processing,Advanced Dynamics & Sidechain Processing,Batch 3
Control-before-character processing,Advanced Dynamics & Sidechain Processing,Batch 3
Saturation–compression interaction,Advanced Dynamics & Sidechain Processing,Batch 3
Pre-emphasis/de-emphasis processing,Advanced Dynamics & Sidechain Processing,Batch 3
Complementary pre/post equalization,Advanced Dynamics & Sidechain Processing,Batch 3
Emphasis-driven saturation,Advanced Dynamics & Sidechain Processing,Batch 3
De-emphasized distortion,Advanced Dynamics & Sidechain Processing,Batch 3
Spectral drive shaping,Advanced Dynamics & Sidechain Processing,Batch 3
Frequency-selective saturation,Advanced Dynamics & Sidechain Processing,Batch 3
Split-band saturation,Advanced Dynamics & Sidechain Processing,Batch 3
Multistage saturation,Advanced Dynamics & Sidechain Processing,Batch 3
Serial clipping,Advanced Dynamics & Sidechain Processing,Batch 3
Clip-to-limit chain,Advanced Dynamics & Sidechain Processing,Batch 3
Limit-to-clip chain,Advanced Dynamics & Sidechain Processing,Batch 3
Early-reflection reverb,Advanced Reverb Design,Batch 3
Ambience algorithm,Advanced Reverb Design,Batch 3
Gated room microphone,Advanced Reverb Design,Batch 3
Reverse-envelope reverb,Advanced Reverb Design,Batch 3
Printed reverse reverb,Advanced Reverb Design,Batch 3
Bloom reverb,Advanced Reverb Design,Batch 3
Reverb swell,Advanced Reverb Design,Batch 3
Reverb freeze,Advanced Reverb Design,Batch 3
Infinite reverb,Advanced Reverb Design,Batch 3
Reverb hold,Advanced Reverb Design,Batch 3
Reverb regeneration,Advanced Reverb Design,Batch 3
Reverb feedback loop,Advanced Reverb Design,Batch 3
Downward shimmer,Advanced Reverb Design,Batch 3
Interval shimmer,Advanced Reverb Design,Batch 3
Pitch-recursive reverb,Advanced Reverb Design,Batch 3
Reverb diffusion,Advanced Reverb Design,Batch 3
Input diffusion,Advanced Reverb Design,Batch 3
Reverb density,Advanced Reverb Design,Batch 3
Density buildup,Advanced Reverb Design,Batch 3
Echo density,Advanced Reverb Design,Batch 3
Reverb shape,Advanced Reverb Design,Batch 3
Reverb spread,Advanced Reverb Design,Batch 3
Reverb spin,Advanced Reverb Design,Batch 3
Reverb wander,Advanced Reverb Design,Batch 3
Modulated reverb,Advanced Reverb Design,Batch 3
Chorused reverb,Advanced Reverb Design,Batch 3
Detuned reverb,Advanced Reverb Design,Batch 3
Frequency-dependent decay,Advanced Reverb Design,Batch 3
Low-frequency decay multiplier,Advanced Reverb Design,Batch 3
High-frequency decay multiplier,Advanced Reverb Design,Batch 3
Reverb damping,Advanced Reverb Design,Batch 3
Reverb tail equalization,Advanced Reverb Design,Batch 3
Early-reflection equalization,Advanced Reverb Design,Batch 3
Split early/late processing,Advanced Reverb Design,Batch 3
Reverb predelay,Advanced Reverb Design,Batch 3
Tempo-synchronized predelay,Advanced Reverb Design,Batch 3
Reverb predelay offset,Advanced Reverb Design,Batch 3
Reverb onset shaping,Advanced Reverb Design,Batch 3
Reverb attack,Advanced Reverb Design,Batch 3
Reverb tail ducking,Advanced Reverb Design,Batch 3
Reverb input ducking,Advanced Reverb Design,Batch 3
Reverb return compression,Advanced Reverb Design,Batch 3
Reverb tail expansion,Advanced Reverb Design,Batch 3
Keyed reverb gating,Advanced Reverb Design,Batch 3
Level-dependent ambience,Advanced Reverb Design,Batch 3
Reverb stacking,Advanced Reverb Design,Batch 3
Layered reverb,Advanced Reverb Design,Batch 3
Short-long reverb layering,Advanced Reverb Design,Batch 3
Serial reverb,Advanced Reverb Design,Batch 3
Reverb-into-delay,Advanced Reverb Design,Batch 3
Delay-into-reverb,Advanced Reverb Design,Batch 3
Reverb return narrowing,Advanced Reverb Design,Batch 3
Frequency-dependent reverb width,Advanced Reverb Design,Batch 3
Mono-in/stereo-out reverb,Advanced Reverb Design,Batch 3
True-stereo reverb,Advanced Reverb Design,Batch 3
Crossfeed reverb,Advanced Reverb Design,Batch 3
Dual-mono reverb,Advanced Reverb Design,Batch 3
Decorrelated reverb,Advanced Reverb Design,Batch 3
Reverb return monoing,Advanced Reverb Design,Batch 3
Single-tap delay,Delay Design & Rhythmic Delay,Batch 3
Tap spacing,Delay Design & Rhythmic Delay,Batch 3
Tap pattern,Delay Design & Rhythmic Delay,Batch 3
Tap density,Delay Design & Rhythmic Delay,Batch 3
Diffused delay,Delay Design & Rhythmic Delay,Batch 3
Slurred delay,Delay Design & Rhythmic Delay,Batch 3
Random delay,Delay Design & Rhythmic Delay,Batch 3
Modulated delay,Delay Design & Rhythmic Delay,Batch 3
Level-modulated delay,Delay Design & Rhythmic Delay,Batch 3
Envelope-controlled delay,Delay Design & Rhythmic Delay,Batch 3
Ducked delay,Delay Design & Rhythmic Delay,Batch 3
Input-ducked delay,Delay Design & Rhythmic Delay,Batch 3
Output-ducked delay,Delay Design & Rhythmic Delay,Batch 3
Inverse ducked delay,Delay Design & Rhythmic Delay,Batch 3
Alternating reverse delay,Delay Design & Rhythmic Delay,Batch 3
Cross-feedback delay,Delay Design & Rhythmic Delay,Batch 3
Dual delay,Delay Design & Rhythmic Delay,Batch 3
Stereo offset delay,Delay Design & Rhythmic Delay,Batch 3
Haas delay,Delay Design & Rhythmic Delay,Batch 3
Microdelay widening,Delay Design & Rhythmic Delay,Batch 3
Delay decorrelation,Delay Design & Rhythmic Delay,Batch 3
Feedback filtering,Delay Design & Rhythmic Delay,Batch 3
Regenerative delay,Delay Design & Rhythmic Delay,Batch 3
Runaway feedback,Delay Design & Rhythmic Delay,Batch 3
Self-oscillating delay,Delay Design & Rhythmic Delay,Batch 3
Feedback freeze,Delay Design & Rhythmic Delay,Batch 3
Feedback ducking,Delay Design & Rhythmic Delay,Batch 3
Feedback throw,Delay Design & Rhythmic Delay,Batch 3
Regeneration throw,Delay Design & Rhythmic Delay,Batch 3
Delay spill,Delay Design & Rhythmic Delay,Batch 3
Spillover,Delay Design & Rhythmic Delay,Batch 3
Delay capture,Delay Design & Rhythmic Delay,Batch 3
Tempo-Synchronized Delay,Delay Design & Rhythmic Delay,Batch 3
Duplet delay,Delay Design & Rhythmic Delay,Batch 3
Quintuplet delay,Delay Design & Rhythmic Delay,Batch 3
Septuplet delay,Delay Design & Rhythmic Delay,Batch 3
Polyrhythmic delay,Delay Design & Rhythmic Delay,Batch 3
Polymetric delay,Delay Design & Rhythmic Delay,Batch 3
Euclidean delay pattern,Delay Design & Rhythmic Delay,Batch 3
Golden-ratio delay,Delay Design & Rhythmic Delay,Batch 3
Fibonacci delay pattern,Delay Design & Rhythmic Delay,Batch 3
Prime-number delay spacing,Delay Design & Rhythmic Delay,Batch 3
Non-repeating tap pattern,Delay Design & Rhythmic Delay,Batch 3
Swing delay,Delay Design & Rhythmic Delay,Batch 3
Groove-quantized delay,Delay Design & Rhythmic Delay,Batch 3
Tempo-relative delay,Delay Design & Rhythmic Delay,Batch 3
Free-time delay,Delay Design & Rhythmic Delay,Batch 3
Audio surveillance,"Surveillance, Forensic & Covert Audio",Batch 4
Covert audio,"Surveillance, Forensic & Covert Audio",Batch 4
Covert recording,"Surveillance, Forensic & Covert Audio",Batch 4
Covert listening,"Surveillance, Forensic & Covert Audio",Batch 4
Covert microphone,"Surveillance, Forensic & Covert Audio",Batch 4
Concealed microphone,"Surveillance, Forensic & Covert Audio",Batch 4
Listening device,"Surveillance, Forensic & Covert Audio",Batch 4
Audio bug,"Surveillance, Forensic & Covert Audio",Batch 4
Bug,"Surveillance, Forensic & Covert Audio",Batch 4
Bugging,"Surveillance, Forensic & Covert Audio",Batch 4
Electronic eavesdropping,"Surveillance, Forensic & Covert Audio",Batch 4
Room monitoring,"Surveillance, Forensic & Covert Audio",Batch 4
Ambient recording,"Surveillance, Forensic & Covert Audio",Batch 4
Audio interception,"Surveillance, Forensic & Covert Audio",Batch 4
Remote audio monitoring,"Surveillance, Forensic & Covert Audio",Batch 4
Remote listening device,"Surveillance, Forensic & Covert Audio",Batch 4
Live monitoring,"Surveillance, Forensic & Covert Audio",Batch 4
Audio intelligence,"Surveillance, Forensic & Covert Audio",Batch 4
Voice collection,"Surveillance, Forensic & Covert Audio",Batch 4
Voice interception,"Surveillance, Forensic & Covert Audio",Batch 4
Body wire microphone,"Surveillance, Forensic & Covert Audio",Batch 4
Pin microphone,"Surveillance, Forensic & Covert Audio",Batch 4
Through-wall microphone,"Surveillance, Forensic & Covert Audio",Batch 4
Beamforming microphone,"Surveillance, Forensic & Covert Audio",Batch 4
Array microphone,"Surveillance, Forensic & Covert Audio",Batch 4
Long-range pickup,"Surveillance, Forensic & Covert Audio",Batch 4
Far-field microphone,"Surveillance, Forensic & Covert Audio",Batch 4
Near-field microphone,"Surveillance, Forensic & Covert Audio",Batch 4
Acoustic zoom,"Surveillance, Forensic & Covert Audio",Batch 4
Acoustic focus,"Surveillance, Forensic & Covert Audio",Batch 4
Directional pickup,"Surveillance, Forensic & Covert Audio",Batch 4
Omnidirectional pickup,"Surveillance, Forensic & Covert Audio",Batch 4
Beam steering,"Surveillance, Forensic & Covert Audio",Batch 4
Acoustic gain,"Surveillance, Forensic & Covert Audio",Batch 4
Target isolation,"Surveillance, Forensic & Covert Audio",Batch 4
Miniature recorder,"Surveillance, Forensic & Covert Audio",Batch 4
Pocket recorder,"Surveillance, Forensic & Covert Audio",Batch 4
Wearable recorder,"Surveillance, Forensic & Covert Audio",Batch 4
Digital voice recorder,"Surveillance, Forensic & Covert Audio",Batch 4
Solid-state recorder,"Surveillance, Forensic & Covert Audio",Batch 4
Flash recorder,"Surveillance, Forensic & Covert Audio",Batch 4
Body recorder,"Surveillance, Forensic & Covert Audio",Batch 4
Evidence recorder,"Surveillance, Forensic & Covert Audio",Batch 4
Continuous recorder,"Surveillance, Forensic & Covert Audio",Batch 4
Event-triggered recorder,"Surveillance, Forensic & Covert Audio",Batch 4
Voice-activated recorder (VOX),"Surveillance, Forensic & Covert Audio",Batch 4
Buffered recording,"Surveillance, Forensic & Covert Audio",Batch 4
Time-stamped recording,"Surveillance, Forensic & Covert Audio",Batch 4
Audio transmitter,"Surveillance, Forensic & Covert Audio",Batch 4
RF transmitter,"Surveillance, Forensic & Covert Audio",Batch 4
Digital transmitter,"Surveillance, Forensic & Covert Audio",Batch 4
Analog transmitter,"Surveillance, Forensic & Covert Audio",Batch 4
Encrypted transmitter,"Surveillance, Forensic & Covert Audio",Batch 4
Low-power transmitter,"Surveillance, Forensic & Covert Audio",Batch 4
Burst transmitter,"Surveillance, Forensic & Covert Audio",Batch 4
Frequency hopping,"Surveillance, Forensic & Covert Audio",Batch 4
Spread spectrum,"Surveillance, Forensic & Covert Audio",Batch 4
Narrowband transmission,"Surveillance, Forensic & Covert Audio",Batch 4
UHF transmitter,"Surveillance, Forensic & Covert Audio",Batch 4
VHF transmitter,"Surveillance, Forensic & Covert Audio",Batch 4
ISM-band transmitter,"Surveillance, Forensic & Covert Audio",Batch 4
Bluetooth audio,"Surveillance, Forensic & Covert Audio",Batch 4
Wi-Fi audio transmission,"Surveillance, Forensic & Covert Audio",Batch 4
Cellular audio transmitter,"Surveillance, Forensic & Covert Audio",Batch 4
GSM audio transmitter,"Surveillance, Forensic & Covert Audio",Batch 4
LTE transmitter,"Surveillance, Forensic & Covert Audio",Batch 4
Audio link,"Surveillance, Forensic & Covert Audio",Batch 4
RF link,"Surveillance, Forensic & Covert Audio",Batch 4
Audio relay,"Surveillance, Forensic & Covert Audio",Batch 4
Remote receiver,"Surveillance, Forensic & Covert Audio",Batch 4
Listening post,"Surveillance, Forensic & Covert Audio",Batch 4
Monitoring station,"Surveillance, Forensic & Covert Audio",Batch 4
Base station,"Surveillance, Forensic & Covert Audio",Batch 4
Relay station,"Surveillance, Forensic & Covert Audio",Batch 4
Audio downlink,"Surveillance, Forensic & Covert Audio",Batch 4
Audio uplink,"Surveillance, Forensic & Covert Audio",Batch 4
Voice enhancement,"Surveillance, Forensic & Covert Audio",Batch 4
Adaptive filtering,"Surveillance, Forensic & Covert Audio",Batch 4
Wind filtering,"Surveillance, Forensic & Covert Audio",Batch 4
Voice isolation,"Surveillance, Forensic & Covert Audio",Batch 4
Speech extraction,"Surveillance, Forensic & Covert Audio",Batch 4
Target voice enhancement,"Surveillance, Forensic & Covert Audio",Batch 4
Speaker recognition,"Surveillance, Forensic & Covert Audio",Batch 4
Voiceprint,"Surveillance, Forensic & Covert Audio",Batch 4
Voice signature,"Surveillance, Forensic & Covert Audio",Batch 4
Formant analysis,"Surveillance, Forensic & Covert Audio",Batch 4
Pitch analysis,"Surveillance, Forensic & Covert Audio",Batch 4
Harmonic analysis,"Surveillance, Forensic & Covert Audio",Batch 4
Phonetic analysis,"Surveillance, Forensic & Covert Audio",Batch 4
Acoustic shadow,"Surveillance, Forensic & Covert Audio",Batch 4
Audio monitoring,"Surveillance, Forensic & Covert Audio",Batch 4
Continuous monitoring,"Surveillance, Forensic & Covert Audio",Batch 4
Remote monitoring,"Surveillance, Forensic & Covert Audio",Batch 4
Passive monitoring,"Surveillance, Forensic & Covert Audio",Batch 4
Active monitoring,"Surveillance, Forensic & Covert Audio",Batch 4
Audio surveillance network,"Surveillance, Forensic & Covert Audio",Batch 4
Multi-channel recorder,"Surveillance, Forensic & Covert Audio",Batch 4
Channel synchronization,"Surveillance, Forensic & Covert Audio",Batch 4
Time synchronization,"Surveillance, Forensic & Covert Audio",Batch 4
Forensic audio,"Surveillance, Forensic & Covert Audio",Batch 4
Evidence recording,"Surveillance, Forensic & Covert Audio",Batch 4
Audio authentication,"Surveillance, Forensic & Covert Audio",Batch 4
Recording authentication,"Surveillance, Forensic & Covert Audio",Batch 4
Audio integrity,"Surveillance, Forensic & Covert Audio",Batch 4
Waveform comparison,"Surveillance, Forensic & Covert Audio",Batch 4
Spectral comparison,"Surveillance, Forensic & Covert Audio",Batch 4
Recording continuity,"Surveillance, Forensic & Covert Audio",Batch 4
Tamper detection,"Surveillance, Forensic & Covert Audio",Batch 4
TSCM,"Surveillance, Forensic & Covert Audio",Batch 4
Bug sweep,"Surveillance, Forensic & Covert Audio",Batch 4
Electronic sweep,"Surveillance, Forensic & Covert Audio",Batch 4
RF detector,"Surveillance, Forensic & Covert Audio",Batch 4
RF spectrum analyzer,"Surveillance, Forensic & Covert Audio",Batch 4
Broadband detector,"Surveillance, Forensic & Covert Audio",Batch 4
Nonlinear junction detector (NLJD),"Surveillance, Forensic & Covert Audio",Batch 4
Signal detector,"Surveillance, Forensic & Covert Audio",Batch 4
Carrier detection,"Surveillance, Forensic & Covert Audio",Batch 4
RF leakage,"Surveillance, Forensic & Covert Audio",Batch 4
Hidden microphone detection,"Surveillance, Forensic & Covert Audio",Batch 4
Hidden transmitter detection,"Surveillance, Forensic & Covert Audio",Batch 4
Counter-surveillance,"Surveillance, Forensic & Covert Audio",Batch 4
Electronic countermeasures,"Surveillance, Forensic & Covert Audio",Batch 4
Electronic surveillance countermeasures (ESCM),"Surveillance, Forensic & Covert Audio",Batch 4
Parabolic reflector,"Surveillance, Forensic & Covert Audio",Batch 4
Acoustic reflector,"Surveillance, Forensic & Covert Audio",Batch 4
Beamforming array,"Surveillance, Forensic & Covert Audio",Batch 4
Laser Doppler microphone,"Surveillance, Forensic & Covert Audio",Batch 4
Laser vibrometer,"Surveillance, Forensic & Covert Audio",Batch 4
Fiber optic microphone,"Surveillance, Forensic & Covert Audio",Batch 4
MEMS microphone array,"Surveillance, Forensic & Covert Audio",Batch 4
Acoustic camera,"Surveillance, Forensic & Covert Audio",Batch 4
Acoustic imaging,"Surveillance, Forensic & Covert Audio",Batch 4
Acoustic localization,"Surveillance, Forensic & Covert Audio",Batch 4
Sound source localization,"Surveillance, Forensic & Covert Audio",Batch 4
Articulation index,"Surveillance, Forensic & Covert Audio",Batch 4
Technical surveillance,"Surveillance, Forensic & Covert Audio",Batch 4
Technical surveillance counter-measures (TSCM),"Surveillance, Forensic & Covert Audio",Batch 4
Electronic surveillance,"Surveillance, Forensic & Covert Audio",Batch 4
Acoustic surveillance,"Surveillance, Forensic & Covert Audio",Batch 4
Audio forensics,"Surveillance, Forensic & Covert Audio",Batch 4
Forensic acoustics,"Surveillance, Forensic & Covert Audio",Batch 4
Speech intelligence,"Surveillance, Forensic & Covert Audio",Batch 4
Signals intelligence (SIGINT),"Surveillance, Forensic & Covert Audio",Batch 4
Communications intelligence (COMINT),"Surveillance, Forensic & Covert Audio",Batch 4
Acoustic intelligence (ACINT),"Surveillance, Forensic & Covert Audio",Batch 4
Vibroacoustics,Structural Acoustics & Vibration,Batch 4
Aeroacoustics,Aeroacoustics & Flow Noise,Batch 4
Underwater acoustics,Wave Physics & Fields (Science),Batch 4
Physical acoustics,Wave Physics & Fields (Science),Batch 4
Nonlinear acoustics,Nonlinear & Physical Acoustics,Batch 4
Ultrasonics,Wave Physics & Fields (Science),Batch 4
Infrasonics,Wave Physics & Fields (Science),Batch 4
Sonic,Wave Physics & Fields (Science),Batch 4
Audible spectrum,Wave Physics & Fields (Science),Batch 4
Sound field,Wave Physics & Fields (Science),Batch 4
Acoustic field,Wave Physics & Fields (Science),Batch 4
Compression wave,Wave Physics & Fields (Science),Batch 4
Evanescent wave,Wave Physics & Fields (Science),Batch 4
Anti-resonance,Wave Physics & Fields (Science),Batch 4
Sound pressure,Wave Physics & Fields (Science),Batch 4
RMS SPL,Wave Physics & Fields (Science),Batch 4
Characteristic impedance,Wave Physics & Fields (Science),Batch 4
Acoustic intensity,Wave Physics & Fields (Science),Batch 4
Sound energy,Wave Physics & Fields (Science),Batch 4
Specific acoustic impedance,Wave Physics & Fields (Science),Batch 4
Acoustic mobility,Structural Acoustics & Vibration,Batch 4
Acoustic resistance,Wave Physics & Fields (Science),Batch 4
Modal behavior,Wave Physics & Fields (Science),Batch 4
Eigenmode,Wave Physics & Fields (Science),Batch 4
Overtone,Wave Physics & Fields (Science),Batch 4
Mode shape,Wave Physics & Fields (Science),Batch 4
Resonant frequency,Wave Physics & Fields (Science),Batch 4
Natural frequency,Wave Physics & Fields (Science),Batch 4
Quarter-wave resonance,Wave Physics & Fields (Science),Batch 4
Half-wave resonance,Wave Physics & Fields (Science),Batch 4
Spatial hearing,Wave Physics & Fields (Science),Batch 4
Monaural hearing,Wave Physics & Fields (Science),Batch 4
Transduction,Microphone Transduction Principles,Batch 4
Electromechanical transducer,Microphone Transduction Principles,Batch 4
Acoustic transducer,Microphone Transduction Principles,Batch 4
Pressure transducer,Microphone Transduction Principles,Batch 4
Pressure-gradient transducer,Microphone Transduction Principles,Batch 4
Velocity microphone,Microphone Transduction Principles,Batch 4
Ribbon velocity microphone,Microphone Transduction Principles,Batch 4
Condenser capsule,Microphone Transduction Principles,Batch 4
Electret capsule,Microphone Transduction Principles,Batch 4
Ceramic microphone,Microphone Transduction Principles,Batch 4
Membrane,Microphone Transduction Principles,Batch 4
Air gap,Microphone Transduction Principles,Batch 4
Gold sputtering,Microphone Transduction Principles,Batch 4
Dual diaphragm,Microphone Transduction Principles,Batch 4
Single diaphragm,Microphone Transduction Principles,Batch 4
Capsule resonance,Microphone Transduction Principles,Batch 4
Acoustic labyrinth,Microphone Transduction Principles,Batch 4
Equalization port,Microphone Transduction Principles,Batch 4
Rear chamber,Microphone Transduction Principles,Batch 4
Acoustic vent,Microphone Transduction Principles,Batch 4
Open-circuit sensitivity,Microphone Transduction Principles,Batch 4
Free-field response,Microphone Transduction Principles,Batch 4
Diffuse-field response,Microphone Transduction Principles,Batch 4
Pressure response,Microphone Transduction Principles,Batch 4
Acoustic overload point,Microphone Transduction Principles,Batch 4
Electroacoustic driver,Loudspeaker Engineering — General (Science),Batch 4
Dynamic driver,Loudspeaker Engineering — General (Science),Batch 4
Moving-coil driver,Loudspeaker Engineering — General (Science),Batch 4
Ribbon driver,Loudspeaker Engineering — General (Science),Batch 4
Balanced armature,Loudspeaker Engineering — General (Science),Batch 4
Piezoelectric driver,Loudspeaker Engineering — General (Science),Batch 4
Magnetostrictive driver,Loudspeaker Motor & Magnetics,Batch 4
Bending-wave driver,Loudspeaker Engineering — General (Science),Batch 4
Surface exciter,Loudspeaker Engineering — General (Science),Batch 4
Spider,Loudspeaker Suspension & Mechanical,Batch 4
Surround,Loudspeaker Suspension & Mechanical,Batch 4
Dome,"Diaphragm, Cone & Materials",Batch 4
Top plate,Loudspeaker Engineering — General (Science),Batch 4
Magnet gap,Loudspeaker Motor & Magnetics,Batch 4
Ferrite magnet,Loudspeaker Motor & Magnetics,Batch 4
Demodulation ring,Loudspeaker Motor & Magnetics,Batch 4
Acoustic suspension,Loudspeaker Suspension & Mechanical,Batch 4
Front-loaded horn,"Horns, Compression Drivers & Waveguides",Batch 4
Rear-loaded horn,"Horns, Compression Drivers & Waveguides",Batch 4
Isobaric enclosure,Loudspeaker Enclosures & Alignments,Batch 4
Dipole enclosure,Loudspeaker Enclosures & Alignments,Batch 4
Bipole enclosure,Loudspeaker Enclosures & Alignments,Batch 4
Open baffle,Loudspeaker Radiation & Directivity (Science),Batch 4
Polypropylene cone,"Diaphragm, Cone & Materials",Batch 4
Paper cone,"Diaphragm, Cone & Materials",Batch 4
Kevlar cone,"Diaphragm, Cone & Materials",Batch 4
Carbon fiber cone,"Diaphragm, Cone & Materials",Batch 4
Aluminum cone,"Diaphragm, Cone & Materials",Batch 4
Magnesium cone,"Diaphragm, Cone & Materials",Batch 4
Titanium diaphragm,"Diaphragm, Cone & Materials",Batch 4
Beryllium diaphragm,"Diaphragm, Cone & Materials",Batch 4
Diamond diaphragm,"Diaphragm, Cone & Materials",Batch 4
Graphene diaphragm,"Diaphragm, Cone & Materials",Batch 4
Silk dome,"Diaphragm, Cone & Materials",Batch 4
Fabric dome,"Diaphragm, Cone & Materials",Batch 4
Composite cone,"Diaphragm, Cone & Materials",Batch 4
Nomex former,Loudspeaker Engineering — General (Science),Batch 4
Kapton former,Loudspeaker Engineering — General (Science),Batch 4
Magnetic flux,Loudspeaker Motor & Magnetics,Batch 4
Magnetic circuit,Loudspeaker Motor & Magnetics,Batch 4
BL product,Loudspeaker Motor & Magnetics,Batch 4
Motor strength,Loudspeaker Motor & Magnetics,Batch 4
Permeability,Loudspeaker Engineering — General (Science),Batch 4
Eddy current,Loudspeaker Motor & Magnetics,Batch 4
Demagnetization,Loudspeaker Motor & Magnetics,Batch 4
Flux modulation,Loudspeaker Motor & Magnetics,Batch 4
Reactance,DSP & Signal Analysis (Science),Batch 4
Complex impedance,DSP & Signal Analysis (Science),Batch 4
Resonant circuit,DSP & Signal Analysis (Science),Batch 4
Q factor,DSP & Signal Analysis (Science),Batch 4
Sampling theorem,DSP & Signal Analysis (Science),Batch 4
FIR filter,DSP & Signal Analysis (Science),Batch 4
IIR filter,DSP & Signal Analysis (Science),Batch 4
FFT,DSP & Signal Analysis (Science),Batch 4
DFT,DSP & Signal Analysis (Science),Batch 4
Hamming window,DSP & Signal Analysis (Science),Batch 4
Blackman window,DSP & Signal Analysis (Science),Batch 4
Waterfall plot,DSP & Signal Analysis (Science),Batch 4
Cumulative spectral decay,DSP & Signal Analysis (Science),Batch 4
Step response,DSP & Signal Analysis (Science),Batch 4
Distortion spectrum,Distortion & Linearity Measurement,Batch 4
Thermal compression,DSP & Signal Analysis (Science),Batch 4
Excursion distortion,Distortion & Linearity Measurement,Batch 4
Flux modulation distortion,Distortion & Linearity Measurement,Batch 4
Rocking mode,DSP & Signal Analysis (Science),Batch 4
Modal distortion,Distortion & Linearity Measurement,Batch 4
Xmech,DSP & Signal Analysis (Science),Batch 4
Compliance,DSP & Signal Analysis (Science),Batch 4
Suspension stiffness,DSP & Signal Analysis (Science),Batch 4
Moving mass,DSP & Signal Analysis (Science),Batch 4
Mechanical damping,DSP & Signal Analysis (Science),Batch 4
Mechanical resonance,DSP & Signal Analysis (Science),Batch 4
Cms,DSP & Signal Analysis (Science),Batch 4
Mms,DSP & Signal Analysis (Science),Batch 4
Fs,DSP & Signal Analysis (Science),Batch 4
Qms,Electroacoustic Modeling & Circuits,Batch 4
Qes,Electroacoustic Modeling & Circuits,Batch 4
Qts,Electroacoustic Modeling & Circuits,Batch 4
BL,DSP & Signal Analysis (Science),Batch 4
Le,DSP & Signal Analysis (Science),Batch 4
Re,DSP & Signal Analysis (Science),Batch 4
Sd,DSP & Signal Analysis (Science),Batch 4
Xlim,DSP & Signal Analysis (Science),Batch 4
Efficiency bandwidth product,DSP & Signal Analysis (Science),Batch 4
Sensitivity,DSP & Signal Analysis (Science),Batch 4
Reference efficiency,DSP & Signal Analysis (Science),Batch 4
Laser Doppler vibrometer,DSP & Signal Analysis (Science),Batch 4
Vibrometer,DSP & Signal Analysis (Science),Batch 4
Accelerometer,DSP & Signal Analysis (Science),Batch 4
Hydrophone,DSP & Signal Analysis (Science),Batch 4
Geophone,DSP & Signal Analysis (Science),Batch 4
Sound level meter,DSP & Signal Analysis (Science),Batch 4
Precision microphone,DSP & Signal Analysis (Science),Batch 4
Artificial ear,DSP & Signal Analysis (Science),Batch 4
Artificial mouth,DSP & Signal Analysis (Science),Batch 4
Head and torso simulator (HATS),DSP & Signal Analysis (Science),Batch 4
Ultrasonic transducer,DSP & Signal Analysis (Science),Batch 4
Piezoelectric crystal,DSP & Signal Analysis (Science),Batch 4
Acoustic emission,DSP & Signal Analysis (Science),Batch 4
Sonar,DSP & Signal Analysis (Science),Batch 4
Medical ultrasound,DSP & Signal Analysis (Science),Batch 4
Ultrasonic imaging,DSP & Signal Analysis (Science),Batch 4
Time-of-flight,DSP & Signal Analysis (Science),Batch 4
Pulse-echo,DSP & Signal Analysis (Science),Batch 4
Doppler ultrasound,DSP & Signal Analysis (Science),Batch 4
Phased array ultrasound,DSP & Signal Analysis (Science),Batch 4
IEC 60268,DSP & Signal Analysis (Science),Batch 4
IEC 61094,DSP & Signal Analysis (Science),Batch 4
IEC 61672,DSP & Signal Analysis (Science),Batch 4
ANSI S1 series,DSP & Signal Analysis (Science),Batch 4
AES17,DSP & Signal Analysis (Science),Batch 4
AES75,DSP & Signal Analysis (Science),Batch 4
ISO 3740 series,DSP & Signal Analysis (Science),Batch 4
ISO 9613,DSP & Signal Analysis (Science),Batch 4
Acoustic wavelength,Wave Physics & Fields (Science),Batch 4
Acoustic wavenumber,Wave Physics & Fields (Science),Batch 4
Angular wavenumber,Wave Physics & Fields (Science),Batch 4
Wave equation,Wave Physics & Fields (Science),Batch 4
Inhomogeneous wave equation,Wave Physics & Fields (Science),Batch 4
Homogeneous wave equation,Wave Physics & Fields (Science),Batch 4
Helmholtz equation,Wave Physics & Fields (Science),Batch 4
Acoustic velocity potential,Wave Physics & Fields (Science),Batch 4
Scalar potential,Wave Physics & Fields (Science),Batch 4
Instantaneous sound pressure,Wave Physics & Fields (Science),Batch 4
Root-mean-square sound pressure,Wave Physics & Fields (Science),Batch 4
Reference sound pressure,Wave Physics & Fields (Science),Batch 4
Peak particle velocity,Wave Physics & Fields (Science),Batch 4
Acoustic energy density,Wave Physics & Fields (Science),Batch 4
Potential energy density,Wave Physics & Fields (Science),Batch 4
Kinetic energy density,Wave Physics & Fields (Science),Batch 4
Acoustic energy flux,Wave Physics & Fields (Science),Batch 4
Acoustic power density,Wave Physics & Fields (Science),Batch 4
Acoustic momentum,Wave Physics & Fields (Science),Batch 4
Radiation pressure,Wave Physics & Fields (Science),Batch 4
Sound-speed gradient,Wave Physics & Fields (Science),Batch 4
Acoustic refractive index,Wave Physics & Fields (Science),Batch 4
Ray acoustics,Wave Physics & Fields (Science),Batch 4
Geometrical acoustics,Wave Physics & Fields (Science),Batch 4
Wave acoustics,Wave Physics & Fields (Science),Batch 4
Paraxial approximation,Wave Physics & Fields (Science),Batch 4
Far-field approximation,Wave Physics & Fields (Science),Batch 4
Near-field approximation,Wave Physics & Fields (Science),Batch 4
Fraunhofer region,Wave Physics & Fields (Science),Batch 4
Fresnel region,Wave Physics & Fields (Science),Batch 4
Reactive near field,Wave Physics & Fields (Science),Batch 4
Radiating near field,Wave Physics & Fields (Science),Batch 4
Acoustic singularity,Wave Physics & Fields (Science),Batch 4
Acoustic vortex,Aeroacoustics & Flow Noise,Batch 4
Orbital angular momentum of sound,Wave Physics & Fields (Science),Batch 4
Phase singularity,Wave Physics & Fields (Science),Batch 4
Nodal plane,Wave Physics & Fields (Science),Batch 4
Wave impedance,Wave Physics & Fields (Science),Batch 4
Transfer impedance,Wave Physics & Fields (Science),Batch 4
Acoustic impedance mismatch,Wave Physics & Fields (Science),Batch 4
Impedance boundary condition,Wave Physics & Fields (Science),Batch 4
Radiation boundary condition,Wave Physics & Fields (Science),Batch 4
Sommerfeld radiation condition,Wave Physics & Fields (Science),Batch 4
Spherical spreading loss,Sound Propagation & Attenuation,Batch 4
Cylindrical spreading loss,Sound Propagation & Attenuation,Batch 4
Molecular relaxation,Sound Propagation & Attenuation,Batch 4
Oxygen relaxation,Sound Propagation & Attenuation,Batch 4
Nitrogen relaxation,Sound Propagation & Attenuation,Batch 4
Thermoviscous loss,Sound Propagation & Attenuation,Batch 4
Viscous attenuation,Sound Propagation & Attenuation,Batch 4
Thermal attenuation,Sound Propagation & Attenuation,Batch 4
Boundary-layer attenuation,Sound Propagation & Attenuation,Batch 4
Insertion loss,Sound Propagation & Attenuation,Batch 4
Propagation loss,Sound Propagation & Attenuation,Batch 4
Acoustic extinction,Sound Propagation & Attenuation,Batch 4
Acoustic absorption coefficient,Sound Propagation & Attenuation,Batch 4
Energy absorption coefficient,Sound Propagation & Attenuation,Batch 4
Pressure reflection coefficient,Sound Propagation & Attenuation,Batch 4
Intensity reflection coefficient,Sound Propagation & Attenuation,Batch 4
Acoustic transmissivity,Sound Propagation & Attenuation,Batch 4
Acoustic reflectivity,Sound Propagation & Attenuation,Batch 4
Acoustic absorptivity,Sound Propagation & Attenuation,Batch 4
Normal-incidence absorption,Wave Physics & Fields (Science),Batch 4
Random-incidence absorption,Wave Physics & Fields (Science),Batch 4
Grazing incidence,Sound Propagation & Attenuation,Batch 4
Critical angle,Sound Propagation & Attenuation,Batch 4
Total internal reflection,Sound Propagation & Attenuation,Batch 4
Acoustic tunneling,Sound Propagation & Attenuation,Batch 4
Mode conversion,Sound Propagation & Attenuation,Batch 4
Guided-wave propagation,Sound Propagation & Attenuation,Batch 4
Leaky wave,Sound Propagation & Attenuation,Batch 4
Surface acoustic wave,Wave Physics & Fields (Science),Batch 4
Lamb wave,Sound Propagation & Attenuation,Batch 4
Love wave,Sound Propagation & Attenuation,Batch 4
Scholte wave,Sound Propagation & Attenuation,Batch 4
Stoneley wave,Sound Propagation & Attenuation,Batch 4
Rayleigh wave,Sound Propagation & Attenuation,Batch 4
Bulk acoustic wave,Sound Propagation & Attenuation,Batch 4
Shear wave,Sound Propagation & Attenuation,Batch 4
Torsional wave,Structural Acoustics & Vibration,Batch 4
Linear acoustics,Wave Physics & Fields (Science),Batch 4
Weakly nonlinear acoustics,Nonlinear & Physical Acoustics,Batch 4
Finite-amplitude acoustics,Wave Physics & Fields (Science),Batch 4
Nonlinear propagation,Nonlinear & Physical Acoustics,Batch 4
Acoustic nonlinearity parameter,Nonlinear & Physical Acoustics,Batch 4
Parameter of nonlinearity,Nonlinear & Physical Acoustics,Batch 4
B/A parameter,Nonlinear & Physical Acoustics,Batch 4
Wave steepening,Nonlinear & Physical Acoustics,Batch 4
Shock formation,Nonlinear & Physical Acoustics,Batch 4
Acoustic shock,Nonlinear & Physical Acoustics,Batch 4
Sawtooth wave formation,Nonlinear & Physical Acoustics,Batch 4
Harmonic generation,Nonlinear & Physical Acoustics,Batch 4
Subharmonic generation,Nonlinear & Physical Acoustics,Batch 4
Difference-frequency generation,Nonlinear & Physical Acoustics,Batch 4
Sum-frequency generation,Nonlinear & Physical Acoustics,Batch 4
Parametric interaction,Nonlinear & Physical Acoustics,Batch 4
Parametric acoustic array,Nonlinear & Physical Acoustics,Batch 4
Parametric loudspeaker,Nonlinear & Physical Acoustics,Batch 4
Self-demodulation,Wave Physics & Fields (Science),Batch 4
Acoustic rectification,Nonlinear & Physical Acoustics,Batch 4
Nonlinear absorption,Nonlinear & Physical Acoustics,Batch 4
Nonlinear resonance,Nonlinear & Physical Acoustics,Batch 4
Mode coupling,Wave Physics & Fields (Science),Batch 4
Internal resonance,Wave Physics & Fields (Science),Batch 4
Bifurcation,Nonlinear & Physical Acoustics,Batch 4
Acoustic cavitation,Nonlinear & Physical Acoustics,Batch 4
Stable cavitation,Nonlinear & Physical Acoustics,Batch 4
Inertial cavitation,Nonlinear & Physical Acoustics,Batch 4
Cavitation threshold,Nonlinear & Physical Acoustics,Batch 4
Bubble resonance,Nonlinear & Physical Acoustics,Batch 4
Minnaert resonance,Nonlinear & Physical Acoustics,Batch 4
Sonoluminescence,Nonlinear & Physical Acoustics,Batch 4
Acoustic levitation,Nonlinear & Physical Acoustics,Batch 4
Acoustic trapping,Nonlinear & Physical Acoustics,Batch 4
Acoustic tweezers,Nonlinear & Physical Acoustics,Batch 4
Phononic crystal,Nonlinear & Physical Acoustics,Batch 4
Acoustic metamaterial,Nonlinear & Physical Acoustics,Batch 4
Locally resonant metamaterial,Nonlinear & Physical Acoustics,Batch 4
Negative effective mass density,Nonlinear & Physical Acoustics,Batch 4
Negative bulk modulus,Nonlinear & Physical Acoustics,Batch 4
Acoustic cloaking,Nonlinear & Physical Acoustics,Batch 4
Transformation acoustics,Wave Physics & Fields (Science),Batch 4
Topological acoustics,Nonlinear & Physical Acoustics,Batch 4
Acoustic bandgap,Nonlinear & Physical Acoustics,Batch 4
Bragg scattering,Nonlinear & Physical Acoustics,Batch 4
Subwavelength resonator,Nonlinear & Physical Acoustics,Batch 4
Flow-induced noise,Aeroacoustics & Flow Noise,Batch 4
Turbulent boundary-layer noise,Aeroacoustics & Flow Noise,Batch 4
Vortex shedding,Aeroacoustics & Flow Noise,Batch 4
Aeolian tone,Aeroacoustics & Flow Noise,Batch 4
Strouhal number,Aeroacoustics & Flow Noise,Batch 4
Reynolds number,Aeroacoustics & Flow Noise,Batch 4
Mach number,Aeroacoustics & Flow Noise,Batch 4
Convective Mach number,Aeroacoustics & Flow Noise,Batch 4
Lighthill analogy,Aeroacoustics & Flow Noise,Batch 4
Lighthill stress tensor,Aeroacoustics & Flow Noise,Batch 4
Ffowcs Williams–Hawkings equation,Aeroacoustics & Flow Noise,Batch 4
Curle analogy,Aeroacoustics & Flow Noise,Batch 4
Acoustic analogy,Wave Physics & Fields (Science),Batch 4
Quadrupole source,Aeroacoustics & Flow Noise,Batch 4
Dipole source,Aeroacoustics & Flow Noise,Batch 4
Monopole source,Aeroacoustics & Flow Noise,Batch 4
Jet noise,Aeroacoustics & Flow Noise,Batch 4
Mixing noise,Aeroacoustics & Flow Noise,Batch 4
Shock-associated noise,Nonlinear & Physical Acoustics,Batch 4
Broadband shock-associated noise,Nonlinear & Physical Acoustics,Batch 4
Screech tone,Aeroacoustics & Flow Noise,Batch 4
Blade-passing frequency,Aeroacoustics & Flow Noise,Batch 4
Rotor–stator interaction,Aeroacoustics & Flow Noise,Batch 4
Trailing-edge noise,Aeroacoustics & Flow Noise,Batch 4
Leading-edge noise,Aeroacoustics & Flow Noise,Batch 4
Airfoil self-noise,Aeroacoustics & Flow Noise,Batch 4
Cavity tone,Aeroacoustics & Flow Noise,Batch 4
Edge tone,Aeroacoustics & Flow Noise,Batch 4
Flow separation noise,Aeroacoustics & Flow Noise,Batch 4
Turbulence ingestion noise,Wave Physics & Fields (Science),Batch 4
Combustion noise,Aeroacoustics & Flow Noise,Batch 4
Thermoacoustic instability,Aeroacoustics & Flow Noise,Batch 4
Helmholtz instability,Aeroacoustics & Flow Noise,Batch 4
Wind-induced microphone noise,Aeroacoustics & Flow Noise,Batch 4
Pressure turbulence,Wave Physics & Fields (Science),Batch 4
Hydrodynamic pressure fluctuation,Aeroacoustics & Flow Noise,Batch 4
Turbulent pressure spectrum,Aeroacoustics & Flow Noise,Batch 4
Wind-noise susceptibility,Aeroacoustics & Flow Noise,Batch 4
Structural acoustics,Structural Acoustics & Vibration,Batch 4
Vibroacoustic coupling,Structural Acoustics & Vibration,Batch 4
Fluid–structure interaction,Structural Acoustics & Vibration,Batch 4
Mechanical mobility,Structural Acoustics & Vibration,Batch 4
Driving-point mobility,Structural Acoustics & Vibration,Batch 4
Transfer mobility,Structural Acoustics & Vibration,Batch 4
Mechanical impedance,Structural Acoustics & Vibration,Batch 4
Point impedance,Structural Acoustics & Vibration,Batch 4
Dynamic stiffness,Structural Acoustics & Vibration,Batch 4
Modal stiffness,Structural Acoustics & Vibration,Batch 4
Modal mass,Structural Acoustics & Vibration,Batch 4
Modal damping,Structural Acoustics & Vibration,Batch 4
Loss factor,Structural Acoustics & Vibration,Batch 4
Structural loss factor,Structural Acoustics & Vibration,Batch 4
Damping ratio,Structural Acoustics & Vibration,Batch 4
Critical damping,Structural Acoustics & Vibration,Batch 4
Underdamping,Structural Acoustics & Vibration,Batch 4
Overdamping,Structural Acoustics & Vibration,Batch 4
Complex stiffness,Wave Physics & Fields (Science),Batch 4
Mechanical admittance,Structural Acoustics & Vibration,Batch 4
Accelerance,Structural Acoustics & Vibration,Batch 4
Inertance,Structural Acoustics & Vibration,Batch 4
Receptance,Structural Acoustics & Vibration,Batch 4
Frequency-response function,Wave Physics & Fields (Science),Batch 4
Operational deflection shape,Structural Acoustics & Vibration,Batch 4
Modal overlap,Structural Acoustics & Vibration,Batch 4
Modal participation factor,Structural Acoustics & Vibration,Batch 4
Effective modal mass,Structural Acoustics & Vibration,Batch 4
Eigenfrequency,Structural Acoustics & Vibration,Batch 4
Normal mode,Structural Acoustics & Vibration,Batch 4
Rigid-body mode,Structural Acoustics & Vibration,Batch 4
Bending mode,Structural Acoustics & Vibration,Batch 4
Torsional mode,Structural Acoustics & Vibration,Batch 4
Breathing mode,Structural Acoustics & Vibration,Batch 4
Breakup mode,Structural Acoustics & Vibration,Batch 4
Critical frequency,Wave Physics & Fields (Science),Batch 4
Stiffness-controlled region,Wave Physics & Fields (Science),Batch 4
Mass-controlled region,Wave Physics & Fields (Science),Batch 4
Damping-controlled region,Structural Acoustics & Vibration,Batch 4
Radiation efficiency,Structural Acoustics & Vibration,Batch 4
Radiation ratio,Structural Acoustics & Vibration,Batch 4
Structural wave impedance,Structural Acoustics & Vibration,Batch 4
Reciprocity transducer,Condenser & Measurement Mic Science,Batch 4
Reciprocal microphone,Microphone Transduction Principles,Batch 4
Nonreciprocal transducer,Microphone Transduction Principles,Batch 4
Electrostatic transduction,Microphone Transduction Principles,Batch 4
Electrodynamic transduction,Microphone Transduction Principles,Batch 4
Electromagnetic induction,Microphone Transduction Principles,Batch 4
Piezoelectric transduction,Microphone Transduction Principles,Batch 4
Piezoresistive transduction,Microphone Transduction Principles,Batch 4
Capacitive sensing,Microphone Transduction Principles,Batch 4
Optical interferometric sensing,Optical & Specialized Sensing,Batch 4
Fiber Bragg grating microphone,Optical & Specialized Sensing,Batch 4
Magnetostrictive sensing,Microphone Transduction Principles,Batch 4
Thermoacoustic sensing,Microphone Transduction Principles,Batch 4
Photoacoustic microphone,Optical & Specialized Sensing,Batch 4
Optoacoustic microphone,Optical & Specialized Sensing,Batch 4
Ionophone microphone,Optical & Specialized Sensing,Batch 4
Plasma microphone,Optical & Specialized Sensing,Batch 4
Microflown sensor,Optical & Specialized Sensing,Batch 4
Particle-velocity sensor,Microphone Transduction Principles,Batch 4
Pressure–velocity probe,Microphone Transduction Principles,Batch 4
Sound-intensity probe,Microphone Transduction Principles,Batch 4
Differential-pressure microphone,Microphone Transduction Principles,Batch 4
Pressure-gradient receiver,Microphone Transduction Principles,Batch 4
First-order gradient microphone,Microphone Transduction Principles,Batch 4
Second-order gradient microphone,Microphone Transduction Principles,Batch 4
Zero-order microphone,Microphone Transduction Principles,Batch 4
Higher-order microphone,Microphone Transduction Principles,Batch 4
Coincident microphone array,Microphone Directivity & Arrays (Science),Batch 4
Distributed microphone array,Microphone Directivity & Arrays (Science),Batch 4
Sparse microphone array,Microphone Directivity & Arrays (Science),Batch 4
Conformal microphone array,Microphone Directivity & Arrays (Science),Batch 4
Spherical microphone array,Microphone Directivity & Arrays (Science),Batch 4
Circular microphone array,Microphone Directivity & Arrays (Science),Batch 4
Planar microphone array,Microphone Directivity & Arrays (Science),Batch 4
Volumetric microphone array,Microphone Directivity & Arrays (Science),Batch 4
Externally polarized condenser microphone,Condenser & Measurement Mic Science,Batch 4
Prepolarized condenser microphone,Condenser & Measurement Mic Science,Batch 4
Permanently polarized microphone,Condenser & Measurement Mic Science,Batch 4
Electret polarization,Condenser & Measurement Mic Science,Batch 4
Back-electret microphone,Microphone Transduction Principles,Batch 4
Front-electret microphone,Microphone Transduction Principles,Batch 4
Foil-electret microphone,Microphone Transduction Principles,Batch 4
Surface potential,Microphone Transduction Principles,Batch 4
Polarization voltage,Condenser & Measurement Mic Science,Batch 4
Bias voltage,Microphone Transduction Principles,Batch 4
Diaphragm–backplate capacitance,Condenser & Measurement Mic Science,Batch 4
Static capacitance,Condenser & Measurement Mic Science,Batch 4
Capacitance variation,Condenser & Measurement Mic Science,Batch 4
Electrostatic attraction,Condenser & Measurement Mic Science,Batch 4
Diaphragm collapse,Condenser & Measurement Mic Science,Batch 4
Pull-in voltage,Condenser & Measurement Mic Science,Batch 4
Backplate perforation,Condenser & Measurement Mic Science,Batch 4
Venting time constant,Condenser & Measurement Mic Science,Batch 4
Pressure equalization vent,Microphone Transduction Principles,Batch 4
Barometric pressure coefficient,Condenser & Measurement Mic Science,Batch 4
Static-pressure coefficient,Condenser & Measurement Mic Science,Batch 4
Temperature coefficient,Condenser & Measurement Mic Science,Batch 4
Humidity coefficient,Condenser & Measurement Mic Science,Batch 4
Environmental sensitivity,Microphone Transduction Principles,Batch 4
Diaphragm resonance,Microphone Transduction Principles,Batch 4
Cavity resonance,Microphone Transduction Principles,Batch 4
Back-volume compliance,Condenser & Measurement Mic Science,Batch 4
Vent resistance,Condenser & Measurement Mic Science,Batch 4
Acoustic leakage,Microphone Transduction Principles,Batch 4
Protection-grid correction,Condenser & Measurement Mic Science,Batch 4
Grid diffraction,Condenser & Measurement Mic Science,Batch 4
Incidence correction,Condenser & Measurement Mic Science,Batch 4
Pressure-field correction,Condenser & Measurement Mic Science,Batch 4
Diffuse-field correction,Condenser & Measurement Mic Science,Batch 4
Random-incidence correction,Condenser & Measurement Mic Science,Batch 4
Laboratory standard microphone,Condenser & Measurement Mic Science,Batch 4
Working standard microphone,Condenser & Measurement Mic Science,Batch 4
Transfer standard microphone,Condenser & Measurement Mic Science,Batch 4
Sound-level-meter microphone,Microphone Transduction Principles,Batch 4
Half-inch measurement microphone,Microphone Transduction Principles,Batch 4
Quarter-inch measurement microphone,Microphone Transduction Principles,Batch 4
One-inch measurement microphone,Microphone Transduction Principles,Batch 4
Free-field microphone,Microphone Transduction Principles,Batch 4
Diffuse-field microphone,Microphone Transduction Principles,Batch 4
Low-frequency microphone,Microphone Transduction Principles,Batch 4
High-level microphone,Microphone Transduction Principles,Batch 4
Infrasonic microphone,Microphone Transduction Principles,Batch 4
Ultrasonic microphone,Microphone Transduction Principles,Batch 4
Complex sensitivity,Condenser & Measurement Mic Science,Batch 4
Pressure sensitivity,Condenser & Measurement Mic Science,Batch 4
Loaded sensitivity,Microphone Transduction Principles,Batch 4
Sensitivity level,Condenser & Measurement Mic Science,Batch 4
Phase sensitivity,Microphone Transduction Principles,Batch 4
Magnitude sensitivity,Microphone Transduction Principles,Batch 4
Reciprocity calibration,Condenser & Measurement Mic Science,Batch 4
Primary calibration,Condenser & Measurement Mic Science,Batch 4
Secondary calibration,Condenser & Measurement Mic Science,Batch 4
Comparison calibration,Condenser & Measurement Mic Science,Batch 4
Substitution calibration,Condenser & Measurement Mic Science,Batch 4
Simultaneous comparison,Microphone Transduction Principles,Batch 4
Electrostatic actuator calibration,Condenser & Measurement Mic Science,Batch 4
Pistonphone calibration,Condenser & Measurement Mic Science,Batch 4
Sound-calibrator verification,Microphone Transduction Principles,Batch 4
Insert-voltage technique,Condenser & Measurement Mic Science,Batch 4
Microphone reciprocity,Condenser & Measurement Mic Science,Batch 4
Reciprocity parameter,Condenser & Measurement Mic Science,Batch 4
Coupler reciprocity,Condenser & Measurement Mic Science,Batch 4
Free-field reciprocity,Condenser & Measurement Mic Science,Batch 4
Pressure reciprocity,Condenser & Measurement Mic Science,Batch 4
Calibration uncertainty,Condenser & Measurement Mic Science,Batch 4
Expanded uncertainty,Microphone Transduction Principles,Batch 4
Traceability chain,Microphone Transduction Principles,Batch 4
Reference environmental conditions,Microphone Transduction Principles,Batch 4
Calibration drift,Condenser & Measurement Mic Science,Batch 4
Equivalent acoustic noise,Microphone Noise & Electronics,Batch 4
Brownian noise,Microphone Noise & Electronics,Batch 4
Thermal noise,Microphone Noise & Electronics,Batch 4
Johnson–Nyquist noise,Microphone Noise & Electronics,Batch 4
Shot noise,Microphone Noise & Electronics,Batch 4
Flicker noise,Microphone Noise & Electronics,Batch 4
1/f noise,Microphone Noise & Electronics,Batch 4
Dielectric noise,Microphone Noise & Electronics,Batch 4
Preamplifier voltage noise,Microphone Noise & Electronics,Batch 4
Preamplifier current noise,Microphone Noise & Electronics,Batch 4
Noise spectral density,Microphone Noise & Electronics,Batch 4
Voltage-noise density,Microphone Noise & Electronics,Batch 4
Current-noise density,Microphone Noise & Electronics,Batch 4
Acoustic noise floor,Microphone Noise & Electronics,Batch 4
Integrated noise,Microphone Noise & Electronics,Batch 4
A-weighted self-noise,Microphone Noise & Electronics,Batch 4
Z-weighted self-noise,Microphone Noise & Electronics,Batch 4
Noise-equivalent pressure,Microphone Noise & Electronics,Batch 4
Minimum detectable pressure,Microphone Noise & Electronics,Batch 4
Minimum detectable signal,Microphone Noise & Electronics,Batch 4
Electrical clipping point,Microphone Transduction Principles,Batch 4
Total dynamic range,Microphone Transduction Principles,Batch 4
Inherent dynamic range,Microphone Transduction Principles,Batch 4
Maximum undistorted output,Microphone Transduction Principles,Batch 4
Source impedance,Microphone Noise & Electronics,Batch 4
Capacitive loading,Microphone Transduction Principles,Batch 4
Microphone preamplifier,Microphone Noise & Electronics,Batch 4
Junction field-effect transistor,Microphone Noise & Electronics,Batch 4
Bootstrapped input,Microphone Noise & Electronics,Batch 4
Constant-current powering,Microphone Noise & Electronics,Batch 4
Integrated Electronics Piezo-Electric,Microphone Transduction Principles,Batch 4
Integrated Circuit Piezoelectric,Microphone Transduction Principles,Batch 4
IEPE sensor,Microphone Noise & Electronics,Batch 4
Constant-current line drive,Microphone Noise & Electronics,Batch 4
Phantom powering,Microphone Noise & Electronics,Batch 4
Tonader powering,Microphone Noise & Electronics,Batch 4
Digital microphone interface,Microphone Transduction Principles,Batch 4
Pulse-density modulation microphone,MEMS Microphone Engineering,Batch 4
I2S microphone,Microphone Transduction Principles,Batch 4
Microelectromechanical microphone,Microphone Transduction Principles,Batch 4
MEMS diaphragm,MEMS Microphone Engineering,Batch 4
MEMS backplate,MEMS Microphone Engineering,Batch 4
Capacitive MEMS microphone,MEMS Microphone Engineering,Batch 4
Piezoelectric MEMS microphone,MEMS Microphone Engineering,Batch 4
Optical MEMS microphone,MEMS Microphone Engineering,Batch 4
Surface micromachining,MEMS Microphone Engineering,Batch 4
Bulk micromachining,MEMS Microphone Engineering,Batch 4
Deep reactive-ion etching,MEMS Microphone Engineering,Batch 4
Sacrificial layer,MEMS Microphone Engineering,Batch 4
Silicon-on-insulator,MEMS Microphone Engineering,Batch 4
Wafer-level packaging,MEMS Microphone Engineering,Batch 4
Acoustic port,Microphone Transduction Principles,Batch 4
Top-port microphone,Microphone Transduction Principles,Batch 4
Bottom-port microphone,Microphone Transduction Principles,Batch 4
Package cavity,Microphone Transduction Principles,Batch 4
Package leakage,Microphone Transduction Principles,Batch 4
MEMS ASIC,MEMS Microphone Engineering,Batch 4
Application-specific integrated circuit,Microphone Transduction Principles,Batch 4
Charge amplifier,Microphone Noise & Electronics,Batch 4
Sigma-delta modulator,MEMS Microphone Engineering,Batch 4
Pulse-density modulation,MEMS Microphone Engineering,Batch 4
Digital decimation,MEMS Microphone Engineering,Batch 4
Sensitivity tolerance,Microphone Transduction Principles,Batch 4
Part-to-part matching,MEMS Microphone Engineering,Batch 4
Phase matching,Microphone Transduction Principles,Batch 4
Array matching,Microphone Directivity & Arrays (Science),Batch 4
Radio-frequency immunity,Microphone Transduction Principles,Batch 4
Acoustic-overload recovery,Microphone Transduction Principles,Batch 4
Pop-noise suppression,Microphone Noise & Electronics,Batch 4
Wake-on-sound,MEMS Microphone Engineering,Batch 4
Always-on microphone,MEMS Microphone Engineering,Batch 4
Ultrasonic-band response,Microphone Transduction Principles,Batch 4
Dust ingress,MEMS Microphone Engineering,Batch 4
Particle ingress protection,MEMS Microphone Engineering,Batch 4
Hydrophobic acoustic membrane,MEMS Microphone Engineering,Batch 4
Acoustic mesh,MEMS Microphone Engineering,Batch 4
Waterproof acoustic vent,MEMS Microphone Engineering,Batch 4
Pressure-event robustness,Microphone Transduction Principles,Batch 4
Directivity pattern,Microphone Transduction Principles,Batch 4
Angular response,Microphone Transduction Principles,Batch 4
Azimuth response,Microphone Transduction Principles,Batch 4
Elevation response,Microphone Transduction Principles,Batch 4
Three-dimensional directivity,Microphone Transduction Principles,Batch 4
Front-to-back ratio,Microphone Transduction Principles,Batch 4
Front-to-random ratio,Microphone Transduction Principles,Batch 4
Null depth,Microphone Transduction Principles,Batch 4
Null angle,Microphone Transduction Principles,Batch 4
Acceptance angle,Microphone Transduction Principles,Batch 4
Half-power angle,Microphone Transduction Principles,Batch 4
Main lobe,Microphone Transduction Principles,Batch 4
Side lobe,Microphone Transduction Principles,Batch 4
Rear lobe,Microphone Transduction Principles,Batch 4
Grating lobe,Microphone Transduction Principles,Batch 4
Spatial aliasing,Microphone Transduction Principles,Batch 4
Beam squint,Microphone Transduction Principles,Batch 4
Frequency-invariant beamforming,Microphone Directivity & Arrays (Science),Batch 4
Pattern consistency,Microphone Transduction Principles,Batch 4
Polar-pattern invariance,Microphone Transduction Principles,Batch 4
Polar narrowing,Microphone Transduction Principles,Batch 4
Superdirectivity,Microphone Directivity & Arrays (Science),Batch 4
Directivity order,Microphone Transduction Principles,Batch 4
Spherical harmonic order,Microphone Transduction Principles,Batch 4
Legendre polynomial,Microphone Transduction Principles,Batch 4
Cardioid family,Microphone Transduction Principles,Batch 4
Bidirectional response,Microphone Transduction Principles,Batch 4
Figure-eight response,Microphone Transduction Principles,Batch 4
Shotgun interference tube,Microphone Noise & Electronics,Batch 4
Interference-tube slot,Microphone Transduction Principles,Batch 4
Line-gradient microphone,Microphone Transduction Principles,Batch 4
Differential array,Microphone Directivity & Arrays (Science),Batch 4
Filter-and-sum beamformer,Microphone Directivity & Arrays (Science),Batch 4
Minimum-variance distortionless response,Microphone Transduction Principles,Batch 4
MVDR beamformer,Microphone Directivity & Arrays (Science),Batch 4
Capon beamformer,Microphone Directivity & Arrays (Science),Batch 4
Frost beamformer,Microphone Directivity & Arrays (Science),Batch 4
Linearly constrained minimum-variance beamformer,Microphone Directivity & Arrays (Science),Batch 4
Adaptive beamformer,Microphone Directivity & Arrays (Science),Batch 4
Fixed beamformer,Microphone Directivity & Arrays (Science),Batch 4
Broadband beamformer,Microphone Directivity & Arrays (Science),Batch 4
Narrowband beamformer,Microphone Directivity & Arrays (Science),Batch 4
Frequency-domain beamforming,Microphone Directivity & Arrays (Science),Batch 4
Time-domain beamforming,Microphone Directivity & Arrays (Science),Batch 4
Subband beamforming,Microphone Directivity & Arrays (Science),Batch 4
Differential beamforming,Microphone Directivity & Arrays (Science),Batch 4
Robust beamforming,Microphone Directivity & Arrays (Science),Batch 4
Blind beamforming,Microphone Directivity & Arrays (Science),Batch 4
Neural beamforming,Microphone Directivity & Arrays (Science),Batch 4
Steering vector,Microphone Directivity & Arrays (Science),Batch 4
Array aperture,Microphone Directivity & Arrays (Science),Batch 4
Effective aperture,Microphone Directivity & Arrays (Science),Batch 4
Element spacing,Microphone Directivity & Arrays (Science),Batch 4
Spatial covariance matrix,Microphone Directivity & Arrays (Science),Batch 4
Cross-spectral matrix,Microphone Transduction Principles,Batch 4
Coherence matrix,Microphone Transduction Principles,Batch 4
Diagonal loading,Microphone Directivity & Arrays (Science),Batch 4
Spatial whitening,Microphone Directivity & Arrays (Science),Batch 4
Beamformer weight,Microphone Directivity & Arrays (Science),Batch 4
Complex weighting,Microphone Transduction Principles,Batch 4
Phase shading,Microphone Directivity & Arrays (Science),Batch 4
Amplitude shading,Microphone Directivity & Arrays (Science),Batch 4
Tapering function,Microphone Directivity & Arrays (Science),Batch 4
Dolph–Chebyshev weighting,Microphone Directivity & Arrays (Science),Batch 4
Delay estimation,Microphone Transduction Principles,Batch 4
Time difference of arrival,Microphone Directivity & Arrays (Science),Batch 4
Phase-transform weighting,Microphone Transduction Principles,Batch 4
GCC-PHAT,Microphone Directivity & Arrays (Science),Batch 4
Direction of arrival,Microphone Directivity & Arrays (Science),Batch 4
Source localization,Microphone Transduction Principles,Batch 4
Multiple signal classification,Microphone Transduction Principles,Batch 4
MUSIC algorithm,Microphone Directivity & Arrays (Science),Batch 4
ESPRIT algorithm,Microphone Directivity & Arrays (Science),Batch 4
Electrodynamic motor,Loudspeaker Motor & Magnetics,Batch 4
Moving-coil motor,Loudspeaker Motor & Magnetics,Batch 4
Moving-magnet motor,Loudspeaker Motor & Magnetics,Batch 4
Underhung voice coil,Loudspeaker Motor & Magnetics,Batch 4
Overhung voice coil,Loudspeaker Motor & Magnetics,Batch 4
Equal-hung voice coil,Loudspeaker Motor & Magnetics,Batch 4
Short-coil motor,Loudspeaker Motor & Magnetics,Batch 4
Long-coil motor,Loudspeaker Motor & Magnetics,Batch 4
Differential-drive motor,Loudspeaker Motor & Magnetics,Batch 4
Dual-gap motor,Loudspeaker Motor & Magnetics,Batch 4
Push-pull motor,Loudspeaker Motor & Magnetics,Batch 4
Symmetric magnetic circuit,Loudspeaker Motor & Magnetics,Batch 4
Asymmetric magnetic circuit,Loudspeaker Motor & Magnetics,Batch 4
Magnetic return path,Loudspeaker Motor & Magnetics,Batch 4
Pole vent,Loudspeaker Enclosures & Alignments,Batch 4
Backplate vent,Loudspeaker Enclosures & Alignments,Batch 4
Under-spider vent,Loudspeaker Enclosures & Alignments,Batch 4
Air-gap flux density,Loudspeaker Motor & Magnetics,Batch 4
Flux density distribution,Loudspeaker Motor & Magnetics,Batch 4
Force factor,Loudspeaker Motor & Magnetics,Batch 4
Position-dependent force factor,Loudspeaker Motor & Magnetics,Batch 4
BL(x),Loudspeaker Motor & Magnetics,Batch 4
Current-dependent force factor,Loudspeaker Motor & Magnetics,Batch 4
BL(i),Loudspeaker Motor & Magnetics,Batch 4
Flux stabilization,Loudspeaker Motor & Magnetics,Batch 4
Faraday ring,Loudspeaker Motor & Magnetics,Batch 4
Eddy-current brake,Loudspeaker Motor & Magnetics,Batch 4
Voice-coil inductance,Loudspeaker Motor & Magnetics,Batch 4
Position-dependent inductance,Loudspeaker Motor & Magnetics,Batch 4
Le(x),Loudspeaker Engineering — General (Science),Batch 4
Current-dependent inductance,Loudspeaker Motor & Magnetics,Batch 4
Le(i),Loudspeaker Engineering — General (Science),Batch 4
Semi-inductance,Loudspeaker Motor & Magnetics,Batch 4
Reluctance force,Loudspeaker Motor & Magnetics,Batch 4
Magnetic saturation,Loudspeaker Motor & Magnetics,Batch 4
Hysteresis distortion,Loudspeaker Engineering — General (Science),Batch 4
Motor asymmetry,Loudspeaker Motor & Magnetics,Batch 4
Force-factor asymmetry,Loudspeaker Engineering — General (Science),Batch 4
Inductance asymmetry,Loudspeaker Motor & Magnetics,Batch 4
Rest-position offset,Loudspeaker Engineering — General (Science),Batch 4
Mechanical compliance,Loudspeaker Suspension & Mechanical,Batch 4
Kms,Loudspeaker Suspension & Mechanical,Batch 4
Position-dependent stiffness,Loudspeaker Suspension & Mechanical,Batch 4
Kms(x),Loudspeaker Suspension & Mechanical,Batch 4
Compliance nonlinearity,Loudspeaker Suspension & Mechanical,Batch 4
Progressive suspension,Loudspeaker Suspension & Mechanical,Batch 4
Regressive suspension,Loudspeaker Suspension & Mechanical,Batch 4
Spider linearity,Loudspeaker Suspension & Mechanical,Batch 4
Surround linearity,Loudspeaker Suspension & Mechanical,Batch 4
Suspension symmetry,Loudspeaker Suspension & Mechanical,Batch 4
Suspension creep,Loudspeaker Suspension & Mechanical,Batch 4
Viscoelastic creep,Loudspeaker Suspension & Mechanical,Batch 4
Stress relaxation,Loudspeaker Suspension & Mechanical,Batch 4
Hysteretic damping,Loudspeaker Engineering — General (Science),Batch 4
Mechanical hysteresis,Loudspeaker Engineering — General (Science),Batch 4
Suspension aging,Loudspeaker Suspension & Mechanical,Batch 4
Break-in effect,Loudspeaker Engineering — General (Science),Batch 4
Fatigue life,Loudspeaker Suspension & Mechanical,Batch 4
Mechanical fatigue,Loudspeaker Suspension & Mechanical,Batch 4
Buckling,Loudspeaker Suspension & Mechanical,Batch 4
Rocking instability,Loudspeaker Suspension & Mechanical,Batch 4
Voice-coil rubbing,Loudspeaker Motor & Magnetics,Batch 4
Bottoming,Loudspeaker Suspension & Mechanical,Batch 4
Mechanical overtravel,Loudspeaker Suspension & Mechanical,Batch 4
Maximum linear excursion,Loudspeaker Suspension & Mechanical,Batch 4
Peak displacement,Loudspeaker Suspension & Mechanical,Batch 4
Peak-to-peak excursion,Loudspeaker Suspension & Mechanical,Batch 4
Displacement limit,Loudspeaker Suspension & Mechanical,Batch 4
Damage limit,Loudspeaker Engineering — General (Science),Batch 4
Suspension-limited excursion,Loudspeaker Suspension & Mechanical,Batch 4
Motor-limited excursion,Loudspeaker Motor & Magnetics,Batch 4
Thermal-limited output,Large-Signal & Thermal Behavior,Batch 4
Displacement-limited output,Loudspeaker Suspension & Mechanical,Batch 4
Air-noise-limited output,Loudspeaker Engineering — General (Science),Batch 4
Diaphragm piston region,"Diaphragm, Cone & Materials",Batch 4
Piston band,"Diaphragm, Cone & Materials",Batch 4
Piston diameter,"Diaphragm, Cone & Materials",Batch 4
Effective radiating diameter,"Diaphragm, Cone & Materials",Batch 4
Effective radiating area,"Diaphragm, Cone & Materials",Batch 4
Breakup frequency,"Diaphragm, Cone & Materials",Batch 4
Partial vibration,Loudspeaker Engineering — General (Science),Batch 4
Distributed-mode behavior,Loudspeaker Engineering — General (Science),Batch 4
Modal diaphragm,"Diaphragm, Cone & Materials",Batch 4
Bending-wave radiator,Loudspeaker Engineering — General (Science),Batch 4
Flexural radiator,Loudspeaker Engineering — General (Science),Batch 4
Ring radiator,"Diaphragm, Cone & Materials",Batch 4
Annular diaphragm,"Diaphragm, Cone & Materials",Batch 4
Inverted dome,"Diaphragm, Cone & Materials",Batch 4
Balanced dome,"Diaphragm, Cone & Materials",Batch 4
Compression diaphragm,"Diaphragm, Cone & Materials",Batch 4
Tangential surround,Loudspeaker Suspension & Mechanical,Batch 4
Radial mode,Loudspeaker Engineering — General (Science),Batch 4
Circumferential mode,Loudspeaker Engineering — General (Science),Batch 4
Nodal circle,"Diaphragm, Cone & Materials",Batch 4
Nodal diameter,"Diaphragm, Cone & Materials",Batch 4
Bell mode,"Diaphragm, Cone & Materials",Batch 4
Oil-canning mode,"Diaphragm, Cone & Materials",Batch 4
Diaphragm rocking,Loudspeaker Suspension & Mechanical,Batch 4
Constrained-layer damping,Loudspeaker Engineering — General (Science),Batch 4
Lossy coating,"Diaphragm, Cone & Materials",Batch 4
Cone treatment,"Diaphragm, Cone & Materials",Batch 4
Diaphragm anisotropy,"Diaphragm, Cone & Materials",Batch 4
Orthotropic diaphragm,"Diaphragm, Cone & Materials",Batch 4
Young's modulus,"Diaphragm, Cone & Materials",Batch 4
Specific modulus,"Diaphragm, Cone & Materials",Batch 4
Tensile strength,Loudspeaker Engineering — General (Science),Batch 4
Internal damping,Loudspeaker Engineering — General (Science),Batch 4
Loss tangent,Loudspeaker Engineering — General (Science),Batch 4
Poisson's ratio,"Diaphragm, Cone & Materials",Batch 4
Areal mass,"Diaphragm, Cone & Materials",Batch 4
Bending stiffness,Loudspeaker Suspension & Mechanical,Batch 4
Flexural rigidity,"Diaphragm, Cone & Materials",Batch 4
Sandwich composite,"Diaphragm, Cone & Materials",Batch 4
Honeycomb core,"Diaphragm, Cone & Materials",Batch 4
Rohacell core,"Diaphragm, Cone & Materials",Batch 4
Vapor-deposited diaphragm,"Diaphragm, Cone & Materials",Batch 4
Diamond-like carbon coating,"Diaphragm, Cone & Materials",Batch 4
Ceramic-metal composite,"Diaphragm, Cone & Materials",Batch 4
Compression ratio,"Horns, Compression Drivers & Waveguides",Batch 4
Compression chamber,"Horns, Compression Drivers & Waveguides",Batch 4
Annular phase plug,"Horns, Compression Drivers & Waveguides",Batch 4
Radial phase plug,"Horns, Compression Drivers & Waveguides",Batch 4
Circumferential phase plug,"Horns, Compression Drivers & Waveguides",Batch 4
Coherent wavefront,Loudspeaker Engineering — General (Science),Batch 4
Exit aperture,Loudspeaker Engineering — General (Science),Batch 4
Throat aperture,"Horns, Compression Drivers & Waveguides",Batch 4
Throat impedance,"Horns, Compression Drivers & Waveguides",Batch 4
Throat reactance,"Horns, Compression Drivers & Waveguides",Batch 4
Throat resistance,"Horns, Compression Drivers & Waveguides",Batch 4
Throat distortion,"Horns, Compression Drivers & Waveguides",Batch 4
Horn throat,"Horns, Compression Drivers & Waveguides",Batch 4
Horn mouth,"Horns, Compression Drivers & Waveguides",Batch 4
Mouth circumference,"Horns, Compression Drivers & Waveguides",Batch 4
Mouth termination,"Horns, Compression Drivers & Waveguides",Batch 4
Mouth reflection,"Horns, Compression Drivers & Waveguides",Batch 4
Horn cutoff frequency,"Horns, Compression Drivers & Waveguides",Batch 4
Acoustic cutoff,Loudspeaker Engineering — General (Science),Batch 4
Flare constant,"Horns, Compression Drivers & Waveguides",Batch 4
Flare rate,"Horns, Compression Drivers & Waveguides",Batch 4
Exponential horn,"Horns, Compression Drivers & Waveguides",Batch 4
Conical horn,"Horns, Compression Drivers & Waveguides",Batch 4
Hyperbolic horn,"Horns, Compression Drivers & Waveguides",Batch 4
Hyperbolic-exponential horn,"Horns, Compression Drivers & Waveguides",Batch 4
Tractrix horn,"Horns, Compression Drivers & Waveguides",Batch 4
Oblate spheroidal waveguide,"Horns, Compression Drivers & Waveguides",Batch 4
Bi-radial horn,"Horns, Compression Drivers & Waveguides",Batch 4
Multicellular horn,"Horns, Compression Drivers & Waveguides",Batch 4
Diffraction horn,"Horns, Compression Drivers & Waveguides",Batch 4
Mantaray horn,"Horns, Compression Drivers & Waveguides",Batch 4
Acoustic lens,"Horns, Compression Drivers & Waveguides",Batch 4
Waveguide loading,"Horns, Compression Drivers & Waveguides",Batch 4
Wavefront curvature,Loudspeaker Engineering — General (Science),Batch 4
Pattern flip,Loudspeaker Engineering — General (Science),Batch 4
Pattern collapse,Loudspeaker Engineering — General (Science),Batch 4
Coverage balloon,Loudspeaker Radiation & Directivity (Science),Batch 4
Higher-order horn mode,"Horns, Compression Drivers & Waveguides",Batch 4
Mouth diffraction,"Horns, Compression Drivers & Waveguides",Batch 4
Throat reflection,"Horns, Compression Drivers & Waveguides",Batch 4
Horn honk,"Horns, Compression Drivers & Waveguides",Batch 4
Air nonlinearity,Large-Signal & Thermal Behavior,Batch 4
Compression nonlinearity,Large-Signal & Thermal Behavior,Batch 4
Acoustic compliance of enclosure,Loudspeaker Enclosures & Alignments,Batch 4
Enclosure compliance,Loudspeaker Enclosures & Alignments,Batch 4
Box compliance,Loudspeaker Enclosures & Alignments,Batch 4
Enclosed-air stiffness,Loudspeaker Suspension & Mechanical,Batch 4
Box loss,Loudspeaker Enclosures & Alignments,Batch 4
Leakage loss,Loudspeaker Engineering — General (Science),Batch 4
Qa,Loudspeaker Engineering — General (Science),Batch 4
Ql,Loudspeaker Engineering — General (Science),Batch 4
Qp,Loudspeaker Engineering — General (Science),Batch 4
Total enclosure Q,Loudspeaker Enclosures & Alignments,Batch 4
System resonance,Loudspeaker Engineering — General (Science),Batch 4
Closed-box resonance,Loudspeaker Enclosures & Alignments,Batch 4
Fc,Loudspeaker Engineering — General (Science),Batch 4
Closed-box Q,Loudspeaker Enclosures & Alignments,Batch 4
Qtc,Loudspeaker Enclosures & Alignments,Batch 4
Compliance ratio,Loudspeaker Suspension & Mechanical,Batch 4
Alpha ratio,Loudspeaker Engineering — General (Science),Batch 4
Butterworth alignment,Loudspeaker Enclosures & Alignments,Batch 4
Bessel alignment,Loudspeaker Enclosures & Alignments,Batch 4
Chebyshev alignment,Loudspeaker Enclosures & Alignments,Batch 4
Linkwitz transform,Loudspeaker Enclosures & Alignments,Batch 4
Extended bass shelf,Loudspeaker Engineering — General (Science),Batch 4
Quasi-Butterworth alignment,Loudspeaker Enclosures & Alignments,Batch 4
SBB4 alignment,Loudspeaker Enclosures & Alignments,Batch 4
QB3 alignment,Loudspeaker Enclosures & Alignments,Batch 4
C4 alignment,Loudspeaker Enclosures & Alignments,Batch 4
Passive-radiator alignment,Loudspeaker Enclosures & Alignments,Batch 4
Vented-box alignment,Loudspeaker Enclosures & Alignments,Batch 4
Box tuning frequency,Loudspeaker Enclosures & Alignments,Batch 4
Fb,Loudspeaker Engineering — General (Science),Batch 4
Port air mass,Loudspeaker Enclosures & Alignments,Batch 4
Port end correction,Loudspeaker Enclosures & Alignments,Batch 4
Port acoustic resistance,Loudspeaker Enclosures & Alignments,Batch 4
Port compression,Loudspeaker Enclosures & Alignments,Batch 4
Port turbulence,Loudspeaker Enclosures & Alignments,Batch 4
Port Mach number,Loudspeaker Enclosures & Alignments,Batch 4
Port chuffing,Loudspeaker Enclosures & Alignments,Batch 4
Organ-pipe resonance,Loudspeaker Enclosures & Alignments,Batch 4
Pipe resonance,Loudspeaker Enclosures & Alignments,Batch 4
Vent resonance,Loudspeaker Enclosures & Alignments,Batch 4
Passive-radiator mass,Loudspeaker Enclosures & Alignments,Batch 4
Passive-radiator compliance,Loudspeaker Enclosures & Alignments,Batch 4
Passive-radiator excursion,Loudspeaker Enclosures & Alignments,Batch 4
Transmission-line terminus,Loudspeaker Engineering — General (Science),Batch 4
Line taper,Loudspeaker Engineering — General (Science),Batch 4
Line stuffing,Loudspeaker Engineering — General (Science),Batch 4
Quarter-wave enclosure,Loudspeaker Enclosures & Alignments,Batch 4
Mass-loaded transmission line,Loudspeaker Enclosures & Alignments,Batch 4
Tapered quarter-wave tube,Loudspeaker Engineering — General (Science),Batch 4
Voigt pipe,Loudspeaker Enclosures & Alignments,Batch 4
Aperiodic enclosure,Loudspeaker Enclosures & Alignments,Batch 4
Resistive vent,Loudspeaker Enclosures & Alignments,Batch 4
Variovent,Loudspeaker Enclosures & Alignments,Batch 4
Lumped-parameter model,Loudspeaker Engineering — General (Science),Batch 4
Small-signal model,Loudspeaker Engineering — General (Science),Batch 4
Large-signal model,Large-Signal & Thermal Behavior,Batch 4
Electro-mechano-acoustic equivalent circuit,Loudspeaker Engineering — General (Science),Batch 4
Mechanical equivalent circuit,Loudspeaker Engineering — General (Science),Batch 4
Mobility analogy,Loudspeaker Engineering — General (Science),Batch 4
Impedance analogy,Loudspeaker Engineering — General (Science),Batch 4
Electrical quality factor,Loudspeaker Engineering — General (Science),Batch 4
Mechanical quality factor,Loudspeaker Engineering — General (Science),Batch 4
Total quality factor,Loudspeaker Engineering — General (Science),Batch 4
Resonance frequency,Loudspeaker Engineering — General (Science),Batch 4
Equivalent compliance volume,Loudspeaker Suspension & Mechanical,Batch 4
DC resistance,Loudspeaker Engineering — General (Science),Batch 4
Mechanical resistance,Loudspeaker Engineering — General (Science),Batch 4
Diaphragm mass,"Diaphragm, Cone & Materials",Batch 4
Mmd,Loudspeaker Engineering — General (Science),Batch 4
Radiation mass,Loudspeaker Engineering — General (Science),Batch 4
Acoustic mass loading,Loudspeaker Engineering — General (Science),Batch 4
EBP,Loudspeaker Engineering — General (Science),Batch 4
Electrical damping,Loudspeaker Engineering — General (Science),Batch 4
Acoustic damping,Loudspeaker Engineering — General (Science),Batch 4
Mass corner,Loudspeaker Engineering — General (Science),Batch 4
Compliance corner,Loudspeaker Suspension & Mechanical,Batch 4
Impedance peak,Loudspeaker Engineering — General (Science),Batch 4
Motional impedance,Loudspeaker Engineering — General (Science),Batch 4
Blocked impedance,Loudspeaker Engineering — General (Science),Batch 4
Motional branch,Loudspeaker Engineering — General (Science),Batch 4
Electrical branch,Loudspeaker Engineering — General (Science),Batch 4
Large-signal identification,Large-Signal & Thermal Behavior,Batch 4
Nonlinear parameter identification,Large-Signal & Thermal Behavior,Batch 4
Dynamic parameter measurement,Loudspeaker Engineering — General (Science),Batch 4
Quasi-static measurement,Loudspeaker Engineering — General (Science),Batch 4
Dynamic voice-coil position,Loudspeaker Motor & Magnetics,Batch 4
Instantaneous displacement,Loudspeaker Suspension & Mechanical,Batch 4
Voice-coil current,Loudspeaker Motor & Magnetics,Batch 4
Voice-coil temperature,Loudspeaker Motor & Magnetics,Batch 4
Thermal state variable,Large-Signal & Thermal Behavior,Batch 4
Nonlinear state-space model,Large-Signal & Thermal Behavior,Batch 4
Lumped nonlinear model,Large-Signal & Thermal Behavior,Batch 4
Parameter trajectory,Large-Signal & Thermal Behavior,Batch 4
Working-point shift,Large-Signal & Thermal Behavior,Batch 4
Dynamic DC displacement,Loudspeaker Suspension & Mechanical,Batch 4
Rectified displacement,Loudspeaker Suspension & Mechanical,Batch 4
Force-factor modulation,Large-Signal & Thermal Behavior,Batch 4
Compliance modulation,Loudspeaker Suspension & Mechanical,Batch 4
Inductance modulation,Loudspeaker Motor & Magnetics,Batch 4
Doppler modulation,Large-Signal & Thermal Behavior,Batch 4
Amplitude modulation distortion,Large-Signal & Thermal Behavior,Batch 4
Multitone distortion,Large-Signal & Thermal Behavior,Batch 4
Rub-and-buzz distortion,Large-Signal & Thermal Behavior,Batch 4
Loose-particle noise,Large-Signal & Thermal Behavior,Batch 4
Air-leak noise,Large-Signal & Thermal Behavior,Batch 4
Suspension noise,Loudspeaker Suspension & Mechanical,Batch 4
Rocking-mode distortion,Loudspeaker Suspension & Mechanical,Batch 4
Motor instability,Loudspeaker Motor & Magnetics,Batch 4
Thermal modulation,Large-Signal & Thermal Behavior,Batch 4
Dynamic compression,Large-Signal & Thermal Behavior,Batch 4
Instantaneous compression,Large-Signal & Thermal Behavior,Batch 4
Sensitivity compression,Large-Signal & Thermal Behavior,Batch 4
Thermal time constant,Large-Signal & Thermal Behavior,Batch 4
Fast thermal time constant,Large-Signal & Thermal Behavior,Batch 4
Slow thermal time constant,Large-Signal & Thermal Behavior,Batch 4
Voice-coil thermal resistance,Loudspeaker Motor & Magnetics,Batch 4
Magnet thermal resistance,Loudspeaker Motor & Magnetics,Batch 4
Thermal capacitance,Large-Signal & Thermal Behavior,Batch 4
Thermal runaway,Large-Signal & Thermal Behavior,Batch 4
Balloon plot,Loudspeaker Radiation & Directivity (Science),Batch 4
Polar map,Loudspeaker Radiation & Directivity (Science),Batch 4
Directivity sonogram,Loudspeaker Radiation & Directivity (Science),Batch 4
Directivity spectrogram,Loudspeaker Radiation & Directivity (Science),Batch 4
Early-reflections curve,Loudspeaker Engineering — General (Science),Batch 4
Sound-power response,Loudspeaker Engineering — General (Science),Batch 4
Horizontal off-axis response,Loudspeaker Engineering — General (Science),Batch 4
Vertical off-axis response,Loudspeaker Engineering — General (Science),Batch 4
Constant directivity,Loudspeaker Radiation & Directivity (Science),Batch 4
Directivity narrowing,Loudspeaker Radiation & Directivity (Science),Batch 4
Directivity discontinuity,Loudspeaker Radiation & Directivity (Science),Batch 4
Directivity mismatch,Loudspeaker Radiation & Directivity (Science),Batch 4
Crossover lobing,Loudspeaker Radiation & Directivity (Science),Batch 4
Vertical lobing,Loudspeaker Radiation & Directivity (Science),Batch 4
Apparent acoustic center,Loudspeaker Radiation & Directivity (Science),Batch 4
Phase center,Loudspeaker Radiation & Directivity (Science),Batch 4
Virtual source,Loudspeaker Radiation & Directivity (Science),Batch 4
Effective source size,Loudspeaker Engineering — General (Science),Batch 4
Piston directivity,"Diaphragm, Cone & Materials",Batch 4
Baffle diffraction,Loudspeaker Radiation & Directivity (Science),Batch 4
Edge diffraction,Loudspeaker Engineering — General (Science),Batch 4
Floor bounce,Loudspeaker Engineering — General (Science),Batch 4
Ceiling bounce,Loudspeaker Engineering — General (Science),Batch 4
SBIR,Loudspeaker Radiation & Directivity (Science),Batch 4
Dipole null,Loudspeaker Motor & Magnetics,Batch 4
Dipole peak,Loudspeaker Motor & Magnetics,Batch 4
Dipole cancellation,Loudspeaker Motor & Magnetics,Batch 4
Cardioid radiation,Loudspeaker Radiation & Directivity (Science),Batch 4
Gradient loudspeaker,Loudspeaker Radiation & Directivity (Science),Batch 4
Acoustic resistance enclosure,Loudspeaker Enclosures & Alignments,Batch 4
End-fire subwoofer array,Loudspeaker Radiation & Directivity (Science),Batch 4
Broadside subwoofer array,Loudspeaker Radiation & Directivity (Science),Batch 4
Gradient subwoofer array,Loudspeaker Engineering — General (Science),Batch 4
Steered array,Loudspeaker Radiation & Directivity (Science),Batch 4
Shaded array,Loudspeaker Radiation & Directivity (Science),Batch 4
Constant-beamwidth transducer,Loudspeaker Radiation & Directivity (Science),Batch 4
Anechoic measurement,Loudspeaker & Acoustic Measurement,Batch 4
Half-space measurement,Loudspeaker & Acoustic Measurement,Batch 4
Full-space measurement,Loudspeaker & Acoustic Measurement,Batch 4
Hemispherical measurement,Loudspeaker & Acoustic Measurement,Batch 4
Far-field measurement,Loudspeaker & Acoustic Measurement,Batch 4
Near-field–far-field splice,Loudspeaker & Acoustic Measurement,Batch 4
Near-field scanner,Loudspeaker & Acoustic Measurement,Batch 4
Klippel near-field scanner,Loudspeaker & Acoustic Measurement,Batch 4
Holographic measurement,Loudspeaker & Acoustic Measurement,Batch 4
Acoustic holography,Loudspeaker & Acoustic Measurement,Batch 4
Near-field acoustic holography,Loudspeaker & Acoustic Measurement,Batch 4
Finite-element method,DSP & Signal Analysis (Science),Batch 4
Finite-difference time-domain,DSP & Signal Analysis (Science),Batch 4
FDTD acoustics,DSP & Signal Analysis (Science),Batch 4
Boundary-condition model,DSP & Signal Analysis (Science),Batch 4
Reciprocity measurement,DSP & Signal Analysis (Science),Batch 4
Dual-channel measurement,Loudspeaker & Acoustic Measurement,Batch 4
Reference-channel measurement,Loudspeaker & Acoustic Measurement,Batch 4
Logarithmic sine sweep,Loudspeaker & Acoustic Measurement,Batch 4
Time-delay spectrometry,Loudspeaker & Acoustic Measurement,Batch 4
Time-windowed response,DSP & Signal Analysis (Science),Batch 4
Gated measurement,Loudspeaker & Acoustic Measurement,Batch 4
Reflection-free window,Loudspeaker & Acoustic Measurement,Batch 4
Time resolution,Loudspeaker & Acoustic Measurement,Batch 4
Window leakage,Loudspeaker & Acoustic Measurement,Batch 4
Transfer-function estimator,Loudspeaker & Acoustic Measurement,Batch 4
H1 estimator,Loudspeaker & Acoustic Measurement,Batch 4
H2 estimator,Loudspeaker & Acoustic Measurement,Batch 4
Hv estimator,Loudspeaker & Acoustic Measurement,Batch 4
Complex frequency response,Loudspeaker & Acoustic Measurement,Batch 4
Excess-phase response,Loudspeaker & Acoustic Measurement,Batch 4
Unwrapped phase,Loudspeaker & Acoustic Measurement,Batch 4
Acoustic delay,DSP & Signal Analysis (Science),Batch 4
Excess group delay,Loudspeaker & Acoustic Measurement,Batch 4
Harmonic distortion profile,Distortion & Linearity Measurement,Batch 4
Second-harmonic distortion,Distortion & Linearity Measurement,Batch 4
Third-harmonic distortion,Distortion & Linearity Measurement,Batch 4
Higher-order harmonic distortion,Distortion & Linearity Measurement,Batch 4
Difference-frequency distortion,Distortion & Linearity Measurement,Batch 4
Modulation distortion,Distortion & Linearity Measurement,Batch 4
Dynamic intermodulation distortion,Distortion & Linearity Measurement,Batch 4
Transient intermodulation distortion,Distortion & Linearity Measurement,Batch 4
Perceptual rub and buzz,Distortion & Linearity Measurement,Batch 4
Crest-factor degradation,Distortion & Linearity Measurement,Batch 4
Noncoherent distortion,Distortion & Linearity Measurement,Batch 4
Coherent distortion,Distortion & Linearity Measurement,Batch 4
Residual distortion,Distortion & Linearity Measurement,Batch 4
Distortion residue,Distortion & Linearity Measurement,Batch 4
Nonlinear impulse response,Distortion & Linearity Measurement,Batch 4
Higher-order impulse response,Distortion & Linearity Measurement,Batch 4
Volterra series,Distortion & Linearity Measurement,Batch 4
Hammerstein model,Distortion & Linearity Measurement,Batch 4
Wiener model,Distortion & Linearity Measurement,Batch 4
Wiener–Hammerstein model,Distortion & Linearity Measurement,Batch 4
Farina harmonic separation,Distortion & Linearity Measurement,Batch 4
Linearity threshold,Distortion & Linearity Measurement,Batch 4
Maximum linear SPL,Maximum-Output & Power Testing,Batch 4
Maximum usable SPL,Maximum-Output & Power Testing,Batch 4
Multitone coherence,Distortion & Linearity Measurement,Batch 4
Spectral contamination,DSP & Signal Analysis (Science),Batch 4
Spurious-free dynamic range,Distortion & Linearity Measurement,Batch 4
Maximum linear output,Maximum-Output & Power Testing,Batch 4
Maximum acoustic output,Maximum-Output & Power Testing,Batch 4
Maximum continuous SPL,Maximum-Output & Power Testing,Batch 4
Maximum peak SPL,Maximum-Output & Power Testing,Batch 4
Short-term maximum SPL,Maximum-Output & Power Testing,Batch 4
Long-term maximum SPL,Maximum-Output & Power Testing,Batch 4
Burst SPL,Maximum-Output & Power Testing,Batch 4
Peak-to-average ratio,Maximum-Output & Power Testing,Batch 4
Compression-limited output,Maximum-Output & Power Testing,Batch 4
Distortion-limited output,Distortion & Linearity Measurement,Batch 4
Excursion-limited output,Maximum-Output & Power Testing,Batch 4
Voltage-limited output,Maximum-Output & Power Testing,Batch 4
Current-limited output,Maximum-Output & Power Testing,Batch 4
Continuous power handling,Maximum-Output & Power Testing,Batch 4
Peak power,Maximum-Output & Power Testing,Batch 4
Short-term power,DSP & Signal Analysis (Science),Batch 4
Long-term power,DSP & Signal Analysis (Science),Batch 4
Power-test noise,Maximum-Output & Power Testing,Batch 4
Pink-noise power test,Maximum-Output & Power Testing,Batch 4
Shaped-noise test,Maximum-Output & Power Testing,Batch 4
IEC noise,Maximum-Output & Power Testing,Batch 4
M-Noise,Maximum-Output & Power Testing,Batch 4
Maximum linear sound level,Maximum-Output & Power Testing,Batch 4
Acoustic compression,Maximum-Output & Power Testing,Batch 4
Magnitude linearity,Maximum-Output & Power Testing,Batch 4
Coherence degradation,Maximum-Output & Power Testing,Batch 4
Test-signal spectrum,Maximum-Output & Power Testing,Batch 4
Spectral crest factor,Maximum-Output & Power Testing,Batch 4
Integrating sound-level meter,Sound-Level & Environmental Measurement,Batch 4
Integrating-averaging sound-level meter,Sound-Level & Environmental Measurement,Batch 4
Time-weighting sound-level meter,Sound-Level & Environmental Measurement,Batch 4
Exponential time weighting,Sound-Level & Environmental Measurement,Batch 4
Slow time weighting,Sound-Level & Environmental Measurement,Batch 4
Impulse time weighting,Sound-Level & Environmental Measurement,Batch 4
Sound exposure,DSP & Signal Analysis (Science),Batch 4
Time-average sound level,DSP & Signal Analysis (Science),Batch 4
LZeq,Sound-Level & Environmental Measurement,Batch 4
Maximum sound level,DSP & Signal Analysis (Science),Batch 4
Minimum sound level,DSP & Signal Analysis (Science),Batch 4
LAFmax,Sound-Level & Environmental Measurement,Batch 4
LASmax,Sound-Level & Environmental Measurement,Batch 4
LCFmax,Sound-Level & Environmental Measurement,Batch 4
Peak C-weighted level,DSP & Signal Analysis (Science),Batch 4
Statistical sound level,DSP & Signal Analysis (Science),Batch 4
Exceedance level,Sound-Level & Environmental Measurement,Batch 4
Percentile level,Sound-Level & Environmental Measurement,Batch 4
Day–night average sound level,Sound-Level & Environmental Measurement,Batch 4
Community-noise equivalent level,Sound-Level & Environmental Measurement,Batch 4
Noise dose,Sound-Level & Environmental Measurement,Batch 4
Exchange rate,Sound-Level & Environmental Measurement,Batch 4
Criterion level,Sound-Level & Environmental Measurement,Batch 4
Threshold level,Sound-Level & Environmental Measurement,Batch 4
Octave-band level,Sound-Level & Environmental Measurement,Batch 4
Fractional-octave-band level,Sound-Level & Environmental Measurement,Batch 4
One-third-octave analysis,DSP & Signal Analysis (Science),Batch 4
Tonality,Sound-Level & Environmental Measurement,Batch 4
Prominent discrete tone,Sound-Level & Environmental Measurement,Batch 4
Impulsiveness,Sound-Level & Environmental Measurement,Batch 4
Event sound level,Sound-Level & Environmental Measurement,Batch 4
Maximum-event level,DSP & Signal Analysis (Science),Batch 4
Background sound level,DSP & Signal Analysis (Science),Batch 4
Residual sound level,DSP & Signal Analysis (Science),Batch 4
Specific sound level,DSP & Signal Analysis (Science),Batch 4
Rating level,Sound-Level & Environmental Measurement,Batch 4
Active intensity,Sound Intensity & Sound Power,Batch 4
Reactive intensity,Sound Intensity & Sound Power,Batch 4
Instantaneous intensity,DSP & Signal Analysis (Science),Batch 4
Time-averaged intensity,DSP & Signal Analysis (Science),Batch 4
Intensity vector,Sound Intensity & Sound Power,Batch 4
Intensity probe,Sound Intensity & Sound Power,Batch 4
Pressure–pressure intensity probe,Sound Intensity & Sound Power,Batch 4
Pressure–velocity intensity probe,Sound Intensity & Sound Power,Batch 4
Phase mismatch,DSP & Signal Analysis (Science),Batch 4
Residual intensity,Sound Intensity & Sound Power,Batch 4
Pressure–intensity index,Sound Intensity & Sound Power,Batch 4
Field reactivity,Sound Intensity & Sound Power,Batch 4
Dynamic capability,DSP & Signal Analysis (Science),Batch 4
Spacer distance,Sound Intensity & Sound Power,Batch 4
Probe orientation,DSP & Signal Analysis (Science),Batch 4
Surface scanning,Sound Intensity & Sound Power,Batch 4
Discrete-point measurement,DSP & Signal Analysis (Science),Batch 4
Measurement surface,DSP & Signal Analysis (Science),Batch 4
Enveloping surface,Sound Intensity & Sound Power,Batch 4
Acoustic-power determination,Sound Intensity & Sound Power,Batch 4
Sound-power source,Sound Intensity & Sound Power,Batch 4
Reference sound source,Sound Intensity & Sound Power,Batch 4
Comparison method,Sound Intensity & Sound Power,Batch 4
Reverberation-room method,Sound Intensity & Sound Power,Batch 4
Anechoic-room method,Sound Intensity & Sound Power,Batch 4
Intensity method,Sound Intensity & Sound Power,Batch 4
Engineering-grade measurement,DSP & Signal Analysis (Science),Batch 4
Precision-grade measurement,DSP & Signal Analysis (Science),Batch 4
Survey-grade measurement,DSP & Signal Analysis (Science),Batch 4
Directivity correction,DSP & Signal Analysis (Science),Batch 4
Environmental correction,DSP & Signal Analysis (Science),Batch 4
Background-noise correction,DSP & Signal Analysis (Science),Batch 4
Near-field correction,Loudspeaker & Acoustic Measurement,Batch 4
Modal region,Room & Building Acoustics (Science),Batch 4
Transition region,Wave Physics & Fields (Science),Batch 4
Statistical region,Room & Building Acoustics (Science),Batch 4
Modal spacing,Wave Physics & Fields (Science),Batch 4
Mean absorption coefficient,Sound Propagation & Attenuation,Batch 4
Eyring absorption,Room & Building Acoustics (Science),Batch 4
Non-diffuse sound field,Room & Building Acoustics (Science),Batch 4
Sound-field diffuseness,Room & Building Acoustics (Science),Batch 4
Spatial variance,Wave Physics & Fields (Science),Batch 4
Energy decay curve,Room & Building Acoustics (Science),Batch 4
Reverse-time integration,Wave Physics & Fields (Science),Batch 4
Interrupted-noise method,Wave Physics & Fields (Science),Batch 4
Integrated impulse-response method,Wave Physics & Fields (Science),Batch 4
T10,Room & Building Acoustics (Science),Batch 4
Center time,Room & Building Acoustics (Science),Batch 4
Ts,Wave Physics & Fields (Science),Batch 4
Definition,Room & Building Acoustics (Science),Batch 4
C50,Room & Building Acoustics (Science),Batch 4
C80,Room & Building Acoustics (Science),Batch 4
Strength,Wave Physics & Fields (Science),Batch 4
Bass ratio,Wave Physics & Fields (Science),Batch 4
Brilliance,Wave Physics & Fields (Science),Batch 4
Late lateral sound level,Wave Physics & Fields (Science),Batch 4
Binaural quality index,Wave Physics & Fields (Science),Batch 4
Stage support,Room & Building Acoustics (Science),Batch 4
STearly,Wave Physics & Fields (Science),Batch 4
STlate,Wave Physics & Fields (Science),Batch 4
Echo criterion,Room & Building Acoustics (Science),Batch 4
Speech clarity,Room & Building Acoustics (Science),Batch 4
Musical clarity,Room & Building Acoustics (Science),Batch 4
Finite-element analysis,Acoustic Simulation & Numerical Methods,Batch 4
Boundary-element analysis,Acoustic Simulation & Numerical Methods,Batch 4
Finite-difference method,Acoustic Simulation & Numerical Methods,Batch 4
Discontinuous Galerkin method,Acoustic Simulation & Numerical Methods,Batch 4
Spectral-element method,Acoustic Simulation & Numerical Methods,Batch 4
Wave-based method,Acoustic Simulation & Numerical Methods,Batch 4
Ray tracing,Acoustic Simulation & Numerical Methods,Batch 4
Image-source method,Acoustic Simulation & Numerical Methods,Batch 4
Beam tracing,Acoustic Simulation & Numerical Methods,Batch 4
Phonon tracing,Acoustic Simulation & Numerical Methods,Batch 4
Geometrical-acoustics simulation,Acoustic Simulation & Numerical Methods,Batch 4
Hybrid acoustic simulation,Acoustic Simulation & Numerical Methods,Batch 4
Statistical energy analysis,Acoustic Simulation & Numerical Methods,Batch 4
SEA,Acoustic Simulation & Numerical Methods,Batch 4
Energy finite-element analysis,Acoustic Simulation & Numerical Methods,Batch 4
Transfer-matrix method,Acoustic Simulation & Numerical Methods,Batch 4
Transmission-line matrix,Acoustic Simulation & Numerical Methods,Batch 4
Equivalent-fluid model,Structural Acoustics & Vibration,Batch 4
Johnson–Champoux–Allard model,Acoustic Simulation & Numerical Methods,Batch 4
Biot theory,Acoustic Simulation & Numerical Methods,Batch 4
Poroelastic model,Acoustic Simulation & Numerical Methods,Batch 4
Perfectly matched layer,Acoustic Simulation & Numerical Methods,Batch 4
Absorbing boundary condition,Acoustic Simulation & Numerical Methods,Batch 4
Mesh convergence,Acoustic Simulation & Numerical Methods,Batch 4
Element order,Wave Physics & Fields (Science),Batch 4
Numerical dispersion,Acoustic Simulation & Numerical Methods,Batch 4
Numerical dissipation,Acoustic Simulation & Numerical Methods,Batch 4
Courant condition,Acoustic Simulation & Numerical Methods,Batch 4
Spatial discretization,Acoustic Simulation & Numerical Methods,Batch 4
Temporal discretization,Acoustic Simulation & Numerical Methods,Batch 4
Model-order reduction,Acoustic Simulation & Numerical Methods,Batch 4
Reduced-order model,Acoustic Simulation & Numerical Methods,Batch 4
Lumped-element approximation,Wave Physics & Fields (Science),Batch 4
Distributed-parameter model,Wave Physics & Fields (Science),Batch 4
Coupled-field simulation,Acoustic Simulation & Numerical Methods,Batch 4
Multiphysics simulation,Acoustic Simulation & Numerical Methods,Batch 4
Fibrous absorber,Room & Building Acoustics (Science),Batch 4
Open-cell foam,Acoustic Materials & Metamaterials,Batch 4
Closed-cell foam,Acoustic Materials & Metamaterials,Batch 4
Flow resistivity,Aeroacoustics & Flow Noise,Batch 4
Tortuosity,Acoustic Materials & Metamaterials,Batch 4
Porosity,Acoustic Materials & Metamaterials,Batch 4
Viscous characteristic length,Acoustic Materials & Metamaterials,Batch 4
Thermal characteristic length,Acoustic Materials & Metamaterials,Batch 4
Bulk density,Wave Physics & Fields (Science),Batch 4
Complex bulk modulus,Acoustic Materials & Metamaterials,Batch 4
Complex density,Acoustic Materials & Metamaterials,Batch 4
Propagation constant,Wave Physics & Fields (Science),Batch 4
Normal-incidence impedance,Wave Physics & Fields (Science),Batch 4
Surface impedance,Wave Physics & Fields (Science),Batch 4
Slotted-panel absorber,Room & Building Acoustics (Science),Batch 4
Distributed Helmholtz resonator,Wave Physics & Fields (Science),Batch 4
Quarter-wave absorber,Room & Building Acoustics (Science),Batch 4
Locally reacting absorber,Room & Building Acoustics (Science),Batch 4
Nonlocally reacting absorber,Room & Building Acoustics (Science),Batch 4
Sonic crystal,Acoustic Materials & Metamaterials,Batch 4
Phononic bandgap,Nonlinear & Physical Acoustics,Batch 4
Coiled-space resonator,Acoustic Materials & Metamaterials,Batch 4
Space-coiling metamaterial,Nonlinear & Physical Acoustics,Batch 4
Labyrinthine metamaterial,Nonlinear & Physical Acoustics,Batch 4
Acoustic metasurface,Acoustic Materials & Metamaterials,Batch 4
Gradient-index acoustic material,Acoustic Materials & Metamaterials,Batch 4
Acoustic impedance matching layer,Acoustic Materials & Metamaterials,Batch 4
Anechoic coating,Acoustic Materials & Metamaterials,Batch 4
Constrained-layer damping material,Structural Acoustics & Vibration,Batch 4
Piezoelectric element,Ultrasonics & Underwater Acoustics,Batch 4
Piezoelectric stack,Ultrasonics & Underwater Acoustics,Batch 4
Langevin transducer,Ultrasonics & Underwater Acoustics,Batch 4
Tonpilz transducer,Ultrasonics & Underwater Acoustics,Batch 4
Flextensional transducer,Ultrasonics & Underwater Acoustics,Batch 4
Cymbal transducer,Ultrasonics & Underwater Acoustics,Batch 4
Capacitive micromachined ultrasonic transducer,Ultrasonics & Underwater Acoustics,Batch 4
CMUT,Ultrasonics & Underwater Acoustics,Batch 4
Piezoelectric micromachined ultrasonic transducer,Ultrasonics & Underwater Acoustics,Batch 4
PMUT,Ultrasonics & Underwater Acoustics,Batch 4
Ultrasonic horn,Ultrasonics & Underwater Acoustics,Batch 4
Sonotrode,Ultrasonics & Underwater Acoustics,Batch 4
Acoustic matching layer,Ultrasonics & Underwater Acoustics,Batch 4
Backing layer,Ultrasonics & Underwater Acoustics,Batch 4
Quarter-wave matching layer,Ultrasonics & Underwater Acoustics,Batch 4
Electromechanical coupling coefficient,Ultrasonics & Underwater Acoustics,Batch 4
Thickness mode,Ultrasonics & Underwater Acoustics,Batch 4
Lateral mode,Ultrasonics & Underwater Acoustics,Batch 4
Shear mode,Ultrasonics & Underwater Acoustics,Batch 4
Pulse-echo mode,Ultrasonics & Underwater Acoustics,Batch 4
Through-transmission mode,Ultrasonics & Underwater Acoustics,Batch 4
Time-of-flight diffraction,Ultrasonics & Underwater Acoustics,Batch 4
Ultrasonic attenuation,Ultrasonics & Underwater Acoustics,Batch 4
Acoustic-emission sensor,Ultrasonics & Underwater Acoustics,Batch 4
Guided-wave inspection,Ultrasonics & Underwater Acoustics,Batch 4
Phased-array ultrasonics,Ultrasonics & Underwater Acoustics,Batch 4
Electronic focusing,Ultrasonics & Underwater Acoustics,Batch 4
Focal law,Ultrasonics & Underwater Acoustics,Batch 4
Near-field length,Ultrasonics & Underwater Acoustics,Batch 4
Dead zone,Ultrasonics & Underwater Acoustics,Batch 4
Axial resolution,Ultrasonics & Underwater Acoustics,Batch 4
Lateral resolution,Ultrasonics & Underwater Acoustics,Batch 4
Doppler shift,Ultrasonics & Underwater Acoustics,Batch 4
Continuous-wave Doppler,Ultrasonics & Underwater Acoustics,Batch 4
Pulsed-wave Doppler,Ultrasonics & Underwater Acoustics,Batch 4
Acoustic radiation-force impulse,Ultrasonics & Underwater Acoustics,Batch 4
Shear-wave elastography,Ultrasonics & Underwater Acoustics,Batch 4
Vector hydrophone,Ultrasonics & Underwater Acoustics,Batch 4
Pressure hydrophone,Ultrasonics & Underwater Acoustics,Batch 4
Particle-velocity hydrophone,Ultrasonics & Underwater Acoustics,Batch 4
Sonobuoy,Ultrasonics & Underwater Acoustics,Batch 4
Towed array,Ultrasonics & Underwater Acoustics,Batch 4
Hull-mounted array,Ultrasonics & Underwater Acoustics,Batch 4
Flank array,Ultrasonics & Underwater Acoustics,Batch 4
Planar sonar array,Ultrasonics & Underwater Acoustics,Batch 4
Spherical sonar array,Ultrasonics & Underwater Acoustics,Batch 4
Beamformed sonar,Ultrasonics & Underwater Acoustics,Batch 4
Active sonar,Ultrasonics & Underwater Acoustics,Batch 4
Passive sonar,Ultrasonics & Underwater Acoustics,Batch 4
Multibeam sonar,Ultrasonics & Underwater Acoustics,Batch 4
Side-scan sonar,Ultrasonics & Underwater Acoustics,Batch 4
Synthetic-aperture sonar,Ultrasonics & Underwater Acoustics,Batch 4
Forward-looking sonar,Ultrasonics & Underwater Acoustics,Batch 4
Echo sounder,Ultrasonics & Underwater Acoustics,Batch 4
Pinger,Ultrasonics & Underwater Acoustics,Batch 4
Transponder,Ultrasonics & Underwater Acoustics,Batch 4
Underwater acoustic modem,Ultrasonics & Underwater Acoustics,Batch 4
Sound-speed profile,Ultrasonics & Underwater Acoustics,Batch 4
Thermocline,Ultrasonics & Underwater Acoustics,Batch 4
SOFAR channel,Ultrasonics & Underwater Acoustics,Batch 4
Deep sound channel,Ultrasonics & Underwater Acoustics,Batch 4
Surface duct,Ultrasonics & Underwater Acoustics,Batch 4
Bottom bounce,Ultrasonics & Underwater Acoustics,Batch 4
Convergence zone,Ultrasonics & Underwater Acoustics,Batch 4
Multipath propagation,Ultrasonics & Underwater Acoustics,Batch 4
Reverberation level,Ultrasonics & Underwater Acoustics,Batch 4
Target strength,Ultrasonics & Underwater Acoustics,Batch 4
Source level,Ultrasonics & Underwater Acoustics,Batch 4
Detection threshold,Ultrasonics & Underwater Acoustics,Batch 4
Ambient-noise level,Ultrasonics & Underwater Acoustics,Batch 4
Cavitation noise,Ultrasonics & Underwater Acoustics,Batch 4
Array gain,Ultrasonics & Underwater Acoustics,Batch 4
Directivity gain,Ultrasonics & Underwater Acoustics,Batch 4
Processing gain,Ultrasonics & Underwater Acoustics,Batch 4
Matched-field processing,Ultrasonics & Underwater Acoustics,Batch 4
Photoacoustic effect,Optical & Specialized Sensing,Batch 4
Optoacoustic effect,Optical & Specialized Sensing,Batch 4
Photoacoustic spectroscopy,Optical & Specialized Sensing,Batch 4
Photoacoustic cell,Optical & Specialized Sensing,Batch 4
Resonant photoacoustic cell,Optical & Specialized Sensing,Batch 4
Nonresonant photoacoustic cell,Optical & Specialized Sensing,Batch 4
Laser Doppler vibrometry,Optical & Specialized Sensing,Batch 4
Scanning laser Doppler vibrometry,Optical & Specialized Sensing,Batch 4
Heterodyne interferometry,Optical & Specialized Sensing,Batch 4
Homodyne interferometry,Optical & Specialized Sensing,Batch 4
Optical microphone,Microphone Transduction Principles,Batch 4
Fabry–Pérot microphone,Optical & Specialized Sensing,Batch 4
Mach–Zehnder interferometer,Optical & Specialized Sensing,Batch 4
Michelson interferometer,Optical & Specialized Sensing,Batch 4
Optical phase modulation,Optical & Specialized Sensing,Batch 4
Optical intensity modulation,Optical & Specialized Sensing,Batch 4
Speckle interferometry,Optical & Specialized Sensing,Batch 4
Remote vibrometry,Optical & Specialized Sensing,Batch 4
Surface-velocity measurement,Microphone Transduction Principles,Batch 4
Noncontact vibration measurement,Microphone Transduction Principles,Batch 4
Photothermal excitation,Optical & Specialized Sensing,Batch 4
Photoacoustic imaging,Optical & Specialized Sensing,Batch 4
Optoacoustic tomography,Optical & Specialized Sensing,Batch 4
Laser ultrasonics,Optical & Specialized Sensing,Batch 4
Interferometric displacement sensitivity,Optical & Specialized Sensing,Batch 4
Auditory filter,Psychoacoustics & Hearing Science,Batch 4
ERB,Psychoacoustics & Hearing Science,Batch 4
Critical-band rate,Psychoacoustics & Hearing Science,Batch 4
Mel scale,Psychoacoustics & Hearing Science,Batch 4
Auditory excitation pattern,Psychoacoustics & Hearing Science,Batch 4
Specific loudness,Psychoacoustics & Hearing Science,Batch 4
Loudness level,Psychoacoustics & Hearing Science,Batch 4
Binaural loudness,Psychoacoustics & Hearing Science,Batch 4
Loudness summation,Psychoacoustics & Hearing Science,Batch 4
Spectral loudness summation,Psychoacoustics & Hearing Science,Batch 4
Auditory compression,Psychoacoustics & Hearing Science,Batch 4
Cochlear compression,Psychoacoustics & Hearing Science,Batch 4
Simultaneous masking,Psychoacoustics & Hearing Science,Batch 4
Forward masking,Psychoacoustics & Hearing Science,Batch 4
Energetic masking,Psychoacoustics & Hearing Science,Batch 4
Equalization-cancellation model,Psychoacoustics & Hearing Science,Batch 4
Residue pitch,Psychoacoustics & Hearing Science,Batch 4
Spectral pitch,Psychoacoustics & Hearing Science,Batch 4
Temporal pitch,Psychoacoustics & Hearing Science,Batch 4
Roughness,Psychoacoustics & Hearing Science,Batch 4
Fluctuation strength,Psychoacoustics & Hearing Science,Batch 4
Sensory pleasantness,Psychoacoustics & Hearing Science,Batch 4
Stream segregation,Psychoacoustics & Hearing Science,Batch 4
Auditory object,Psychoacoustics & Hearing Science,Batch 4
Common-fate grouping,Psychoacoustics & Hearing Science,Batch 4
Harmonicity cue,Psychoacoustics & Hearing Science,Batch 4
Onset synchrony,Psychoacoustics & Hearing Science,Batch 4
Spectral spread,Psychoacoustics & Hearing Science,Batch 4
Temporal envelope,Psychoacoustics & Hearing Science,Batch 4
HRTF,Spatial Audio & Reproduction Science,Batch 4
HRIR,Spatial Audio & Reproduction Science,Batch 4
Interaural cross-correlation,Spatial Audio & Reproduction Science,Batch 4
Front–back reversal,Spatial Audio & Reproduction Science,Batch 4
Externalization,Spatial Audio & Reproduction Science,Batch 4
Intracranial localization,Spatial Audio & Reproduction Science,Batch 4
Auditory parallax,Spatial Audio & Reproduction Science,Batch 4
Dynamic localization cue,Spatial Audio & Reproduction Science,Batch 4
Head-motion cue,Spatial Audio & Reproduction Science,Batch 4
Spectral notch,Spatial Audio & Reproduction Science,Batch 4
BRIR,Spatial Audio & Reproduction Science,Batch 4
Binaural synthesis,Spatial Audio & Reproduction Science,Batch 4
Crosstalk cancellation,Spatial Audio & Reproduction Science,Batch 4
Ambisonics,Spatial Audio & Reproduction Science,Batch 4
Spherical harmonic decomposition,Spatial Audio & Reproduction Science,Batch 4
Ambisonic order,Spatial Audio & Reproduction Science,Batch 4
Ambisonic normalization,Spatial Audio & Reproduction Science,Batch 4
Near-field compensation,Spatial Audio & Reproduction Science,Batch 4
Radial filter,Spatial Audio & Reproduction Science,Batch 4
Kirchhoff–Helmholtz integral,Spatial Audio & Reproduction Science,Batch 4
Huygens principle,Spatial Audio & Reproduction Science,Batch 4
Sound-field synthesis,Spatial Audio & Reproduction Science,Batch 4
Sound-zone control,Spatial Audio & Reproduction Science,Batch 4
Personal sound zone,Spatial Audio & Reproduction Science,Batch 4
Acoustic contrast control,Spatial Audio & Reproduction Science,Batch 4
Pressure matching,Spatial Audio & Reproduction Science,Batch 4
Multizone reproduction,Spatial Audio & Reproduction Science,Batch 4
Instantaneous amplitude,DSP & Signal Analysis (Science),Batch 4
Instantaneous phase,DSP & Signal Analysis (Science),Batch 4
Complex envelope,DSP & Signal Analysis (Science),Batch 4
Quadrature signal,DSP & Signal Analysis (Science),Batch 4
Time–frequency representation,DSP & Signal Analysis (Science),Batch 4
Continuous wavelet transform,DSP & Signal Analysis (Science),Batch 4
Discrete wavelet transform,DSP & Signal Analysis (Science),Batch 4
Wigner–Ville distribution,DSP & Signal Analysis (Science),Batch 4
Cohen's class,DSP & Signal Analysis (Science),Batch 4
Reassigned spectrogram,DSP & Signal Analysis (Science),Batch 4
Synchrosqueezing,DSP & Signal Analysis (Science),Batch 4
Constant-Q transform,DSP & Signal Analysis (Science),Batch 4
Gammatone transform,DSP & Signal Analysis (Science),Batch 4
Auditory filterbank,DSP & Signal Analysis (Science),Batch 4
Mel-frequency spectrum,DSP & Signal Analysis (Science),Batch 4
Real cepstrum,DSP & Signal Analysis (Science),Batch 4
Complex cepstrum,DSP & Signal Analysis (Science),Batch 4
Power cepstrum,DSP & Signal Analysis (Science),Batch 4
Liftering,DSP & Signal Analysis (Science),Batch 4
Homomorphic analysis,DSP & Signal Analysis (Science),Batch 4
Bispectrum,DSP & Signal Analysis (Science),Batch 4
Bicoherence,Loudspeaker & Acoustic Measurement,Batch 4
Higher-order spectrum,DSP & Signal Analysis (Science),Batch 4
Cyclostationary analysis,DSP & Signal Analysis (Science),Batch 4
Order tracking,DSP & Signal Analysis (Science),Batch 4
Synchronous averaging,DSP & Signal Analysis (Science),Batch 4
Envelope analysis,DSP & Signal Analysis (Science),Batch 4
Spectral kurtosis,DSP & Signal Analysis (Science),Batch 4
Kurtogram,DSP & Signal Analysis (Science),Batch 4
Partial coherence,Loudspeaker & Acoustic Measurement,Batch 4
Multiple coherence,Loudspeaker & Acoustic Measurement,Batch 4
Operational transfer-path analysis,DSP & Signal Analysis (Science),Batch 4
Independent-component analysis,DSP & Signal Analysis (Science),Batch 4
Metrology,Metrology & Uncertainty,Batch 4
Acoustical metrology,Metrology & Uncertainty,Batch 4
Measurand,Metrology & Uncertainty,Batch 4
Measurement model,Metrology & Uncertainty,Batch 4
Measurement function,Metrology & Uncertainty,Batch 4
Indication,DSP & Signal Analysis (Science),Batch 4
Measurement result,Metrology & Uncertainty,Batch 4
Adjustment,DSP & Signal Analysis (Science),Batch 4
Validation,DSP & Signal Analysis (Science),Batch 4
Traceability,Metrology & Uncertainty,Batch 4
Metrological traceability,Metrology & Uncertainty,Batch 4
Reference standard,Metrology & Uncertainty,Batch 4
Primary standard,Metrology & Uncertainty,Batch 4
Secondary standard,Metrology & Uncertainty,Batch 4
Working standard,Metrology & Uncertainty,Batch 4
Transfer standard,Metrology & Uncertainty,Batch 4
Calibration hierarchy,Metrology & Uncertainty,Batch 4
Standard uncertainty,Metrology & Uncertainty,Batch 4
Combined standard uncertainty,Metrology & Uncertainty,Batch 4
Coverage factor,Metrology & Uncertainty,Batch 4
Coverage probability,Metrology & Uncertainty,Batch 4
Type A evaluation,Metrology & Uncertainty,Batch 4
Type B evaluation,Metrology & Uncertainty,Batch 4
Uncertainty budget,Metrology & Uncertainty,Batch 4
Sensitivity coefficient,DSP & Signal Analysis (Science),Batch 4
Error distribution,DSP & Signal Analysis (Science),Batch 4
Repeatability,Metrology & Uncertainty,Batch 4
Reproducibility,Metrology & Uncertainty,Batch 4
Intermediate precision,Metrology & Uncertainty,Batch 4
Resolution,DSP & Signal Analysis (Science),Batch 4
Accuracy,DSP & Signal Analysis (Science),Batch 4
Precision,DSP & Signal Analysis (Science),Batch 4
Systematic error,Metrology & Uncertainty,Batch 4
Random error,Metrology & Uncertainty,Batch 4
Linearity error,Metrology & Uncertainty,Batch 4
Hysteresis error,Metrology & Uncertainty,Batch 4
Long-term stability,DSP & Signal Analysis (Science),Batch 4
Short-term stability,DSP & Signal Analysis (Science),Batch 4
Calibration correction,Metrology & Uncertainty,Batch 4
Influence quantity,Metrology & Uncertainty,Batch 4
Guard band,Metrology & Uncertainty,Batch 4
Decision rule,Metrology & Uncertainty,Batch 4
Measurement tolerance,Metrology & Uncertainty,Batch 4
Sound as mechanical energy rather than an object,Foundations — Nature of Sound,Batch 5
Sound as pressure variation,Foundations — Nature of Sound,Batch 5
Sound as particle motion,Foundations — Nature of Sound,Batch 5
Difference between particle motion and wave propagation,Foundations — Nature of Sound,Batch 5
Compression and rarefaction,Foundations — Nature of Sound,Batch 5
Longitudinal wave motion,Foundations — Nature of Sound,Batch 5
Transverse-wave diagrams used to represent longitudinal sound,Foundations — Nature of Sound,Batch 5
Equilibrium pressure,Foundations — Nature of Sound,Batch 5
Atmospheric pressure versus acoustic pressure,Foundations — Nature of Sound,Batch 5
Instantaneous acoustic pressure,Foundations — Nature of Sound,Batch 5
Positive and negative pressure deviation,Foundations — Nature of Sound,Batch 5
Acoustic pressure versus electrical voltage,Foundations — Nature of Sound,Batch 5
Energy transfer without bulk transport of matter,Foundations — Nature of Sound,Batch 5
Sound requiring a transmission medium,Foundations — Nature of Sound,Batch 5
"Sound propagation in gases, liquids, and solids",Foundations — Nature of Sound,Batch 5
Propagation speed versus particle velocity,Foundations — Nature of Sound,Batch 5
Wavefronts,Foundations — Nature of Sound,Batch 5
Rays as simplified models of propagation,Foundations — Nature of Sound,Batch 5
Plane waves,Foundations — Nature of Sound,Batch 5
Spherical waves,Foundations — Nature of Sound,Batch 5
Cylindrical waves,Foundations — Nature of Sound,Batch 5
Near-field versus far-field behavior,Foundations — Nature of Sound,Batch 5
Free-field conditions,Foundations — Nature of Sound,Batch 5
Diffuse-field conditions,Foundations — Nature of Sound,Batch 5
Steady-state versus transient sound,Foundations — Nature of Sound,Batch 5
Deterministic versus random signals,Foundations — Nature of Sound,Batch 5
Periodic versus aperiodic signals,Foundations — Nature of Sound,Batch 5
Coherent versus incoherent sound,Foundations — Nature of Sound,Batch 5
Correlated versus uncorrelated signals,Foundations — Nature of Sound,Batch 5
Linear versus nonlinear acoustic behavior,Foundations — Nature of Sound,Batch 5
Polarity,Foundations — Waveform & Level,Batch 5
Phase versus polarity,Foundations — Waveform & Level,Batch 5
Peak amplitude,Foundations — Waveform & Level,Batch 5
Peak-to-peak amplitude,Foundations — Waveform & Level,Batch 5
RMS amplitude,Foundations — Waveform & Level,Batch 5
Average amplitude,Foundations — Waveform & Level,Batch 5
Duty cycle,Foundations — Waveform & Level,Batch 5
Waveform symmetry,Foundations — Waveform & Level,Batch 5
Waveform offset,Foundations — Waveform & Level,Batch 5
Direct-current offset,Foundations — Waveform & Level,Batch 5
Time-domain representation,Foundations — Waveform & Level,Batch 5
Frequency-domain representation,Foundations — Waveform & Level,Batch 5
Phase-domain representation,Foundations — Waveform & Level,Batch 5
Complex-number representation of waves,Foundations — Waveform & Level,Batch 5
Real and imaginary signal components,Foundations — Waveform & Level,Batch 5
Sinusoidal motion,Foundations — Waveform & Level,Batch 5
Initial phase,Foundations — Waveform & Level,Batch 5
Phase accumulation,Foundations — Waveform & Level,Batch 5
Phase delay,Foundations — Waveform & Level,Batch 5
Carrier,Foundations — Waveform & Level,Batch 5
Sidebands,Foundations — Waveform & Level,Batch 5
Beats,Foundations — Waveform & Level,Batch 5
Amplitude envelope versus waveform cycles,Foundations — Waveform & Level,Batch 5
Frequency versus perceived pitch,"Frequency, Pitch & Hearing",Batch 5
Harmonic versus inharmonic partials,"Frequency, Pitch & Hearing",Batch 5
Missing fundamental perception,"Frequency, Pitch & Hearing",Batch 5
Pitch ambiguity,"Frequency, Pitch & Hearing",Batch 5
Pitch class,"Frequency, Pitch & Hearing",Batch 5
Octave equivalence,"Frequency, Pitch & Hearing",Batch 5
Octave frequency ratios,"Frequency, Pitch & Hearing",Batch 5
Semitone frequency ratios,"Frequency, Pitch & Hearing",Batch 5
Equal temperament,"Frequency, Pitch & Hearing",Batch 5
Just intonation,"Frequency, Pitch & Hearing",Batch 5
Musical intervals as ratios,"Frequency, Pitch & Hearing",Batch 5
Frequency-to-note conversion,"Frequency, Pitch & Hearing",Batch 5
Critical bands,"Frequency, Pitch & Hearing",Batch 5
Auditory filters,"Frequency, Pitch & Hearing",Batch 5
Place theory of pitch,"Frequency, Pitch & Hearing",Batch 5
Temporal theory of pitch,"Frequency, Pitch & Hearing",Batch 5
Phase locking in hearing,"Frequency, Pitch & Hearing",Batch 5
Pitch perception of complex tones,"Frequency, Pitch & Hearing",Batch 5
Pitch perception of noise,"Frequency, Pitch & Hearing",Batch 5
Linear amplitude versus logarithmic level,"Level, Decibels & Loudness",Batch 5
Why decibels are ratios,"Level, Decibels & Loudness",Batch 5
Power ratio versus amplitude ratio,"Level, Decibels & Loudness",Batch 5
10 log versus 20 log calculations,"Level, Decibels & Loudness",Batch 5
Reference quantities,"Level, Decibels & Loudness",Batch 5
Absolute versus relative decibels,"Level, Decibels & Loudness",Batch 5
dBW,"Level, Decibels & Loudness",Batch 5
dBA,"Level, Decibels & Loudness",Batch 5
dBC,"Level, Decibels & Loudness",Batch 5
dBZ,"Level, Decibels & Loudness",Batch 5
LKFS,"Level, Decibels & Loudness",Batch 5
Equivalent continuous level,"Level, Decibels & Loudness",Batch 5
Peak level versus RMS level,"Level, Decibels & Loudness",Batch 5
Average level versus perceived loudness,"Level, Decibels & Loudness",Batch 5
Addition of decibel values,"Level, Decibels & Loudness",Batch 5
Subtraction of decibel values,"Level, Decibels & Loudness",Batch 5
Doubling power versus doubling amplitude,"Level, Decibels & Loudness",Batch 5
Doubling distance versus level change,"Level, Decibels & Loudness",Batch 5
Doubling sources versus level change,"Level, Decibels & Loudness",Batch 5
Power gain,"Level, Decibels & Loudness",Batch 5
Nominal operating level,"Level, Decibels & Loudness",Batch 5
Maximum operating level,"Level, Decibels & Loudness",Batch 5
Signal-to-distortion ratio,"Level, Decibels & Loudness",Batch 5
Effective dynamic range,"Level, Decibels & Loudness",Batch 5
Meter integration time,"Level, Decibels & Loudness",Batch 5
Crest-factor implications,"Level, Decibels & Loudness",Batch 5
Loudness versus level,"Level, Decibels & Loudness",Batch 5
Loudness adaptation,"Level, Decibels & Loudness",Batch 5
Temporal integration of loudness,"Level, Decibels & Loudness",Batch 5
Phase as a relative measurement,"Phase, Timing & Interference",Batch 5
Phase shift versus time delay,"Phase, Timing & Interference",Batch 5
Frequency-dependent phase shift,"Phase, Timing & Interference",Batch 5
Constant time delay producing different phase shifts by frequency,"Phase, Timing & Interference",Batch 5
Partial interference,"Phase, Timing & Interference",Batch 5
Cancellation,"Phase, Timing & Interference",Batch 5
Why cancellation is rarely complete,"Phase, Timing & Interference",Batch 5
Comb-filter spacing,"Phase, Timing & Interference",Batch 5
First cancellation frequency,"Phase, Timing & Interference",Batch 5
Phase inversion,"Phase, Timing & Interference",Batch 5
All-pass behavior,"Phase, Timing & Interference",Batch 5
Minimum-phase systems,"Phase, Timing & Interference",Batch 5
Linear-phase systems,"Phase, Timing & Interference",Batch 5
Nonminimum-phase systems,"Phase, Timing & Interference",Batch 5
Excess phase,"Phase, Timing & Interference",Batch 5
Group-delay distortion,"Phase, Timing & Interference",Batch 5
Interchannel phase difference,"Phase, Timing & Interference",Batch 5
Delay versus latency,"Phase, Timing & Interference",Batch 5
Processing delay,"Phase, Timing & Interference",Batch 5
Buffering delay,"Phase, Timing & Interference",Batch 5
Alignment delay,"Phase, Timing & Interference",Batch 5
Localization dominance,"Phase, Timing & Interference",Batch 5
Fusion threshold,"Phase, Timing & Interference",Batch 5
"Relationship among frequency, wavelength, and sound speed",Wavelength & Physical Scale,Batch 5
Why low frequencies have long wavelengths,Wavelength & Physical Scale,Batch 5
Why wavelength affects room behavior,Wavelength & Physical Scale,Batch 5
Quarter-wavelength relationships,Wavelength & Physical Scale,Batch 5
Half-wavelength relationships,Wavelength & Physical Scale,Batch 5
Boundary spacing and cancellation,Wavelength & Physical Scale,Batch 5
Loudspeaker spacing and interference,Wavelength & Physical Scale,Batch 5
Microphone spacing and phase interaction,Wavelength & Physical Scale,Batch 5
Driver spacing and lobing,Wavelength & Physical Scale,Batch 5
Acoustic path-length difference,Wavelength & Physical Scale,Batch 5
Distance-to-phase conversion,Wavelength & Physical Scale,Batch 5
Frequency-dependent directionality,Wavelength & Physical Scale,Batch 5
Object size relative to wavelength,Wavelength & Physical Scale,Batch 5
Diffraction around obstacles,Wavelength & Physical Scale,Batch 5
Shadow zones,Wavelength & Physical Scale,Batch 5
Acoustic aperture,Wavelength & Physical Scale,Batch 5
Effective radiating size,Wavelength & Physical Scale,Batch 5
Conservation of acoustic energy,"Reflection, Diffraction & Room Acoustics",Batch 5
Angle of incidence,"Reflection, Diffraction & Room Acoustics",Batch 5
Angle of reflection,"Reflection, Diffraction & Room Acoustics",Batch 5
Boundary impedance,"Reflection, Diffraction & Room Acoustics",Batch 5
Sound-speed gradients,"Reflection, Diffraction & Room Acoustics",Batch 5
Temperature-gradient refraction,"Reflection, Diffraction & Room Acoustics",Batch 5
Wind-gradient refraction,"Reflection, Diffraction & Room Acoustics",Batch 5
Atmospheric sound bending,"Reflection, Diffraction & Room Acoustics",Batch 5
Aperture diffraction,"Reflection, Diffraction & Room Acoustics",Batch 5
Scattering,"Reflection, Diffraction & Room Acoustics",Batch 5
Surface roughness relative to wavelength,"Reflection, Diffraction & Room Acoustics",Batch 5
Scattering coefficient,"Reflection, Diffraction & Room Acoustics",Batch 5
Diffusion coefficient,"Reflection, Diffraction & Room Acoustics",Batch 5
Slapback reflection,"Reflection, Diffraction & Room Acoustics",Batch 5
Early reflections,"Reflection, Diffraction & Room Acoustics",Batch 5
Reflection density,"Reflection, Diffraction & Room Acoustics",Batch 5
Reflection order,"Reflection, Diffraction & Room Acoustics",Batch 5
Wave-based acoustics,"Reflection, Diffraction & Room Acoustics",Batch 5
Transition between modal and geometric behavior,"Reflection, Diffraction & Room Acoustics",Batch 5
T20 and T30 extrapolation,"Reflection, Diffraction & Room Acoustics",Batch 5
Sabine equation,"Reflection, Diffraction & Room Acoustics",Batch 5
Eyring equation,"Reflection, Diffraction & Room Acoustics",Batch 5
Room constant,"Reflection, Diffraction & Room Acoustics",Batch 5
Reflection density growth,"Reflection, Diffraction & Room Acoustics",Batch 5
Diffuse-field assumptions,"Reflection, Diffraction & Room Acoustics",Batch 5
Room modes,"Reflection, Diffraction & Room Acoustics",Batch 5
Axial modes,"Reflection, Diffraction & Room Acoustics",Batch 5
Tangential modes,"Reflection, Diffraction & Room Acoustics",Batch 5
Oblique modes,"Reflection, Diffraction & Room Acoustics",Batch 5
Modal frequency calculation,"Reflection, Diffraction & Room Acoustics",Batch 5
Modal degeneracy,"Reflection, Diffraction & Room Acoustics",Batch 5
Mode clustering,"Reflection, Diffraction & Room Acoustics",Batch 5
Mode spacing,"Reflection, Diffraction & Room Acoustics",Batch 5
Modal ringing,"Reflection, Diffraction & Room Acoustics",Batch 5
Standing waves,"Reflection, Diffraction & Room Acoustics",Batch 5
Pressure nodes,"Reflection, Diffraction & Room Acoustics",Batch 5
Pressure antinodes,"Reflection, Diffraction & Room Acoustics",Batch 5
Particle-velocity nodes,"Reflection, Diffraction & Room Acoustics",Batch 5
Particle-velocity antinodes,"Reflection, Diffraction & Room Acoustics",Batch 5
Listener-boundary interference response,"Reflection, Diffraction & Room Acoustics",Batch 5
Floor-bounce cancellation,"Reflection, Diffraction & Room Acoustics",Batch 5
Ceiling-bounce cancellation,"Reflection, Diffraction & Room Acoustics",Batch 5
Desk reflection,"Reflection, Diffraction & Room Acoustics",Batch 5
Front-wall cancellation,"Reflection, Diffraction & Room Acoustics",Batch 5
Rear-wall interference,"Reflection, Diffraction & Room Acoustics",Batch 5
Room gain,"Reflection, Diffraction & Room Acoustics",Batch 5
Porous absorption,"Reflection, Diffraction & Room Acoustics",Batch 5
Membrane absorption,"Reflection, Diffraction & Room Acoustics",Batch 5
Diaphragmatic absorption,"Reflection, Diffraction & Room Acoustics",Batch 5
Panel absorbers,"Reflection, Diffraction & Room Acoustics",Batch 5
Slat and perforated absorbers,"Reflection, Diffraction & Room Acoustics",Batch 5
Pressure-based absorbers,"Reflection, Diffraction & Room Acoustics",Batch 5
Velocity-based absorbers,"Reflection, Diffraction & Room Acoustics",Batch 5
Air-gap effects behind absorbers,"Reflection, Diffraction & Room Acoustics",Batch 5
Absorber thickness versus frequency,"Reflection, Diffraction & Room Acoustics",Batch 5
Quarter-wavelength absorber placement,"Reflection, Diffraction & Room Acoustics",Batch 5
Diffuser design,"Reflection, Diffraction & Room Acoustics",Batch 5
Quadratic-residue diffusion,"Reflection, Diffraction & Room Acoustics",Batch 5
Primitive-root diffusion,"Reflection, Diffraction & Room Acoustics",Batch 5
Skyline diffusion,"Reflection, Diffraction & Room Acoustics",Batch 5
Temporal diffusion,"Reflection, Diffraction & Room Acoustics",Batch 5
Spatial diffusion,"Reflection, Diffraction & Room Acoustics",Batch 5
Room symmetry,"Reflection, Diffraction & Room Acoustics",Batch 5
Live-end/dead-end design,"Reflection, Diffraction & Room Acoustics",Batch 5
Initial time-delay gap,"Reflection, Diffraction & Room Acoustics",Batch 5
Clarity metrics,"Reflection, Diffraction & Room Acoustics",Batch 5
Definition metrics,"Reflection, Diffraction & Room Acoustics",Batch 5
Articulation loss of consonants,"Reflection, Diffraction & Room Acoustics",Batch 5
Intelligibility versus reverberation,"Reflection, Diffraction & Room Acoustics",Batch 5
Intelligibility versus noise,"Reflection, Diffraction & Room Acoustics",Batch 5
Intelligibility versus directivity,"Reflection, Diffraction & Room Acoustics",Batch 5
Forced resonance,Resonance & Damping,Batch 5
Acoustic resonance,Resonance & Damping,Batch 5
Electrical resonance,Resonance & Damping,Batch 5
Resonant modes,Resonance & Damping,Batch 5
Resonance buildup,Resonance & Damping,Batch 5
Resonance decay,Resonance & Damping,Batch 5
Quality factor,Resonance & Damping,Batch 5
Bandwidth versus Q,Resonance & Damping,Batch 5
Resonant frequency versus center frequency,Resonance & Damping,Batch 5
Coupled resonances,Resonance & Damping,Batch 5
Open-pipe modes,Resonance & Damping,Batch 5
Closed-pipe modes,Resonance & Damping,Batch 5
Stored energy in resonant systems,Resonance & Damping,Batch 5
Transient response of resonant systems,Resonance & Damping,Batch 5
Filter cutoff frequency,Filters & Equalization,Batch 5
Poles and zeros,Filters & Equalization,Batch 5
Magnitude response,Filters & Equalization,Batch 5
Band-reject filter,Filters & Equalization,Batch 5
Parametric equalization,Filters & Equalization,Batch 5
Semiparametric equalization,Filters & Equalization,Batch 5
Graphic equalization,Filters & Equalization,Batch 5
Constant-Q equalizers,Filters & Equalization,Batch 5
Proportional-Q equalizers,Filters & Equalization,Batch 5
Variable-Q equalizers,Filters & Equalization,Batch 5
Minimum-phase equalization,Filters & Equalization,Batch 5
Linear-phase equalization,Filters & Equalization,Batch 5
Mixed-phase equalization,Filters & Equalization,Batch 5
Finite impulse response filters,Filters & Equalization,Batch 5
Infinite impulse response filters,Filters & Equalization,Batch 5
Filter ringing,Filters & Equalization,Batch 5
Post-ringing,Filters & Equalization,Batch 5
Passband ripple,Filters & Equalization,Batch 5
Stopband ripple,Filters & Equalization,Batch 5
Stopband attenuation,Filters & Equalization,Batch 5
Butterworth response,Filters & Equalization,Batch 5
Bessel response,Filters & Equalization,Batch 5
Linkwitz–Riley response,Filters & Equalization,Batch 5
Chebyshev response,Filters & Equalization,Batch 5
Elliptic response,Filters & Equalization,Batch 5
Acoustic versus electrical crossover slopes,Filters & Equalization,Batch 5
Driver offset and crossover phase,Filters & Equalization,Batch 5
Filter interaction,Filters & Equalization,Batch 5
Cascaded filters,Filters & Equalization,Batch 5
Equivalent combined slope,Filters & Equalization,Batch 5
Bilinear transformation,Filters & Equalization,Batch 5
Equalizer interaction between adjacent bands,Filters & Equalization,Batch 5
Graphic-EQ ripple between filters,Filters & Equalization,Batch 5
Boost and cut asymmetry,Filters & Equalization,Batch 5
Equalization versus resonance control,Filters & Equalization,Batch 5
Corrective versus creative equalization,Filters & Equalization,Batch 5
Dynamic range compression,Dynamics Processing (Concepts),Batch 5
Detector circuit,Dynamics Processing (Concepts),Batch 5
Averaging detection,Dynamics Processing (Concepts),Batch 5
Hard-knee versus soft-knee behavior,Dynamics Processing (Concepts),Batch 5
Time constants,Dynamics Processing (Concepts),Batch 5
Automatic release,Dynamics Processing (Concepts),Batch 5
Sidechain filtering,Dynamics Processing (Concepts),Batch 5
Frequency-conscious compression,Dynamics Processing (Concepts),Batch 5
De-essing,Dynamics Processing (Concepts),Batch 5
Dynamic equalization,Dynamics Processing (Concepts),Batch 5
Compression-induced distortion,Dynamics Processing (Concepts),Batch 5
Gain modulation,Dynamics Processing (Concepts),Batch 5
Loudness maximization,Dynamics Processing (Concepts),Batch 5
Inter-sample overload,Dynamics Processing (Concepts),Batch 5
Clipping versus limiting,Dynamics Processing (Concepts),Batch 5
Dynamic-range processing in logarithmic versus linear domains,Dynamics Processing (Concepts),Batch 5
Sum-frequency distortion,"Harmonics, Distortion & Nonlinearity",Batch 5
Slew-induced distortion,"Harmonics, Distortion & Nonlinearity",Batch 5
Clipping distortion,"Harmonics, Distortion & Nonlinearity",Batch 5
Quantization distortion,"Harmonics, Distortion & Nonlinearity",Batch 5
Phase distortion,"Harmonics, Distortion & Nonlinearity",Batch 5
Frequency-response distortion,"Harmonics, Distortion & Nonlinearity",Batch 5
Nonlinear transfer functions,"Harmonics, Distortion & Nonlinearity",Batch 5
Even-order harmonics,"Harmonics, Distortion & Nonlinearity",Batch 5
Odd-order harmonics,"Harmonics, Distortion & Nonlinearity",Batch 5
Saturation curves,"Harmonics, Distortion & Nonlinearity",Batch 5
Soft saturation,"Harmonics, Distortion & Nonlinearity",Batch 5
Hard saturation,"Harmonics, Distortion & Nonlinearity",Batch 5
Tube nonlinearity,"Harmonics, Distortion & Nonlinearity",Batch 5
Semiconductor nonlinearity,"Harmonics, Distortion & Nonlinearity",Batch 5
Waveshaping,"Harmonics, Distortion & Nonlinearity",Batch 5
Foldback distortion,"Harmonics, Distortion & Nonlinearity",Batch 5
Aliasing from nonlinear processing,"Harmonics, Distortion & Nonlinearity",Batch 5
Oversampling in nonlinear processors,"Harmonics, Distortion & Nonlinearity",Batch 5
Memory effects in nonlinear systems,"Harmonics, Distortion & Nonlinearity",Batch 5
Dynamic nonlinearities,"Harmonics, Distortion & Nonlinearity",Batch 5
Static nonlinearities,"Harmonics, Distortion & Nonlinearity",Batch 5
Distortion audibility,"Harmonics, Distortion & Nonlinearity",Batch 5
Masking of distortion products,"Harmonics, Distortion & Nonlinearity",Batch 5
Distortion versus coloration,"Harmonics, Distortion & Nonlinearity",Batch 5
Random noise,Noise (Concepts),Batch 5
Brown noise,Noise (Concepts),Batch 5
Blue noise,Noise (Concepts),Batch 5
Violet noise,Noise (Concepts),Batch 5
Gray noise,Noise (Concepts),Batch 5
Gaussian noise,Noise (Concepts),Batch 5
Uniform noise,Noise (Concepts),Batch 5
Dither noise,Noise (Concepts),Batch 5
Clock noise,Noise (Concepts),Batch 5
Power-supply noise,Noise (Concepts),Batch 5
Ground noise,Noise (Concepts),Batch 5
Common-mode noise,Noise (Concepts),Batch 5
Differential-mode noise,Noise (Concepts),Batch 5
Noise spectrum,Noise (Concepts),Batch 5
Noise density,Noise (Concepts),Batch 5
Noise figure,Noise (Concepts),Batch 5
Noise correlation,Noise (Concepts),Batch 5
Correlated noise,Noise (Concepts),Batch 5
Uncorrelated noise,Noise (Concepts),Batch 5
Noise summation,Noise (Concepts),Batch 5
Noise gating artifacts,Noise (Concepts),Batch 5
Noise masking,Noise (Concepts),Batch 5
Denoising artifacts,Noise (Concepts),Batch 5
Musical noise,Noise (Concepts),Batch 5
Analog-to-digital conversion,Digital Sampling & Conversion,Batch 5
Digital-to-analog conversion,Digital Sampling & Conversion,Batch 5
Sample clock,Digital Sampling & Conversion,Batch 5
Nyquist–Shannon sampling theorem,Digital Sampling & Conversion,Batch 5
Band-limited signals,Digital Sampling & Conversion,Batch 5
Foldover,Digital Sampling & Conversion,Batch 5
Anti-aliasing filtering,Digital Sampling & Conversion,Batch 5
Reconstruction filtering,Digital Sampling & Conversion,Batch 5
Zero-order hold,Digital Sampling & Conversion,Batch 5
Spectral images,Digital Sampling & Conversion,Batch 5
Sinc interpolation,Digital Sampling & Conversion,Batch 5
Band-limited interpolation,Digital Sampling & Conversion,Batch 5
Why digital audio is not simply a staircase,Digital Sampling & Conversion,Batch 5
Samples per cycle,Digital Sampling & Conversion,Batch 5
Frequency ambiguity near Nyquist,Digital Sampling & Conversion,Batch 5
Sample phase,Digital Sampling & Conversion,Batch 5
Polyphase filtering,Digital Sampling & Conversion,Batch 5
Integer-ratio conversion,Digital Sampling & Conversion,Batch 5
Fractional-ratio conversion,Digital Sampling & Conversion,Batch 5
Conversion filter quality,Digital Sampling & Conversion,Batch 5
Sample-rate conversion artifacts,Digital Sampling & Conversion,Batch 5
Periodic jitter,Digital Sampling & Conversion,Batch 5
Random jitter,Digital Sampling & Conversion,Batch 5
Jitter spectrum,Digital Sampling & Conversion,Batch 5
Aperture uncertainty,Digital Sampling & Conversion,Batch 5
Reclocking,Digital Sampling & Conversion,Batch 5
Master and slave clocking,Digital Sampling & Conversion,Batch 5
Sample slips,Digital Sampling & Conversion,Batch 5
Buffer underflow,Digital Sampling & Conversion,Batch 5
Buffer overflow,Digital Sampling & Conversion,Batch 5
Asynchronous sample-rate conversion,Digital Sampling & Conversion,Batch 5
Converter noise and distortion limits,Digital Sampling & Conversion,Batch 5
Quantization levels,Quantization & Numerical Resolution,Batch 5
Quantization step size,Quantization & Numerical Resolution,Batch 5
Word length,Quantization & Numerical Resolution,Batch 5
Least significant bit,Quantization & Numerical Resolution,Batch 5
Most significant bit,Quantization & Numerical Resolution,Batch 5
Quantization error,Quantization & Numerical Resolution,Batch 5
Quantization noise model,Quantization & Numerical Resolution,Batch 5
Correlated quantization distortion,Quantization & Numerical Resolution,Batch 5
Rounding,Quantization & Numerical Resolution,Batch 5
Truncation,Quantization & Numerical Resolution,Batch 5
Requantization,Quantization & Numerical Resolution,Batch 5
Rectangular dither,Quantization & Numerical Resolution,Batch 5
Triangular dither,Quantization & Numerical Resolution,Batch 5
Noise-shaped dither,Quantization & Numerical Resolution,Batch 5
Subtractive dither,Quantization & Numerical Resolution,Batch 5
Dither decorrelation,Quantization & Numerical Resolution,Batch 5
Low-level signal preservation,Quantization & Numerical Resolution,Batch 5
Theoretical dynamic range,Quantization & Numerical Resolution,Batch 5
Integer PCM,Quantization & Numerical Resolution,Batch 5
Signed PCM,Quantization & Numerical Resolution,Batch 5
Unsigned PCM,Quantization & Numerical Resolution,Batch 5
Two's-complement representation,Quantization & Numerical Resolution,Batch 5
Fixed-point arithmetic,Quantization & Numerical Resolution,Batch 5
Floating-point arithmetic,Quantization & Numerical Resolution,Batch 5
Mantissa or significand,Quantization & Numerical Resolution,Batch 5
Exponent,Quantization & Numerical Resolution,Batch 5
Floating-point headroom,Quantization & Numerical Resolution,Batch 5
Floating-point precision,Quantization & Numerical Resolution,Batch 5
Denormal numbers,Quantization & Numerical Resolution,Batch 5
Numerical overflow,Quantization & Numerical Resolution,Batch 5
Numerical underflow,Quantization & Numerical Resolution,Batch 5
Accumulator precision,Quantization & Numerical Resolution,Batch 5
Rounding accumulation,Quantization & Numerical Resolution,Batch 5
Internal processing precision,Quantization & Numerical Resolution,Batch 5
Export bit depth versus processing bit depth,Quantization & Numerical Resolution,Batch 5
Why 32-bit float does not repair ADC clipping,Quantization & Numerical Resolution,Batch 5
Why nominal 24-bit recording does not provide 24 usable bits,Quantization & Numerical Resolution,Batch 5
Discrete-time signals,DSP Concepts,Batch 5
Discrete-valued signals,DSP Concepts,Batch 5
Difference equations,DSP Concepts,Batch 5
Linear convolution,DSP Concepts,Batch 5
Circular convolution,DSP Concepts,Batch 5
Unit impulse,DSP Concepts,Batch 5
System response,DSP Concepts,Batch 5
Time invariance,DSP Concepts,Batch 5
Causality,DSP Concepts,Batch 5
Stability,DSP Concepts,Batch 5
Finite impulse response,DSP Concepts,Batch 5
Infinite impulse response,DSP Concepts,Batch 5
Recursive processing,DSP Concepts,Batch 5
Feedback in digital filters,DSP Concepts,Batch 5
Delay elements,DSP Concepts,Batch 5
Z-plane,DSP Concepts,Batch 5
Stability regions,DSP Concepts,Batch 5
Inverse Fourier transform,DSP Concepts,Batch 5
Time-frequency duality,DSP Concepts,Batch 5
Frequency-bin spacing,DSP Concepts,Batch 5
FFT resolution,DSP Concepts,Batch 5
Time resolution versus frequency resolution,DSP Concepts,Batch 5
Window functions,DSP Concepts,Batch 5
Rectangular window,DSP Concepts,Batch 5
Side lobes,DSP Concepts,Batch 5
Scalloping loss,DSP Concepts,Batch 5
Coherent sampling,DSP Concepts,Batch 5
Overlap processing,DSP Concepts,Batch 5
Spectrogram interpretation,DSP Concepts,Batch 5
Wavelet analysis,DSP Concepts,Batch 5
Envelope extraction,DSP Concepts,Batch 5
Cross-spectrum,DSP Concepts,Batch 5
Auto-spectrum,DSP Concepts,Batch 5
Transfer-function estimation,DSP Concepts,Batch 5
System identification,DSP Concepts,Batch 5
Finite precision effects,DSP Concepts,Batch 5
Processing latency,DSP Concepts,Batch 5
Block processing,DSP Concepts,Batch 5
Real-time versus offline processing,DSP Concepts,Batch 5
Audio codec versus container,Audio File Formats & Data,Batch 5
Uncompressed PCM,Audio File Formats & Data,Batch 5
Lossless compression,Audio File Formats & Data,Batch 5
Constant bit rate,Audio File Formats & Data,Batch 5
Variable bit rate,Audio File Formats & Data,Batch 5
Sample rate versus bit rate,Audio File Formats & Data,Batch 5
Bit depth versus bit rate,Audio File Formats & Data,Batch 5
Channel count and data rate,Audio File Formats & Data,Batch 5
Interleaved versus planar audio,Audio File Formats & Data,Batch 5
Byte order,Audio File Formats & Data,Batch 5
Big-endian versus little-endian storage,Audio File Formats & Data,Batch 5
File headers,Audio File Formats & Data,Batch 5
Embedded loudness metadata,Audio File Formats & Data,Batch 5
Psychoacoustic coding,Audio File Formats & Data,Batch 5
Perceptual masking in codecs,Audio File Formats & Data,Batch 5
Transform coding,Audio File Formats & Data,Batch 5
Temporal masking in codecs,Audio File Formats & Data,Batch 5
Pre-echo artifacts,Audio File Formats & Data,Batch 5
Tonal noise artifacts,Audio File Formats & Data,Batch 5
Stereo coupling,Audio File Formats & Data,Batch 5
Mid/side coding,Audio File Formats & Data,Batch 5
Codec generation loss,Audio File Formats & Data,Batch 5
Transcoding loss,Audio File Formats & Data,Batch 5
Normalization metadata,Audio File Formats & Data,Batch 5
Gapless playback,Audio File Formats & Data,Batch 5
Sample-accurate file boundaries,Audio File Formats & Data,Batch 5
Inter-sample peaks after encoding,Audio File Formats & Data,Batch 5
Dither during format conversion,Audio File Formats & Data,Batch 5
File-size calculations,Audio File Formats & Data,Batch 5
Pressure microphones,Microphone Concepts,Batch 5
Pressure-gradient microphones,Microphone Concepts,Batch 5
Velocity-sensitive microphones,Microphone Concepts,Batch 5
Omnidirectional behavior,Microphone Concepts,Batch 5
Directional behavior,Microphone Concepts,Batch 5
Polar patterns,Microphone Concepts,Batch 5
Cardioid formation,Microphone Concepts,Batch 5
Supercardioid pattern,Microphone Concepts,Batch 5
Hypercardioid pattern,Microphone Concepts,Batch 5
Figure-eight pattern,Microphone Concepts,Batch 5
Frequency-dependent polar response,Microphone Concepts,Batch 5
Pressure doubling at boundaries,Microphone Concepts,Batch 5
Diaphragm size versus behavior,Microphone Concepts,Batch 5
Transducer sensitivity,Microphone Concepts,Batch 5
Acoustic labyrinths,Microphone Concepts,Batch 5
Rear-port delay networks,Microphone Concepts,Batch 5
Interference tubes,Microphone Concepts,Batch 5
Condenser polarization,Microphone Concepts,Batch 5
Dynamic-microphone induction,Microphone Concepts,Batch 5
Ribbon-microphone operation,Microphone Concepts,Batch 5
Ribbon loading,Microphone Concepts,Batch 5
Transformer effects,Microphone Concepts,Batch 5
Balanced microphone lines,Microphone Concepts,Batch 5
Microphone preamplifier noise,Microphone Concepts,Batch 5
Critical distance and microphone placement,Microphone Concepts,Batch 5
Distance factor,Microphone Concepts,Batch 5
Phase interaction between microphones,Microphone Concepts,Batch 5
3:1 placement guideline,Microphone Concepts,Batch 5
Coincident stereo arrays,Microphone Concepts,Batch 5
Near-coincident arrays,Microphone Concepts,Batch 5
Spaced arrays,Microphone Concepts,Batch 5
Ambisonic microphones,Microphone Concepts,Batch 5
Mid/side recording,Microphone Concepts,Batch 5
Blumlein configuration,Microphone Concepts,Batch 5
Boundary microphones,Microphone Concepts,Batch 5
Moving-coil loudspeaker operation,Loudspeaker Concepts,Batch 5
Electromagnetic force,Loudspeaker Concepts,Batch 5
Cone motion,Loudspeaker Concepts,Batch 5
Diaphragm breakup,Loudspeaker Concepts,Batch 5
Piston-band operation,Loudspeaker Concepts,Batch 5
Back electromotive force,Loudspeaker Concepts,Batch 5
Loudspeaker impedance,Loudspeaker Concepts,Batch 5
Nominal versus actual impedance,Loudspeaker Concepts,Batch 5
Impedance curves,Loudspeaker Concepts,Batch 5
Resonant impedance peak,Loudspeaker Concepts,Batch 5
Sensitivity versus efficiency,Loudspeaker Concepts,Batch 5
Excursion limits,Loudspeaker Concepts,Batch 5
Linear excursion,Loudspeaker Concepts,Batch 5
Mechanical excursion,Loudspeaker Concepts,Batch 5
Cone displacement,Loudspeaker Concepts,Batch 5
Beam narrowing,Loudspeaker Concepts,Batch 5
Driver spacing,Loudspeaker Concepts,Batch 5
Crossover interference,Loudspeaker Concepts,Batch 5
Acoustic-center offset,Loudspeaker Concepts,Batch 5
Coaxial loudspeakers,Loudspeaker Concepts,Batch 5
Point-source approximation,Loudspeaker Concepts,Batch 5
Line-source approximation,Loudspeaker Concepts,Batch 5
Acoustic impedance transformation,Loudspeaker Concepts,Batch 5
Horn directivity,Loudspeaker Concepts,Batch 5
Constant-directivity horns,Loudspeaker Concepts,Batch 5
Waveguides,Loudspeaker Concepts,Batch 5
Compression drivers,Loudspeaker Concepts,Batch 5
Phase plugs,Loudspeaker Concepts,Batch 5
Ported enclosures,Loudspeaker Concepts,Batch 5
Sealed enclosures,Loudspeaker Concepts,Batch 5
Passive radiators,Loudspeaker Concepts,Batch 5
Transmission lines,Loudspeaker Concepts,Batch 5
Band-pass enclosures,Loudspeaker Concepts,Batch 5
Port air velocity,Loudspeaker Concepts,Batch 5
Group delay in loudspeaker systems,Loudspeaker Concepts,Batch 5
Cardioid subwoofer arrays,Loudspeaker Concepts,Batch 5
End-fire arrays,Loudspeaker Concepts,Batch 5
Gradient arrays,Loudspeaker Concepts,Batch 5
Broadside arrays,Loudspeaker Concepts,Batch 5
Steering,Loudspeaker Concepts,Batch 5
Electronic beamforming,Loudspeaker Concepts,Batch 5
Line arrays,Loudspeaker Concepts,Batch 5
Line-array curvature,Loudspeaker Concepts,Batch 5
Cylindrical spreading assumptions,Loudspeaker Concepts,Batch 5
Near-field and far-field transitions,Loudspeaker Concepts,Batch 5
Splay angles,Loudspeaker Concepts,Batch 5
Grating lobes,Loudspeaker Concepts,Batch 5
Array coherence,Loudspeaker Concepts,Batch 5
Acoustic crossover between array elements,Loudspeaker Concepts,Batch 5
Capacitance,Amplifiers & Electrical Audio,Batch 5
Inductance,Amplifiers & Electrical Audio,Batch 5
Electrical power,Amplifiers & Electrical Audio,Batch 5
Alternating current,Amplifiers & Electrical Audio,Batch 5
Direct current,Amplifiers & Electrical Audio,Batch 5
Peak voltage,Amplifiers & Electrical Audio,Batch 5
Balanced signaling,Amplifiers & Electrical Audio,Batch 5
Unbalanced signaling,Amplifiers & Electrical Audio,Batch 5
Differential signaling,Amplifiers & Electrical Audio,Batch 5
Grounding,Amplifiers & Electrical Audio,Batch 5
Ground loops,Amplifiers & Electrical Audio,Batch 5
Signal ground versus safety ground,Amplifiers & Electrical Audio,Batch 5
Isolation transformers,Amplifiers & Electrical Audio,Batch 5
Input impedance,Amplifiers & Electrical Audio,Batch 5
Source-load interaction,Amplifiers & Electrical Audio,Batch 5
Maximum power transfer,Amplifiers & Electrical Audio,Batch 5
Voltage-divider effects,Amplifiers & Electrical Audio,Batch 5
Cable inductance,Amplifiers & Electrical Audio,Batch 5
Cable resistance,Amplifiers & Electrical Audio,Batch 5
Transmission-line behavior,Amplifiers & Electrical Audio,Batch 5
Reflections in digital cables,Amplifiers & Electrical Audio,Batch 5
Amplifier gain,Amplifiers & Electrical Audio,Batch 5
Voltage sensitivity,Amplifiers & Electrical Audio,Batch 5
Amplifier clipping,Amplifiers & Electrical Audio,Batch 5
Output-current limiting,Amplifiers & Electrical Audio,Batch 5
Thermal limiting,Amplifiers & Electrical Audio,Batch 5
Class A amplification,Amplifiers & Electrical Audio,Batch 5
Class B amplification,Amplifiers & Electrical Audio,Batch 5
Class AB amplification,Amplifiers & Electrical Audio,Batch 5
Class D amplification,Amplifiers & Electrical Audio,Batch 5
Feedback stability,Amplifiers & Electrical Audio,Batch 5
Bridged amplifier operation,Amplifiers & Electrical Audio,Batch 5
Parallel amplifier operation,Amplifiers & Electrical Audio,Batch 5
Constant-voltage distributed systems,Amplifiers & Electrical Audio,Batch 5
70-volt and 100-volt systems,Amplifiers & Electrical Audio,Batch 5
Transformer taps,Amplifiers & Electrical Audio,Batch 5
Loudspeaker load calculations,Amplifiers & Electrical Audio,Batch 5
Series and parallel loads,Amplifiers & Electrical Audio,Batch 5
Reactive loudspeaker loads,Amplifiers & Electrical Audio,Batch 5
Serial digital audio,Audio Networking & Transport (Concepts),Batch 5
Parallel digital audio,Audio Networking & Transport (Concepts),Batch 5
Bit clock,Audio Networking & Transport (Concepts),Batch 5
Frame clock,Audio Networking & Transport (Concepts),Batch 5
Embedded clocking,Audio Networking & Transport (Concepts),Batch 5
Jitter accumulation,Audio Networking & Transport (Concepts),Batch 5
Synchronization,Audio Networking & Transport (Concepts),Batch 5
Sample-accurate synchronization,Audio Networking & Transport (Concepts),Batch 5
Linear timecode,Audio Networking & Transport (Concepts),Batch 5
MIDI timecode,Audio Networking & Transport (Concepts),Batch 5
Precision Time Protocol,Audio Networking & Transport (Concepts),Batch 5
Network clock domains,Audio Networking & Transport (Concepts),Batch 5
Packetized audio,Audio Networking & Transport (Concepts),Batch 5
Deterministic latency,Audio Networking & Transport (Concepts),Batch 5
Variable latency,Audio Networking & Transport (Concepts),Batch 5
Jitter buffers,Audio Networking & Transport (Concepts),Batch 5
Packet reordering,Audio Networking & Transport (Concepts),Batch 5
Error correction,Audio Networking & Transport (Concepts),Batch 5
Redundant networking,Audio Networking & Transport (Concepts),Batch 5
Multicast,Audio Networking & Transport (Concepts),Batch 5
Unicast,Audio Networking & Transport (Concepts),Batch 5
Quality of service,Audio Networking & Transport (Concepts),Batch 5
Channel count calculations,Audio Networking & Transport (Concepts),Batch 5
Sample-rate effects on network load,Audio Networking & Transport (Concepts),Batch 5
Bit-depth effects on network load,Audio Networking & Transport (Concepts),Batch 5
Discovery and subscription,Audio Networking & Transport (Concepts),Batch 5
Clock-master election,Audio Networking & Transport (Concepts),Batch 5
Boundary clocks,Audio Networking & Transport (Concepts),Batch 5
Transparent clocks,Audio Networking & Transport (Concepts),Batch 5
Network topology,Audio Networking & Transport (Concepts),Batch 5
Layer 2 versus Layer 3 transport,Audio Networking & Transport (Concepts),Batch 5
Virtual local area networks,Audio Networking & Transport (Concepts),Batch 5
Spanning tree,Audio Networking & Transport (Concepts),Batch 5
Link aggregation,Audio Networking & Transport (Concepts),Batch 5
Sample-rate mismatch across devices,Audio Networking & Transport (Concepts),Batch 5
Asynchronous endpoints,Audio Networking & Transport (Concepts),Batch 5
Buffering and end-to-end latency,Audio Networking & Transport (Concepts),Batch 5
Networked-audio troubleshooting,Audio Networking & Transport (Concepts),Batch 5
Hearing threshold,Psychoacoustics & Hearing,Batch 5
Audible frequency range,Psychoacoustics & Hearing,Batch 5
Age-related high-frequency loss,Psychoacoustics & Hearing,Batch 5
Outer-ear filtering,Psychoacoustics & Hearing,Batch 5
Middle-ear transfer,Psychoacoustics & Hearing,Batch 5
Cochlear mechanics,Psychoacoustics & Hearing,Batch 5
Basilar-membrane frequency mapping,Psychoacoustics & Hearing,Batch 5
Hair-cell transduction,Psychoacoustics & Hearing,Batch 5
Auditory nerve firing,Psychoacoustics & Hearing,Batch 5
Binaural summation,Psychoacoustics & Hearing,Batch 5
Localization,Psychoacoustics & Hearing,Batch 5
Head-related transfer functions,Psychoacoustics & Hearing,Batch 5
Pinna cues,Psychoacoustics & Hearing,Batch 5
Front-back confusion,Psychoacoustics & Hearing,Batch 5
Elevation perception,Psychoacoustics & Hearing,Batch 5
Harmonic grouping,Psychoacoustics & Hearing,Batch 5
Temporal grouping,Psychoacoustics & Hearing,Batch 5
Selective attention,Psychoacoustics & Hearing,Batch 5
Auditory adaptation,Psychoacoustics & Hearing,Batch 5
Auditory fatigue,Psychoacoustics & Hearing,Batch 5
Diplacusis,Psychoacoustics & Hearing,Batch 5
Occlusion effect,Psychoacoustics & Hearing,Batch 5
Bone conduction,Psychoacoustics & Hearing,Batch 5
Air conduction,Psychoacoustics & Hearing,Batch 5
Binaural beats,Psychoacoustics & Hearing,Batch 5
Combination tones,Psychoacoustics & Hearing,Batch 5
Auditory illusions,Psychoacoustics & Hearing,Batch 5
Phantom fundamental,Psychoacoustics & Hearing,Batch 5
Shepard tones,Psychoacoustics & Hearing,Batch 5
Tritone paradox,Psychoacoustics & Hearing,Batch 5
McGurk-style audiovisual influence on speech,Psychoacoustics & Hearing,Batch 5
Expectation bias,Psychoacoustics & Hearing,Batch 5
Loudness bias,Psychoacoustics & Hearing,Batch 5
Sighted versus blind listening,Psychoacoustics & Hearing,Batch 5
Listener training and perceptual learning,Psychoacoustics & Hearing,Batch 5
Intensity stereophony,"Stereo, Binaural & Spatial Audio",Batch 5
Time-difference stereophony,"Stereo, Binaural & Spatial Audio",Batch 5
Phase-difference stereophony,"Stereo, Binaural & Spatial Audio",Batch 5
Coincident stereo,"Stereo, Binaural & Spatial Audio",Batch 5
Near-coincident stereo,"Stereo, Binaural & Spatial Audio",Batch 5
Spaced-pair stereo,"Stereo, Binaural & Spatial Audio",Batch 5
Mid/side stereo,"Stereo, Binaural & Spatial Audio",Batch 5
Sum-and-difference matrices,"Stereo, Binaural & Spatial Audio",Batch 5
Interchannel correlation,"Stereo, Binaural & Spatial Audio",Batch 5
Negative correlation,"Stereo, Binaural & Spatial Audio",Batch 5
Phase-scope interpretation,"Stereo, Binaural & Spatial Audio",Batch 5
Image shift with listener movement,"Stereo, Binaural & Spatial Audio",Batch 5
Individualized HRTFs,"Stereo, Binaural & Spatial Audio",Batch 5
Head tracking,"Stereo, Binaural & Spatial Audio",Batch 5
Spherical harmonics,"Stereo, Binaural & Spatial Audio",Batch 5
Ambisonic encoding,"Stereo, Binaural & Spatial Audio",Batch 5
Ambisonic decoding,"Stereo, Binaural & Spatial Audio",Batch 5
Sound-field rotation,"Stereo, Binaural & Spatial Audio",Batch 5
Sound-field translation,"Stereo, Binaural & Spatial Audio",Batch 5
Scene-based audio,"Stereo, Binaural & Spatial Audio",Batch 5
Bed channels,"Stereo, Binaural & Spatial Audio",Batch 5
Audio objects,"Stereo, Binaural & Spatial Audio",Batch 5
Metadata-driven rendering,"Stereo, Binaural & Spatial Audio",Batch 5
Distance-based amplitude panning,"Stereo, Binaural & Spatial Audio",Batch 5
Higher-order spatial aliasing,"Stereo, Binaural & Spatial Audio",Batch 5
Elevation channels,"Stereo, Binaural & Spatial Audio",Batch 5
Height localization,"Stereo, Binaural & Spatial Audio",Batch 5
Downmixing,"Stereo, Binaural & Spatial Audio",Batch 5
Fold-down compatibility,"Stereo, Binaural & Spatial Audio",Batch 5
Binaural rendering of immersive mixes,"Stereo, Binaural & Spatial Audio",Batch 5
Measurement signal versus program material,Measurement & Analysis (Concepts),Batch 5
Reference calibration,Measurement & Analysis (Concepts),Batch 5
Accuracy versus precision,Measurement & Analysis (Concepts),Batch 5
Tolerance,Measurement & Analysis (Concepts),Batch 5
Measurement microphone calibration,Measurement & Analysis (Concepts),Batch 5
Random-incidence calibration,Measurement & Analysis (Concepts),Batch 5
Sound-level meter time weighting,Measurement & Analysis (Concepts),Batch 5
Fast weighting,Measurement & Analysis (Concepts),Batch 5
Slow weighting,Measurement & Analysis (Concepts),Batch 5
Impulse weighting,Measurement & Analysis (Concepts),Batch 5
Frequency weighting,Measurement & Analysis (Concepts),Batch 5
A weighting,Measurement & Analysis (Concepts),Batch 5
C weighting,Measurement & Analysis (Concepts),Batch 5
Peak sound pressure,Measurement & Analysis (Concepts),Batch 5
Dose,Measurement & Analysis (Concepts),Batch 5
Real-time analysis,Measurement & Analysis (Concepts),Batch 5
Fractional-octave analysis,Measurement & Analysis (Concepts),Batch 5
Constant-percentage bandwidth,Measurement & Analysis (Concepts),Batch 5
Constant-Hz bandwidth,Measurement & Analysis (Concepts),Batch 5
Fractional-octave smoothing,Measurement & Analysis (Concepts),Batch 5
Psychoacoustic smoothing,Measurement & Analysis (Concepts),Batch 5
Time averaging,Measurement & Analysis (Concepts),Batch 5
Frequency-response measurement,Measurement & Analysis (Concepts),Batch 5
Reference-channel delay,Measurement & Analysis (Concepts),Batch 5
Spectrograph,Measurement & Analysis (Concepts),Batch 5
Wavelet spectrogram,Measurement & Analysis (Concepts),Batch 5
Group-delay plot,Measurement & Analysis (Concepts),Batch 5
Excess-phase plot,Measurement & Analysis (Concepts),Batch 5
Minimum-phase derivation,Measurement & Analysis (Concepts),Batch 5
Windowing an impulse response,Measurement & Analysis (Concepts),Batch 5
Gating reflections,Measurement & Analysis (Concepts),Batch 5
Near-field loudspeaker measurement,Measurement & Analysis (Concepts),Batch 5
Merging near-field and far-field responses,Measurement & Analysis (Concepts),Batch 5
Polar measurement,Measurement & Analysis (Concepts),Batch 5
Directivity balloon,Measurement & Analysis (Concepts),Batch 5
Spinorama-style data,Measurement & Analysis (Concepts),Batch 5
Balloon interpolation,Measurement & Analysis (Concepts),Batch 5
Measurement noise floor,Measurement & Analysis (Concepts),Batch 5
Distortion measurement,Measurement & Analysis (Concepts),Batch 5
Multitone testing,Measurement & Analysis (Concepts),Batch 5
Maximum-length sequence measurement,Measurement & Analysis (Concepts),Batch 5
Transfer-function averaging,Measurement & Analysis (Concepts),Batch 5
Vector averaging,Measurement & Analysis (Concepts),Batch 5
Calibration offsets,Measurement & Analysis (Concepts),Batch 5
Measurement latency,Measurement & Analysis (Concepts),Batch 5
Clock mismatch during measurement,Measurement & Analysis (Concepts),Batch 5
Ringing out a system,Live Sound & System Optimization,Batch 5
Feedback loop gain,Live Sound & System Optimization,Batch 5
Feedback stability margin,Live Sound & System Optimization,Batch 5
Open-loop versus closed-loop behavior,Live Sound & System Optimization,Batch 5
Microphone-loudspeaker geometry,Live Sound & System Optimization,Batch 5
Uniformity,Live Sound & System Optimization,Batch 5
Directivity control,Live Sound & System Optimization,Batch 5
Loudspeaker aiming,Live Sound & System Optimization,Batch 5
Acoustic overlap,Live Sound & System Optimization,Batch 5
Acoustic crossover zones,Live Sound & System Optimization,Batch 5
Delay speakers,Live Sound & System Optimization,Batch 5
Under-balcony fills,Live Sound & System Optimization,Batch 5
Out fills,Live Sound & System Optimization,Batch 5
Distributed systems,Live Sound & System Optimization,Batch 5
Magnitude summation,Live Sound & System Optimization,Batch 5
Main-to-sub timing,Live Sound & System Optimization,Batch 5
Boundary interaction,Live Sound & System Optimization,Batch 5
Stage spill,Live Sound & System Optimization,Batch 5
Monitor gain before feedback,Live Sound & System Optimization,Batch 5
In-ear monitor isolation,Live Sound & System Optimization,Batch 5
Latency in monitoring systems,Live Sound & System Optimization,Batch 5
Comb filtering from multiple loudspeakers,Live Sound & System Optimization,Batch 5
Subwoofer lobing,Live Sound & System Optimization,Batch 5
Array steering,Live Sound & System Optimization,Batch 5
Delay shading,Live Sound & System Optimization,Batch 5
Frequency shading,Live Sound & System Optimization,Batch 5
Coverage versus throw,Live Sound & System Optimization,Batch 5
Temperature and humidity effects,Live Sound & System Optimization,Batch 5
Wind effects,Live Sound & System Optimization,Batch 5
Outdoor propagation,Live Sound & System Optimization,Batch 5
Empty-room versus occupied-room response,Live Sound & System Optimization,Batch 5
System equalization versus room correction,Live Sound & System Optimization,Batch 5
Measurement-position dependency,Live Sound & System Optimization,Batch 5
Spatial averaging for system tuning,Live Sound & System Optimization,Batch 5
Target curves,Live Sound & System Optimization,Batch 5
House curves,Live Sound & System Optimization,Batch 5
Tonal balance versus flatness,Live Sound & System Optimization,Batch 5
System optimization under time constraints,Live Sound & System Optimization,Batch 5
Gain staging through a recording chain,Recording & Studio Concepts,Batch 5
Microphone placement as spectral control,Recording & Studio Concepts,Batch 5
Room-to-direct balance,Recording & Studio Concepts,Batch 5
Early-reflection coloration,Recording & Studio Concepts,Batch 5
Multi-microphone time alignment,Recording & Studio Concepts,Batch 5
Polarity checking,Recording & Studio Concepts,Batch 5
Comb filtering in layered recordings,Recording & Studio Concepts,Batch 5
Transient capture,Recording & Studio Concepts,Batch 5
Source dynamics,Recording & Studio Concepts,Batch 5
Microphone overload,Recording & Studio Concepts,Batch 5
Preamplifier overload,Recording & Studio Concepts,Batch 5
Converter overload,Recording & Studio Concepts,Batch 5
Analog headroom versus digital headroom,Recording & Studio Concepts,Batch 5
Noise accumulation,Recording & Studio Concepts,Batch 5
Ground loops in recording systems,Recording & Studio Concepts,Batch 5
Cue-mix latency,Recording & Studio Concepts,Batch 5
Round-trip latency,Recording & Studio Concepts,Batch 5
Buffer-size tradeoffs,Recording & Studio Concepts,Batch 5
Sample-rate effects on latency,Recording & Studio Concepts,Batch 5
Editing at zero crossings,Recording & Studio Concepts,Batch 5
Crossfades,Recording & Studio Concepts,Batch 5
Phase-coherent editing,Recording & Studio Concepts,Batch 5
Elastic audio artifacts,Recording & Studio Concepts,Batch 5
Destructive versus nondestructive editing,Recording & Studio Concepts,Batch 5
Session sample-rate management,Recording & Studio Concepts,Batch 5
Clocking multiple digital devices,Recording & Studio Concepts,Batch 5
Impedance conversion,Recording & Studio Concepts,Batch 5
Direct injection,Recording & Studio Concepts,Batch 5
Instrument-level versus line-level signals,Recording & Studio Concepts,Batch 5
Ground lifting and electrical safety,Recording & Studio Concepts,Batch 5
Perspective,Mixing Concepts,Batch 5
Height perception,Mixing Concepts,Batch 5
Level masking,Mixing Concepts,Batch 5
Arrangement masking,Mixing Concepts,Batch 5
Tonal hierarchy,Mixing Concepts,Batch 5
Dynamic hierarchy,Mixing Concepts,Batch 5
Transient hierarchy,Mixing Concepts,Batch 5
Center-image management,Mixing Concepts,Batch 5
Low-frequency mono compatibility,Mixing Concepts,Batch 5
Stereo decorrelation,Mixing Concepts,Batch 5
Phase-based widening,Mixing Concepts,Batch 5
Haas-based widening,Mixing Concepts,Batch 5
Artificial double tracking,Mixing Concepts,Batch 5
Mid/side equalization,Mixing Concepts,Batch 5
Mid/side compression,Mixing Concepts,Batch 5
Serial processing,Mixing Concepts,Batch 5
Processor-order interaction,Mixing Concepts,Batch 5
Pre-emphasis and de-emphasis,Mixing Concepts,Batch 5
Sidechain routing,Mixing Concepts,Batch 5
Bus compression,Mixing Concepts,Batch 5
Mix-bus headroom,Mixing Concepts,Batch 5
Summing,Mixing Concepts,Batch 5
Relative versus absolute level,Mixing Concepts,Batch 5
Loudness matching for comparison,Mixing Concepts,Batch 5
Ear fatigue,Mixing Concepts,Batch 5
Reference tracks,Mixing Concepts,Batch 5
Monitoring level,Mixing Concepts,Batch 5
Translation across playback systems,Mixing Concepts,Batch 5
Room influence on mix decisions,Mixing Concepts,Batch 5
Frequency balance versus perceived balance,Mixing Concepts,Batch 5
Transient density,Mixing Concepts,Batch 5
Reverberant density,Mixing Concepts,Batch 5
Cohesion,Mixing Concepts,Batch 5
Weight,Mixing Concepts,Batch 5
Perceptual descriptors versus measurable properties,Mixing Concepts,Batch 5
Room size as a perceptual parameter,Reverb & Delay (Concepts),Batch 5
Algorithmic reverberation,Reverb & Delay (Concepts),Batch 5
Convolution reverberation,Reverb & Delay (Concepts),Batch 5
Impulse-response capture,Reverb & Delay (Concepts),Batch 5
Time variance in natural spaces,Reverb & Delay (Concepts),Batch 5
Static versus modulated reverb,Reverb & Delay (Concepts),Batch 5
Plate-reverb behavior,Reverb & Delay (Concepts),Batch 5
Spring-reverb behavior,Reverb & Delay (Concepts),Batch 5
Chamber-reverb behavior,Reverb & Delay (Concepts),Batch 5
Reverb predelay and source distance,Reverb & Delay (Concepts),Batch 5
Reverb masking,Reverb & Delay (Concepts),Batch 5
Reverb ducking,Reverb & Delay (Concepts),Batch 5
Delay filtering,Reverb & Delay (Concepts),Batch 5
Note-value delay,Reverb & Delay (Concepts),Batch 5
Dotted and triplet delays,Reverb & Delay (Concepts),Batch 5
Slap delay,Reverb & Delay (Concepts),Batch 5
Comb filtering in short delays,Reverb & Delay (Concepts),Batch 5
Delay-line interpolation,Reverb & Delay (Concepts),Batch 5
Doppler effects during delay modulation,Reverb & Delay (Concepts),Batch 5
Feedback stability in delay networks,Reverb & Delay (Concepts),Batch 5
Low-frequency oscillation,Modulation & Synthesis,Batch 5
Sideband formation,Modulation & Synthesis,Batch 5
Carrier suppression,Modulation & Synthesis,Batch 5
Through-zero modulation,Modulation & Synthesis,Batch 5
Frequency-modulation index,Modulation & Synthesis,Batch 5
Bessel-function sideband behavior,Modulation & Synthesis,Batch 5
Modal synthesis,Modulation & Synthesis,Batch 5
Vector synthesis,Modulation & Synthesis,Batch 5
Spectral synthesis,Modulation & Synthesis,Batch 5
Formant synthesis,Modulation & Synthesis,Batch 5
Convolution synthesis,Modulation & Synthesis,Batch 5
Phase-distortion synthesis,Modulation & Synthesis,Batch 5
Aliasing in digital oscillators,Modulation & Synthesis,Batch 5
Band-limited oscillator generation,Modulation & Synthesis,Batch 5
Oscillator synchronization,Modulation & Synthesis,Batch 5
Soft sync,Modulation & Synthesis,Batch 5
Envelope generators,Modulation & Synthesis,Batch 5
Attack-decay-sustain-release behavior,Modulation & Synthesis,Batch 5
Control-rate versus audio-rate modulation,Modulation & Synthesis,Batch 5
Tuning systems,Modulation & Synthesis,Batch 5
Microtuning,Modulation & Synthesis,Batch 5
Control smoothing,Modulation & Synthesis,Batch 5
Parameter zipper noise,Modulation & Synthesis,Batch 5
Harmonic excitation,Musical Instrument Acoustics,Batch 5
Resonating body,Musical Instrument Acoustics,Batch 5
Standing waves on strings,Musical Instrument Acoustics,Batch 5
Open-string and stopped-string behavior,Musical Instrument Acoustics,Batch 5
String modes,Musical Instrument Acoustics,Batch 5
String stiffness and inharmonicity,Musical Instrument Acoustics,Batch 5
Pluck position and harmonic content,Musical Instrument Acoustics,Batch 5
Bowing excitation,Musical Instrument Acoustics,Batch 5
Air-column resonance,Musical Instrument Acoustics,Batch 5
Open and closed pipes,Musical Instrument Acoustics,Batch 5
End correction,Musical Instrument Acoustics,Batch 5
Register changes,Musical Instrument Acoustics,Batch 5
Reed oscillation,Musical Instrument Acoustics,Batch 5
Lip-reed oscillation,Musical Instrument Acoustics,Batch 5
Bore shape,Musical Instrument Acoustics,Batch 5
Cylindrical versus conical bores,Musical Instrument Acoustics,Batch 5
Tone holes,Musical Instrument Acoustics,Batch 5
Bell radiation,Musical Instrument Acoustics,Batch 5
Brass directivity,Musical Instrument Acoustics,Batch 5
Woodwind directivity,Musical Instrument Acoustics,Batch 5
Membrane modes,Musical Instrument Acoustics,Batch 5
Drumhead overtones,Musical Instrument Acoustics,Batch 5
Coupled drumheads,Musical Instrument Acoustics,Batch 5
Snare-wire response,Musical Instrument Acoustics,Batch 5
Cymbal modes,Musical Instrument Acoustics,Batch 5
Inharmonic percussion spectra,Musical Instrument Acoustics,Batch 5
Piano-string inharmonicity,Musical Instrument Acoustics,Batch 5
Soundboard coupling,Musical Instrument Acoustics,Batch 5
Sympathetic string resonance,Musical Instrument Acoustics,Batch 5
Pickup placement,Musical Instrument Acoustics,Batch 5
Magnetic pickup aperture,Musical Instrument Acoustics,Batch 5
Instrument body modes,Musical Instrument Acoustics,Batch 5
Wolf tones,Musical Instrument Acoustics,Batch 5
Formants in musical instruments,Musical Instrument Acoustics,Batch 5
Vocal-fold vibration,Speech & Voice,Batch 5
Source-filter theory,Speech & Voice,Batch 5
Fundamental frequency of voice,Speech & Voice,Batch 5
Vocal harmonics,Speech & Voice,Batch 5
Formants,Speech & Voice,Batch 5
Vocal-tract resonances,Speech & Voice,Batch 5
Vowel formation,Speech & Voice,Batch 5
Consonant formation,Speech & Voice,Batch 5
Voiced versus unvoiced speech,Speech & Voice,Batch 5
Plosives,Speech & Voice,Batch 5
Fricatives,Speech & Voice,Batch 5
Glottal pulse,Speech & Voice,Batch 5
Pitch versus formant,Speech & Voice,Batch 5
Pitch shifting without formant correction,Speech & Voice,Batch 5
Vocal proximity effect,Speech & Voice,Batch 5
Consonant-to-vowel balance,Speech & Voice,Batch 5
Vocal dynamic range,Speech & Voice,Batch 5
Voice onset,Speech & Voice,Batch 5
Vocal fry,Speech & Voice,Batch 5
Falsetto,Speech & Voice,Batch 5
Chest and head registration,Speech & Voice,Batch 5
Comb filtering from podium or desk reflections,Speech & Voice,Batch 5
Plosive control,Speech & Voice,Batch 5
Dialogue matching,Speech & Voice,Batch 5
Room-tone continuity,Speech & Voice,Batch 5
Frequency identification,Critical Listening & Perception,Batch 5
Level-difference identification,Critical Listening & Perception,Batch 5
Delay identification,Critical Listening & Perception,Batch 5
Phase-change audibility,Critical Listening & Perception,Batch 5
Distortion identification,Critical Listening & Perception,Batch 5
Compression identification,Critical Listening & Perception,Batch 5
Attack and release recognition,Critical Listening & Perception,Batch 5
Reverb-time recognition,Critical Listening & Perception,Batch 5
Predelay recognition,Critical Listening & Perception,Batch 5
Early-reflection recognition,Critical Listening & Perception,Batch 5
Noise-color identification,Critical Listening & Perception,Batch 5
Clipping recognition,Critical Listening & Perception,Batch 5
Aliasing recognition,Critical Listening & Perception,Batch 5
Quantization-distortion recognition,Critical Listening & Perception,Batch 5
Codec-artifact recognition,Critical Listening & Perception,Batch 5
Resonance identification,Critical Listening & Perception,Batch 5
Comb-filter identification,Critical Listening & Perception,Batch 5
Polarity-error recognition,Critical Listening & Perception,Batch 5
Spectral-tilt recognition,Critical Listening & Perception,Batch 5
Bandwidth limitation,Critical Listening & Perception,Batch 5
High-pass and low-pass recognition,Critical Listening & Perception,Batch 5
Bell-filter frequency recognition,Critical Listening & Perception,Batch 5
Q-factor recognition,Critical Listening & Perception,Batch 5
Masking recognition,Critical Listening & Perception,Batch 5
Stereo-width recognition,Critical Listening & Perception,Batch 5
Image-position recognition,Critical Listening & Perception,Batch 5
Depth recognition,Critical Listening & Perception,Batch 5
Room-size perception,Critical Listening & Perception,Batch 5
Direct-to-reverberant balance,Critical Listening & Perception,Batch 5
Loudness matching,Critical Listening & Perception,Batch 5
Anchoring bias,Critical Listening & Perception,Batch 5
Order effects in listening tests,Critical Listening & Perception,Batch 5
Memory limitations in audio comparison,Critical Listening & Perception,Batch 5
Training transfer,Critical Listening & Perception,Batch 5
Controlled listening-test design,Critical Listening & Perception,Batch 5
ABX testing,Critical Listening & Perception,Batch 5
Double-blind testing,Critical Listening & Perception,Batch 5
Statistical significance,Critical Listening & Perception,Batch 5
Practical significance,Critical Listening & Perception,Batch 5
Preference versus detection,Critical Listening & Perception,Batch 5
Sound-pressure exposure,Audio Safety (Concepts),Batch 5
Exposure duration,Audio Safety (Concepts),Batch 5
Dose calculation,Audio Safety (Concepts),Batch 5
Peak versus continuous exposure,Audio Safety (Concepts),Batch 5
Hidden hearing damage,Audio Safety (Concepts),Batch 5
Ototoxic exposure,Audio Safety (Concepts),Batch 5
Individual susceptibility,Audio Safety (Concepts),Batch 5
Earplug attenuation,Audio Safety (Concepts),Batch 5
Real-world versus labeled attenuation,Audio Safety (Concepts),Batch 5
Fit testing,Audio Safety (Concepts),Batch 5
Bone-conduction limits of hearing protection,Audio Safety (Concepts),Batch 5
In-ear-monitor exposure,Audio Safety (Concepts),Batch 5
Headphone-output uncertainty,Audio Safety (Concepts),Batch 5
Equal-loudness effects on monitoring decisions,Audio Safety (Concepts),Batch 5
Feedback hazards,Audio Safety (Concepts),Batch 5
Impulse-noise hazards,Audio Safety (Concepts),Batch 5
Electrical shock risk,Audio Safety (Concepts),Batch 5
Phantom-power hazards,Audio Safety (Concepts),Batch 5
Grounding safety,Audio Safety (Concepts),Batch 5
Mains isolation,Audio Safety (Concepts),Batch 5
Rigging and suspended-load safety,Audio Safety (Concepts),Batch 5
Loudspeaker tip-over risk,Audio Safety (Concepts),Batch 5
Cable-trip hazards,Audio Safety (Concepts),Batch 5
Battery thermal hazards,Audio Safety (Concepts),Batch 5
Laser and optical-audio-system hazards,Audio Safety (Concepts),Batch 5
Safe test-tone levels,Audio Safety (Concepts),Batch 5
Ultrasonic exposure considerations,Audio Safety (Concepts),Batch 5
Symptom versus cause,Troubleshooting Concepts,Batch 5
Signal-flow tracing,Troubleshooting Concepts,Batch 5
Divide-and-conquer troubleshooting,Troubleshooting Concepts,Batch 5
Substitution testing,Troubleshooting Concepts,Batch 5
Known-good references,Troubleshooting Concepts,Batch 5
Input versus output fault isolation,Troubleshooting Concepts,Batch 5
Intermittent faults,Troubleshooting Concepts,Batch 5
Thermal faults,Troubleshooting Concepts,Batch 5
Mechanical faults,Troubleshooting Concepts,Batch 5
Ground faults,Troubleshooting Concepts,Batch 5
Clocking faults,Troubleshooting Concepts,Batch 5
Polarity mismatch,Troubleshooting Concepts,Batch 5
Phase misalignment,Troubleshooting Concepts,Batch 5
Gain-structure faults,Troubleshooting Concepts,Batch 5
Clipping-point identification,Troubleshooting Concepts,Batch 5
Noise-source localization,Troubleshooting Concepts,Batch 5
Hum-frequency diagnosis,Troubleshooting Concepts,Batch 5
Buzz-harmonic diagnosis,Troubleshooting Concepts,Batch 5
Capacitive coupling,Troubleshooting Concepts,Batch 5
Inductive coupling,Troubleshooting Concepts,Batch 5
Ground-loop diagnosis,Troubleshooting Concepts,Batch 5
Shield-current problems,Troubleshooting Concepts,Batch 5
Pin-1 problems,Troubleshooting Concepts,Batch 5
Load instability,Troubleshooting Concepts,Batch 5
Amplifier protection modes,Troubleshooting Concepts,Batch 5
Loudspeaker polarity testing,Troubleshooting Concepts,Batch 5
Driver failure detection,Troubleshooting Concepts,Batch 5
Cable-continuity testing,Troubleshooting Concepts,Batch 5
Balanced-line testing,Troubleshooting Concepts,Batch 5
Network-audio packet loss,Troubleshooting Concepts,Batch 5
Clock-master conflict,Troubleshooting Concepts,Batch 5
Buffer and latency faults,Troubleshooting Concepts,Batch 5
Firmware and configuration mismatch,Troubleshooting Concepts,Batch 5
Measurement-tool misuse,Troubleshooting Concepts,Batch 5
Confirmation bias in troubleshooting,Troubleshooting Concepts,Batch 5
Logarithms,Math & Physics for Audio,Batch 5
Exponents,Math & Physics for Audio,Batch 5
Scientific notation,Math & Physics for Audio,Batch 5
Ratios,Math & Physics for Audio,Batch 5
Proportionality,Math & Physics for Audio,Batch 5
Inverse-square relationships,Math & Physics for Audio,Batch 5
Complex numbers,Math & Physics for Audio,Batch 5
Phasors,Math & Physics for Audio,Batch 5
Vectors,Math & Physics for Audio,Batch 5
Scalar versus vector quantities,Math & Physics for Audio,Batch 5
Dot products,Math & Physics for Audio,Batch 5
Cross products,Math & Physics for Audio,Batch 5
Coordinate systems,Math & Physics for Audio,Batch 5
Polar coordinates,Math & Physics for Audio,Batch 5
Spherical coordinates,Math & Physics for Audio,Batch 5
Trigonometric functions,Math & Physics for Audio,Batch 5
Sine and cosine relationships,Math & Physics for Audio,Batch 5
Radians versus degrees,Math & Physics for Audio,Batch 5
Differential equations,Math & Physics for Audio,Batch 5
Differentiation,Math & Physics for Audio,Batch 5
Fourier transforms,Math & Physics for Audio,Batch 5
Laplace transforms,Math & Physics for Audio,Batch 5
Z-transforms,Math & Physics for Audio,Batch 5
Probability distributions,Math & Physics for Audio,Batch 5
Statistical averages,Math & Physics for Audio,Batch 5
Variance,Math & Physics for Audio,Batch 5
Probability density,Math & Physics for Audio,Batch 5
Regression,Math & Physics for Audio,Batch 5
Confidence intervals,Math & Physics for Audio,Batch 5
Matrix operations,Math & Physics for Audio,Batch 5
Eigenvalues,Math & Physics for Audio,Batch 5
Eigenvectors,Math & Physics for Audio,Batch 5
Modal decomposition,Math & Physics for Audio,Batch 5
Boundary conditions,Math & Physics for Audio,Batch 5
Radiation resistance,Math & Physics for Audio,Batch 5
Radiation reactance,Math & Physics for Audio,Batch 5
