term,final_topic,source_batch
AA-IIR,Standards — General Acoustics & Signal Terms,Standards list
ADM Lookup Chunk,"Standards — Immersive/Object/Scene, MIR, ML & Loudness",Standards list
AES EtherType,"Standards — Coding, Systems, Metadata & Transport",Standards list
AES Organizationally Unique Identifier,"Standards — Coding, Systems, Metadata & Transport",Standards list
AES protocol identifier,"Standards — Coding, Systems, Metadata & Transport",Standards list
AES3 block,"Standards — Coding, Systems, Metadata & Transport",Standards list
AES3 frame,"Standards — Coding, Systems, Metadata & Transport",Standards list
ATM adaptation-layer parameter,"Standards — Coding, Systems, Metadata & Transport",Standards list
ATM audio call,"Standards — Coding, Systems, Metadata & Transport",Standards list
ATM interworking,"Standards — Coding, Systems, Metadata & Transport",Standards list
AXML Chunk,"Standards — Coding, Systems, Metadata & Transport",Standards list
Abnormal Growth of Loudness,"Standards — Immersive/Object/Scene, MIR, ML & Loudness",Standards list
Absolute Gating Threshold,"Standards — Immersive/Object/Scene, MIR, ML & Loudness",Standards list
Absolute Limen,"Standards — Psychoacoustics, Hearing & Audiology",Standards list
Absolute object position,"Standards — Immersive/Object/Scene, MIR, ML & Loudness",Standards list
Absolute-polarity inversion,Standards — General Acoustics & Signal Terms,Standards list
Absorption loss,"Standards — Room, Building, Environmental & Measurement",Standards list
Access unit,"Standards — Coding, Systems, Metadata & Transport",Standards list
Accessibility metadata,"Standards — Coding, Systems, Metadata & Transport",Standards list
Accessibility presentation,"Standards — Immersive/Object/Scene, MIR, ML & Loudness",Standards list
Acoustic Activity Index,"Standards — Room, Building, Environmental & Measurement",Standards list
Acoustic Attenuation Constant,"Standards — Room, Building, Environmental & Measurement",Standards list
Acoustic Black Hole,"Standards — Room, Building, Environmental & Measurement",Standards list
Acoustic Bridge,"Standards — Room, Building, Environmental & Measurement",Standards list
Acoustic Dispersion,"Standards — Room, Building, Environmental & Measurement",Standards list
Acoustic Encounter,"Standards — Room, Building, Environmental & Measurement",Standards list
Acoustic Equivalent Volume,"Standards — Room, Building, Environmental & Measurement",Standards list
Acoustic Localization Error,"Standards — Room, Building, Environmental & Measurement",Standards list
Acoustic Radiation Force,"Standards — Room, Building, Environmental & Measurement",Standards list
Acoustic Streaming,"Standards — Room, Building, Environmental & Measurement",Standards list
Acoustic admittance,"Standards — Immersive/Object/Scene, MIR, ML & Loudness",Standards list
Acoustic appropriateness,"Standards — Room, Building, Environmental & Measurement",Standards list
Acoustic boundary,"Standards — Room, Building, Environmental & Measurement",Standards list
Acoustic coupler,"Standards — Room, Building, Environmental & Measurement",Standards list
Acoustic diffraction,"Standards — Room, Building, Environmental & Measurement",Standards list
Acoustic energy map,"Standards — Room, Building, Environmental & Measurement",Standards list
Acoustic environment model,"Standards — Room, Building, Environmental & Measurement",Standards list
Acoustic impedance of water,"Standards — Room, Building, Environmental & Measurement",Standards list
Acoustic multitarget tracking,"Standards — Room, Building, Environmental & Measurement",Standards list
Acoustic obstruction,"Standards — Room, Building, Environmental & Measurement",Standards list
Acoustic opening,"Standards — Room, Building, Environmental & Measurement",Standards list
Acoustic particle acceleration,"Standards — Room, Building, Environmental & Measurement",Standards list
Acoustic particle motion,"Standards — Room, Building, Environmental & Measurement",Standards list
Acoustic prediction data set,"Standards — Room, Building, Environmental & Measurement",Standards list
Acoustic privacy,"Standards — Room, Building, Environmental & Measurement",Standards list
Acoustic ray,"Standards — Room, Building, Environmental & Measurement",Standards list
Acoustic ray path,"Standards — Room, Building, Environmental & Measurement",Standards list
Acoustic region,"Standards — Room, Building, Environmental & Measurement",Standards list
Acoustic source trajectory,"Standards — Room, Building, Environmental & Measurement",Standards list
Acoustic transfer impedance,"Standards — Room, Building, Environmental & Measurement",Standards list
Acoustic transfer-function vector,"Standards — Room, Building, Environmental & Measurement",Standards list
Acoustic visibility,"Standards — Room, Building, Environmental & Measurement",Standards list
Acoustic zone,"Standards — Room, Building, Environmental & Measurement",Standards list
Acoustic-command injection,"Standards — Room, Building, Environmental & Measurement",Standards list
Acoustic-environment recording,"Standards — Room, Building, Environmental & Measurement",Standards list
Acoustic-response parameterization,"Standards — Room, Building, Environmental & Measurement",Standards list
Acoustic-scene graph,"Standards — Immersive/Object/Scene, MIR, ML & Loudness",Standards list
Acoustic-scene navigation,"Standards — Immersive/Object/Scene, MIR, ML & Loudness",Standards list
Across-Ear Envelope Comparison,"Standards — Coding, Systems, Metadata & Transport",Standards list
Across-Formant Grouping,"Standards — Psychoacoustics, Hearing & Audiology",Standards list
Across-Modal Influence,"Standards — Psychoacoustics, Hearing & Audiology",Standards list
Action/Object Paradigm,"Standards — Immersive/Object/Scene, MIR, ML & Loudness",Standards list
Actual loudspeaker position,"Standards — Immersive/Object/Scene, MIR, ML & Loudness",Standards list
Adaptation control,"Standards — Coding, Systems, Metadata & Transport",Standards list
Adapted Port Resistance,Standards — General Acoustics & Signal Terms,Standards list
Adaptive Psychophysical Method,"Standards — Immersive/Object/Scene, MIR, ML & Loudness",Standards list
Adaptive codebook,"Standards — Immersive/Object/Scene, MIR, ML & Loudness",Standards list
Additivity of Forward Masking,"Standards — Psychoacoustics, Hearing & Audiology",Standards list
Adjacent listener space,"Standards — Immersive/Object/Scene, MIR, ML & Loudness",Standards list
Administrative audio metadata,"Standards — Immersive/Object/Scene, MIR, ML & Loudness",Standards list
Adversarial detection front end,"Standards — Immersive/Object/Scene, MIR, ML & Loudness",Standards list
Affinity matrix,"Standards — Immersive/Object/Scene, MIR, ML & Loudness",Standards list
Air-absorption model,"Standards — Room, Building, Environmental & Measurement",Standards list
Air-conduction audiometry,"Standards — Psychoacoustics, Hearing & Audiology",Standards list
Airborne sound insulation,"Standards — Room, Building, Environmental & Measurement",Standards list
Airborne sound insulation rating,"Standards — Room, Building, Environmental & Measurement",Standards list
Album loudness,"Standards — Immersive/Object/Scene, MIR, ML & Loudness",Standards list
Album-mode processing,Standards — General Acoustics & Signal Terms,Standards list
Algebraic Loop,Standards — General Acoustics & Signal Terms,Standards list
Algebraic code-excited linear prediction,"Standards — Immersive/Object/Scene, MIR, ML & Loudness",Standards list
Algorithmic audio,"Standards — Immersive/Object/Scene, MIR, ML & Loudness",Standards list
Alias-Free Neural Nonlinearity,"Standards — Immersive/Object/Scene, MIR, ML & Loudness",Standards list
All Frame,"Standards — Coding, Systems, Metadata & Transport",Standards list
Alternate-language presentation,"Standards — Immersive/Object/Scene, MIR, ML & Loudness",Standards list
Alternative Value Set,"Standards — Coding, Systems, Metadata & Transport",Standards list
Alternative audio element,"Standards — Coding, Systems, Metadata & Transport",Standards list
Ambient sound,"Standards — Room, Building, Environmental & Measurement",Standards list
Ambisonic component ordering,"Standards — Immersive/Object/Scene, MIR, ML & Loudness",Standards list
Ambisonic normalization convention,"Standards — Immersive/Object/Scene, MIR, ML & Loudness",Standards list
Ambisonics Channel Numbering,"Standards — Immersive/Object/Scene, MIR, ML & Loudness",Standards list
Anchor loudness,"Standards — Immersive/Object/Scene, MIR, ML & Loudness",Standards list
Angular Deviation Loss,Standards — General Acoustics & Signal Terms,Standards list
Angular response data set,Standards — General Acoustics & Signal Terms,Standards list
Annotation Boundary Deviation,Standards — General Acoustics & Signal Terms,Standards list
Annoyance,"Standards — Psychoacoustics, Hearing & Audiology",Standards list
Anthropogenic sound,"Standards — Room, Building, Environmental & Measurement",Standards list
Antiderivative Antialiasing,"Standards — Immersive/Object/Scene, MIR, ML & Loudness",Standards list
Antiphasic Listening Condition,"Standards — Psychoacoustics, Hearing & Audiology",Standards list
Apical Excitation,"Standards — Psychoacoustics, Hearing & Audiology",Standards list
Apparent sound reduction index,"Standards — Room, Building, Environmental & Measurement",Standards list
Arbitrary downmix gain,"Standards — Immersive/Object/Scene, MIR, ML & Loudness",Standards list
Area source,"Standards — Room, Building, Environmental & Measurement",Standards list
Arithmetic-coded spectral data,"Standards — Coding, Systems, Metadata & Transport",Standards list
Array manifold,Standards — General Acoustics & Signal Terms,Standards list
Array manifold vector,Standards — General Acoustics & Signal Terms,Standards list
Array self-localization,"Standards — Immersive/Object/Scene, MIR, ML & Loudness",Standards list
Artificial mastoid,"Standards — Psychoacoustics, Hearing & Audiology",Standards list
Ascending method,Standards — General Acoustics & Signal Terms,Standards list
Assessment level,"Standards — Room, Building, Environmental & Measurement",Standards list
Assessment period,"Standards — Room, Building, Environmental & Measurement",Standards list
Attenuation coefficient,"Standards — Room, Building, Environmental & Measurement",Standards list
Attenuation due to foliage,"Standards — Room, Building, Environmental & Measurement",Standards list
Attenuation due to geometrical divergence,"Standards — Room, Building, Environmental & Measurement",Standards list
Attenuation due to housing,"Standards — Room, Building, Environmental & Measurement",Standards list
Attenuation due to industrial sites,"Standards — Room, Building, Environmental & Measurement",Standards list
Attractor formation,"Standards — Immersive/Object/Scene, MIR, ML & Loudness",Standards list
Attractor point,"Standards — Immersive/Object/Scene, MIR, ML & Loudness",Standards list
Audibility path,"Standards — Psychoacoustics, Hearing & Audiology",Standards list
Audio Block Format,"Standards — Immersive/Object/Scene, MIR, ML & Loudness",Standards list
Audio Complementary Object,"Standards — Immersive/Object/Scene, MIR, ML & Loudness",Standards list
Audio Data Interchange Format,Standards — General Acoustics & Signal Terms,Standards list
Audio Data Transport Stream,"Standards — Coding, Systems, Metadata & Transport",Standards list
Audio Essence,"Standards — Coding, Systems, Metadata & Transport",Standards list
Audio Feature Ontology,"Standards — Coding, Systems, Metadata & Transport",Standards list
Audio Object Type,"Standards — Immersive/Object/Scene, MIR, ML & Loudness",Standards list
Audio Pack Format,"Standards — Immersive/Object/Scene, MIR, ML & Loudness",Standards list
Audio Programme Reference Screen,"Standards — Immersive/Object/Scene, MIR, ML & Loudness",Standards list
Audio Thumbnailing,"Standards — Immersive/Object/Scene, MIR, ML & Loudness",Standards list
Audio access unit,"Standards — Coding, Systems, Metadata & Transport",Standards list
Audio adversarial example,"Standards — Immersive/Object/Scene, MIR, ML & Loudness",Standards list
Audio call-setup signaling,"Standards — Coding, Systems, Metadata & Transport",Standards list
Audio chunk interleaving,"Standards — Coding, Systems, Metadata & Transport",Standards list
Audio clip node,"Standards — Coding, Systems, Metadata & Transport",Standards list
Audio conformance point,"Standards — Coding, Systems, Metadata & Transport",Standards list
Audio delay node,"Standards — Coding, Systems, Metadata & Transport",Standards list
Audio description scheme,Standards — General Acoustics & Signal Terms,Standards list
Audio descriptor,"Standards — Coding, Systems, Metadata & Transport",Standards list
Audio element,"Standards — Coding, Systems, Metadata & Transport",Standards list
Audio element dependency,"Standards — Coding, Systems, Metadata & Transport",Standards list
Audio element group,"Standards — Coding, Systems, Metadata & Transport",Standards list
Audio element identifier,"Standards — Coding, Systems, Metadata & Transport",Standards list
Audio element interaction,"Standards — Coding, Systems, Metadata & Transport",Standards list
Audio elementary stream,"Standards — Coding, Systems, Metadata & Transport",Standards list
Audio frame,"Standards — Coding, Systems, Metadata & Transport",Standards list
Audio fundamental frequency,"Standards — Coding, Systems, Metadata & Transport",Standards list
Audio harmonicity,"Standards — Coding, Systems, Metadata & Transport",Standards list
Audio identification,"Standards — Coding, Systems, Metadata & Transport",Standards list
Audio interactivity,"Standards — Coding, Systems, Metadata & Transport",Standards list
Audio manifestation,"Standards — Coding, Systems, Metadata & Transport",Standards list
Audio matching,"Standards — Immersive/Object/Scene, MIR, ML & Loudness",Standards list
Audio media timescale,"Standards — Coding, Systems, Metadata & Transport",Standards list
Audio metadata code point,"Standards — Coding, Systems, Metadata & Transport",Standards list
Audio metadata enhancement,"Standards — Coding, Systems, Metadata & Transport",Standards list
Audio metadata invalidation,"Standards — Coding, Systems, Metadata & Transport",Standards list
Audio mixing node,"Standards — Coding, Systems, Metadata & Transport",Standards list
Audio multiplex element,"Standards — Coding, Systems, Metadata & Transport",Standards list
Audio object characteristic,"Standards — Immersive/Object/Scene, MIR, ML & Loudness",Standards list
Audio object structure,"Standards — Immersive/Object/Scene, MIR, ML & Loudness",Standards list
Audio over asynchronous transfer mode,"Standards — Coding, Systems, Metadata & Transport",Standards list
Audio power,Standards — General Acoustics & Signal Terms,Standards list
Audio preroll,"Standards — Coding, Systems, Metadata & Transport",Standards list
Audio preroll recovery,"Standards — Coding, Systems, Metadata & Transport",Standards list
Audio preservation event,"Standards — Coding, Systems, Metadata & Transport",Standards list
Audio profile-level compatibility,"Standards — Coding, Systems, Metadata & Transport",Standards list
Audio profile-level indication,"Standards — Coding, Systems, Metadata & Transport",Standards list
Audio protocol discriminator,"Standards — Coding, Systems, Metadata & Transport",Standards list
Audio sample description,"Standards — Coding, Systems, Metadata & Transport",Standards list
Audio sample duration,"Standards — Coding, Systems, Metadata & Transport",Standards list
Audio sample entry,"Standards — Coding, Systems, Metadata & Transport",Standards list
Audio sample group,"Standards — Coding, Systems, Metadata & Transport",Standards list
Audio sample packet,"Standards — Coding, Systems, Metadata & Transport",Standards list
Audio sample table,"Standards — Coding, Systems, Metadata & Transport",Standards list
Audio sampling clock traceability,"Standards — Coding, Systems, Metadata & Transport",Standards list
Audio scene,"Standards — Immersive/Object/Scene, MIR, ML & Loudness",Standards list
Audio scene adaptation,"Standards — Immersive/Object/Scene, MIR, ML & Loudness",Standards list
Audio scene anchor,"Standards — Immersive/Object/Scene, MIR, ML & Loudness",Standards list
Audio scene composition,"Standards — Immersive/Object/Scene, MIR, ML & Loudness",Standards list
Audio scene configuration,"Standards — Immersive/Object/Scene, MIR, ML & Loudness",Standards list
Audio scene coordinate system,"Standards — Immersive/Object/Scene, MIR, ML & Loudness",Standards list
Audio scene descriptor,"Standards — Immersive/Object/Scene, MIR, ML & Loudness",Standards list
Audio scene displacement,"Standards — Immersive/Object/Scene, MIR, ML & Loudness",Standards list
Audio scene graph,"Standards — Immersive/Object/Scene, MIR, ML & Loudness",Standards list
Audio scene information,"Standards — Immersive/Object/Scene, MIR, ML & Loudness",Standards list
Audio scene metadata,"Standards — Immersive/Object/Scene, MIR, ML & Loudness",Standards list
Audio scene origin,"Standards — Immersive/Object/Scene, MIR, ML & Loudness",Standards list
Audio scene reference point,"Standards — Immersive/Object/Scene, MIR, ML & Loudness",Standards list
Audio scene rendering,"Standards — Immersive/Object/Scene, MIR, ML & Loudness",Standards list
Audio scene rotation,"Standards — Immersive/Object/Scene, MIR, ML & Loudness",Standards list
Audio scene scaling,"Standards — Immersive/Object/Scene, MIR, ML & Loudness",Standards list
Audio scene translation,"Standards — Immersive/Object/Scene, MIR, ML & Loudness",Standards list
Audio scene-graph traversal,"Standards — Immersive/Object/Scene, MIR, ML & Loudness",Standards list
Audio signature,"Standards — Coding, Systems, Metadata & Transport",Standards list
Audio source node,"Standards — Coding, Systems, Metadata & Transport",Standards list
Audio spatialization node,"Standards — Coding, Systems, Metadata & Transport",Standards list
Audio spectrum basis,"Standards — Coding, Systems, Metadata & Transport",Standards list
Audio spectrum centroid,"Standards — Coding, Systems, Metadata & Transport",Standards list
Audio spectrum envelope,"Standards — Coding, Systems, Metadata & Transport",Standards list
Audio spectrum flatness,"Standards — Coding, Systems, Metadata & Transport",Standards list
Audio spectrum projection,"Standards — Coding, Systems, Metadata & Transport",Standards list
Audio spectrum spread,"Standards — Coding, Systems, Metadata & Transport",Standards list
Audio stream configuration,"Standards — Coding, Systems, Metadata & Transport",Standards list
Audio stream synchronization tolerance,"Standards — Coding, Systems, Metadata & Transport",Standards list
Audio style-transfer defense,"Standards — Immersive/Object/Scene, MIR, ML & Loudness",Standards list
Audio subframe,"Standards — Coding, Systems, Metadata & Transport",Standards list
Audio superframe,"Standards — Coding, Systems, Metadata & Transport",Standards list
Audio switch node,"Standards — Coding, Systems, Metadata & Transport",Standards list
Audio sync stream,"Standards — Coding, Systems, Metadata & Transport",Standards list
Audio synchronization word,"Standards — Coding, Systems, Metadata & Transport",Standards list
Audio track timescale,"Standards — Coding, Systems, Metadata & Transport",Standards list
Audio waveform descriptor,"Standards — Coding, Systems, Metadata & Transport",Standards list
Audio-Language Retrieval,"Standards — Immersive/Object/Scene, MIR, ML & Loudness",Standards list
Audio-Sheet-Music Correspondence,"Standards — Immersive/Object/Scene, MIR, ML & Loudness",Standards list
Audio-bound metadata,"Standards — Coding, Systems, Metadata & Transport",Standards list
Audio-content indexing,"Standards — Coding, Systems, Metadata & Transport",Standards list
Audio-description extraction,Standards — General Acoustics & Signal Terms,Standards list
Audio-description presentation,"Standards — Immersive/Object/Scene, MIR, ML & Loudness",Standards list
Audio-embedded downmix metadata,"Standards — Immersive/Object/Scene, MIR, ML & Loudness",Standards list
Audio-embedded loudness metadata,"Standards — Immersive/Object/Scene, MIR, ML & Loudness",Standards list
Audio-embedded metadata,"Standards — Immersive/Object/Scene, MIR, ML & Loudness",Standards list
Audio-embedded true-peak metadata,"Standards — Immersive/Object/Scene, MIR, ML & Loudness",Standards list
Audio-event description,"Standards — Coding, Systems, Metadata & Transport",Standards list
Audio-format box,"Standards — Coding, Systems, Metadata & Transport",Standards list
Audio-format migration,"Standards — Coding, Systems, Metadata & Transport",Standards list
Audio-frequency shield behavior,Standards — General Acoustics & Signal Terms,Standards list
Audio-network code-point registry,"Standards — Coding, Systems, Metadata & Transport",Standards list
Audio-node event,Standards — General Acoustics & Signal Terms,Standards list
Audio-node field,Standards — General Acoustics & Signal Terms,Standards list
Audio-node routing,Standards — General Acoustics & Signal Terms,Standards list
Audio-object instantiation,"Standards — Immersive/Object/Scene, MIR, ML & Loudness",Standards list
Audio-object integrity,"Standards — Immersive/Object/Scene, MIR, ML & Loudness",Standards list
Audio-object provenance,"Standards — Immersive/Object/Scene, MIR, ML & Loudness",Standards list
Audio-object relationship,"Standards — Immersive/Object/Scene, MIR, ML & Loudness",Standards list
Audio-rate processing,Standards — General Acoustics & Signal Terms,Standards list
Audio-sample metadata embedding,"Standards — Immersive/Object/Scene, MIR, ML & Loudness",Standards list
Audio-sample time identification,"Standards — Coding, Systems, Metadata & Transport",Standards list
Audio-segment decomposition,"Standards — Coding, Systems, Metadata & Transport",Standards list
Audio-segment descriptor,"Standards — Coding, Systems, Metadata & Transport",Standards list
Audio-source classification,"Standards — Coding, Systems, Metadata & Transport",Standards list
Audio-specific configuration,"Standards — Coding, Systems, Metadata & Transport",Standards list
Audio-to-Lyrics Alignment,"Standards — Coding, Systems, Metadata & Transport",Standards list
Audio-to-Score Alignment,"Standards — Coding, Systems, Metadata & Transport",Standards list
Audio-visual coherence,"Standards — Immersive/Object/Scene, MIR, ML & Loudness",Standards list
Audio-visual object association,"Standards — Immersive/Object/Scene, MIR, ML & Loudness",Standards list
Audio-visual position mismatch,"Standards — Immersive/Object/Scene, MIR, ML & Loudness",Standards list
Audio-visual spatial alignment,"Standards — Immersive/Object/Scene, MIR, ML & Loudness",Standards list
Audio-visual synchronization metadata,"Standards — Coding, Systems, Metadata & Transport",Standards list
AudioBIFS,"Standards — Coding, Systems, Metadata & Transport",Standards list
Audiometric reference zero,"Standards — Psychoacoustics, Hearing & Audiology",Standards list
Audiometrically Normal Listener,"Standards — Psychoacoustics, Hearing & Audiology",Standards list
Audiovisual Speech Benefit,Standards — General Acoustics & Signal Terms,Standards list
Auditory Gap,"Standards — Psychoacoustics, Hearing & Audiology",Standards list
Auditory Negative Afterimage,"Standards — Psychoacoustics, Hearing & Audiology",Standards list
Auditory Sensation Area,"Standards — Psychoacoustics, Hearing & Audiology",Standards list
Auditory Time Error,"Standards — Psychoacoustics, Hearing & Audiology",Standards list
Auditory weighting function,"Standards — Psychoacoustics, Hearing & Audiology",Standards list
Auditory-Filter Asymmetry,"Standards — Psychoacoustics, Hearing & Audiology",Standards list
Auditory-field correction,"Standards — Psychoacoustics, Hearing & Audiology",Standards list
Auditory-filter bandwidth,"Standards — Psychoacoustics, Hearing & Audiology",Standards list
Augmented-reality acoustic environment,"Standards — Room, Building, Environmental & Measurement",Standards list
Augmented-reality listener space,"Standards — Immersive/Object/Scene, MIR, ML & Loudness",Standards list
Aural Combination Tone,Standards — General Acoustics & Signal Terms,Standards list
Aural Harmonic,Standards — General Acoustics & Signal Terms,Standards list
Author-defined preset,Standards — General Acoustics & Signal Terms,Standards list
Authoring Information,Standards — General Acoustics & Signal Terms,Standards list
Auxiliary sample bits,Standards — General Acoustics & Signal Terms,Standards list
Availability Bias,Standards — General Acoustics & Signal Terms,Standards list
Average Sound-Pressure Level in a Room,Standards — General Acoustics & Signal Terms,Standards list
Axial Sensitivity,"Standards — Room, Building, Environmental & Measurement",Standards list
Backward Masking,"Standards — Psychoacoustics, Hearing & Audiology",Standards list
Baffled piston,Standards — General Acoustics & Signal Terms,Standards list
Band-limiting filter,"Standards — Coding, Systems, Metadata & Transport",Standards list
Bandwidth-extension coding,"Standards — Coding, Systems, Metadata & Transport",Standards list
Base curve,Standards — General Acoustics & Signal Terms,Standards list
Base layer,"Standards — Coding, Systems, Metadata & Transport",Standards list
Baseband audio,"Standards — Coding, Systems, Metadata & Transport",Standards list
Basilar-Membrane Motion,"Standards — Psychoacoustics, Hearing & Audiology",Standards list
Beam pattern,"Standards — Coding, Systems, Metadata & Transport",Standards list
Beamforming weight vector,"Standards — Immersive/Object/Scene, MIR, ML & Loudness",Standards list
Beat Histogram,"Standards — Immersive/Object/Scene, MIR, ML & Loudness",Standards list
Beat Spectrum,"Standards — Immersive/Object/Scene, MIR, ML & Loudness",Standards list
Bel,"Standards — Coding, Systems, Metadata & Transport",Standards list
Between-Channel Masking,"Standards — Psychoacoustics, Hearing & Audiology",Standards list
Bidirectional predictive frame,"Standards — Coding, Systems, Metadata & Transport",Standards list
Bilateral Masking-Level Difference,"Standards — Psychoacoustics, Hearing & Audiology",Standards list
Binaural Advantage,"Standards — Psychoacoustics, Hearing & Audiology",Standards list
Binaural Interference,"Standards — Psychoacoustics, Hearing & Audiology",Standards list
Binaural Sluggishness,"Standards — Psychoacoustics, Hearing & Audiology",Standards list
Binaural room impulse response,"Standards — Psychoacoustics, Hearing & Audiology",Standards list
Binaural rendering,"Standards — Immersive/Object/Scene, MIR, ML & Loudness",Standards list
Binaural unmasking,"Standards — Psychoacoustics, Hearing & Audiology",Standards list
Bistream element,"Standards — Coding, Systems, Metadata & Transport",Standards list
Bitstream payload,"Standards — Coding, Systems, Metadata & Transport",Standards list
Blauert Band,"Standards — Psychoacoustics, Hearing & Audiology",Standards list
Block companded PCM,"Standards — Coding, Systems, Metadata & Transport",Standards list
Block floating point,"Standards — Coding, Systems, Metadata & Transport",Standards list
Block switching,"Standards — Coding, Systems, Metadata & Transport",Standards list
Blocking matrix,"Standards — Coding, Systems, Metadata & Transport",Standards list
Bone-conduction threshold,"Standards — Psychoacoustics, Hearing & Audiology",Standards list
Boundary element method,"Standards — Coding, Systems, Metadata & Transport",Standards list
Broadband noise,"Standards — Coding, Systems, Metadata & Transport",Standards list
Building acoustics descriptor,"Standards — Room, Building, Environmental & Measurement",Standards list
Building service noise,Standards — General Acoustics & Signal Terms,Standards list
Bulk delay,"Standards — Coding, Systems, Metadata & Transport",Standards list
Cardioid response,Standards — General Acoustics & Signal Terms,Standards list
Cascade filter bank,"Standards — Coding, Systems, Metadata & Transport",Standards list
Categorical Loudness Scaling,"Standards — Immersive/Object/Scene, MIR, ML & Loudness",Standards list
Center-of-gravity effect,"Standards — Psychoacoustics, Hearing & Audiology",Standards list
Cepstral coefficient,"Standards — Coding, Systems, Metadata & Transport",Standards list
Channel element,"Standards — Coding, Systems, Metadata & Transport",Standards list
Channel pair element,"Standards — Coding, Systems, Metadata & Transport",Standards list
Channel-based audio,"Standards — Immersive/Object/Scene, MIR, ML & Loudness",Standards list
Chirp signal,"Standards — Coding, Systems, Metadata & Transport",Standards list
Clarity index,"Standards — Room, Building, Environmental & Measurement",Standards list
Class of a sound level meter,"Standards — Room, Building, Environmental & Measurement",Standards list
Clean audio,"Standards — Coding, Systems, Metadata & Transport",Standards list
Click train,"Standards — Coding, Systems, Metadata & Transport",Standards list
Co-articulation cue,"Standards — Psychoacoustics, Hearing & Audiology",Standards list
Coarticulated cue,"Standards — Psychoacoustics, Hearing & Audiology",Standards list
Coded audio access unit,"Standards — Coding, Systems, Metadata & Transport",Standards list
Coded representation,"Standards — Immersive/Object/Scene, MIR, ML & Loudness",Standards list
Codebook index,"Standards — Immersive/Object/Scene, MIR, ML & Loudness",Standards list
Coherence function,"Standards — Coding, Systems, Metadata & Transport",Standards list
Coincidence dip,"Standards — Coding, Systems, Metadata & Transport",Standards list
Coincidence frequency,"Standards — Coding, Systems, Metadata & Transport",Standards list
Comodulation Masking Release,"Standards — Psychoacoustics, Hearing & Audiology",Standards list
Comfort noise,"Standards — Coding, Systems, Metadata & Transport",Standards list
Common Loudspeaker Format,Standards — General Acoustics & Signal Terms,Standards list
Common intelligibility scale,"Standards — Immersive/Object/Scene, MIR, ML & Loudness",Standards list
Complex sound source,Standards — General Acoustics & Signal Terms,Standards list
Compression driver directivity,Standards — General Acoustics & Signal Terms,Standards list
Concert-hall acoustics,"Standards — Room, Building, Environmental & Measurement",Standards list
Conditioned Threshold,"Standards — Psychoacoustics, Hearing & Audiology",Standards list
Cone of Confusion,"Standards — Psychoacoustics, Hearing & Audiology",Standards list
Confusion neighborhood,"Standards — Psychoacoustics, Hearing & Audiology",Standards list
Content dependency index,Standards — General Acoustics & Signal Terms,Standards list
Content kind,Standards — General Acoustics & Signal Terms,Standards list
Continuous descending method,Standards — General Acoustics & Signal Terms,Standards list
Continuous rating scale,"Standards — Psychoacoustics, Hearing & Audiology",Standards list
Contralateral routing of signals,"Standards — Room, Building, Environmental & Measurement",Standards list
Contrast gain control,"Standards — Coding, Systems, Metadata & Transport",Standards list
Controlled acoustical environment,"Standards — Room, Building, Environmental & Measurement",Standards list
Conversational level,"Standards — Psychoacoustics, Hearing & Audiology",Standards list
Core coder,"Standards — Coding, Systems, Metadata & Transport",Standards list
Core experiment,Standards — General Acoustics & Signal Terms,Standards list
Coupled channel,Standards — General Acoustics & Signal Terms,Standards list
Critical Bandwidth,"Standards — Psychoacoustics, Hearing & Audiology",Standards list
Critical ratio,"Standards — Psychoacoustics, Hearing & Audiology",Standards list
Cross-adaptive processing,"Standards — Psychoacoustics, Hearing & Audiology",Standards list
Cross-correlation lag,"Standards — Coding, Systems, Metadata & Transport",Standards list
Cross-fade window,"Standards — Coding, Systems, Metadata & Transport",Standards list
Cross-modal binding,"Standards — Psychoacoustics, Hearing & Audiology",Standards list
Cross-modulation distortion,"Standards — Coding, Systems, Metadata & Transport",Standards list
Cue integration,"Standards — Psychoacoustics, Hearing & Audiology",Standards list
Cumulative distribution of exposure,Standards — General Acoustics & Signal Terms,Standards list
Cut-off frequency of a filter,"Standards — Coding, Systems, Metadata & Transport",Standards list
Damping ratio of a resonator,"Standards — Coding, Systems, Metadata & Transport",Standards list
Data-driven room correction,Standards — General Acoustics & Signal Terms,Standards list
Dead room,Standards — General Acoustics & Signal Terms,Standards list
Decibel full scale,"Standards — Coding, Systems, Metadata & Transport",Standards list
Decibel relative to sound power,"Standards — Room, Building, Environmental & Measurement",Standards list
Decision-directed estimation,"Standards — Room, Building, Environmental & Measurement",Standards list
Decoded audio,"Standards — Coding, Systems, Metadata & Transport",Standards list
Decorrelation filter,"Standards — Coding, Systems, Metadata & Transport",Standards list
Dedicated metadata channel,"Standards — Coding, Systems, Metadata & Transport",Standards list
Deep clustering,"Standards — Immersive/Object/Scene, MIR, ML & Loudness",Standards list
Delay-and-sum beamformer,"Standards — Immersive/Object/Scene, MIR, ML & Loudness",Standards list
Delayed masking,"Standards — Psychoacoustics, Hearing & Audiology",Standards list
Denormalized number,"Standards — Coding, Systems, Metadata & Transport",Standards list
Depth of modulation,Standards — General Acoustics & Signal Terms,Standards list
Descriptor scheme,"Standards — Coding, Systems, Metadata & Transport",Standards list
Detection efficiency,"Standards — Psychoacoustics, Hearing & Audiology",Standards list
Detection theory,"Standards — Psychoacoustics, Hearing & Audiology",Standards list
Deterministic-plus-stochastic model,"Standards — Room, Building, Environmental & Measurement",Standards list
Diagnostic Rhyme Test,"Standards — Room, Building, Environmental & Measurement",Standards list
Dialogue enhancement,"Standards — Immersive/Object/Scene, MIR, ML & Loudness",Standards list
Dialogue normalization,"Standards — Immersive/Object/Scene, MIR, ML & Loudness",Standards list
Dichotic Pitch,"Standards — Immersive/Object/Scene, MIR, ML & Loudness",Standards list
Difference limen for frequency,"Standards — Psychoacoustics, Hearing & Audiology",Standards list
Difference limen for intensity,"Standards — Psychoacoustics, Hearing & Audiology",Standards list
Diffraction coefficient,"Standards — Coding, Systems, Metadata & Transport",Standards list
Diffuse-field equalization,Standards — General Acoustics & Signal Terms,Standards list
Diffuse-field frequency response,Standards — General Acoustics & Signal Terms,Standards list
Diffuse-field sensitivity,"Standards — Room, Building, Environmental & Measurement",Standards list
Directional loudness,"Standards — Immersive/Object/Scene, MIR, ML & Loudness",Standards list
Directional weighting,Standards — General Acoustics & Signal Terms,Standards list
Discrete cosine transform coefficient,Standards — General Acoustics & Signal Terms,Standards list
Discrete-time analytic signal,"Standards — Coding, Systems, Metadata & Transport",Standards list
Dispersion relation,Standards — General Acoustics & Signal Terms,Standards list
Displacement transducer,Standards — General Acoustics & Signal Terms,Standards list
Distance attenuation model,"Standards — Room, Building, Environmental & Measurement",Standards list
Distortion product otoacoustic emission,"Standards — Room, Building, Environmental & Measurement",Standards list
Divergence loss,"Standards — Room, Building, Environmental & Measurement",Standards list
Dominant Frequency Region,Standards — General Acoustics & Signal Terms,Standards list
Double-blind triple-stimulus test,"Standards — Room, Building, Environmental & Measurement",Standards list
Downmix coefficient,"Standards — Immersive/Object/Scene, MIR, ML & Loudness",Standards list
Downward Spread of Masking,"Standards — Psychoacoustics, Hearing & Audiology",Standards list
Drift-corrected clock,"Standards — Coding, Systems, Metadata & Transport",Standards list
Dry sound,Standards — General Acoustics & Signal Terms,Standards list
Dual-mono content,Standards — General Acoustics & Signal Terms,Standards list
Duplex Theory,Standards — General Acoustics & Signal Terms,Standards list
Duration model,Standards — General Acoustics & Signal Terms,Standards list
Dynamic Range Control,Standards — General Acoustics & Signal Terms,Standards list
Ear canal resonance,Standards — General Acoustics & Signal Terms,Standards list
Echo threshold,"Standards — Psychoacoustics, Hearing & Audiology",Standards list
Effective perceived noise level,Standards — General Acoustics & Signal Terms,Standards list
Emission sound pressure level,Standards — General Acoustics & Signal Terms,Standards list
Encoded bitstream,"Standards — Coding, Systems, Metadata & Transport",Standards list
Energy decay relief,Standards — General Acoustics & Signal Terms,Standards list
Ensemble duration,Standards — General Acoustics & Signal Terms,Standards list
Envelope following response,"Standards — Coding, Systems, Metadata & Transport",Standards list
Envelopment,"Standards — Room, Building, Environmental & Measurement",Standards list
Equal-temperament deviation,Standards — General Acoustics & Signal Terms,Standards list
Equivalent continuous sound level,Standards — General Acoustics & Signal Terms,Standards list
Equivalent rectangular bandwidth,"Standards — Psychoacoustics, Hearing & Audiology",Standards list
Equivalent sound absorption area,"Standards — Room, Building, Environmental & Measurement",Standards list
Error concealment,Standards — General Acoustics & Signal Terms,Standards list
Excess attenuation,"Standards — Room, Building, Environmental & Measurement",Standards list
Excitation pattern,"Standards — Psychoacoustics, Hearing & Audiology",Standards list
Exposure action value,Standards — General Acoustics & Signal Terms,Standards list
Extended stereo image,Standards — General Acoustics & Signal Terms,Standards list
Extensible metadata scheme,"Standards — Coding, Systems, Metadata & Transport",Standards list
External-ear transfer function,Standards — General Acoustics & Signal Terms,Standards list
Far-field criterion,Standards — General Acoustics & Signal Terms,Standards list
Fast time weighting,Standards — General Acoustics & Signal Terms,Standards list
Feature-space maximum-likelihood linear regression,Standards — General Acoustics & Signal Terms,Standards list
Field calibration,Standards — General Acoustics & Signal Terms,Standards list
Filter bank,"Standards — Coding, Systems, Metadata & Transport",Standards list
Filter-bank equalizer,"Standards — Coding, Systems, Metadata & Transport",Standards list
Fine-structure cue,"Standards — Immersive/Object/Scene, MIR, ML & Loudness",Standards list
Finite-difference time-domain acoustics,"Standards — Room, Building, Environmental & Measurement",Standards list
First-arrival time,Standards — General Acoustics & Signal Terms,Standards list
First-wavefront law,Standards — General Acoustics & Signal Terms,Standards list
Fixed-point audio sample,Standards — General Acoustics & Signal Terms,Standards list
Fletcher-Munson effect,Standards — General Acoustics & Signal Terms,Standards list
Floating intermediate frame,"Standards — Coding, Systems, Metadata & Transport",Standards list
Foldback level,Standards — General Acoustics & Signal Terms,Standards list
Formant Transition Cue,"Standards — Psychoacoustics, Hearing & Audiology",Standards list
Forward-backward masking,"Standards — Psychoacoustics, Hearing & Audiology",Standards list
Frame loss concealment,"Standards — Coding, Systems, Metadata & Transport",Standards list
Free-field correction,"Standards — Room, Building, Environmental & Measurement",Standards list
Free-field method,Standards — General Acoustics & Signal Terms,Standards list
Free-field sensitivity,"Standards — Room, Building, Environmental & Measurement",Standards list
Frequency Selectivity,Standards — General Acoustics & Signal Terms,Standards list
Frequency band of interest,Standards — General Acoustics & Signal Terms,Standards list
Frequency-domain audio coding,"Standards — Coding, Systems, Metadata & Transport",Standards list
Frequency-following response,Standards — General Acoustics & Signal Terms,Standards list
Frequency-warping,Standards — General Acoustics & Signal Terms,Standards list
Fundamental-frequency contour,Standards — General Acoustics & Signal Terms,Standards list
Gap detection threshold,"Standards — Psychoacoustics, Hearing & Audiology",Standards list
Gated loudness,"Standards — Immersive/Object/Scene, MIR, ML & Loudness",Standards list
Gaussian mixture model,Standards — General Acoustics & Signal Terms,Standards list
Generalized cross-correlation,"Standards — Coding, Systems, Metadata & Transport",Standards list
Generalized sidelobe canceller,Standards — General Acoustics & Signal Terms,Standards list
Geometric acoustics,"Standards — Room, Building, Environmental & Measurement",Standards list
Global motion parameter,Standards — General Acoustics & Signal Terms,Standards list
Grouping cue,"Standards — Psychoacoustics, Hearing & Audiology",Standards list
Half-power bandwidth,Standards — General Acoustics & Signal Terms,Standards list
Harmonic-percussive source separation,"Standards — Immersive/Object/Scene, MIR, ML & Loudness",Standards list
Head-related impulse response,"Standards — Psychoacoustics, Hearing & Audiology",Standards list
Hearing level,"Standards — Psychoacoustics, Hearing & Audiology",Standards list
Hearing threshold level,"Standards — Psychoacoustics, Hearing & Audiology",Standards list
High-order ambisonics,"Standards — Immersive/Object/Scene, MIR, ML & Loudness",Standards list
Higher-order ambisonic coefficient,"Standards — Immersive/Object/Scene, MIR, ML & Loudness",Standards list
Homomorphic deconvolution,"Standards — Coding, Systems, Metadata & Transport",Standards list
Huffman codebook,"Standards — Coding, Systems, Metadata & Transport",Standards list
Hybrid filter bank,"Standards — Coding, Systems, Metadata & Transport",Standards list
Immersive audio bitstream,"Standards — Immersive/Object/Scene, MIR, ML & Loudness",Standards list
Impulsive noise,Standards — General Acoustics & Signal Terms,Standards list
In-head localization,"Standards — Immersive/Object/Scene, MIR, ML & Loudness",Standards list
Informational Masking,"Standards — Psychoacoustics, Hearing & Audiology",Standards list
Inharmonicity coefficient,"Standards — Coding, Systems, Metadata & Transport",Standards list
Insert loss,Standards — General Acoustics & Signal Terms,Standards list
Insertion gain,Standards — General Acoustics & Signal Terms,Standards list
Instantaneous frequency,Standards — General Acoustics & Signal Terms,Standards list
Integrated loudness,"Standards — Immersive/Object/Scene, MIR, ML & Loudness",Standards list
Intensity Discrimination,Standards — General Acoustics & Signal Terms,Standards list
Intensity stereo,Standards — General Acoustics & Signal Terms,Standards list
Interaural cross-correlation coefficient,"Standards — Psychoacoustics, Hearing & Audiology",Standards list
Interaural intensity difference,"Standards — Psychoacoustics, Hearing & Audiology",Standards list
Interaural phase difference,"Standards — Psychoacoustics, Hearing & Audiology",Standards list
Interchannel coherence,"Standards — Coding, Systems, Metadata & Transport",Standards list
Interchannel level difference,Standards — General Acoustics & Signal Terms,Standards list
Interchannel prediction,Standards — General Acoustics & Signal Terms,Standards list
Interchannel time difference,Standards — General Acoustics & Signal Terms,Standards list
Internal noise of the auditory system,"Standards — Psychoacoustics, Hearing & Audiology",Standards list
Inverse constant-Q transform,Standards — General Acoustics & Signal Terms,Standards list
Ipsilateral masking,"Standards — Psychoacoustics, Hearing & Audiology",Standards list
Isophonic contour,"Standards — Psychoacoustics, Hearing & Audiology",Standards list
Iterative closest point registration,Standards — General Acoustics & Signal Terms,Standards list
Joint stereo coding,"Standards — Coding, Systems, Metadata & Transport",Standards list
K-weighting,"Standards — Immersive/Object/Scene, MIR, ML & Loudness",Standards list
Karhunen-Loeve transform,Standards — General Acoustics & Signal Terms,Standards list
Key profile,"Standards — Immersive/Object/Scene, MIR, ML & Loudness",Standards list
Kurtosis of noise,Standards — General Acoustics & Signal Terms,Standards list
Late lateral energy,"Standards — Room, Building, Environmental & Measurement",Standards list
Lateral energy fraction,"Standards — Room, Building, Environmental & Measurement",Standards list
Lateral gain,"Standards — Room, Building, Environmental & Measurement",Standards list
Lateralization,"Standards — Room, Building, Environmental & Measurement",Standards list
Leakage current test,Standards — General Acoustics & Signal Terms,Standards list
Level-dependent frequency response,Standards — General Acoustics & Signal Terms,Standards list
Line source array,Standards — General Acoustics & Signal Terms,Standards list
Linear-phase filter,"Standards — Coding, Systems, Metadata & Transport",Standards list
Localization blur,"Standards — Immersive/Object/Scene, MIR, ML & Loudness",Standards list
Log-area ratio,Standards — General Acoustics & Signal Terms,Standards list
Log-mel spectrogram,Standards — General Acoustics & Signal Terms,Standards list
Lombard effect,Standards — General Acoustics & Signal Terms,Standards list
Long-term average spectrum,"Standards — Coding, Systems, Metadata & Transport",Standards list
Lossless coding mode,"Standards — Coding, Systems, Metadata & Transport",Standards list
Loudness range,"Standards — Immersive/Object/Scene, MIR, ML & Loudness",Standards list
Loudness recruitment,"Standards — Immersive/Object/Scene, MIR, ML & Loudness",Standards list
Loudspeaker sensitivity,"Standards — Room, Building, Environmental & Measurement",Standards list
Low-complexity profile,Standards — General Acoustics & Signal Terms,Standards list
Low-frequency effects channel,Standards — General Acoustics & Signal Terms,Standards list
Low-frequency oscillator rate,Standards — General Acoustics & Signal Terms,Standards list
Masker level,Standards — General Acoustics & Signal Terms,Standards list
Masking pattern,"Standards — Psychoacoustics, Hearing & Audiology",Standards list
Masking release,"Standards — Psychoacoustics, Hearing & Audiology",Standards list
Matrix decoding,"Standards — Coding, Systems, Metadata & Transport",Standards list
Maximum length sequence,Standards — General Acoustics & Signal Terms,Standards list
Maximum sound pressure level,Standards — General Acoustics & Signal Terms,Standards list
Mean opinion score,"Standards — Coding, Systems, Metadata & Transport",Standards list
Mel-frequency cepstral coefficient,"Standards — Coding, Systems, Metadata & Transport",Standards list
Metadata delivery unit,"Standards — Coding, Systems, Metadata & Transport",Standards list
Middle-ear transfer function,Standards — General Acoustics & Signal Terms,Standards list
Minimum audible angle,Standards — General Acoustics & Signal Terms,Standards list
Minimum audible field,Standards — General Acoustics & Signal Terms,Standards list
Minimum audible pressure,Standards — General Acoustics & Signal Terms,Standards list
Minimum phase response,Standards — General Acoustics & Signal Terms,Standards list
Modulation masking,"Standards — Psychoacoustics, Hearing & Audiology",Standards list
Modulation transfer function,Standards — General Acoustics & Signal Terms,Standards list
Monaural cue,Standards — General Acoustics & Signal Terms,Standards list
Monitoring reference level,Standards — General Acoustics & Signal Terms,Standards list
Mother wavelet,Standards — General Acoustics & Signal Terms,Standards list
Multichannel audio coding,"Standards — Coding, Systems, Metadata & Transport",Standards list
Multidimensional scaling of timbre,"Standards — Psychoacoustics, Hearing & Audiology",Standards list
Multitalker babble,Standards — General Acoustics & Signal Terms,Standards list
Multitrack stem,Standards — General Acoustics & Signal Terms,Standards list
Narrowband noise,Standards — General Acoustics & Signal Terms,Standards list
Near-field criterion,Standards — General Acoustics & Signal Terms,Standards list
Negative Level Difference,Standards — General Acoustics & Signal Terms,Standards list
Noise criterion curve,Standards — General Acoustics & Signal Terms,Standards list
Noise gate threshold,"Standards — Psychoacoustics, Hearing & Audiology",Standards list
Noise-reduction coefficient,Standards — General Acoustics & Signal Terms,Standards list
Non-negative matrix factorization,"Standards — Immersive/Object/Scene, MIR, ML & Loudness",Standards list
Nonlinear distortion measure,Standards — General Acoustics & Signal Terms,Standards list
Normalized loudness,"Standards — Immersive/Object/Scene, MIR, ML & Loudness",Standards list
Object priority,"Standards — Immersive/Object/Scene, MIR, ML & Loudness",Standards list
Octave-band analysis,"Standards — Room, Building, Environmental & Measurement",Standards list
Off-axis response,Standards — General Acoustics & Signal Terms,Standards list
Onset asynchrony,"Standards — Immersive/Object/Scene, MIR, ML & Loudness",Standards list
Onset detection function,"Standards — Immersive/Object/Scene, MIR, ML & Loudness",Standards list
Open-plan office acoustics,"Standards — Room, Building, Environmental & Measurement",Standards list
Optimum reverberation time,"Standards — Psychoacoustics, Hearing & Audiology",Standards list
Order of an ambisonic system,"Standards — Immersive/Object/Scene, MIR, ML & Loudness",Standards list
Otoacoustic emission,"Standards — Room, Building, Environmental & Measurement",Standards list
Overlap-add reconstruction,Standards — General Acoustics & Signal Terms,Standards list
Oversampling ratio,"Standards — Coding, Systems, Metadata & Transport",Standards list
Parametric stereo,"Standards — Coding, Systems, Metadata & Transport",Standards list
Partial loudness,"Standards — Immersive/Object/Scene, MIR, ML & Loudness",Standards list
Peak program meter,Standards — General Acoustics & Signal Terms,Standards list
Perceptual audio coding,"Standards — Coding, Systems, Metadata & Transport",Standards list
Perceptual evaluation of audio quality,Standards — General Acoustics & Signal Terms,Standards list
Perceptual evaluation of speech quality,Standards — General Acoustics & Signal Terms,Standards list
Perceptual linear prediction,"Standards — Immersive/Object/Scene, MIR, ML & Loudness",Standards list
Perceptual noise substitution,"Standards — Room, Building, Environmental & Measurement",Standards list
Perceptual weighting filter,"Standards — Coding, Systems, Metadata & Transport",Standards list
Phantom image,Standards — General Acoustics & Signal Terms,Standards list
Phase-locked loop jitter,Standards — General Acoustics & Signal Terms,Standards list
Pinna cue,Standards — General Acoustics & Signal Terms,Standards list
Pitch salience,"Standards — Immersive/Object/Scene, MIR, ML & Loudness",Standards list
Pitch strength,"Standards — Immersive/Object/Scene, MIR, ML & Loudness",Standards list
Plane-wave decomposition,"Standards — Immersive/Object/Scene, MIR, ML & Loudness",Standards list
Point source model,Standards — General Acoustics & Signal Terms,Standards list
Polar pattern measurement,Standards — General Acoustics & Signal Terms,Standards list
Post-masking,"Standards — Psychoacoustics, Hearing & Audiology",Standards list
Pre-echo,"Standards — Coding, Systems, Metadata & Transport",Standards list
Pre-masking,"Standards — Psychoacoustics, Hearing & Audiology",Standards list
Predictive coding gain,"Standards — Coding, Systems, Metadata & Transport",Standards list
Presentation timestamp,"Standards — Immersive/Object/Scene, MIR, ML & Loudness",Standards list
Primary-ambient decomposition,"Standards — Immersive/Object/Scene, MIR, ML & Loudness",Standards list
Probe-tube microphone,"Standards — Psychoacoustics, Hearing & Audiology",Standards list
Quadrature mirror filter,"Standards — Immersive/Object/Scene, MIR, ML & Loudness",Standards list
Quefrency,Standards — General Acoustics & Signal Terms,Standards list
Random-incidence response,"Standards — Room, Building, Environmental & Measurement",Standards list
Rate-distortion optimization,Standards — General Acoustics & Signal Terms,Standards list
Reference listening level,"Standards — Psychoacoustics, Hearing & Audiology",Standards list
Region of dominance,Standards — General Acoustics & Signal Terms,Standards list
Release from masking,"Standards — Psychoacoustics, Hearing & Audiology",Standards list
Rendering matrix,"Standards — Immersive/Object/Scene, MIR, ML & Loudness",Standards list
Residual echo suppression,Standards — General Acoustics & Signal Terms,Standards list
Reverberation radius,"Standards — Psychoacoustics, Hearing & Audiology",Standards list
Reverberation time,"Standards — Psychoacoustics, Hearing & Audiology",Standards list
Room transfer function,Standards — General Acoustics & Signal Terms,Standards list
Sabine absorption,"Standards — Room, Building, Environmental & Measurement",Standards list
Scalable audio coding,"Standards — Coding, Systems, Metadata & Transport",Standards list
Scale-factor band,"Standards — Coding, Systems, Metadata & Transport",Standards list
Schroeder integration,"Standards — Room, Building, Environmental & Measurement",Standards list
Sensation level,"Standards — Psychoacoustics, Hearing & Audiology",Standards list
Sequency,Standards — General Acoustics & Signal Terms,Standards list
Sidelobe level,Standards — General Acoustics & Signal Terms,Standards list
Signal-to-mask ratio,"Standards — Immersive/Object/Scene, MIR, ML & Loudness",Standards list
Sine-sweep measurement,Standards — General Acoustics & Signal Terms,Standards list
Single-equivalent-level descriptor,"Standards — Coding, Systems, Metadata & Transport",Standards list
Sone,"Standards — Psychoacoustics, Hearing & Audiology",Standards list
Sound exposure level,Standards — General Acoustics & Signal Terms,Standards list
Sound reduction index,"Standards — Room, Building, Environmental & Measurement",Standards list
Source-filter model,"Standards — Coding, Systems, Metadata & Transport",Standards list
Sparse coding of audio,"Standards — Coding, Systems, Metadata & Transport",Standards list
Spatial aliasing frequency,"Standards — Immersive/Object/Scene, MIR, ML & Loudness",Standards list
Spatial audio object coding,"Standards — Immersive/Object/Scene, MIR, ML & Loudness",Standards list
Spatial impression,"Standards — Immersive/Object/Scene, MIR, ML & Loudness",Standards list
Spatial release from masking,"Standards — Psychoacoustics, Hearing & Audiology",Standards list
Spectral flatness measure,"Standards — Coding, Systems, Metadata & Transport",Standards list
Spectral tilt,Standards — General Acoustics & Signal Terms,Standards list
Speech intelligibility index,"Standards — Immersive/Object/Scene, MIR, ML & Loudness",Standards list
Speech reception threshold,"Standards — Psychoacoustics, Hearing & Audiology",Standards list
Stationary noise assumption,Standards — General Acoustics & Signal Terms,Standards list
Stereo width control,Standards — General Acoustics & Signal Terms,Standards list
Stimulus-onset asynchrony,"Standards — Room, Building, Environmental & Measurement",Standards list
Streaming loudness compliance,"Standards — Immersive/Object/Scene, MIR, ML & Loudness",Standards list
Sub-band coding,"Standards — Coding, Systems, Metadata & Transport",Standards list
Successive masking,"Standards — Psychoacoustics, Hearing & Audiology",Standards list
Superdirective beamforming,"Standards — Immersive/Object/Scene, MIR, ML & Loudness",Standards list
Suprathreshold,"Standards — Psychoacoustics, Hearing & Audiology",Standards list
Syllabic compression,Standards — General Acoustics & Signal Terms,Standards list
Temporal envelope cue,"Standards — Immersive/Object/Scene, MIR, ML & Loudness",Standards list
Temporal fine structure,"Standards — Immersive/Object/Scene, MIR, ML & Loudness",Standards list
Temporal masking,"Standards — Psychoacoustics, Hearing & Audiology",Standards list
Temporal weighting function,"Standards — Immersive/Object/Scene, MIR, ML & Loudness",Standards list
Timbre space,"Standards — Psychoacoustics, Hearing & Audiology",Standards list
Time-frequency masking,"Standards — Psychoacoustics, Hearing & Audiology",Standards list
Time-scale modification,Standards — General Acoustics & Signal Terms,Standards list
Tonality index,"Standards — Psychoacoustics, Hearing & Audiology",Standards list
Tone-to-noise ratio,Standards — General Acoustics & Signal Terms,Standards list
Total harmonic distortion plus noise,Standards — General Acoustics & Signal Terms,Standards list
Transaural reproduction,"Standards — Immersive/Object/Scene, MIR, ML & Loudness",Standards list
Transient detection,Standards — General Acoustics & Signal Terms,Standards list
True peak level,"Standards — Immersive/Object/Scene, MIR, ML & Loudness",Standards list
Two-alternative forced choice,Standards — General Acoustics & Signal Terms,Standards list
Variable bit-rate coding,"Standards — Coding, Systems, Metadata & Transport",Standards list
Vector-base amplitude panning,"Standards — Immersive/Object/Scene, MIR, ML & Loudness",Standards list
Virtual bass,Standards — General Acoustics & Signal Terms,Standards list
Vocoder analysis,Standards — General Acoustics & Signal Terms,Standards list
Wave field synthesis,"Standards — Immersive/Object/Scene, MIR, ML & Loudness",Standards list
Waveform coding,"Standards — Coding, Systems, Metadata & Transport",Standards list
Wavelength constant,Standards — General Acoustics & Signal Terms,Standards list
Weighted overlap-add,Standards — General Acoustics & Signal Terms,Standards list
Weighting network,"Standards — Room, Building, Environmental & Measurement",Standards list
Wet/dry mix ratio,Standards — General Acoustics & Signal Terms,Standards list
Whisper-mode processing,Standards — General Acoustics & Signal Terms,Standards list
Wideband speech coding,"Standards — Coding, Systems, Metadata & Transport",Standards list
Windowing function,"Standards — Coding, Systems, Metadata & Transport",Standards list
Zero-crossing rate,Standards — General Acoustics & Signal Terms,Standards list
Zwicker loudness model,"Standards — Immersive/Object/Scene, MIR, ML & Loudness",Standards list
Punch-and-streamer synchronization,"Film Scoring, Music Editorial & Theory",Batch 1
Free timing,"Film Scoring, Music Editorial & Theory",Batch 1
Written click,"Film Scoring, Music Editorial & Theory",Batch 1
Click value,"Film Scoring, Music Editorial & Theory",Batch 1
Fractional click,"Film Scoring, Music Editorial & Theory",Batch 1
Variable click,"Film Scoring, Music Editorial & Theory",Batch 1
Dead click,"Film Scoring, Music Editorial & Theory",Batch 1
Click dropout,"Film Scoring, Music Editorial & Theory",Batch 1
Catch beat,"Film Scoring, Music Editorial & Theory",Batch 1
Catch point,"Film Scoring, Music Editorial & Theory",Batch 1
Sync beat,"Film Scoring, Music Editorial & Theory",Batch 1
Sync bar,"Film Scoring, Music Editorial & Theory",Batch 1
Sync-point tolerance,"Film Scoring, Music Editorial & Theory",Batch 1
Hit-point map,"Film Scoring, Music Editorial & Theory",Batch 1
Beat mapping to picture,"Film Scoring, Music Editorial & Theory",Batch 1
Tempo solve,"Film Scoring, Music Editorial & Theory",Batch 1
Tempo fitting,"Film Scoring, Music Editorial & Theory",Batch 1
Meter modulation for picture,"Film Scoring, Music Editorial & Theory",Batch 1
Reel–music cue number,"Film Scoring, Music Editorial & Theory",Batch 1
M-number,"Film Scoring, Music Editorial & Theory",Batch 1
Cue suffix,"Film Scoring, Music Editorial & Theory",Batch 1
Cue prefix,"Film Scoring, Music Editorial & Theory",Batch 1
Cue split,"Film Scoring, Music Editorial & Theory",Batch 1
Cue combine,"Film Scoring, Music Editorial & Theory",Batch 1
Cue insert,"Film Scoring, Music Editorial & Theory",Batch 1
Cue replacement,"Film Scoring, Music Editorial & Theory",Batch 1
Cue versioning,"Film Scoring, Music Editorial & Theory",Batch 1
Alternate cue,"Film Scoring, Music Editorial & Theory",Batch 1
Cue revision letter,"Film Scoring, Music Editorial & Theory",Batch 1
Cue matrix,"Film Scoring, Music Editorial & Theory",Batch 1
Cue status,"Film Scoring, Music Editorial & Theory",Batch 1
Cue turnover,"Film Scoring, Music Editorial & Theory",Batch 1
Cue lock,"Film Scoring, Music Editorial & Theory",Batch 1
Cue package,"Film Scoring, Music Editorial & Theory",Batch 1
Reconform,"Film Scoring, Music Editorial & Theory",Batch 1
Global reconform,"Film Scoring, Music Editorial & Theory",Batch 1
Picture-change list,"Film Scoring, Music Editorial & Theory",Batch 1
Change note,"Film Scoring, Music Editorial & Theory",Batch 1
Pull-up,"Film Scoring, Music Editorial & Theory",Batch 1
Pull-down,"Film Scoring, Music Editorial & Theory",Batch 1
Head change,"Film Scoring, Music Editorial & Theory",Batch 1
Tail change,"Film Scoring, Music Editorial & Theory",Batch 1
Internal change,"Film Scoring, Music Editorial & Theory",Batch 1
Picture slip,"Film Scoring, Music Editorial & Theory",Batch 1
Music slip,"Film Scoring, Music Editorial & Theory",Batch 1
Editorial stretch,"Film Scoring, Music Editorial & Theory",Batch 1
Editorial compression,"Film Scoring, Music Editorial & Theory",Batch 1
Structural conform,"Film Scoring, Music Editorial & Theory",Batch 1
Post-record conform,"Film Scoring, Music Editorial & Theory",Batch 1
Pre-record conform,"Film Scoring, Music Editorial & Theory",Batch 1
Spotting note,"Film Scoring, Music Editorial & Theory",Batch 1
Timing note,"Film Scoring, Music Editorial & Theory",Batch 1
In-point,"Film Scoring, Music Editorial & Theory",Batch 1
Out-point,"Film Scoring, Music Editorial & Theory",Batch 1
Music entrance rationale,"Film Scoring, Music Editorial & Theory",Batch 1
Music exit rationale,"Film Scoring, Music Editorial & Theory",Batch 1
Play-through,"Film Scoring, Music Editorial & Theory",Batch 1
Play-off,"Film Scoring, Music Editorial & Theory",Batch 1
Play-on,"Film Scoring, Music Editorial & Theory",Batch 1
Open ending,"Film Scoring, Music Editorial & Theory",Batch 1
Soft out,"Film Scoring, Music Editorial & Theory",Batch 1
Tail-out,"Film Scoring, Music Editorial & Theory",Batch 1
Top-and-tail scoring,"Film Scoring, Music Editorial & Theory",Batch 1
Bookend scoring,"Film Scoring, Music Editorial & Theory",Batch 1
Under-dialogue corridor,"Film Scoring, Music Editorial & Theory",Batch 1
Dialogue pocket,"Film Scoring, Music Editorial & Theory",Batch 1
Narrative handoff,"Film Scoring, Music Editorial & Theory",Batch 1
Modular scoring,"Film Scoring, Music Editorial & Theory",Batch 1
Expandable module,"Film Scoring, Music Editorial & Theory",Batch 1
Contractible module,"Film Scoring, Music Editorial & Theory",Batch 1
Elastic phrase,"Film Scoring, Music Editorial & Theory",Batch 1
Neutral bar,"Film Scoring, Music Editorial & Theory",Batch 1
Holding pattern,"Film Scoring, Music Editorial & Theory",Batch 1
Vamp-to-hit,"Film Scoring, Music Editorial & Theory",Batch 1
Vamp-out,"Film Scoring, Music Editorial & Theory",Batch 1
Safety bar,"Film Scoring, Music Editorial & Theory",Batch 1
Cut bar,"Film Scoring, Music Editorial & Theory",Batch 1
Insert bar,"Film Scoring, Music Editorial & Theory",Batch 1
Accordion cue,"Film Scoring, Music Editorial & Theory",Batch 1
Pivot bar,"Film Scoring, Music Editorial & Theory",Batch 1
Transition module,"Film Scoring, Music Editorial & Theory",Batch 1
Tension plateau,"Film Scoring, Music Editorial & Theory",Batch 1
Deferred cadence,"Film Scoring, Music Editorial & Theory",Batch 1
Cadential synchronization,"Film Scoring, Music Editorial & Theory",Batch 1
Phrasal synchronization,"Film Scoring, Music Editorial & Theory",Batch 1
Metric synchronization,"Film Scoring, Music Editorial & Theory",Batch 1
Parametric synchronization,"Film Scoring, Music Editorial & Theory",Batch 1
Orchestral handoff,"Film Scoring, Music Editorial & Theory",Batch 1
Timbral reveal,"Film Scoring, Music Editorial & Theory",Batch 1
Registral clearance,"Film Scoring, Music Editorial & Theory",Batch 1
Orchestration thinning,"Film Scoring, Music Editorial & Theory",Batch 1
Perspective orchestration,"Film Scoring, Music Editorial & Theory",Batch 1
Scoring stage foldback,"Film Scoring, Music Editorial & Theory",Batch 1
Conductor picture feed,"Film Scoring, Music Editorial & Theory",Batch 1
Session streamer,"Film Scoring, Music Editorial & Theory",Batch 1
Session punch,"Film Scoring, Music Editorial & Theory",Batch 1
Prelay,"Film Scoring, Music Editorial & Theory",Batch 1
Score prelay,"Film Scoring, Music Editorial & Theory",Batch 1
Orchestral sweetener,"Film Scoring, Music Editorial & Theory",Batch 1
Electronic sweetener,"Film Scoring, Music Editorial & Theory",Batch 1
Double pass,"Film Scoring, Music Editorial & Theory",Batch 1
Sectional overlay,"Film Scoring, Music Editorial & Theory",Batch 1
Spot overdub,"Film Scoring, Music Editorial & Theory",Batch 1
Score replacement pass,"Film Scoring, Music Editorial & Theory",Batch 1
Wild take,"Film Scoring, Music Editorial & Theory",Batch 1
Wild ending,"Film Scoring, Music Editorial & Theory",Batch 1
Ring-out take,"Film Scoring, Music Editorial & Theory",Batch 1
Long-tail take,"Film Scoring, Music Editorial & Theory",Batch 1
Clean top,"Film Scoring, Music Editorial & Theory",Batch 1
Clean tail,"Film Scoring, Music Editorial & Theory",Batch 1
Score stage master,"Film Scoring, Music Editorial & Theory",Batch 1
Cue assembly,"Film Scoring, Music Editorial & Theory",Batch 1
Score conform stem,"Film Scoring, Music Editorial & Theory",Batch 1
Cue assembly master,"Film Scoring, Music Editorial & Theory",Batch 1
Music editorial master,"Film Scoring, Music Editorial & Theory",Batch 1
Music-and-effects compatibility,"Film Scoring, Music Editorial & Theory",Batch 1
M&E gap,"Film Scoring, Music Editorial & Theory",Batch 1
Score stem family,"Film Scoring, Music Editorial & Theory",Batch 1
Editorial stem,"Film Scoring, Music Editorial & Theory",Batch 1
Theme stem,"Film Scoring, Music Editorial & Theory",Batch 1
Pulse stem,"Film Scoring, Music Editorial & Theory",Batch 1
Atmospheric stem,"Film Scoring, Music Editorial & Theory",Batch 1
Transient stem,"Film Scoring, Music Editorial & Theory",Batch 1
Score element,"Film Scoring, Music Editorial & Theory",Batch 1
No-melody mix,"Film Scoring, Music Editorial & Theory",Batch 1
No-percussion mix,"Film Scoring, Music Editorial & Theory",Batch 1
Reduced-density mix,"Film Scoring, Music Editorial & Theory",Batch 1
Button alternate,"Film Scoring, Music Editorial & Theory",Batch 1
Mix-out alternate,"Film Scoring, Music Editorial & Theory",Batch 1
Music editorial toolkit,"Film Scoring, Music Editorial & Theory",Batch 1
Photoplay music,"Film Scoring, Music Editorial & Theory",Batch 1
Photoplay album,"Film Scoring, Music Editorial & Theory",Batch 1
Photoplay library,"Film Scoring, Music Editorial & Theory",Batch 1
Thematic cue sheet,"Film Scoring, Music Editorial & Theory",Batch 1
Cue-sheet incipit,"Film Scoring, Music Editorial & Theory",Batch 1
Compilation score,"Film Scoring, Music Editorial & Theory",Batch 1
Compiled accompaniment,"Film Scoring, Music Editorial & Theory",Batch 1
Synchronization score,"Film Scoring, Music Editorial & Theory",Batch 1
Stock cue,"Film Scoring, Music Editorial & Theory",Batch 1
Characteristic piece,"Film Scoring, Music Editorial & Theory",Batch 1
Situation music,"Film Scoring, Music Editorial & Theory",Batch 1
Hurry,"Film Scoring, Music Editorial & Theory",Batch 1
Comic hurry,"Film Scoring, Music Editorial & Theory",Batch 1
Agitato,"Film Scoring, Music Editorial & Theory",Batch 1
Furioso,"Film Scoring, Music Editorial & Theory",Batch 1
Misterioso,"Film Scoring, Music Editorial & Theory",Batch 1
Comic misterioso,"Film Scoring, Music Editorial & Theory",Batch 1
Andante misterioso,"Film Scoring, Music Editorial & Theory",Batch 1
Plaintive,"Film Scoring, Music Editorial & Theory",Batch 1
Pathetic music,"Film Scoring, Music Editorial & Theory",Batch 1
Neutral music,"Film Scoring, Music Editorial & Theory",Batch 1
General-use hurry,"Film Scoring, Music Editorial & Theory",Batch 1
Descriptive incidental,"Film Scoring, Music Editorial & Theory",Batch 1
Curtain music,"Film Scoring, Music Editorial & Theory",Batch 1
Musical primer,"Film Scoring, Music Editorial & Theory",Batch 1
Modular silent-film score,"Film Scoring, Music Editorial & Theory",Batch 1
Anempathetic music,"Film Scoring, Music Editorial & Theory",Batch 1
Empathetic music,"Film Scoring, Music Editorial & Theory",Batch 1
Synchresis,"Film Scoring, Music Editorial & Theory",Batch 1
Added value,"Film Scoring, Music Editorial & Theory",Batch 1
Audiovisual counterpoint,"Film Scoring, Music Editorial & Theory",Batch 1
Audiovisual consonance,"Film Scoring, Music Editorial & Theory",Batch 1
Audiovisual dissonance,"Film Scoring, Music Editorial & Theory",Batch 1
Temporal vectorization,"Film Scoring, Music Editorial & Theory",Batch 1
Temporalization of image,"Film Scoring, Music Editorial & Theory",Batch 1
Point of synchronization,"Film Scoring, Music Editorial & Theory",Batch 1
Avoided synchronization,"Film Scoring, Music Editorial & Theory",Batch 1
False synchronization,"Film Scoring, Music Editorial & Theory",Batch 1
Micro-synchronization,"Film Scoring, Music Editorial & Theory",Batch 1
Macro-synchronization,"Film Scoring, Music Editorial & Theory",Batch 1
Structural synchronization,"Film Scoring, Music Editorial & Theory",Batch 1
Tonal teleology,"Film Scoring, Music Editorial & Theory",Batch 1
Cadential genre,"Film Scoring, Music Editorial & Theory",Batch 1
Mixed plagal cadence,"Film Scoring, Music Editorial & Theory",Batch 1
Subtonic half cadence,"Film Scoring, Music Editorial & Theory",Batch 1
Tritone-minor-second complex,"Film Scoring, Music Editorial & Theory",Batch 1
Chromatic mediant network,"Film Scoring, Music Editorial & Theory",Batch 1
Pan-triadic writing,"Film Scoring, Music Editorial & Theory",Batch 1
Neo-Riemannian transformation,"Film Scoring, Music Editorial & Theory",Batch 1
Hexatonic pole,"Film Scoring, Music Editorial & Theory",Batch 1
Double-tonic complex,"Film Scoring, Music Editorial & Theory",Batch 1
Tonal pairing,"Film Scoring, Music Editorial & Theory",Batch 1
Associative orchestration,"Film Scoring, Music Editorial & Theory",Batch 1
Timbral leitmotif,"Film Scoring, Music Editorial & Theory",Batch 1
Textural leitmotif,"Film Scoring, Music Editorial & Theory",Batch 1
Harmonic signifier,"Film Scoring, Music Editorial & Theory",Batch 1
Topic transformation,"Film Scoring, Music Editorial & Theory",Batch 1
Genre-coded cadence,"Film Scoring, Music Editorial & Theory",Batch 1
Signal extraction,Archival Preservation & Grooved/Obsolete Media,Batch 1
Content migration,Archival Preservation & Grooved/Obsolete Media,Batch 1
Carrier preservation,Archival Preservation & Grooved/Obsolete Media,Batch 1
Content preservation,Archival Preservation & Grooved/Obsolete Media,Batch 1
Preservation transfer,Archival Preservation & Grooved/Obsolete Media,Batch 1
Archival transfer chain,Archival Preservation & Grooved/Obsolete Media,Batch 1
Access derivative,Archival Preservation & Grooved/Obsolete Media,Batch 1
Mezzanine file,Archival Preservation & Grooved/Obsolete Media,Batch 1
Authentic signal representation,Archival Preservation & Grooved/Obsolete Media,Batch 1
Archival neutrality,Archival Preservation & Grooved/Obsolete Media,Batch 1
Reversible intervention,Archival Preservation & Grooved/Obsolete Media,Batch 1
Minimal intervention,Archival Preservation & Grooved/Obsolete Media,Batch 1
Documented intervention,Archival Preservation & Grooved/Obsolete Media,Batch 1
Preservation pathway,Archival Preservation & Grooved/Obsolete Media,Batch 1
Format obsolescence risk,Archival Preservation & Grooved/Obsolete Media,Batch 1
Carrier-based obsolescence,Archival Preservation & Grooved/Obsolete Media,Batch 1
System dependency,Archival Preservation & Grooved/Obsolete Media,Batch 1
Preservation triage,Archival Preservation & Grooved/Obsolete Media,Batch 1
Unequalized transfer,Tape Editing & Archival Signal Restoration,Batch 1
Pre-equalized transfer,Tape Editing & Archival Signal Restoration,Batch 1
Post-transfer equalization,Tape Editing & Archival Signal Restoration,Batch 1
Replay characteristic,Tape Editing & Archival Signal Restoration,Batch 1
Historical replay equalization,Tape Editing & Archival Signal Restoration,Batch 1
Turnover frequency,Tape Editing & Archival Signal Restoration,Batch 1
High-frequency roll-off constant,Tape Editing & Archival Signal Restoration,Batch 1
Non-RIAA equalization,Tape Editing & Archival Signal Restoration,Batch 1
Characteristic uncertainty,Tape Editing & Archival Signal Restoration,Batch 1
Reference transfer,Tape Editing & Archival Signal Restoration,Batch 1
Parallel transfer,Tape Editing & Archival Signal Restoration,Batch 1
Multi-stylus transfer,Tape Editing & Archival Signal Restoration,Batch 1
Multi-pass transfer,Tape Editing & Archival Signal Restoration,Batch 1
Channel-selective transfer,Tape Editing & Archival Signal Restoration,Batch 1
Dual-wall recovery,Tape Editing & Archival Signal Restoration,Batch 1
Wall-to-wall summation,Tape Editing & Archival Signal Restoration,Batch 1
Phase-coherent summation,Tape Editing & Archival Signal Restoration,Batch 1
Differential groove recovery,Tape Editing & Archival Signal Restoration,Batch 1
Common-mode groove rejection,Tape Editing & Archival Signal Restoration,Batch 1
Transfer calibration tone,Tape Editing & Archival Signal Restoration,Batch 1
Transfer lineage,Tape Editing & Archival Signal Restoration,Batch 1
Generation identification,Tape Editing & Archival Signal Restoration,Batch 1
Generation loss assessment,Tape Editing & Archival Signal Restoration,Batch 1
Contemporaneous transfer note,Tape Editing & Archival Signal Restoration,Batch 1
Binder hydrolysis,Magnetic Tape Degradation & Preservation,Batch 1
Sticky-shed syndrome,Magnetic Tape Degradation & Preservation,Batch 1
Soft-binder syndrome,Magnetic Tape Degradation & Preservation,Batch 1
Binder breakdown,Magnetic Tape Degradation & Preservation,Batch 1
Coating shed,Magnetic Tape Degradation & Preservation,Batch 1
Oxide shedding,Magnetic Tape Degradation & Preservation,Batch 1
Binder exudation,Magnetic Tape Degradation & Preservation,Batch 1
Lubricant exudation,Magnetic Tape Degradation & Preservation,Batch 1
Lubricant depletion,Magnetic Tape Degradation & Preservation,Batch 1
Blocking,Magnetic Tape Degradation & Preservation,Batch 1
Layer adhesion,Magnetic Tape Degradation & Preservation,Batch 1
Coating delamination,Magnetic Tape Degradation & Preservation,Batch 1
Base-film hydrolysis,Magnetic Tape Degradation & Preservation,Batch 1
Acetate-base decomposition,Magnetic Tape Degradation & Preservation,Batch 1
Vinegar syndrome,Magnetic Tape Degradation & Preservation,Batch 1
Plasticizer migration,Magnetic Tape Degradation & Preservation,Batch 1
Embrittlement,Magnetic Tape Degradation & Preservation,Batch 1
Substrate shrinkage,Magnetic Tape Degradation & Preservation,Batch 1
Magnetic-particle agglomeration,Magnetic Tape Degradation & Preservation,Batch 1
Coating friability,Magnetic Tape Degradation & Preservation,Batch 1
Pack tension,Magnetic Tape Degradation & Preservation,Batch 1
Pack stress,Magnetic Tape Degradation & Preservation,Batch 1
Pack slip,Magnetic Tape Degradation & Preservation,Batch 1
Interlayer slip,Magnetic Tape Degradation & Preservation,Batch 1
Cinching,Magnetic Tape Degradation & Preservation,Batch 1
Stepped pack,Magnetic Tape Degradation & Preservation,Batch 1
Scattered wind,Magnetic Tape Degradation & Preservation,Batch 1
Windowing,Magnetic Tape Degradation & Preservation,Batch 1
Spoking,Magnetic Tape Degradation & Preservation,Batch 1
Pack collapse,Magnetic Tape Degradation & Preservation,Batch 1
Flange pack contact,Magnetic Tape Degradation & Preservation,Batch 1
Edge weave,Magnetic Tape Degradation & Preservation,Batch 1
Tape skew,Magnetic Tape Degradation & Preservation,Batch 1
Edge damage,Magnetic Tape Degradation & Preservation,Batch 1
Popped strand,Magnetic Tape Degradation & Preservation,Batch 1
Leafing,Magnetic Tape Degradation & Preservation,Batch 1
Cupping,Magnetic Tape Degradation & Preservation,Batch 1
Longitudinal curl,Magnetic Tape Degradation & Preservation,Batch 1
Transverse curl,Magnetic Tape Degradation & Preservation,Batch 1
Saddle deformation,Magnetic Tape Degradation & Preservation,Batch 1
Crease memory,Magnetic Tape Degradation & Preservation,Batch 1
Tension imprint,Magnetic Tape Degradation & Preservation,Batch 1
Print-through,Magnetic Tape Degradation & Preservation,Batch 1
Pre-print,Magnetic Tape Degradation & Preservation,Batch 1
Post-print,Magnetic Tape Degradation & Preservation,Batch 1
Azimuth error,Magnetic Tape Degradation & Preservation,Batch 1
Dynamic azimuth error,Magnetic Tape Degradation & Preservation,Batch 1
Azimuth drift,Magnetic Tape Degradation & Preservation,Batch 1
Segmental azimuth correction,Magnetic Tape Degradation & Preservation,Batch 1
Automatic azimuth correction,Magnetic Tape Degradation & Preservation,Batch 1
Zenith error,Magnetic Tape Degradation & Preservation,Batch 1
Head-height error,Magnetic Tape Degradation & Preservation,Batch 1
Track-placement error,Magnetic Tape Degradation & Preservation,Batch 1
Track-width mismatch,Magnetic Tape Degradation & Preservation,Batch 1
Guard-band intrusion,Magnetic Tape Degradation & Preservation,Batch 1
Adjacent-track crosstalk,Magnetic Tape Degradation & Preservation,Batch 1
Head-wrap angle,Magnetic Tape Degradation & Preservation,Batch 1
Tape wrap,Magnetic Tape Degradation & Preservation,Batch 1
Head-to-tape contact,Magnetic Tape Degradation & Preservation,Batch 1
Spacing loss,Magnetic Tape Degradation & Preservation,Batch 1
Gap loss,Magnetic Tape Degradation & Preservation,Batch 1
Contour effect,Magnetic Tape Degradation & Preservation,Batch 1
Fringing effect,Magnetic Tape Degradation & Preservation,Batch 1
Head-gap scatter,Magnetic Tape Degradation & Preservation,Batch 1
Interchannel time displacement,Magnetic Tape Degradation & Preservation,Batch 1
Stack alignment,Magnetic Tape Degradation & Preservation,Batch 1
Reference-fluxivity mismatch,Magnetic Tape Degradation & Preservation,Batch 1
Replay calibration ambiguity,Magnetic Tape Degradation & Preservation,Batch 1
Wow,Magnetic Tape Degradation & Preservation,Batch 1
Flutter,Magnetic Tape Degradation & Preservation,Batch 1
Wow-and-flutter profile,Magnetic Tape Degradation & Preservation,Batch 1
Scrape flutter,Magnetic Tape Degradation & Preservation,Batch 1
Stick-slip motion,Magnetic Tape Degradation & Preservation,Batch 1
Tape squeal,Magnetic Tape Degradation & Preservation,Batch 1
Longitudinal vibration,Magnetic Tape Degradation & Preservation,Batch 1
Transverse vibration,Magnetic Tape Degradation & Preservation,Batch 1
Capstan eccentricity,Magnetic Tape Degradation & Preservation,Batch 1
Pinch-roller eccentricity,Magnetic Tape Degradation & Preservation,Batch 1
Capstan imprint,Magnetic Tape Degradation & Preservation,Batch 1
Reel eccentricity,Magnetic Tape Degradation & Preservation,Batch 1
Torque ripple,Magnetic Tape Degradation & Preservation,Batch 1
Tension modulation,Magnetic Tape Degradation & Preservation,Batch 1
Servo hunting,Magnetic Tape Degradation & Preservation,Batch 1
Speed-reference reconstruction,Magnetic Tape Degradation & Preservation,Batch 1
Mains-hum speed correction,Magnetic Tape Degradation & Preservation,Batch 1
Bias-tone tracking,Magnetic Tape Degradation & Preservation,Batch 1
Pilot-tone recovery,Magnetic Tape Degradation & Preservation,Batch 1
Capstanless correction,Magnetic Tape Degradation & Preservation,Batch 1
Instantaneous disc,Archival Preservation & Grooved/Obsolete Media,Batch 1
Direct-cut disc,Archival Preservation & Grooved/Obsolete Media,Batch 1
Transcription disc,Archival Preservation & Grooved/Obsolete Media,Batch 1
Pre-grooved disc,Archival Preservation & Grooved/Obsolete Media,Batch 1
Embossed groove,Archival Preservation & Grooved/Obsolete Media,Batch 1
Cut groove,Archival Preservation & Grooved/Obsolete Media,Batch 1
Lateral-cut recording,Archival Preservation & Grooved/Obsolete Media,Batch 1
Vertical-cut recording,Archival Preservation & Grooved/Obsolete Media,Batch 1
Hill-and-dale recording,Archival Preservation & Grooved/Obsolete Media,Batch 1
Variable-pitch cutting,Archival Preservation & Grooved/Obsolete Media,Batch 1
Groove eccentricity,Archival Preservation & Grooved/Obsolete Media,Batch 1
Concentric runout,Archival Preservation & Grooved/Obsolete Media,Batch 1
Inside-start disc,Archival Preservation & Grooved/Obsolete Media,Batch 1
Outside-start disc,Archival Preservation & Grooved/Obsolete Media,Batch 1
Groove-wall selection,Archival Preservation & Grooved/Obsolete Media,Batch 1
Stylus truncation,Archival Preservation & Grooved/Obsolete Media,Batch 1
Stylus-radius optimization,Archival Preservation & Grooved/Obsolete Media,Batch 1
Truncated elliptical stylus,Archival Preservation & Grooved/Obsolete Media,Batch 1
Groove-bottom riding,Archival Preservation & Grooved/Obsolete Media,Batch 1
Pinch effect,Archival Preservation & Grooved/Obsolete Media,Batch 1
Tracing distortion,Archival Preservation & Grooved/Obsolete Media,Batch 1
Scanning loss,Archival Preservation & Grooved/Obsolete Media,Batch 1
Groove echo,Archival Preservation & Grooved/Obsolete Media,Batch 1
Turntable rumble,Archival Preservation & Grooved/Obsolete Media,Batch 1
Warp wow,Archival Preservation & Grooved/Obsolete Media,Batch 1
Lacquer delamination,Archival Preservation & Grooved/Obsolete Media,Batch 1
Lacquer lifting,Archival Preservation & Grooved/Obsolete Media,Batch 1
Lacquer flaking,Archival Preservation & Grooved/Obsolete Media,Batch 1
Palmitic-acid exudation,Archival Preservation & Grooved/Obsolete Media,Batch 1
Plasticizer loss,Archival Preservation & Grooved/Obsolete Media,Batch 1
Lacquer shrinkage,Archival Preservation & Grooved/Obsolete Media,Batch 1
Surface crazing,Archival Preservation & Grooved/Obsolete Media,Batch 1
Radial cracking,Archival Preservation & Grooved/Obsolete Media,Batch 1
Concentric cracking,Archival Preservation & Grooved/Obsolete Media,Batch 1
Groove-wall fracture,Archival Preservation & Grooved/Obsolete Media,Batch 1
Groove collapse,Archival Preservation & Grooved/Obsolete Media,Batch 1
Substrate corrosion,Archival Preservation & Grooved/Obsolete Media,Batch 1
Glass-base fracture,Archival Preservation & Grooved/Obsolete Media,Batch 1
Core swelling,Archival Preservation & Grooved/Obsolete Media,Batch 1
Exudate removal,Archival Preservation & Grooved/Obsolete Media,Batch 1
Surface bloom,Archival Preservation & Grooved/Obsolete Media,Batch 1
Mold hyphae intrusion,Archival Preservation & Grooved/Obsolete Media,Batch 1
Groove accretion,Archival Preservation & Grooved/Obsolete Media,Batch 1
Particulate occlusion,Archival Preservation & Grooved/Obsolete Media,Batch 1
Wet-play transfer,Archival Preservation & Grooved/Obsolete Media,Batch 1
Wax-cylinder shaving,Archival Preservation & Grooved/Obsolete Media,Batch 1
Cylinder eccentricity,Archival Preservation & Grooved/Obsolete Media,Batch 1
Mandrel mismatch,Archival Preservation & Grooved/Obsolete Media,Batch 1
Cylinder bore deformation,Archival Preservation & Grooved/Obsolete Media,Batch 1
End-shrinkage,Archival Preservation & Grooved/Obsolete Media,Batch 1
Cylinder ovalization,Archival Preservation & Grooved/Obsolete Media,Batch 1
Celluloid-cylinder delamination,Archival Preservation & Grooved/Obsolete Media,Batch 1
Plaster-core expansion,Archival Preservation & Grooved/Obsolete Media,Batch 1
Dictation belt,Archival Preservation & Grooved/Obsolete Media,Batch 1
Dictabelt,Archival Preservation & Grooved/Obsolete Media,Batch 1
SoundScriber disc,Archival Preservation & Grooved/Obsolete Media,Batch 1
Gray Audograph disc,Archival Preservation & Grooved/Obsolete Media,Batch 1
Memobelt,Archival Preservation & Grooved/Obsolete Media,Batch 1
Groove embossing recovery,Archival Preservation & Grooved/Obsolete Media,Batch 1
Belt flattening,Archival Preservation & Grooved/Obsolete Media,Batch 1
Mandrel casting,Archival Preservation & Grooved/Obsolete Media,Batch 1
Noncontact cylinder scanning,Archival Preservation & Grooved/Obsolete Media,Batch 1
Helical-groove reconstruction,Archival Preservation & Grooved/Obsolete Media,Batch 1
Optical sound recovery,Tape Editing & Archival Signal Restoration,Batch 1
Noncontact playback,Tape Editing & Archival Signal Restoration,Batch 1
IRENE scanning,Tape Editing & Archival Signal Restoration,Batch 1
Two-dimensional groove imaging,Tape Editing & Archival Signal Restoration,Batch 1
Three-dimensional groove imaging,Tape Editing & Archival Signal Restoration,Batch 1
Surface metrology,Tape Editing & Archival Signal Restoration,Batch 1
Groove-topography reconstruction,Tape Editing & Archival Signal Restoration,Batch 1
Virtual stylus,Tape Editing & Archival Signal Restoration,Batch 1
Optical transfer profile,Tape Editing & Archival Signal Restoration,Batch 1
Groove-centerline extraction,Tape Editing & Archival Signal Restoration,Batch 1
Wall-profile extraction,Tape Editing & Archival Signal Restoration,Batch 1
Occlusion bridging,Tape Editing & Archival Signal Restoration,Batch 1
Fracture registration,Tape Editing & Archival Signal Restoration,Batch 1
Fragment stitching,Tape Editing & Archival Signal Restoration,Batch 1
Image-domain dewarping,Tape Editing & Archival Signal Restoration,Batch 1
Virtual reassembly,Tape Editing & Archival Signal Restoration,Batch 1
Decrackling,Tape Editing & Archival Signal Restoration,Batch 1
Declicking,Tape Editing & Archival Signal Restoration,Batch 1
Impulse interpolation,Tape Editing & Archival Signal Restoration,Batch 1
Bidirectional interpolation,Tape Editing & Archival Signal Restoration,Batch 1
Autoregressive interpolation,Tape Editing & Archival Signal Restoration,Batch 1
Spectral inpainting,Tape Editing & Archival Signal Restoration,Batch 1
Sinusoidal interpolation,Tape Editing & Archival Signal Restoration,Batch 1
Transient reconstruction,Tape Editing & Archival Signal Restoration,Batch 1
Broadband impulse,Tape Editing & Archival Signal Restoration,Batch 1
Click tail,Tape Editing & Archival Signal Restoration,Batch 1
Thump removal,Tape Editing & Archival Signal Restoration,Batch 1
Deplosive processing,Tape Editing & Archival Signal Restoration,Batch 1
Declip reconstruction,Tape Editing & Archival Signal Restoration,Batch 1
Asymmetric declipping,Tape Editing & Archival Signal Restoration,Batch 1
Dropout interpolation,Tape Editing & Archival Signal Restoration,Batch 1
Partial dropout,Tape Editing & Archival Signal Restoration,Batch 1
High-frequency dropout,Tape Editing & Archival Signal Restoration,Batch 1
Channel substitution,Tape Editing & Archival Signal Restoration,Batch 1
Patch-source restoration,Tape Editing & Archival Signal Restoration,Batch 1
Composite restoration,Tape Editing & Archival Signal Restoration,Batch 1
Source intercutting,Tape Editing & Archival Signal Restoration,Batch 1
Multi-source alignment,Tape Editing & Archival Signal Restoration,Batch 1
Drift-compensated alignment,Tape Editing & Archival Signal Restoration,Batch 1
Hum fundamental,Tape Editing & Archival Signal Restoration,Batch 1
Hum-harmonic series,Tape Editing & Archival Signal Restoration,Batch 1
Hum tracking,Tape Editing & Archival Signal Restoration,Batch 1
Adaptive dehum,Tape Editing & Archival Signal Restoration,Batch 1
Comb-notch dehum,Tape Editing & Archival Signal Restoration,Batch 1
Harmonic hum reconstruction,Tape Editing & Archival Signal Restoration,Batch 1
Buzz burst,Tape Editing & Archival Signal Restoration,Batch 1
Rectifier buzz,Tape Editing & Archival Signal Restoration,Batch 1
Line-frequency wander,Tape Editing & Archival Signal Restoration,Batch 1
Heterodyne whistle,Tape Editing & Archival Signal Restoration,Batch 1
Bias whistle,Tape Editing & Archival Signal Restoration,Batch 1
Pilot-tone leakage,Tape Editing & Archival Signal Restoration,Batch 1
Carrier leakage,Tape Editing & Archival Signal Restoration,Batch 1
Beat-frequency interference,Tape Editing & Archival Signal Restoration,Batch 1
Switching hash,Tape Editing & Archival Signal Restoration,Batch 1
Arc noise,Tape Editing & Archival Signal Restoration,Batch 1
Ignition interference,Tape Editing & Archival Signal Restoration,Batch 1
Radio breakthrough,Tape Editing & Archival Signal Restoration,Batch 1
Crosstalk print,Tape Editing & Archival Signal Restoration,Batch 1
Bit-level preservation,Archival Preservation & Grooved/Obsolete Media,Batch 1
Fixity,Archival Preservation & Grooved/Obsolete Media,Batch 1
Fixity check,Archival Preservation & Grooved/Obsolete Media,Batch 1
Checksum manifest,Archival Preservation & Grooved/Obsolete Media,Batch 1
Cryptographic hash,Archival Preservation & Grooved/Obsolete Media,Batch 1
Checksum collision,Archival Preservation & Grooved/Obsolete Media,Batch 1
Silent corruption,Archival Preservation & Grooved/Obsolete Media,Batch 1
Bit rot,Archival Preservation & Grooved/Obsolete Media,Batch 1
Media refreshing,Archival Preservation & Grooved/Obsolete Media,Batch 1
Format migration,Archival Preservation & Grooved/Obsolete Media,Batch 1
Normalization,Archival Preservation & Grooved/Obsolete Media,Batch 1
Preservation normalization,Archival Preservation & Grooved/Obsolete Media,Batch 1
Replication,Archival Preservation & Grooved/Obsolete Media,Batch 1
Geographic replication,Archival Preservation & Grooved/Obsolete Media,Batch 1
Storage diversity,Archival Preservation & Grooved/Obsolete Media,Batch 1
Technological diversity,Archival Preservation & Grooved/Obsolete Media,Batch 1
Integrity audit,Archival Preservation & Grooved/Obsolete Media,Batch 1
Audit trail,Archival Preservation & Grooved/Obsolete Media,Batch 1
Event metadata,Archival Preservation & Grooved/Obsolete Media,Batch 1
Preservation provenance,Archival Preservation & Grooved/Obsolete Media,Batch 1
Significant properties,Archival Preservation & Grooved/Obsolete Media,Batch 1
Representation information,Archival Preservation & Grooved/Obsolete Media,Batch 1
Representation network,Archival Preservation & Grooved/Obsolete Media,Batch 1
Preservation watch,Archival Preservation & Grooved/Obsolete Media,Batch 1
Technology watch,Archival Preservation & Grooved/Obsolete Media,Batch 1
Coding history field,Archival Preservation & Grooved/Obsolete Media,Batch 1
Originator reference,Archival Preservation & Grooved/Obsolete Media,Batch 1
Time reference,Archival Preservation & Grooved/Obsolete Media,Batch 1
Embedded checksum,Archival Preservation & Grooved/Obsolete Media,Batch 1
MD5 chunk,Archival Preservation & Grooved/Obsolete Media,Batch 1
RF64,Archival Preservation & Grooved/Obsolete Media,Batch 1
WAVE64,Archival Preservation & Grooved/Obsolete Media,Batch 1
Process metadata,Archival Preservation & Grooved/Obsolete Media,Batch 1
Carrier metadata,Archival Preservation & Grooved/Obsolete Media,Batch 1
Replay metadata,Archival Preservation & Grooved/Obsolete Media,Batch 1
Restoration metadata,Archival Preservation & Grooved/Obsolete Media,Batch 1
AES57 object structure,Archival Preservation & Grooved/Obsolete Media,Batch 1
Metadata crosswalk,Archival Preservation & Grooved/Obsolete Media,Batch 1
Schema validation,Archival Preservation & Grooved/Obsolete Media,Batch 1
Controlled vocabulary,Archival Preservation & Grooved/Obsolete Media,Batch 1
Persistent identifier,Archival Preservation & Grooved/Obsolete Media,Batch 1
Essence,Archival Preservation & Grooved/Obsolete Media,Batch 1
Essence container,Archival Preservation & Grooved/Obsolete Media,Batch 1
Ingest validation,Archival Preservation & Grooved/Obsolete Media,Batch 1
Archival ingest,Archival Preservation & Grooved/Obsolete Media,Batch 1
Content Information,Archival Preservation & Grooved/Obsolete Media,Batch 1
Preservation Description Information,Archival Preservation & Grooved/Obsolete Media,Batch 1
Reference information,Archival Preservation & Grooved/Obsolete Media,Batch 1
Context information,Archival Preservation & Grooved/Obsolete Media,Batch 1
Provenance information,Archival Preservation & Grooved/Obsolete Media,Batch 1
Fixity information,Archival Preservation & Grooved/Obsolete Media,Batch 1
Designated community,Archival Preservation & Grooved/Obsolete Media,Batch 1
Independent understandability,Archival Preservation & Grooved/Obsolete Media,Batch 1
Repository succession plan,Archival Preservation & Grooved/Obsolete Media,Batch 1
Remanence,"Magnetic Tape Physics, Heads & Calibration",Batch 1
Retentivity,"Magnetic Tape Physics, Heads & Calibration",Batch 1
Coercivity,"Magnetic Tape Physics, Heads & Calibration",Batch 1
Intrinsic coercivity,"Magnetic Tape Physics, Heads & Calibration",Batch 1
Saturation magnetization,"Magnetic Tape Physics, Heads & Calibration",Batch 1
Saturation remanence,"Magnetic Tape Physics, Heads & Calibration",Batch 1
Magnetic hysteresis,"Magnetic Tape Physics, Heads & Calibration",Batch 1
Hysteresis loop,"Magnetic Tape Physics, Heads & Calibration",Batch 1
Anhysteretic recording,"Magnetic Tape Physics, Heads & Calibration",Batch 1
Anhysteretic remanence,"Magnetic Tape Physics, Heads & Calibration",Batch 1
Domain orientation,"Magnetic Tape Physics, Heads & Calibration",Batch 1
Particle orientation,"Magnetic Tape Physics, Heads & Calibration",Batch 1
Orientation ratio,"Magnetic Tape Physics, Heads & Calibration",Batch 1
Switching-field distribution,"Magnetic Tape Physics, Heads & Calibration",Batch 1
Magnetization transition,"Magnetic Tape Physics, Heads & Calibration",Batch 1
Transition crowding,"Magnetic Tape Physics, Heads & Calibration",Batch 1
Self-demagnetization,"Magnetic Tape Physics, Heads & Calibration",Batch 1
Thickness loss,"Magnetic Tape Physics, Heads & Calibration",Batch 1
Wavelength response,"Magnetic Tape Physics, Heads & Calibration",Batch 1
Recorded wavelength,"Magnetic Tape Physics, Heads & Calibration",Batch 1
AC bias,"Magnetic Tape Physics, Heads & Calibration",Batch 1
Bias frequency,"Magnetic Tape Physics, Heads & Calibration",Batch 1
Bias current,"Magnetic Tape Physics, Heads & Calibration",Batch 1
Optimum bias,"Magnetic Tape Physics, Heads & Calibration",Batch 1
Overbias,"Magnetic Tape Physics, Heads & Calibration",Batch 1
Underbias,"Magnetic Tape Physics, Heads & Calibration",Batch 1
Overbias curve,"Magnetic Tape Physics, Heads & Calibration",Batch 1
Bias null,"Magnetic Tape Physics, Heads & Calibration",Batch 1
Bias trap,"Magnetic Tape Physics, Heads & Calibration",Batch 1
Bias feedthrough,"Magnetic Tape Physics, Heads & Calibration",Batch 1
Bias rocks,"Magnetic Tape Physics, Heads & Calibration",Batch 1
Bias compatibility,"Magnetic Tape Physics, Heads & Calibration",Batch 1
Erase depth,"Magnetic Tape Physics, Heads & Calibration",Batch 1
Erasure ratio,"Magnetic Tape Physics, Heads & Calibration",Batch 1
Incomplete erasure,"Magnetic Tape Physics, Heads & Calibration",Batch 1
Erase-field penetration,"Magnetic Tape Physics, Heads & Calibration",Batch 1
DC erasure,"Magnetic Tape Physics, Heads & Calibration",Batch 1
Bulk erasure,"Magnetic Tape Physics, Heads & Calibration",Batch 1
Degausser dwell,"Magnetic Tape Physics, Heads & Calibration",Batch 1
Degausser withdrawal,"Magnetic Tape Physics, Heads & Calibration",Batch 1
Reference fluxivity,"Magnetic Tape Physics, Heads & Calibration",Batch 1
Magnetic fluxivity,"Magnetic Tape Physics, Heads & Calibration",Batch 1
Elevated operating level,"Magnetic Tape Physics, Heads & Calibration",Batch 1
Standard reference level,"Magnetic Tape Physics, Heads & Calibration",Batch 1
Tape sensitivity,"Magnetic Tape Physics, Heads & Calibration",Batch 1
Relative tape sensitivity,"Magnetic Tape Physics, Heads & Calibration",Batch 1
Reference tape,"Magnetic Tape Physics, Heads & Calibration",Batch 1
Reproducer test tape,"Magnetic Tape Physics, Heads & Calibration",Batch 1
Multifrequency alignment tape,"Magnetic Tape Physics, Heads & Calibration",Batch 1
Short-wavelength level,"Magnetic Tape Physics, Heads & Calibration",Batch 1
Long-wavelength level,"Magnetic Tape Physics, Heads & Calibration",Batch 1
Maximum output level,"Magnetic Tape Physics, Heads & Calibration",Batch 1
Maximum output level at 3% distortion,"Magnetic Tape Physics, Heads & Calibration",Batch 1
Saturation output,"Magnetic Tape Physics, Heads & Calibration",Batch 1
Saturation output level,"Magnetic Tape Physics, Heads & Calibration",Batch 1
Tape headroom,"Magnetic Tape Physics, Heads & Calibration",Batch 1
Modulation noise,"Magnetic Tape Physics, Heads & Calibration",Batch 1
DC noise,"Magnetic Tape Physics, Heads & Calibration",Batch 1
Erased-tape noise,"Magnetic Tape Physics, Heads & Calibration",Batch 1
Bulk-erased noise,"Magnetic Tape Physics, Heads & Calibration",Batch 1
Weighted tape noise,"Magnetic Tape Physics, Heads & Calibration",Batch 1
Print-through ratio,"Magnetic Tape Physics, Heads & Calibration",Batch 1
IEC1 equalization,"Magnetic Tape Physics, Heads & Calibration",Batch 1
IEC2 equalization,"Magnetic Tape Physics, Heads & Calibration",Batch 1
CCIR equalization,"Magnetic Tape Physics, Heads & Calibration",Batch 1
NAB equalization,"Magnetic Tape Physics, Heads & Calibration",Batch 1
NARTB equalization,"Magnetic Tape Physics, Heads & Calibration",Batch 1
DIN tape equalization,"Magnetic Tape Physics, Heads & Calibration",Batch 1
AES equalization,"Magnetic Tape Physics, Heads & Calibration",Batch 1
NagraMaster equalization,"Magnetic Tape Physics, Heads & Calibration",Batch 1
Ampex Master Equalization,"Magnetic Tape Physics, Heads & Calibration",Batch 1
House equalization,"Magnetic Tape Physics, Heads & Calibration",Batch 1
Replay time constant,"Magnetic Tape Physics, Heads & Calibration",Batch 1
Infinite low-frequency time constant,"Magnetic Tape Physics, Heads & Calibration",Batch 1
Equalization ambiguity,"Magnetic Tape Physics, Heads & Calibration",Batch 1
Equalization misdecode,"Magnetic Tape Physics, Heads & Calibration",Batch 1
Head bump,"Magnetic Tape Physics, Heads & Calibration",Batch 1
Head contour resonance,"Magnetic Tape Physics, Heads & Calibration",Batch 1
Pole-tip recession,"Magnetic Tape Physics, Heads & Calibration",Batch 1
Head-face grooving,"Magnetic Tape Physics, Heads & Calibration",Batch 1
Differential head wear,"Magnetic Tape Physics, Heads & Calibration",Batch 1
Gap erosion,"Magnetic Tape Physics, Heads & Calibration",Batch 1
Gap-length loss,"Magnetic Tape Physics, Heads & Calibration",Batch 1
Gap-azimuth interaction,"Magnetic Tape Physics, Heads & Calibration",Batch 1
Vertex adjustment,"Magnetic Tape Physics, Heads & Calibration",Batch 1
Head penetration,"Magnetic Tape Physics, Heads & Calibration",Batch 1
Contact loss,"Magnetic Tape Physics, Heads & Calibration",Batch 1
Contact-loss dropout,"Magnetic Tape Physics, Heads & Calibration",Batch 1
Tape tenting,"Magnetic Tape Physics, Heads & Calibration",Batch 1
Head clogging,"Magnetic Tape Physics, Heads & Calibration",Batch 1
Pole-piece magnetization,"Magnetic Tape Physics, Heads & Calibration",Batch 1
Remanent head field,"Magnetic Tape Physics, Heads & Calibration",Batch 1
Head-field asymmetry,"Magnetic Tape Physics, Heads & Calibration",Batch 1
Full-track mono,"Magnetic Tape Physics, Heads & Calibration",Batch 1
Half-track mono,"Magnetic Tape Physics, Heads & Calibration",Batch 1
Half-track stereo,"Magnetic Tape Physics, Heads & Calibration",Batch 1
Quarter-track stereo,"Magnetic Tape Physics, Heads & Calibration",Batch 1
Twin-track,"Magnetic Tape Physics, Heads & Calibration",Batch 1
Staggered-head stereo,"Magnetic Tape Physics, Heads & Calibration",Batch 1
Inline-head stereo,"Magnetic Tape Physics, Heads & Calibration",Batch 1
Stagger offset,"Magnetic Tape Physics, Heads & Calibration",Batch 1
Stagger correction,"Magnetic Tape Physics, Heads & Calibration",Batch 1
Track sense,"Magnetic Tape Physics, Heads & Calibration",Batch 1
Track assignment,"Magnetic Tape Physics, Heads & Calibration",Batch 1
Track configuration,"Magnetic Tape Physics, Heads & Calibration",Batch 1
Track pitch,"Magnetic Tape Physics, Heads & Calibration",Batch 1
Track-edge effect,"Magnetic Tape Physics, Heads & Calibration",Batch 1
Guard track,"Magnetic Tape Physics, Heads & Calibration",Batch 1
Cue track,"Magnetic Tape Physics, Heads & Calibration",Batch 1
Center track,"Magnetic Tape Physics, Heads & Calibration",Batch 1
Sel-sync track,"Magnetic Tape Physics, Heads & Calibration",Batch 1
Sync-repro response,"Magnetic Tape Physics, Heads & Calibration",Batch 1
Sync-head offset,"Magnetic Tape Physics, Heads & Calibration",Batch 1
Intertrack timing error,"Magnetic Tape Physics, Heads & Calibration",Batch 1
Track-format mismatch,"Magnetic Tape Physics, Heads & Calibration",Batch 1
Constant-tension transport,"Magnetic Tape Physics, Heads & Calibration",Batch 1
Open-loop transport,"Magnetic Tape Physics, Heads & Calibration",Batch 1
Closed-loop transport,"Magnetic Tape Physics, Heads & Calibration",Batch 1
Dual-capstan transport,"Magnetic Tape Physics, Heads & Calibration",Batch 1
Closed-loop dual capstan,"Magnetic Tape Physics, Heads & Calibration",Batch 1
Isolated tape loop,"Magnetic Tape Physics, Heads & Calibration",Batch 1
Back tension,"Magnetic Tape Physics, Heads & Calibration",Batch 1
Take-up tension,"Magnetic Tape Physics, Heads & Calibration",Batch 1
Differential tension,"Magnetic Tape Physics, Heads & Calibration",Batch 1
Tension arm,"Magnetic Tape Physics, Heads & Calibration",Batch 1
Dancer arm,"Magnetic Tape Physics, Heads & Calibration",Batch 1
Vacuum column,"Magnetic Tape Physics, Heads & Calibration",Batch 1
Vacuum buffer,"Magnetic Tape Physics, Heads & Calibration",Batch 1
Tape lifter,"Magnetic Tape Physics, Heads & Calibration",Batch 1
Lifter scrape,"Magnetic Tape Physics, Heads & Calibration",Batch 1
Guide chatter,"Magnetic Tape Physics, Heads & Calibration",Batch 1
Flange rub,"Magnetic Tape Physics, Heads & Calibration",Batch 1
Hub-slot deformation,"Magnetic Tape Physics, Heads & Calibration",Batch 1
Reel-table runout,"Magnetic Tape Physics, Heads & Calibration",Batch 1
Reel-table height,"Magnetic Tape Physics, Heads & Calibration",Batch 1
Tape-path coplanarity,"Magnetic Tape Physics, Heads & Calibration",Batch 1
Tape-path skew,"Magnetic Tape Physics, Heads & Calibration",Batch 1
Edge guiding,"Magnetic Tape Physics, Heads & Calibration",Batch 1
Crowned guide,"Magnetic Tape Physics, Heads & Calibration",Batch 1
Impedance roller,"Magnetic Tape Physics, Heads & Calibration",Batch 1
Flutter idler,"Magnetic Tape Physics, Heads & Calibration",Batch 1
Tape-path resonance,"Magnetic Tape Physics, Heads & Calibration",Batch 1
Span resonance,"Magnetic Tape Physics, Heads & Calibration",Batch 1
Longitudinal tape resonance,"Magnetic Tape Physics, Heads & Calibration",Batch 1
Flat wind,Magnetic Tape Degradation & Preservation,Batch 1
Smooth pack,Magnetic Tape Degradation & Preservation,Batch 1
Hard pack,Magnetic Tape Degradation & Preservation,Batch 1
Soft pack,Magnetic Tape Degradation & Preservation,Batch 1
Pack shift,Magnetic Tape Degradation & Preservation,Batch 1
Hub slip,Magnetic Tape Degradation & Preservation,Batch 1
Pack scatter,Magnetic Tape Degradation & Preservation,Batch 1
Telescope,Magnetic Tape Degradation & Preservation,Batch 1
Dish,Magnetic Tape Degradation & Preservation,Batch 1
Pack dish,Magnetic Tape Degradation & Preservation,Batch 1
Flange squeeze,Magnetic Tape Degradation & Preservation,Batch 1
Interlayer entrainment,Magnetic Tape Degradation & Preservation,Batch 1
Debris embossing,Magnetic Tape Degradation & Preservation,Batch 1
Layer impression,Magnetic Tape Degradation & Preservation,Batch 1
Storage set,Magnetic Tape Degradation & Preservation,Batch 1
Wind-induced edge curl,Magnetic Tape Degradation & Preservation,Batch 1
Pack relaxation,Magnetic Tape Degradation & Preservation,Batch 1
Pack compression,Magnetic Tape Degradation & Preservation,Batch 1
Wickelretter,Magnetic Tape Degradation & Preservation,Batch 1
Base film,Magnetic Tape Degradation & Preservation,Batch 1
Cellulose-acetate base,Magnetic Tape Degradation & Preservation,Batch 1
Polyester base,Magnetic Tape Degradation & Preservation,Batch 1
Polyvinyl-chloride base,Magnetic Tape Degradation & Preservation,Batch 1
Paper-base tape,Magnetic Tape Degradation & Preservation,Batch 1
Pigment layer,Magnetic Tape Degradation & Preservation,Batch 1
Magnetic coating,Magnetic Tape Degradation & Preservation,Batch 1
Back coating,Magnetic Tape Degradation & Preservation,Batch 1
Carbon back coating,Magnetic Tape Degradation & Preservation,Batch 1
Back-coat transfer,Magnetic Tape Degradation & Preservation,Batch 1
Back-coat shedding,Magnetic Tape Degradation & Preservation,Batch 1
Coating-to-backing interaction,Magnetic Tape Degradation & Preservation,Batch 1
Dispersion quality,Magnetic Tape Degradation & Preservation,Batch 1
Particle agglomerate,Magnetic Tape Degradation & Preservation,Batch 1
Calendering,Magnetic Tape Degradation & Preservation,Batch 1
Calendering loss,Magnetic Tape Degradation & Preservation,Batch 1
Coating thickness,Magnetic Tape Degradation & Preservation,Batch 1
Base thickness,Magnetic Tape Degradation & Preservation,Batch 1
Standard-play tape,Magnetic Tape Degradation & Preservation,Batch 1
Long-play tape,Magnetic Tape Degradation & Preservation,Batch 1
Double-play tape,Magnetic Tape Degradation & Preservation,Batch 1
Triple-play tape,Magnetic Tape Degradation & Preservation,Batch 1
Tensilized polyester,Magnetic Tape Degradation & Preservation,Batch 1
Coating adhesion,Magnetic Tape Degradation & Preservation,Batch 1
Cohesive failure,Magnetic Tape Degradation & Preservation,Batch 1
Adhesive failure,Magnetic Tape Degradation & Preservation,Batch 1
Pigment shedding,Magnetic Tape Degradation & Preservation,Batch 1
Ferrotyping,Magnetic Tape Degradation & Preservation,Batch 1
Surface glazing,Magnetic Tape Degradation & Preservation,Batch 1
Binder polishing,Magnetic Tape Degradation & Preservation,Batch 1
Adhesive ooze,Magnetic Tape Degradation & Preservation,Batch 1
Splice bleed,Magnetic Tape Degradation & Preservation,Batch 1
Splice blocking,Magnetic Tape Degradation & Preservation,Batch 1
Splice imprint,Magnetic Tape Degradation & Preservation,Batch 1
Splice curl,Magnetic Tape Degradation & Preservation,Batch 1
Splice failure,Magnetic Tape Degradation & Preservation,Batch 1
Leader embrittlement,Magnetic Tape Degradation & Preservation,Batch 1
Leader shrinkage,Magnetic Tape Degradation & Preservation,Batch 1
Mold staining,Magnetic Tape Degradation & Preservation,Batch 1
Hyphal anchoring,Magnetic Tape Degradation & Preservation,Batch 1
Insect frass contamination,Magnetic Tape Degradation & Preservation,Batch 1
Particulate embedment,Magnetic Tape Degradation & Preservation,Batch 1
Abrasive contamination,Magnetic Tape Degradation & Preservation,Batch 1
Ferrofluid contamination,Magnetic Tape Degradation & Preservation,Batch 1
Salt contamination,Magnetic Tape Degradation & Preservation,Batch 1
Flood-set pack,Magnetic Tape Degradation & Preservation,Batch 1
Mud intrusion,Magnetic Tape Degradation & Preservation,Batch 1
Tape baking,Magnetic Tape Degradation & Preservation,Batch 1
Thermal conditioning,Magnetic Tape Degradation & Preservation,Batch 1
Desiccation treatment,Magnetic Tape Degradation & Preservation,Batch 1
Low-temperature dehydration,Magnetic Tape Degradation & Preservation,Batch 1
Localized dry-air treatment,Magnetic Tape Degradation & Preservation,Batch 1
Controlled unspooling,Magnetic Tape Degradation & Preservation,Batch 1
Tape relaxation,Magnetic Tape Degradation & Preservation,Batch 1
Environmental acclimatization,Magnetic Tape Degradation & Preservation,Batch 1
Cold-storage acclimation,Magnetic Tape Degradation & Preservation,Batch 1
Dry cleaning,Magnetic Tape Degradation & Preservation,Batch 1
Pellon wiping,Magnetic Tape Degradation & Preservation,Batch 1
Tissue wiping,Magnetic Tape Degradation & Preservation,Batch 1
Vacuum cleaning,Magnetic Tape Degradation & Preservation,Batch 1
Tape polishing,Magnetic Tape Degradation & Preservation,Batch 1
Rehousing,Magnetic Tape Degradation & Preservation,Batch 1
Shell transplant,Magnetic Tape Degradation & Preservation,Batch 1
Reel replacement,Magnetic Tape Degradation & Preservation,Batch 1
Hub support,Magnetic Tape Degradation & Preservation,Batch 1
Splice replacement,Magnetic Tape Degradation & Preservation,Batch 1
Leader replacement,Magnetic Tape Degradation & Preservation,Batch 1
Pack recovery,Magnetic Tape Degradation & Preservation,Batch 1
Butt splice,Tape Editing & Archival Signal Restoration,Batch 1
Diagonal splice,Tape Editing & Archival Signal Restoration,Batch 1
Bias splice,Tape Editing & Archival Signal Restoration,Batch 1
Block splice,Tape Editing & Archival Signal Restoration,Batch 1
Edit angle,Tape Editing & Archival Signal Restoration,Batch 1
Splicing block,Tape Editing & Archival Signal Restoration,Batch 1
Edit tab,Tape Editing & Archival Signal Restoration,Batch 1
Timing leader,Tape Editing & Archival Signal Restoration,Batch 1
Paper leader,Tape Editing & Archival Signal Restoration,Batch 1
Plastic leader,Tape Editing & Archival Signal Restoration,Batch 1
Conductive leader,Tape Editing & Archival Signal Restoration,Batch 1
Metallic sensing foil,Tape Editing & Archival Signal Restoration,Batch 1
Cue foil,Tape Editing & Archival Signal Restoration,Batch 1
Tone splice,Tape Editing & Archival Signal Restoration,Batch 1
Razor edit,Tape Editing & Archival Signal Restoration,Batch 1
Grease-pencil edit mark,Tape Editing & Archival Signal Restoration,Batch 1
Edit pop,Tape Editing & Archival Signal Restoration,Batch 1
Splice bump,Tape Editing & Archival Signal Restoration,Batch 1
Edit sliver,Tape Editing & Archival Signal Restoration,Batch 1
Encode/decode mistracking,Tape Editing & Archival Signal Restoration,Batch 1
Dolby level,Tape Editing & Archival Signal Restoration,Batch 1
Dolby tone,Tape Editing & Archival Signal Restoration,Batch 1
Dolby lineup,Tape Editing & Archival Signal Restoration,Batch 1
Dolby tracking error,Tape Editing & Archival Signal Restoration,Batch 1
Sliding-band companding,Tape Editing & Archival Signal Restoration,Batch 1
Fixed-band companding,Tape Editing & Archival Signal Restoration,Batch 1
Spectral skewing,Tape Editing & Archival Signal Restoration,Batch 1
Compander breathing,Tape Editing & Archival Signal Restoration,Batch 1
Compander pumping,Tape Editing & Archival Signal Restoration,Batch 1
Noise-reduction identification,Tape Editing & Archival Signal Restoration,Batch 1
Undecoded transfer,Tape Editing & Archival Signal Restoration,Batch 1
Flat encoded capture,Tape Editing & Archival Signal Restoration,Batch 1
Pressure pad,Tape Editing & Archival Signal Restoration,Batch 1
Pressure-pad loss,Tape Editing & Archival Signal Restoration,Batch 1
Pressure-pad glazing,Tape Editing & Archival Signal Restoration,Batch 1
Pad lifter,Tape Editing & Archival Signal Restoration,Batch 1
Slip sheet,Tape Editing & Archival Signal Restoration,Batch 1
Slip-sheet buckling,Tape Editing & Archival Signal Restoration,Batch 1
Hub brake,Tape Editing & Archival Signal Restoration,Batch 1
Brake drag,Tape Editing & Archival Signal Restoration,Batch 1
Shell warp,Tape Editing & Archival Signal Restoration,Batch 1
Shell azimuth,Tape Editing & Archival Signal Restoration,Batch 1
Cassette skew,Tape Editing & Archival Signal Restoration,Batch 1
Hub bind,Tape Editing & Archival Signal Restoration,Batch 1
Pack spill,Tape Editing & Archival Signal Restoration,Batch 1
Leader detachment,Tape Editing & Archival Signal Restoration,Batch 1
Auto-stop foil,Tape Editing & Archival Signal Restoration,Batch 1
Tape-type detection notch,Tape Editing & Archival Signal Restoration,Batch 1
Type III cassette,Tape Editing & Archival Signal Restoration,Batch 1
Ferrichrome tape,Tape Editing & Archival Signal Restoration,Batch 1
Rehousing for equalization,Tape Editing & Archival Signal Restoration,Batch 1
Nominal tape speed,Tape Editing & Archival Signal Restoration,Batch 1
Actual tape speed,Tape Editing & Archival Signal Restoration,Batch 1
Speed error,Tape Editing & Archival Signal Restoration,Batch 1
Absolute speed error,Tape Editing & Archival Signal Restoration,Batch 1
Timebase error,Tape Editing & Archival Signal Restoration,Batch 1
Integral wow,Tape Editing & Archival Signal Restoration,Batch 1
Weighted wow and flutter,Tape Editing & Archival Signal Restoration,Batch 1
Unweighted wow and flutter,Tape Editing & Archival Signal Restoration,Batch 1
Peak weighted wow and flutter,Tape Editing & Archival Signal Restoration,Batch 1
Quasi-peak wow and flutter,Tape Editing & Archival Signal Restoration,Batch 1
Drift rate,Tape Editing & Archival Signal Restoration,Batch 1
Cyclic speed error,Tape Editing & Archival Signal Restoration,Batch 1
Capstan-rate component,Tape Editing & Archival Signal Restoration,Batch 1
Reel-rate component,Tape Editing & Archival Signal Restoration,Batch 1
Pinch-roller-rate component,Tape Editing & Archival Signal Restoration,Batch 1
Flutter spectrum,Tape Editing & Archival Signal Restoration,Batch 1
Speed-error signature,Tape Editing & Archival Signal Restoration,Batch 1
Nonlinear-speed recording,Tape Editing & Archival Signal Restoration,Batch 1
Capstanless recording,Tape Editing & Archival Signal Restoration,Batch 1
Dialogue assembly,Dialogue Editing & Cleanup,Batch 1
Dialogue conform,Dialogue Editing & Cleanup,Batch 1
Picture reconform,Dialogue Editing & Cleanup,Batch 1
Production dialogue pull,Dialogue Editing & Cleanup,Batch 1
Field-recorder expansion,Dialogue Editing & Cleanup,Batch 1
Production sound roll,Dialogue Editing & Cleanup,Batch 1
Sound-roll metadata,Dialogue Editing & Cleanup,Batch 1
Alternate-channel mining,Dialogue Editing & Cleanup,Batch 1
Alternate-take surgery,Dialogue Editing & Cleanup,Batch 1
Syllable replacement,Dialogue Editing & Cleanup,Batch 1
Phoneme patching,Dialogue Editing & Cleanup,Batch 1
Consonant graft,Dialogue Editing & Cleanup,Batch 1
Vowel graft,Dialogue Editing & Cleanup,Batch 1
Word-end repair,Dialogue Editing & Cleanup,Batch 1
Breath graft,Dialogue Editing & Cleanup,Batch 1
Breath matching,Dialogue Editing & Cleanup,Batch 1
Performance comping,Dialogue Editing & Cleanup,Batch 1
Micro-comping,Dialogue Editing & Cleanup,Batch 1
Dialogue tracklay,Dialogue Editing & Cleanup,Batch 1
Track dressing,Dialogue Editing & Cleanup,Batch 1
Handle preservation,Dialogue Editing & Cleanup,Batch 1
Edit exposure,Dialogue Editing & Cleanup,Batch 1
Mic-angle change,Dialogue Editing & Cleanup,Batch 1
Perspective discontinuity,Dialogue Editing & Cleanup,Batch 1
Acoustic discontinuity,Dialogue Editing & Cleanup,Batch 1
Dialogue fill,Dialogue Editing & Cleanup,Batch 1
Fill bed,Dialogue Editing & Cleanup,Batch 1
Fill pull,Dialogue Editing & Cleanup,Batch 1
Fill harvesting,Dialogue Editing & Cleanup,Batch 1
Pre-action fill,Dialogue Editing & Cleanup,Batch 1
Post-cut fill,Dialogue Editing & Cleanup,Batch 1
Fill loop,Dialogue Editing & Cleanup,Batch 1
Reversed fill,Dialogue Editing & Cleanup,Batch 1
Fill seam,Dialogue Editing & Cleanup,Batch 1
Fill buildup,Dialogue Editing & Cleanup,Batch 1
Fill pumping,Dialogue Editing & Cleanup,Batch 1
Room-tone pumping,Dialogue Editing & Cleanup,Batch 1
Noise-floor stepping,Dialogue Editing & Cleanup,Batch 1
Noise-floor choreography,Dialogue Editing & Cleanup,Batch 1
Room-tone contouring,Dialogue Editing & Cleanup,Batch 1
Ambience matching,Dialogue Editing & Cleanup,Batch 1
Background perspective match,Dialogue Editing & Cleanup,Batch 1
DX,Dialogue Editing & Cleanup,Batch 1
PDX,Dialogue Editing & Cleanup,Batch 1
DX A / DX B,Dialogue Editing & Cleanup,Batch 1
A/B dialogue checkerboarding,Dialogue Editing & Cleanup,Batch 1
Scene checkerboarding,Dialogue Editing & Cleanup,Batch 1
Setup checkerboarding,Dialogue Editing & Cleanup,Batch 1
Character splitting,Dialogue Editing & Cleanup,Batch 1
Microphone splitting,Dialogue Editing & Cleanup,Batch 1
Boom lane,Dialogue Editing & Cleanup,Batch 1
Lav lane,Dialogue Editing & Cleanup,Batch 1
Plant lane,Dialogue Editing & Cleanup,Batch 1
Mix-track guide,Dialogue Editing & Cleanup,Batch 1
Overlap track,Dialogue Editing & Cleanup,Batch 1
X track,Dialogue Editing & Cleanup,Batch 1
X-dialogue,Dialogue Editing & Cleanup,Batch 1
Safety dialogue track,Dialogue Editing & Cleanup,Batch 1
Transfer track,Dialogue Editing & Cleanup,Batch 1
Parking track,Dialogue Editing & Cleanup,Batch 1
Scratch DX,Dialogue Editing & Cleanup,Batch 1
Guide dialogue,Dialogue Editing & Cleanup,Batch 1
Reference production,Dialogue Editing & Cleanup,Batch 1
PFX,Dialogue Editing & Cleanup,Batch 1
PFX pull,Dialogue Editing & Cleanup,Batch 1
PFX extraction,Dialogue Editing & Cleanup,Batch 1
PFX isolation,Dialogue Editing & Cleanup,Batch 1
PFX marriage,Dialogue Editing & Cleanup,Batch 1
Dialogue-tainted PFX,Dialogue Editing & Cleanup,Batch 1
PFX continuity,Dialogue Editing & Cleanup,Batch 1
PFX sweetener,Dialogue Editing & Cleanup,Batch 1
Dialogue declicking,Dialogue Editing & Cleanup,Batch 1
Mouth declicking,Dialogue Editing & Cleanup,Batch 1
Lip-smack suppression,Dialogue Editing & Cleanup,Batch 1
Saliva click,Dialogue Editing & Cleanup,Batch 1
Tongue click artifact,Dialogue Editing & Cleanup,Batch 1
Denture click,Dialogue Editing & Cleanup,Batch 1
Palatal click,Dialogue Editing & Cleanup,Batch 1
Mouth-noise cluster,Dialogue Editing & Cleanup,Batch 1
Breath attenuation,Dialogue Editing & Cleanup,Batch 1
Breath shaping,Dialogue Editing & Cleanup,Batch 1
Breath replacement,Dialogue Editing & Cleanup,Batch 1
Breath-hole repair,Dialogue Editing & Cleanup,Batch 1
Inhale truncation,Dialogue Editing & Cleanup,Batch 1
Aspiration loss,Dialogue Editing & Cleanup,Batch 1
Plosive reconstruction,Dialogue Editing & Cleanup,Batch 1
Plosive shadow,Dialogue Editing & Cleanup,Batch 1
Residual plosive,Dialogue Editing & Cleanup,Batch 1
De-plosive overreach,Dialogue Editing & Cleanup,Batch 1
Sibilant lisping,Dialogue Editing & Cleanup,Batch 1
Sibilant replacement,Dialogue Editing & Cleanup,Batch 1
Sibilant graft,Dialogue Editing & Cleanup,Batch 1
Ess-hole,Dialogue Editing & Cleanup,Batch 1
Spectral hole,Dialogue Editing & Cleanup,Batch 1
Restoration chirp,Dialogue Editing & Cleanup,Batch 1
Musical-noise artifact,Dialogue Editing & Cleanup,Batch 1
Underwater dialogue,Dialogue Editing & Cleanup,Batch 1
Phasey speech,Dialogue Editing & Cleanup,Batch 1
Denoise modulation,Dialogue Editing & Cleanup,Batch 1
Noise-print mismatch,Dialogue Editing & Cleanup,Batch 1
Adaptive-threshold chasing,Dialogue Editing & Cleanup,Batch 1
Dialogue-isolation residue,Dialogue Editing & Cleanup,Batch 1
Voice-extraction halo,Dialogue Editing & Cleanup,Batch 1
Ambience stripping,Dialogue Editing & Cleanup,Batch 1
Room-tone collapse,Dialogue Editing & Cleanup,Batch 1
Consonant erosion,Dialogue Editing & Cleanup,Batch 1
Transient erosion,Dialogue Editing & Cleanup,Batch 1
Formant smearing,Dialogue Editing & Cleanup,Batch 1
Vocal granulation,Dialogue Editing & Cleanup,Batch 1
Spectral patching,Dialogue Editing & Cleanup,Batch 1
Spectral attenuation pass,Dialogue Editing & Cleanup,Batch 1
Attenuate-versus-replace decision,Dialogue Editing & Cleanup,Batch 1
Lav rustle,Dialogue Editing & Cleanup,Batch 1
Intermittent rustle,Dialogue Editing & Cleanup,Batch 1
Broadband rustle,Dialogue Editing & Cleanup,Batch 1
Chest rub,Dialogue Editing & Cleanup,Batch 1
Cable rub,Dialogue Editing & Cleanup,Batch 1
Cable knock,Dialogue Editing & Cleanup,Batch 1
Capsule scrape,Dialogue Editing & Cleanup,Batch 1
Fabric tick,Dialogue Editing & Cleanup,Batch 1
Jewelry tick,Dialogue Editing & Cleanup,Batch 1
Button knock,Dialogue Editing & Cleanup,Batch 1
Lav crackle,Dialogue Editing & Cleanup,Batch 1
RF spit,Dialogue Editing & Cleanup,Batch 1
RF hash,Dialogue Editing & Cleanup,Batch 1
Wireless compander artifact,Dialogue Editing & Cleanup,Batch 1
Lav chest resonance,Dialogue Editing & Cleanup,Batch 1
Under-clothing resonance,Dialogue Editing & Cleanup,Batch 1
Concealment muffling,Dialogue Editing & Cleanup,Batch 1
Boom shadowing,Dialogue Editing & Cleanup,Batch 1
Head-turn loss,Dialogue Editing & Cleanup,Batch 1
Boom perspective drift,Dialogue Editing & Cleanup,Batch 1
Boom-lav phase interaction,Dialogue Editing & Cleanup,Batch 1
Variable interchannel offset,Dialogue Editing & Cleanup,Batch 1
Dynamic phase alignment,Dialogue Editing & Cleanup,Batch 1
ADR cue,"ADR, Loop Group & Voiceover",Batch 1
ADR cue number,"ADR, Loop Group & Voiceover",Batch 1
ADR spotting,"ADR, Loop Group & Voiceover",Batch 1
ADR cueing,"ADR, Loop Group & Voiceover",Batch 1
Looping,"ADR, Loop Group & Voiceover",Batch 1
Post-sync,"ADR, Loop Group & Voiceover",Batch 1
Automatic dialogue replacement,"ADR, Loop Group & Voiceover",Batch 1
Additional dialogue recording,"ADR, Loop Group & Voiceover",Batch 1
ADR guide,"ADR, Loop Group & Voiceover",Batch 1
ADR target,"ADR, Loop Group & Voiceover",Batch 1
ADR take lane,"ADR, Loop Group & Voiceover",Batch 1
ADR comp,"ADR, Loop Group & Voiceover",Batch 1
ADR edit,"ADR, Loop Group & Voiceover",Batch 1
ADR fit,"ADR, Loop Group & Voiceover",Batch 1
ADR match,"ADR, Loop Group & Voiceover",Batch 1
ADR perspective match,"ADR, Loop Group & Voiceover",Batch 1
ADR proximity mismatch,"ADR, Loop Group & Voiceover",Batch 1
ADR room mismatch,"ADR, Loop Group & Voiceover",Batch 1
ADR tonal match,"ADR, Loop Group & Voiceover",Batch 1
ADR ambience bed,"ADR, Loop Group & Voiceover",Batch 1
ADR futzing,"ADR, Loop Group & Voiceover",Batch 1
ADR pre-roll,"ADR, Loop Group & Voiceover",Batch 1
ADR post-roll,"ADR, Loop Group & Voiceover",Batch 1
Three-beep cue,"ADR, Loop Group & Voiceover",Batch 1
Missing fourth beep,"ADR, Loop Group & Voiceover",Batch 1
Cue streamer,"ADR, Loop Group & Voiceover",Batch 1
Punch cue,"ADR, Loop Group & Voiceover",Batch 1
Dead cue,"ADR, Loop Group & Voiceover",Batch 1
Rhythmo band,"ADR, Loop Group & Voiceover",Batch 1
Bande rythmo,"ADR, Loop Group & Voiceover",Batch 1
ADR wipe,"ADR, Loop Group & Voiceover",Batch 1
Wild ADR,"ADR, Loop Group & Voiceover",Batch 1
Wild line,"ADR, Loop Group & Voiceover",Batch 1
Off-camera ADR,"ADR, Loop Group & Voiceover",Batch 1
Sync ADR,"ADR, Loop Group & Voiceover",Batch 1
Hard-sync line,"ADR, Loop Group & Voiceover",Batch 1
Soft-sync line,"ADR, Loop Group & Voiceover",Batch 1
Lip closure,"ADR, Loop Group & Voiceover",Batch 1
Bilabial sync point,"ADR, Loop Group & Voiceover",Batch 1
Labial anchor,"ADR, Loop Group & Voiceover",Batch 1
Open-mouth vowel hold,"ADR, Loop Group & Voiceover",Batch 1
ADR stretch,"ADR, Loop Group & Voiceover",Batch 1
ADR squeeze,"ADR, Loop Group & Voiceover",Batch 1
Internal ADR sync,"ADR, Loop Group & Voiceover",Batch 1
Head-sync / tail-sync tradeoff,"ADR, Loop Group & Voiceover",Batch 1
Performance drift,"ADR, Loop Group & Voiceover",Batch 1
Isochrony,"Dubbing — Localization, Casting & QC",Batch 1
Lip synchrony,"Dubbing — Localization, Casting & QC",Batch 1
Kinetic synchrony,"Dubbing — Localization, Casting & QC",Batch 1
Character synchrony,"Dubbing — Localization, Casting & QC",Batch 1
Prosodic synchrony,"Dubbing — Localization, Casting & QC",Batch 1
Prosodic phrase alignment,"Dubbing — Localization, Casting & QC",Batch 1
Sync adaptation,"Dubbing — Localization, Casting & QC",Batch 1
Lip-sync adaptation,"Dubbing — Localization, Casting & QC",Batch 1
Dubbing script adaptation,"Dubbing — Localization, Casting & QC",Batch 1
Line isometry,"Dubbing — Localization, Casting & QC",Batch 1
Quantitative synchrony,"Dubbing — Localization, Casting & QC",Batch 1
Qualitative synchrony,"Dubbing — Localization, Casting & QC",Batch 1
Phonetic synchrony,"Dubbing — Localization, Casting & QC",Batch 1
Open-vowel matching,"Dubbing — Localization, Casting & QC",Batch 1
Bilabial matching,"Dubbing — Localization, Casting & QC",Batch 1
Dubbing rhythm,"Dubbing — Localization, Casting & QC",Batch 1
Sync window,"Dubbing — Localization, Casting & QC",Batch 1
Entry tolerance,"Dubbing — Localization, Casting & QC",Batch 1
Exit tolerance,"Dubbing — Localization, Casting & QC",Batch 1
Flap coverage,"Dubbing — Localization, Casting & QC",Batch 1
Back-to-camera liberty,"Dubbing — Localization, Casting & QC",Batch 1
Reaction vocal,"Dubbing — Localization, Casting & QC",Batch 1
Effort vocal,"Dubbing — Localization, Casting & QC",Batch 1
Efforts pass,"Dubbing — Localization, Casting & QC",Batch 1
Vocal efforts,"Dubbing — Localization, Casting & QC",Batch 1
Nonverbal sync,"Dubbing — Localization, Casting & QC",Batch 1
Foreign-language walla,"Dubbing — Localization, Casting & QC",Batch 1
Dub-stage foldback,"Dubbing — Localization, Casting & QC",Batch 1
Loop group,"ADR, Loop Group & Voiceover",Batch 1
Group ADR,"ADR, Loop Group & Voiceover",Batch 1
Specific walla,"ADR, Loop Group & Voiceover",Batch 1
General walla,"ADR, Loop Group & Voiceover",Batch 1
Walla poke-through,"ADR, Loop Group & Voiceover",Batch 1
Walla density,"ADR, Loop Group & Voiceover",Batch 1
Walla perspective,"ADR, Loop Group & Voiceover",Batch 1
Walla contour,"ADR, Loop Group & Voiceover",Batch 1
Walla bed,"ADR, Loop Group & Voiceover",Batch 1
Walla sweetener,"ADR, Loop Group & Voiceover",Batch 1
Pass-by chatter,"ADR, Loop Group & Voiceover",Batch 1
Crossing voices,"ADR, Loop Group & Voiceover",Batch 1
Incidental dialogue,"ADR, Loop Group & Voiceover",Batch 1
Background principal,"ADR, Loop Group & Voiceover",Batch 1
Omni crowd,"ADR, Loop Group & Voiceover",Batch 1
Call-and-response walla,"ADR, Loop Group & Voiceover",Batch 1
Period walla,"ADR, Loop Group & Voiceover",Batch 1
Vocabulary-safe walla,"ADR, Loop Group & Voiceover",Batch 1
Punch-and-roll,"ADR, Loop Group & Voiceover",Batch 1
Rock-and-roll recording,"ADR, Loop Group & Voiceover",Batch 1
Pick-up boundary,"ADR, Loop Group & Voiceover",Batch 1
Pick-up match,"ADR, Loop Group & Voiceover",Batch 1
Drop-in,"ADR, Loop Group & Voiceover",Batch 1
Insert read,"ADR, Loop Group & Voiceover",Batch 1
Patch read,"ADR, Loop Group & Voiceover",Batch 1
Wild pickup,"ADR, Loop Group & Voiceover",Batch 1
Lead-in read,"ADR, Loop Group & Voiceover",Batch 1
Throwaway lead-in,"ADR, Loop Group & Voiceover",Batch 1
Tail pickup,"ADR, Loop Group & Voiceover",Batch 1
Head pickup,"ADR, Loop Group & Voiceover",Batch 1
Mid-sentence pickup,"ADR, Loop Group & Voiceover",Batch 1
Pickup drift,"ADR, Loop Group & Voiceover",Batch 1
Session-tone drift,"ADR, Loop Group & Voiceover",Batch 1
Vocal fatigue drift,"ADR, Loop Group & Voiceover",Batch 1
Hydration shift,"ADR, Loop Group & Voiceover",Batch 1
Mic-position recall,"ADR, Loop Group & Voiceover",Batch 1
Voice-match note,"ADR, Loop Group & Voiceover",Batch 1
Cadence match,"ADR, Loop Group & Voiceover",Batch 1
Inflection match,"ADR, Loop Group & Voiceover",Batch 1
Energy match,"ADR, Loop Group & Voiceover",Batch 1
Resonance match,"ADR, Loop Group & Voiceover",Batch 1
Phrase-tail match,"ADR, Loop Group & Voiceover",Batch 1
Scratch read,"ADR, Loop Group & Voiceover",Batch 1
Guide VO,"ADR, Loop Group & Voiceover",Batch 1
Temp narration,"ADR, Loop Group & Voiceover",Batch 1
Final-approved read,"ADR, Loop Group & Voiceover",Batch 1
Slate contamination,"ADR, Loop Group & Voiceover",Batch 1
Pre-roll chatter,"ADR, Loop Group & Voiceover",Batch 1
Post-roll contamination,"ADR, Loop Group & Voiceover",Batch 1
Tail room,"ADR, Loop Group & Voiceover",Batch 1
Room-tone capture,"ADR, Loop Group & Voiceover",Batch 1
Booth tone,"ADR, Loop Group & Voiceover",Batch 1
Booth-mode coloration,"ADR, Loop Group & Voiceover",Batch 1
Page-turn mitigation,"ADR, Loop Group & Voiceover",Batch 1
Copy stand noise,"ADR, Loop Group & Voiceover",Batch 1
Monitor bleed print,"ADR, Loop Group & Voiceover",Batch 1
Headphone-shell leakage,"ADR, Loop Group & Voiceover",Batch 1
Dialogue predub,"Dialogue Mixing, Premix, Speech & AI Voice",Batch 1
DX predub,"Dialogue Mixing, Premix, Speech & AI Voice",Batch 1
Dialogue premix,"Dialogue Mixing, Premix, Speech & AI Voice",Batch 1
Dialogue master,"Dialogue Mixing, Premix, Speech & AI Voice",Batch 1
Domestic dialogue stem,"Dialogue Mixing, Premix, Speech & AI Voice",Batch 1
ADR stem,"Dialogue Mixing, Premix, Speech & AI Voice",Batch 1
Futz stem,"Dialogue Mixing, Premix, Speech & AI Voice",Batch 1
Futz,"Dialogue Mixing, Premix, Speech & AI Voice",Batch 1
Futz track,"Dialogue Mixing, Premix, Speech & AI Voice",Batch 1
Worldized dialogue,"Dialogue Mixing, Premix, Speech & AI Voice",Batch 1
Reamped dialogue,"Dialogue Mixing, Premix, Speech & AI Voice",Batch 1
Diegetic voice treatment,"Dialogue Mixing, Premix, Speech & AI Voice",Batch 1
On-screen source voice,"Dialogue Mixing, Premix, Speech & AI Voice",Batch 1
Off-screen source voice,"Dialogue Mixing, Premix, Speech & AI Voice",Batch 1
Voice perspective,"Dialogue Mixing, Premix, Speech & AI Voice",Batch 1
Perspective riding,"Dialogue Mixing, Premix, Speech & AI Voice",Batch 1
Shot-size perspective,"Dialogue Mixing, Premix, Speech & AI Voice",Batch 1
Close-up intimacy,"Dialogue Mixing, Premix, Speech & AI Voice",Batch 1
Wide-shot relief,"Dialogue Mixing, Premix, Speech & AI Voice",Batch 1
Dialogue reverb matching,"Dialogue Mixing, Premix, Speech & AI Voice",Batch 1
Early-reflection matching,"Dialogue Mixing, Premix, Speech & AI Voice",Batch 1
Room fingerprint,"Dialogue Mixing, Premix, Speech & AI Voice",Batch 1
Room-print convolution,"Dialogue Mixing, Premix, Speech & AI Voice",Batch 1
Production-space emulation,"Dialogue Mixing, Premix, Speech & AI Voice",Batch 1
ADR seating,"Dialogue Mixing, Premix, Speech & AI Voice",Batch 1
Dialogue anchoring,"Dialogue Mixing, Premix, Speech & AI Voice",Batch 1
Center-channel anchoring,"Dialogue Mixing, Premix, Speech & AI Voice",Batch 1
Dialogue focus,"Dialogue Mixing, Premix, Speech & AI Voice",Batch 1
Dialogue lift,"Dialogue Mixing, Premix, Speech & AI Voice",Batch 1
Object dialogue,"Dialogue Mixing, Premix, Speech & AI Voice",Batch 1
Dialogue intelligibility management,"Dialogue Mixing, Premix, Speech & AI Voice",Batch 1
Consonant-zone management,"Dialogue Mixing, Premix, Speech & AI Voice",Batch 1
Vowel-body management,"Dialogue Mixing, Premix, Speech & AI Voice",Batch 1
Presence lift,"Dialogue Mixing, Premix, Speech & AI Voice",Batch 1
Intelligibility lift,"Dialogue Mixing, Premix, Speech & AI Voice",Batch 1
Articulation lift,"Dialogue Mixing, Premix, Speech & AI Voice",Batch 1
Chest reduction,"Dialogue Mixing, Premix, Speech & AI Voice",Batch 1
Boxiness carve,"Dialogue Mixing, Premix, Speech & AI Voice",Batch 1
Nasal-formant control,"Dialogue Mixing, Premix, Speech & AI Voice",Batch 1
Honk suppression,"Dialogue Mixing, Premix, Speech & AI Voice",Batch 1
Throat resonance,"Dialogue Mixing, Premix, Speech & AI Voice",Batch 1
Papery voice,"Dialogue Mixing, Premix, Speech & AI Voice",Batch 1
Spitty voice,"Dialogue Mixing, Premix, Speech & AI Voice",Batch 1
Brittle consonants,"Dialogue Mixing, Premix, Speech & AI Voice",Batch 1
Consonant splatter,"Dialogue Mixing, Premix, Speech & AI Voice",Batch 1
Sibilant spray,"Dialogue Mixing, Premix, Speech & AI Voice",Batch 1
Sibilant whistling,"Dialogue Mixing, Premix, Speech & AI Voice",Batch 1
Ess tracking,"Dialogue Mixing, Premix, Speech & AI Voice",Batch 1
Split-band de-essing,"Dialogue Mixing, Premix, Speech & AI Voice",Batch 1
Wideband de-essing,"Dialogue Mixing, Premix, Speech & AI Voice",Batch 1
Spectral de-essing,"Dialogue Mixing, Premix, Speech & AI Voice",Batch 1
Dynamic-resonance control,"Dialogue Mixing, Premix, Speech & AI Voice",Batch 1
Vocal density,"Dialogue Mixing, Premix, Speech & AI Voice",Batch 1
Dialogue density control,"Dialogue Mixing, Premix, Speech & AI Voice",Batch 1
Microdynamic preservation,"Dialogue Mixing, Premix, Speech & AI Voice",Batch 1
Phrase-level riding,"Dialogue Mixing, Premix, Speech & AI Voice",Batch 1
Syllabic riding,"Dialogue Mixing, Premix, Speech & AI Voice",Batch 1
Consonant riding,"Dialogue Mixing, Premix, Speech & AI Voice",Batch 1
Breath riding,"Dialogue Mixing, Premix, Speech & AI Voice",Batch 1
Clip-gain leveling,"Dialogue Mixing, Premix, Speech & AI Voice",Batch 1
Pre-compressor riding,"Dialogue Mixing, Premix, Speech & AI Voice",Batch 1
Post-compressor riding,"Dialogue Mixing, Premix, Speech & AI Voice",Batch 1
Upward intelligibility control,"Dialogue Mixing, Premix, Speech & AI Voice",Batch 1
Dialogue crest management,"Dialogue Mixing, Premix, Speech & AI Voice",Batch 1
Word-front clipping,"Dialogue Mixing, Premix, Speech & AI Voice",Batch 1
Word-tail swallowing,"Dialogue Mixing, Premix, Speech & AI Voice",Batch 1
Dialogue carve,"Dialogue Mixing, Premix, Speech & AI Voice",Batch 1
Dynamic dialogue carve,"Dialogue Mixing, Premix, Speech & AI Voice",Batch 1
Spectral ducking,"Dialogue Mixing, Premix, Speech & AI Voice",Batch 1
Dialogue-triggered unmasking,"Dialogue Mixing, Premix, Speech & AI Voice",Batch 1
Music and Effects,"Dubbing — Adaptation, Sync & Deliverables",Batch 1
Fully filled M&E,"Dubbing — Adaptation, Sync & Deliverables",Batch 1
Partially filled M&E,"Dubbing — Adaptation, Sync & Deliverables",Batch 1
M&E fill,"Dubbing — Adaptation, Sync & Deliverables",Batch 1
M&E sweetener,"Dubbing — Adaptation, Sync & Deliverables",Batch 1
M&E editorial pass,"Dubbing — Adaptation, Sync & Deliverables",Batch 1
Dialogue-free production effect,"Dubbing — Adaptation, Sync & Deliverables",Batch 1
Dialogue contamination,"Dubbing — Adaptation, Sync & Deliverables",Batch 1
Vocal contamination,"Dubbing — Adaptation, Sync & Deliverables",Batch 1
Language-neutral vocal,"Dubbing — Adaptation, Sync & Deliverables",Batch 1
Language-specific effort,"Dubbing — Adaptation, Sync & Deliverables",Batch 1
Foreign-version optional,"Dubbing — Adaptation, Sync & Deliverables",Batch 1
Optional dialogue,"Dubbing — Adaptation, Sync & Deliverables",Batch 1
Textless vocal,"Dubbing — Adaptation, Sync & Deliverables",Batch 1
Domestic version,"Dubbing — Adaptation, Sync & Deliverables",Batch 1
Dialogue guide stem,"Dubbing — Adaptation, Sync & Deliverables",Batch 1
Dip track,"Dubbing — Adaptation, Sync & Deliverables",Batch 1
Undipped M&E,"Dubbing — Adaptation, Sync & Deliverables",Batch 1
Fully undipped stem,"Dubbing — Adaptation, Sync & Deliverables",Batch 1
Dubbing adaptation,"Dubbing — Adaptation, Sync & Deliverables",Batch 2
Dialogue adaptation,"Dubbing — Adaptation, Sync & Deliverables",Batch 2
Pre-adaptation,"Dubbing — Adaptation, Sync & Deliverables",Batch 2
Adaptation pass,"Dubbing — Adaptation, Sync & Deliverables",Batch 2
Sync pass,"Dubbing — Adaptation, Sync & Deliverables",Batch 2
Performability pass,"Dubbing — Adaptation, Sync & Deliverables",Batch 2
Speakability,"Dubbing — Adaptation, Sync & Deliverables",Batch 2
Dubability,"Dubbing — Adaptation, Sync & Deliverables",Batch 2
Oral naturalness,"Dubbing — Adaptation, Sync & Deliverables",Batch 2
Prefabricated orality,"Dubbing — Adaptation, Sync & Deliverables",Batch 2
Dubbese,"Dubbing — Adaptation, Sync & Deliverables",Batch 2
Translationese,"Dubbing — Adaptation, Sync & Deliverables",Batch 2
Source-language calque,"Dubbing — Adaptation, Sync & Deliverables",Batch 2
Dialogue calque,"Dubbing — Adaptation, Sync & Deliverables",Batch 2
Structural calque,"Dubbing — Adaptation, Sync & Deliverables",Batch 2
Pragmatic calque,"Dubbing — Adaptation, Sync & Deliverables",Batch 2
Dubbing cliché,"Dubbing — Adaptation, Sync & Deliverables",Batch 2
Isochronic constraint,"Dubbing — Adaptation, Sync & Deliverables",Batch 2
Isochronic adaptation,"Dubbing — Adaptation, Sync & Deliverables",Batch 2
Utterance-duration matching,"Dubbing — Adaptation, Sync & Deliverables",Batch 2
Phrase-duration matching,"Dubbing — Adaptation, Sync & Deliverables",Batch 2
Segment-duration matching,"Dubbing — Adaptation, Sync & Deliverables",Batch 2
Temporal accommodation,"Dubbing — Adaptation, Sync & Deliverables",Batch 2
Temporal compression,"Dubbing — Adaptation, Sync & Deliverables",Batch 2
Temporal expansion,"Dubbing — Adaptation, Sync & Deliverables",Batch 2
Linguistic expansion,"Dubbing — Adaptation, Sync & Deliverables",Batch 2
Linguistic condensation,"Dubbing — Adaptation, Sync & Deliverables",Batch 2
Syllabic expansion,"Dubbing — Adaptation, Sync & Deliverables",Batch 2
Speech-rate compensation,"Dubbing — Adaptation, Sync & Deliverables",Batch 2
Compression threshold,"Dubbing — Adaptation, Sync & Deliverables",Batch 2
Expansion threshold,"Dubbing — Adaptation, Sync & Deliverables",Batch 2
Time-slot occupancy,"Dubbing — Adaptation, Sync & Deliverables",Batch 2
Sync envelope,"Dubbing — Adaptation, Sync & Deliverables",Batch 2
Sync latitude,"Dubbing — Adaptation, Sync & Deliverables",Batch 2
Entry latitude,"Dubbing — Adaptation, Sync & Deliverables",Batch 2
Exit latitude,"Dubbing — Adaptation, Sync & Deliverables",Batch 2
Internal timing anchor,"Dubbing — Adaptation, Sync & Deliverables",Batch 2
Boundary synchrony,"Dubbing — Adaptation, Sync & Deliverables",Batch 2
Internal synchrony,"Dubbing — Adaptation, Sync & Deliverables",Batch 2
Pause synchrony,"Dubbing — Adaptation, Sync & Deliverables",Batch 2
Pause redistribution,"Dubbing — Adaptation, Sync & Deliverables",Batch 2
Hesitation matching,"Dubbing — Adaptation, Sync & Deliverables",Batch 2
Silence accommodation,"Dubbing — Adaptation, Sync & Deliverables",Batch 2
Utterance segmentation,"Dubbing — Adaptation, Sync & Deliverables",Batch 2
Segmentation mismatch,"Dubbing — Adaptation, Sync & Deliverables",Batch 2
Phonetic synchronization,"Dubbing — Adaptation, Sync & Deliverables",Batch 2
Visemic synchrony,"Dubbing — Adaptation, Sync & Deliverables",Batch 2
Viseme,"Dubbing — Adaptation, Sync & Deliverables",Batch 2
Viseme matching,"Dubbing — Adaptation, Sync & Deliverables",Batch 2
Visemic compatibility,"Dubbing — Adaptation, Sync & Deliverables",Batch 2
Viseme substitution,"Dubbing — Adaptation, Sync & Deliverables",Batch 2
Viseme collision,"Dubbing — Adaptation, Sync & Deliverables",Batch 2
Viseme tolerance,"Dubbing — Adaptation, Sync & Deliverables",Batch 2
Labial synchrony,"Dubbing — Adaptation, Sync & Deliverables",Batch 2
Bilabial correspondence,"Dubbing — Adaptation, Sync & Deliverables",Batch 2
Labiodental correspondence,"Dubbing — Adaptation, Sync & Deliverables",Batch 2
Open-vowel correspondence,"Dubbing — Adaptation, Sync & Deliverables",Batch 2
Rounded-vowel correspondence,"Dubbing — Adaptation, Sync & Deliverables",Batch 2
Lip-rounding mismatch,"Dubbing — Adaptation, Sync & Deliverables",Batch 2
Closure mismatch,"Dubbing — Adaptation, Sync & Deliverables",Batch 2
Aperture mismatch,"Dubbing — Adaptation, Sync & Deliverables",Batch 2
Articulatory anchor,"Dubbing — Adaptation, Sync & Deliverables",Batch 2
Closure anchor,"Dubbing — Adaptation, Sync & Deliverables",Batch 2
Vowel anchor,"Dubbing — Adaptation, Sync & Deliverables",Batch 2
Mouth-flap matching,"Dubbing — Adaptation, Sync & Deliverables",Batch 2
Flap,"Dubbing — Adaptation, Sync & Deliverables",Batch 2
Flap count,"Dubbing — Adaptation, Sync & Deliverables",Batch 2
Flap density,"Dubbing — Adaptation, Sync & Deliverables",Batch 2
Loose flap,"Dubbing — Adaptation, Sync & Deliverables",Batch 2
Tight flap,"Dubbing — Adaptation, Sync & Deliverables",Batch 2
Held flap,"Dubbing — Adaptation, Sync & Deliverables",Batch 2
Closed-mouth frame,"Dubbing — Adaptation, Sync & Deliverables",Batch 2
Mouth-open interval,"Dubbing — Adaptation, Sync & Deliverables",Batch 2
Flap interpolation,"Dubbing — Adaptation, Sync & Deliverables",Batch 2
Kinesic synchrony,"Dubbing — Adaptation, Sync & Deliverables",Batch 2
Gesture synchrony,"Dubbing — Adaptation, Sync & Deliverables",Batch 2
Gesture anchoring,"Dubbing — Adaptation, Sync & Deliverables",Batch 2
Deictic synchrony,"Dubbing — Adaptation, Sync & Deliverables",Batch 2
Nodding synchrony,"Dubbing — Adaptation, Sync & Deliverables",Batch 2
Head-turn synchrony,"Dubbing — Adaptation, Sync & Deliverables",Batch 2
Breath-action synchrony,"Dubbing — Adaptation, Sync & Deliverables",Batch 2
Impact synchrony,"Dubbing — Adaptation, Sync & Deliverables",Batch 2
Effort synchrony,"Dubbing — Adaptation, Sync & Deliverables",Batch 2
Action-locked vocal,"Dubbing — Adaptation, Sync & Deliverables",Batch 2
Gesture-loaded utterance,"Dubbing — Adaptation, Sync & Deliverables",Batch 2
Visual prosody,"Dubbing — Adaptation, Sync & Deliverables",Batch 2
Performance synchrony,"Dubbing — Adaptation, Sync & Deliverables",Batch 2
Emotional synchrony,"Dubbing — Adaptation, Sync & Deliverables",Batch 2
Affective synchrony,"Dubbing — Adaptation, Sync & Deliverables",Batch 2
Body-voice fit,"Dubbing — Adaptation, Sync & Deliverables",Batch 2
Vocal physiognomy,"Dubbing — Adaptation, Sync & Deliverables",Batch 2
Acoustic body,"Dubbing — Adaptation, Sync & Deliverables",Batch 2
Prosodic transfer,"Dubbing — Adaptation, Sync & Deliverables",Batch 2
Prosodic adaptation,"Dubbing — Adaptation, Sync & Deliverables",Batch 2
Prosodic alignment,"Dubbing — Adaptation, Sync & Deliverables",Batch 2
Intonational equivalence,"Dubbing — Adaptation, Sync & Deliverables",Batch 2
Stress relocation,"Dubbing — Adaptation, Sync & Deliverables",Batch 2
Accentual synchrony,"Dubbing — Adaptation, Sync & Deliverables",Batch 2
Nuclear-stress matching,"Dubbing — Adaptation, Sync & Deliverables",Batch 2
Tonal contour matching,"Dubbing — Adaptation, Sync & Deliverables",Batch 2
Phrase-contour matching,"Dubbing — Adaptation, Sync & Deliverables",Batch 2
Prosodic resegmentation,"Dubbing — Adaptation, Sync & Deliverables",Batch 2
Intonational rephrasing,"Dubbing — Adaptation, Sync & Deliverables",Batch 2
Emphasis preservation,"Dubbing — Adaptation, Sync & Deliverables",Batch 2
Emphasis displacement,"Dubbing — Adaptation, Sync & Deliverables",Batch 2
Pragmatic stress,"Dubbing — Adaptation, Sync & Deliverables",Batch 2
Information-focus matching,"Dubbing — Adaptation, Sync & Deliverables",Batch 2
Attitudinal prosody,"Dubbing — Adaptation, Sync & Deliverables",Batch 2
Discourse-prosody matching,"Dubbing — Adaptation, Sync & Deliverables",Batch 2
Breath-group matching,"Dubbing — Adaptation, Sync & Deliverables",Batch 2
Emotional-arc matching,"Dubbing — Adaptation, Sync & Deliverables",Batch 2
Cultural substitution,"Dubbing — Localization, Casting & QC",Batch 2
Cultural transplantation,"Dubbing — Localization, Casting & QC",Batch 2
Cultural neutralization,"Dubbing — Localization, Casting & QC",Batch 2
Cultural retention,"Dubbing — Localization, Casting & QC",Batch 2
Cultural explicitation,"Dubbing — Localization, Casting & QC",Batch 2
Cultural compensation,"Dubbing — Localization, Casting & QC",Batch 2
Functional equivalence,"Dubbing — Localization, Casting & QC",Batch 2
Pragmatic equivalence,"Dubbing — Localization, Casting & QC",Batch 2
Dynamic equivalence,"Dubbing — Localization, Casting & QC",Batch 2
Register localization,"Dubbing — Localization, Casting & QC",Batch 2
Sociolect localization,"Dubbing — Localization, Casting & QC",Batch 2
Dialect relocation,"Dubbing — Localization, Casting & QC",Batch 2
Dialect neutralization,"Dubbing — Localization, Casting & QC",Batch 2
Dialect leveling,"Dubbing — Localization, Casting & QC",Batch 2
Accent mapping,"Dubbing — Localization, Casting & QC",Batch 2
Accent substitution,"Dubbing — Localization, Casting & QC",Batch 2
Accent neutralization,"Dubbing — Localization, Casting & QC",Batch 2
Sociolinguistic mapping,"Dubbing — Localization, Casting & QC",Batch 2
Politeness recalibration,"Dubbing — Localization, Casting & QC",Batch 2
Honorific adaptation,"Dubbing — Localization, Casting & QC",Batch 2
Kinship-term localization,"Dubbing — Localization, Casting & QC",Batch 2
Vocative adaptation,"Dubbing — Localization, Casting & QC",Batch 2
Taboo calibration,"Dubbing — Localization, Casting & QC",Batch 2
Swear-strength matching,"Dubbing — Localization, Casting & QC",Batch 2
Euphemistic substitution,"Dubbing — Localization, Casting & QC",Batch 2
Ratings-driven adaptation,"Dubbing — Localization, Casting & QC",Batch 2
Compliance localization,"Dubbing — Localization, Casting & QC",Batch 2
Market-specific versioning,"Dubbing — Localization, Casting & QC",Batch 2
Locale splitting,"Dubbing — Localization, Casting & QC",Batch 2
Locale fallback,"Dubbing — Localization, Casting & QC",Batch 2
Voice casting equivalence,"Dubbing — Localization, Casting & QC",Batch 2
Vocal-equivalence casting,"Dubbing — Localization, Casting & QC",Batch 2
Voice-body congruence,"Dubbing — Localization, Casting & QC",Batch 2
Vocal-age matching,"Dubbing — Localization, Casting & QC",Batch 2
Vocal-weight matching,"Dubbing — Localization, Casting & QC",Batch 2
Timbre matching,"Dubbing — Localization, Casting & QC",Batch 2
Performance-equivalence casting,"Dubbing — Localization, Casting & QC",Batch 2
Character-voice assignment,"Dubbing — Localization, Casting & QC",Batch 2
Voice continuity,"Dubbing — Localization, Casting & QC",Batch 2
Franchise voice continuity,"Dubbing — Localization, Casting & QC",Batch 2
Voice recast,"Dubbing — Localization, Casting & QC",Batch 2
Recast continuity,"Dubbing — Localization, Casting & QC",Batch 2
Vocal continuity break,"Dubbing — Localization, Casting & QC",Batch 2
Cross-title casting,"Dubbing — Localization, Casting & QC",Batch 2
Legacy voice,"Dubbing — Localization, Casting & QC",Batch 2
Voice claim,"Dubbing — Localization, Casting & QC",Batch 2
Actor-voice pairing,"Dubbing — Localization, Casting & QC",Batch 2
Fixed voice,"Dubbing — Localization, Casting & QC",Batch 2
Standard voice,"Dubbing — Localization, Casting & QC",Batch 2
Voice double,"Dubbing — Localization, Casting & QC",Batch 2
Dialogue director,"Dubbing — Localization, Casting & QC",Batch 2
Linguistic director,"Dubbing — Localization, Casting & QC",Batch 2
Language supervisor,"Dubbing — Localization, Casting & QC",Batch 2
Creative supervisor,"Dubbing — Localization, Casting & QC",Batch 2
Dubbing adapter,"Dubbing — Localization, Casting & QC",Batch 2
Dubbing author,"Dubbing — Localization, Casting & QC",Batch 2
Detection,"Dubbing — Localization, Casting & QC",Batch 2
Dialogue detection,"Dubbing — Localization, Casting & QC",Batch 2
Rhythmographic detection,"Dubbing — Localization, Casting & QC",Batch 2
Detection script,"Dubbing — Localization, Casting & QC",Batch 2
Cue extraction,"Dubbing — Localization, Casting & QC",Batch 2
Cue subdivision,"Dubbing — Localization, Casting & QC",Batch 2
Loop unit,"Dubbing — Localization, Casting & QC",Batch 2
Loop length,"Dubbing — Localization, Casting & QC",Batch 2
Loop boundary,"Dubbing — Localization, Casting & QC",Batch 2
Loop preparation,"Dubbing — Localization, Casting & QC",Batch 2
Single-character recording,"Dubbing — Localization, Casting & QC",Batch 2
Ensemble dubbing,"Dubbing — Localization, Casting & QC",Batch 2
Collective dubbing,"Dubbing — Localization, Casting & QC",Batch 2
Individual-band recording,"Dubbing — Localization, Casting & QC",Batch 2
Line-by-line dubbing,"Dubbing — Localization, Casting & QC",Batch 2
Block recording,"Dubbing — Localization, Casting & QC",Batch 2
Context recording,"Dubbing — Localization, Casting & QC",Batch 2
Cold-loop recording,"Dubbing — Localization, Casting & QC",Batch 2
Guide-track dependency,"Dubbing — Localization, Casting & QC",Batch 2
Source-performance shadowing,"Dubbing — Localization, Casting & QC",Batch 2
Guide bleed,"Dubbing — Localization, Casting & QC",Batch 2
Cue fatigue,"Dubbing — Localization, Casting & QC",Batch 2
International-version reconstruction,"Dubbing — Localization, Casting & QC",Batch 2
Foreign-version mix,"Dubbing — Localization, Casting & QC",Batch 2
Local-language mix,"Dubbing — Localization, Casting & QC",Batch 2
Dubbing mix,"Dubbing — Localization, Casting & QC",Batch 2
Localization premix,"Dubbing — Localization, Casting & QC",Batch 2
Dub dialogue stem,"Dubbing — Localization, Casting & QC",Batch 2
Foreign dialogue stem,"Dubbing — Localization, Casting & QC",Batch 2
Original-language guide,"Dubbing — Localization, Casting & QC",Batch 2
Source-dialogue bleed,"Dubbing — Localization, Casting & QC",Batch 2
Language contamination,"Dubbing — Localization, Casting & QC",Batch 2
Embedded dialogue,"Dubbing — Localization, Casting & QC",Batch 2
Dialogue-bearing effect,"Dubbing — Localization, Casting & QC",Batch 2
Vocal-bearing ambience,"Dubbing — Localization, Casting & QC",Batch 2
M&E deficiency,"Dubbing — Localization, Casting & QC",Batch 2
M&E repair,"Dubbing — Localization, Casting & QC",Batch 2
M&E supplementation,"Dubbing — Localization, Casting & QC",Batch 2
M&E fill cue,"Dubbing — Localization, Casting & QC",Batch 2
Optional track,"Dubbing — Localization, Casting & QC",Batch 2
Optional vocal,"Dubbing — Localization, Casting & QC",Batch 2
Language-neutral effort,"Dubbing — Localization, Casting & QC",Batch 2
Language-neutral vocalization,"Dubbing — Localization, Casting & QC",Batch 2
Language-bearing effort,"Dubbing — Localization, Casting & QC",Batch 2
Foreign-version Foley,"Dubbing — Localization, Casting & QC",Batch 2
International Foley,"Dubbing — Localization, Casting & QC",Batch 2
M&E checker,"Dubbing — Localization, Casting & QC",Batch 2
M&E check,"Dubbing — Localization, Casting & QC",Batch 2
Foreign-version QC,"Dubbing — Localization, Casting & QC",Batch 2
Dub-stage integration,"Dubbing — Localization, Casting & QC",Batch 2
Acoustic localization match,"Dubbing — Localization, Casting & QC",Batch 2
Linguistic QC,"Dubbing — Localization, Casting & QC",Batch 2
Technical QC,"Dubbing — Localization, Casting & QC",Batch 2
Creative QC,"Dubbing — Localization, Casting & QC",Batch 2
Dub QC,"Dubbing — Localization, Casting & QC",Batch 2
In-territory QC,"Dubbing — Localization, Casting & QC",Batch 2
Native-listener QC,"Dubbing — Localization, Casting & QC",Batch 2
Sync QC,"Dubbing — Localization, Casting & QC",Batch 2
Lip-sync defect,"Dubbing — Localization, Casting & QC",Batch 2
Start-sync error,"Dubbing — Localization, Casting & QC",Batch 2
End-sync error,"Dubbing — Localization, Casting & QC",Batch 2
Internal-sync error,"Dubbing — Localization, Casting & QC",Batch 2
Mouth-closure violation,"Dubbing — Localization, Casting & QC",Batch 2
Flap violation,"Dubbing — Localization, Casting & QC",Batch 2
Overlength line,"Dubbing — Localization, Casting & QC",Batch 2
Underlength line,"Dubbing — Localization, Casting & QC",Batch 2
Rushed delivery,"Dubbing — Localization, Casting & QC",Batch 2
Dragged delivery,"Dubbing — Localization, Casting & QC",Batch 2
Sync-driven distortion,"Dubbing — Localization, Casting & QC",Batch 2
Semantic drift,"Dubbing — Localization, Casting & QC",Batch 2
Character drift,"Dubbing — Localization, Casting & QC",Batch 2
Register drift,"Dubbing — Localization, Casting & QC",Batch 2
Terminology drift,"Dubbing — Localization, Casting & QC",Batch 2
Pronunciation drift,"Dubbing — Localization, Casting & QC",Batch 2
Voice-continuity defect,"Dubbing — Localization, Casting & QC",Batch 2
Mix-localization defect,"Dubbing — Localization, Casting & QC",Batch 2
Perspective defect,"Dubbing — Localization, Casting & QC",Batch 2
Localization artifact,"Dubbing — Localization, Casting & QC",Batch 2
Adaptation loss,"Dubbing — Localization, Casting & QC",Batch 2
Sync loss,"Dubbing — Localization, Casting & QC",Batch 2
Naturalness defect,"Dubbing — Localization, Casting & QC",Batch 2
Revoicing,"Dubbing — Localization, Casting & QC",Batch 2
Full dubbing,"Dubbing — Localization, Casting & QC",Batch 2
Partial dubbing,"Dubbing — Localization, Casting & QC",Batch 2
Selective dubbing,"Dubbing — Localization, Casting & QC",Batch 2
Multilingual dubbing,"Dubbing — Localization, Casting & QC",Batch 2
Bilingual dubbing,"Dubbing — Localization, Casting & QC",Batch 2
UN-style voiceover,"Dubbing — Localization, Casting & QC",Batch 2
Gavrilov translation,"Dubbing — Localization, Casting & QC",Batch 2
One-voice dubbing,"Dubbing — Localization, Casting & QC",Batch 2
Two-voice dubbing,"Dubbing — Localization, Casting & QC",Batch 2
Lecturing,"Dubbing — Localization, Casting & QC",Batch 2
Lectoring,"Dubbing — Localization, Casting & QC",Batch 2
Simil-sync,"Dubbing — Localization, Casting & QC",Batch 2
Phrase-sync dubbing,"Dubbing — Localization, Casting & QC",Batch 2
Time-sync dubbing,"Dubbing — Localization, Casting & QC",Batch 2
Narration replacement,"Dubbing — Localization, Casting & QC",Batch 2
Commentary replacement,"Dubbing — Localization, Casting & QC",Batch 2
Pivot-language dubbing,"Dubbing — Localization, Casting & QC",Batch 2
Relay translation,"Dubbing — Localization, Casting & QC",Batch 2
Indirect dubbing,"Dubbing — Localization, Casting & QC",Batch 2
Double translation,"Dubbing — Localization, Casting & QC",Batch 2
Fandubbing,"Dubbing — Localization, Casting & QC",Batch 2
Fundubbing,"Dubbing — Localization, Casting & QC",Batch 2
Dubbing-up,"Dubbing — Localization, Casting & QC",Batch 2
Dubbing-down,"Dubbing — Localization, Casting & QC",Batch 2
Automatic dubbing,"Dialogue Mixing, Premix, Speech & AI Voice",Batch 2
Automated dubbing pipeline,"Dialogue Mixing, Premix, Speech & AI Voice",Batch 2
Audio-visual speech translation,"Dialogue Mixing, Premix, Speech & AI Voice",Batch 2
Audio-visual speech-to-speech translation,"Dialogue Mixing, Premix, Speech & AI Voice",Batch 2
Direct speech-to-speech translation,"Dialogue Mixing, Premix, Speech & AI Voice",Batch 2
Cascaded dubbing,"Dialogue Mixing, Premix, Speech & AI Voice",Batch 2
End-to-end dubbing,"Dialogue Mixing, Premix, Speech & AI Voice",Batch 2
Duration-controlled synthesis,"Dialogue Mixing, Premix, Speech & AI Voice",Batch 2
Isochronous synthesis,"Dialogue Mixing, Premix, Speech & AI Voice",Batch 2
Phonetic synchronization loss,"Dialogue Mixing, Premix, Speech & AI Voice",Batch 2
Lip-synchrony loss,"Dialogue Mixing, Premix, Speech & AI Voice",Batch 2
Vowel-distance matching,"Dialogue Mixing, Premix, Speech & AI Voice",Batch 2
Phonetic paraphrasing,"Dialogue Mixing, Premix, Speech & AI Voice",Batch 2
Synchronization-aware translation,"Dialogue Mixing, Premix, Speech & AI Voice",Batch 2
Duration-aware translation,"Dialogue Mixing, Premix, Speech & AI Voice",Batch 2
Lip-aware translation,"Dialogue Mixing, Premix, Speech & AI Voice",Batch 2
Viseme-aware translation,"Dialogue Mixing, Premix, Speech & AI Voice",Batch 2
Prosody transfer,"Dialogue Mixing, Premix, Speech & AI Voice",Batch 2
Cross-lingual prosody transfer,"Dialogue Mixing, Premix, Speech & AI Voice",Batch 2
Speaker similarity,"Dialogue Mixing, Premix, Speech & AI Voice",Batch 2
Cross-lingual voice cloning,"Dialogue Mixing, Premix, Speech & AI Voice",Batch 2
Speaker-preserving translation,"Dialogue Mixing, Premix, Speech & AI Voice",Batch 2
Timbre preservation,"Dialogue Mixing, Premix, Speech & AI Voice",Batch 2
Emotion-preserving dubbing,"Dialogue Mixing, Premix, Speech & AI Voice",Batch 2
Expressive speech translation,"Dialogue Mixing, Premix, Speech & AI Voice",Batch 2
Paralinguistic transfer,"Dialogue Mixing, Premix, Speech & AI Voice",Batch 2
Dubbing naturalness,"Dialogue Mixing, Premix, Speech & AI Voice",Batch 2
Translation-naturalness tradeoff,"Dialogue Mixing, Premix, Speech & AI Voice",Batch 2
Sync-naturalness tradeoff,"Dialogue Mixing, Premix, Speech & AI Voice",Batch 2
Semantic-phonetic tradeoff,"Dialogue Mixing, Premix, Speech & AI Voice",Batch 2
Wurst microphone technique,Instrument & Ensemble Recording Techniques,Batch 2
Front-of-kit microphone,Instrument & Ensemble Recording Techniques,Batch 2
Drum-shell microphone,Instrument & Ensemble Recording Techniques,Batch 2
Snare-bottom polarity inversion,Instrument & Ensemble Recording Techniques,Batch 2
Snare-wire balance,Instrument & Ensemble Recording Techniques,Batch 2
Snare-wire choke,Instrument & Ensemble Recording Techniques,Batch 2
Snare buzz suppression,Instrument & Ensemble Recording Techniques,Batch 2
Wallet damping,Instrument & Ensemble Recording Techniques,Batch 2
Tea-towel drum damping,Instrument & Ensemble Recording Techniques,Batch 2
Kick-drum tunnel,Instrument & Ensemble Recording Techniques,Batch 2
Kick-drum cavity microphone,Instrument & Ensemble Recording Techniques,Batch 2
Kick port miking,Instrument & Ensemble Recording Techniques,Batch 2
Kick beater bleed,Instrument & Ensemble Recording Techniques,Batch 2
Subkick capture,Instrument & Ensemble Recording Techniques,Batch 2
Drum crush microphone,Instrument & Ensemble Recording Techniques,Batch 2
Cymbal rejection miking,Instrument & Ensemble Recording Techniques,Batch 2
Underhead tom miking,Instrument & Ensemble Recording Techniques,Batch 2
Overhead equidistance,Instrument & Ensemble Recording Techniques,Batch 2
Cap-edge miking,Instrument & Ensemble Recording Techniques,Batch 2
Speaker-cone traversal,Instrument & Ensemble Recording Techniques,Batch 2
Off-axis guitar-cabinet miking,Instrument & Ensemble Recording Techniques,Batch 2
Guitar-speaker phase-center alignment,Instrument & Ensemble Recording Techniques,Batch 2
Fredman technique,Instrument & Ensemble Recording Techniques,Batch 2
Guitar-cabinet rear miking,Instrument & Ensemble Recording Techniques,Batch 2
Guitar-cabinet room reinforcement,Instrument & Ensemble Recording Techniques,Batch 2
Pick-attack isolation,Instrument & Ensemble Recording Techniques,Batch 2
Amp reamping,Instrument & Ensemble Recording Techniques,Batch 2
Cabinet reamping,Instrument & Ensemble Recording Techniques,Batch 2
DI–amplifier split,Instrument & Ensemble Recording Techniques,Batch 2
Bass-band splitting,Instrument & Ensemble Recording Techniques,Batch 2
Bass fundamental stabilization,Instrument & Ensemble Recording Techniques,Batch 2
Bass audibility enhancement,Instrument & Ensemble Recording Techniques,Batch 2
Twelfth-fret miking,Instrument & Ensemble Recording Techniques,Batch 2
Sound-hole avoidance,Instrument & Ensemble Recording Techniques,Batch 2
Acoustic-guitar bridge miking,Instrument & Ensemble Recording Techniques,Batch 2
Shoulder miking,Instrument & Ensemble Recording Techniques,Batch 2
Body-and-neck stereo miking,Instrument & Ensemble Recording Techniques,Batch 2
Nashville tuning,Instrument & Ensemble Recording Techniques,Batch 2
Double-tracked acoustic spread,Instrument & Ensemble Recording Techniques,Batch 2
Piano soundboard miking,Instrument & Ensemble Recording Techniques,Batch 2
Piano boundary miking,Instrument & Ensemble Recording Techniques,Batch 2
Piano hammer emphasis,Instrument & Ensemble Recording Techniques,Batch 2
Vocal proximity-effect control,Instrument & Ensemble Recording Techniques,Batch 2
Microphone working,Instrument & Ensemble Recording Techniques,Batch 2
Vocal off-axis control,Instrument & Ensemble Recording Techniques,Batch 2
Plosive shadowing,Instrument & Ensemble Recording Techniques,Batch 2
Sibilance steering,Instrument & Ensemble Recording Techniques,Batch 2
Vocal level riding,Instrument & Ensemble Recording Techniques,Batch 2
Pre-compressor vocal riding,Instrument & Ensemble Recording Techniques,Batch 2
Vocal double alignment,Instrument & Ensemble Recording Techniques,Batch 2
Consonant matching,Instrument & Ensemble Recording Techniques,Batch 2
Stacked-Sibilance Control,Instrument & Ensemble Recording Techniques,Batch 2
Breath editing,Instrument & Ensemble Recording Techniques,Batch 2
Parallel Vocal Compression,Instrument & Ensemble Recording Techniques,Batch 2
Vocal throw delay,Instrument & Ensemble Recording Techniques,Batch 2
Vocal reverb ducking,Instrument & Ensemble Recording Techniques,Batch 2
Bell-axis miking,Instrument & Ensemble Recording Techniques,Batch 2
Keywork-noise control,Instrument & Ensemble Recording Techniques,Batch 2
Bow-noise balance,Instrument & Ensemble Recording Techniques,Batch 2
Rosin-noise control,Instrument & Ensemble Recording Techniques,Batch 2
Section spot miking,Instrument & Ensemble Recording Techniques,Batch 2
Spot-microphone time alignment,Instrument & Ensemble Recording Techniques,Batch 2
Glyn Johns technique,Instrument & Ensemble Recording Techniques,Batch 3
Glyn Johns side microphone,Instrument & Ensemble Recording Techniques,Batch 3
Overhead-and-shoulder array,Instrument & Ensemble Recording Techniques,Batch 3
Drum head-baffle technique,Instrument & Ensemble Recording Techniques,Batch 3
Drum-kit midpoint microphone,Instrument & Ensemble Recording Techniques,Batch 3
Wurst microphone,Instrument & Ensemble Recording Techniques,Batch 3
Tchad Blake drum microphone,Instrument & Ensemble Recording Techniques,Batch 3
Drum crush channel,Instrument & Ensemble Recording Techniques,Batch 3
Batter-side kick microphone,Instrument & Ensemble Recording Techniques,Batch 3
Kick beater-side microphone,Instrument & Ensemble Recording Techniques,Batch 3
Kick-in microphone,Instrument & Ensemble Recording Techniques,Batch 3
Kick-out microphone,Instrument & Ensemble Recording Techniques,Batch 3
Kick-front microphone,Instrument & Ensemble Recording Techniques,Batch 3
Kick-drum tunnel microphone,Instrument & Ensemble Recording Techniques,Batch 3
Resonant-head proximity miking,Instrument & Ensemble Recording Techniques,Batch 3
Snare-shell microphone,Instrument & Ensemble Recording Techniques,Batch 3
Snare-vent microphone,Instrument & Ensemble Recording Techniques,Batch 3
Rim-plane snare miking,Instrument & Ensemble Recording Techniques,Batch 3
Under-snare microphone,Instrument & Ensemble Recording Techniques,Batch 3
Underhead microphone,Instrument & Ensemble Recording Techniques,Batch 3
Tom-bottom microphone,Instrument & Ensemble Recording Techniques,Batch 3
Drum-shell underside miking,Instrument & Ensemble Recording Techniques,Batch 3
Hi-hat bell miking,Instrument & Ensemble Recording Techniques,Batch 3
Hi-hat edge rejection,Instrument & Ensemble Recording Techniques,Batch 3
Ride-bell spot microphone,Instrument & Ensemble Recording Techniques,Batch 3
Cymbal-under miking,Instrument & Ensemble Recording Techniques,Batch 3
Cymbal-plane miking,Instrument & Ensemble Recording Techniques,Batch 3
Drum-shell rejection angle,Instrument & Ensemble Recording Techniques,Batch 3
Timpani head-edge miking,Instrument & Ensemble Recording Techniques,Batch 3
Timpani bowl-side miking,Instrument & Ensemble Recording Techniques,Batch 3
Timpani pair spacing,Instrument & Ensemble Recording Techniques,Batch 3
Marimba resonator miking,Instrument & Ensemble Recording Techniques,Batch 3
Marimba bar-side miking,Instrument & Ensemble Recording Techniques,Batch 3
Marimba low-end outrigger,Instrument & Ensemble Recording Techniques,Batch 3
Vibraphone motor-noise rejection,Instrument & Ensemble Recording Techniques,Batch 3
Vibraphone resonator miking,Instrument & Ensemble Recording Techniques,Batch 3
Xylophone octave spread control,Instrument & Ensemble Recording Techniques,Batch 3
Glockenspiel off-axis miking,Instrument & Ensemble Recording Techniques,Batch 3
Tubular-bell strike-zone avoidance,Instrument & Ensemble Recording Techniques,Batch 3
Gong edge miking,Instrument & Ensemble Recording Techniques,Batch 3
Gong center miking,Instrument & Ensemble Recording Techniques,Batch 3
Suspended-cymbal swell capture,Instrument & Ensemble Recording Techniques,Batch 3
Hand-percussion underside miking,Instrument & Ensemble Recording Techniques,Batch 3
Cajón sound-hole miking,Instrument & Ensemble Recording Techniques,Batch 3
Cajón tapa miking,Instrument & Ensemble Recording Techniques,Batch 3
Tabla dayan–bayan split,Instrument & Ensemble Recording Techniques,Batch 3
Conga head-zone miking,Instrument & Ensemble Recording Techniques,Batch 3
Percussion-tree spot microphone,Instrument & Ensemble Recording Techniques,Batch 3
Off-bell miking,Instrument & Ensemble Recording Techniques,Batch 3
Bell-edge miking,Instrument & Ensemble Recording Techniques,Batch 3
Above-bell miking,Instrument & Ensemble Recording Techniques,Batch 3
Across-bell miking,Instrument & Ensemble Recording Techniques,Batch 3
Bell-blast avoidance,Instrument & Ensemble Recording Techniques,Batch 3
Bell-flare proximity miking,Instrument & Ensemble Recording Techniques,Batch 3
Bell-shadow placement,Instrument & Ensemble Recording Techniques,Batch 3
Slide-path clearance,Instrument & Ensemble Recording Techniques,Batch 3
Trombone over-slide miking,Instrument & Ensemble Recording Techniques,Batch 3
French-horn rear-bell miking,Instrument & Ensemble Recording Techniques,Batch 3
French-horn wall-reflection capture,Instrument & Ensemble Recording Techniques,Batch 3
Tuba bell-height miking,Instrument & Ensemble Recording Techniques,Batch 3
Section-over-bell array,Instrument & Ensemble Recording Techniques,Batch 3
Tone-hole-side miking,Instrument & Ensemble Recording Techniques,Batch 3
Keywork-side miking,Instrument & Ensemble Recording Techniques,Batch 3
Upper-joint miking,Instrument & Ensemble Recording Techniques,Batch 3
Lower-joint miking,Instrument & Ensemble Recording Techniques,Batch 3
Bell–tone-hole balance,Instrument & Ensemble Recording Techniques,Batch 3
Clarinet register-hole balance,Instrument & Ensemble Recording Techniques,Batch 3
Clarinet bell-overemphasis,Instrument & Ensemble Recording Techniques,Batch 3
Saxophone bell–key split,Instrument & Ensemble Recording Techniques,Batch 3
Saxophone key-cup noise capture,Instrument & Ensemble Recording Techniques,Batch 3
Flute embouchure-hole miking,Instrument & Ensemble Recording Techniques,Batch 3
Flute breath-stream avoidance,Instrument & Ensemble Recording Techniques,Batch 3
Flute body-axis miking,Instrument & Ensemble Recording Techniques,Batch 3
Bassoon boot-joint miking,Instrument & Ensemble Recording Techniques,Batch 3
Bassoon bocal-side miking,Instrument & Ensemble Recording Techniques,Batch 3
Oboe key-column miking,Instrument & Ensemble Recording Techniques,Batch 3
Bridge-axis miking,Instrument & Ensemble Recording Techniques,Batch 3
Bridge-above miking,Instrument & Ensemble Recording Techniques,Batch 3
Treble-side bridge miking,Instrument & Ensemble Recording Techniques,Batch 3
Bass-side bridge miking,Instrument & Ensemble Recording Techniques,Batch 3
F-hole-axis miking,Instrument & Ensemble Recording Techniques,Batch 3
Off-f-hole miking,Instrument & Ensemble Recording Techniques,Batch 3
Upper-bout miking,Instrument & Ensemble Recording Techniques,Batch 3
Lower-bout miking,Instrument & Ensemble Recording Techniques,Batch 3
Fingerboard-end miking,Instrument & Ensemble Recording Techniques,Batch 3
Bow-contact-point miking,Instrument & Ensemble Recording Techniques,Batch 3
Bow-side miking,Instrument & Ensemble Recording Techniques,Batch 3
Fingerboard-side miking,Instrument & Ensemble Recording Techniques,Batch 3
Endpin-side cello miking,Instrument & Ensemble Recording Techniques,Batch 3
Endpin-floor coupling capture,Instrument & Ensemble Recording Techniques,Batch 3
Cello floor-boundary microphone,Instrument & Ensemble Recording Techniques,Batch 3
Double-bass bridge–f-hole balance,Instrument & Ensemble Recording Techniques,Batch 3
Double-bass endpin microphone,Instrument & Ensemble Recording Techniques,Batch 3
String-body shadowing,Instrument & Ensemble Recording Techniques,Batch 3
Section-leader spot,Instrument & Ensemble Recording Techniques,Batch 3
Desk-pair spot microphone,Instrument & Ensemble Recording Techniques,Batch 3
Inside–outside string-section spots,Instrument & Ensemble Recording Techniques,Batch 3
Decca Tree wings,Orchestral Arrays & Spot-Mic Integration,Batch 3
Decca Tree outriggers,Orchestral Arrays & Spot-Mic Integration,Batch 3
Decca Tree height layer,Orchestral Arrays & Spot-Mic Integration,Batch 3
Decca Tree 3D,Orchestral Arrays & Spot-Mic Integration,Batch 3
Faulkner array null-axis control,Orchestral Arrays & Spot-Mic Integration,Batch 3
Optimized Stereo Signal technique,Orchestral Arrays & Spot-Mic Integration,Batch 3
Acoustic-shadow stereo,Orchestral Arrays & Spot-Mic Integration,Batch 3
OCT,Orchestral Arrays & Spot-Mic Integration,Batch 3
OCT-3D,Orchestral Arrays & Spot-Mic Integration,Batch 3
ORTF-2plus2,Orchestral Arrays & Spot-Mic Integration,Batch 3
Hamasaki ambience layer,Orchestral Arrays & Spot-Mic Integration,Batch 3
Main-plus-ambience array,Orchestral Arrays & Spot-Mic Integration,Batch 3
Front–rear array spacing,Orchestral Arrays & Spot-Mic Integration,Batch 3
Height-layer decorrelation,Orchestral Arrays & Spot-Mic Integration,Batch 3
Orchestra outrigger,Orchestral Arrays & Spot-Mic Integration,Batch 3
Orchestra flank microphone,Orchestral Arrays & Spot-Mic Integration,Batch 3
Far-flank microphone,Orchestral Arrays & Spot-Mic Integration,Batch 3
Near-flank microphone,Orchestral Arrays & Spot-Mic Integration,Batch 3
String outrigger,Orchestral Arrays & Spot-Mic Integration,Batch 3
Bass outrigger,Orchestral Arrays & Spot-Mic Integration,Batch 3
Center-fill microphone,Orchestral Arrays & Spot-Mic Integration,Batch 3
Center-downfill microphone,Orchestral Arrays & Spot-Mic Integration,Batch 3
Conductor-position microphone,Orchestral Arrays & Spot-Mic Integration,Batch 3
Podium microphone,Orchestral Arrays & Spot-Mic Integration,Batch 3
Front-fill recording microphone,Orchestral Arrays & Spot-Mic Integration,Batch 3
Rear-hall microphone,Orchestral Arrays & Spot-Mic Integration,Batch 3
Mid-hall microphone,Orchestral Arrays & Spot-Mic Integration,Batch 3
Balcony microphone,Orchestral Arrays & Spot-Mic Integration,Batch 3
Under-balcony microphone,Orchestral Arrays & Spot-Mic Integration,Batch 3
Gallery microphone,Orchestral Arrays & Spot-Mic Integration,Batch 3
Stage-rear ambience microphone,Orchestral Arrays & Spot-Mic Integration,Batch 3
Rear-facing stage microphone,Orchestral Arrays & Spot-Mic Integration,Batch 3
Proscenium microphone,Orchestral Arrays & Spot-Mic Integration,Batch 3
Fly-rail microphone,Orchestral Arrays & Spot-Mic Integration,Batch 3
Pit-lip microphone,Orchestral Arrays & Spot-Mic Integration,Batch 3
Pit-overhead microphone,Orchestral Arrays & Spot-Mic Integration,Batch 3
Pit-wall boundary microphone,Orchestral Arrays & Spot-Mic Integration,Batch 3
Choir loft microphone,Orchestral Arrays & Spot-Mic Integration,Batch 3
Antiphonal microphone group,Orchestral Arrays & Spot-Mic Integration,Batch 3
Offstage ensemble microphone,Orchestral Arrays & Spot-Mic Integration,Batch 3
Distant-brass microphone,Orchestral Arrays & Spot-Mic Integration,Batch 3
Hall-return microphone,Orchestral Arrays & Spot-Mic Integration,Batch 3
Natural-reverb return,Orchestral Arrays & Spot-Mic Integration,Batch 3
Main-led orchestral mix,Orchestral Arrays & Spot-Mic Integration,Batch 3
Spot-led orchestral mix,Orchestral Arrays & Spot-Mic Integration,Batch 3
Main-to-spot ratio,Orchestral Arrays & Spot-Mic Integration,Batch 3
Spot-to-main balance,Orchestral Arrays & Spot-Mic Integration,Batch 3
Spot prominence,Orchestral Arrays & Spot-Mic Integration,Batch 3
Spot exposure,Orchestral Arrays & Spot-Mic Integration,Batch 3
Spotty orchestral image,Orchestral Arrays & Spot-Mic Integration,Batch 3
Spot masking,Orchestral Arrays & Spot-Mic Integration,Batch 3
Spot bloom,Orchestral Arrays & Spot-Mic Integration,Batch 3
Spot spread,Orchestral Arrays & Spot-Mic Integration,Batch 3
Spot anchoring,Orchestral Arrays & Spot-Mic Integration,Batch 3
Spot localization pull,Orchestral Arrays & Spot-Mic Integration,Batch 3
Image-width mismatch,Orchestral Arrays & Spot-Mic Integration,Batch 3
Perspective mismatch,Orchestral Arrays & Spot-Mic Integration,Batch 3
Depth-plane mismatch,Orchestral Arrays & Spot-Mic Integration,Batch 3
Spot-to-hall mismatch,Orchestral Arrays & Spot-Mic Integration,Batch 3
Spot-microphone delay,Orchestral Arrays & Spot-Mic Integration,Batch 3
Acoustic-delay compensation,Orchestral Arrays & Spot-Mic Integration,Batch 3
Main-array arrival reference,Orchestral Arrays & Spot-Mic Integration,Batch 3
Center-microphone delay reference,Orchestral Arrays & Spot-Mic Integration,Batch 3
Nearest-main delay reference,Orchestral Arrays & Spot-Mic Integration,Batch 3
Geometric spot delay,Orchestral Arrays & Spot-Mic Integration,Batch 3
Measured-arrival spot delay,Orchestral Arrays & Spot-Mic Integration,Batch 3
Perceptual spot delay,Orchestral Arrays & Spot-Mic Integration,Batch 3
Propagation-delay insertion,Orchestral Arrays & Spot-Mic Integration,Batch 3
Distance-to-delay conversion,Orchestral Arrays & Spot-Mic Integration,Batch 3
Spot pre-arrival,Orchestral Arrays & Spot-Mic Integration,Batch 3
Main-array lag,Orchestral Arrays & Spot-Mic Integration,Batch 3
Double-arrival artifact,Orchestral Arrays & Spot-Mic Integration,Batch 3
Orchestral precedence shift,Orchestral Arrays & Spot-Mic Integration,Batch 3
Spot-induced image collapse,Orchestral Arrays & Spot-Mic Integration,Batch 3
Alignment-induced flattening,Orchestral Arrays & Spot-Mic Integration,Batch 3
Natural-arrival preservation,Orchestral Arrays & Spot-Mic Integration,Batch 3
Partial spot alignment,Orchestral Arrays & Spot-Mic Integration,Batch 3
Frequency-dependent alignment,Orchestral Arrays & Spot-Mic Integration,Batch 3
Correlation-based spot alignment,Orchestral Arrays & Spot-Mic Integration,Batch 3
Transient-reference alignment,Orchestral Arrays & Spot-Mic Integration,Batch 3
Sectional-delay grouping,Orchestral Arrays & Spot-Mic Integration,Batch 3
Depth-preserving delay,Orchestral Arrays & Spot-Mic Integration,Batch 3
Haas-window integration,Orchestral Arrays & Spot-Mic Integration,Batch 3
Complementary equalization,"Advanced Dynamics, Sidechain & Spectral EQ",Batch 3
Reciprocal equalization,"Advanced Dynamics, Sidechain & Spectral EQ",Batch 3
Frequency-slotting,"Advanced Dynamics, Sidechain & Spectral EQ",Batch 3
Frequency carving,"Advanced Dynamics, Sidechain & Spectral EQ",Batch 3
Spectral pocketing,"Advanced Dynamics, Sidechain & Spectral EQ",Batch 3
Dynamic frequency pocketing,"Advanced Dynamics, Sidechain & Spectral EQ",Batch 3
Collision-frequency control,"Advanced Dynamics, Sidechain & Spectral EQ",Batch 3
Spectral masking control,"Advanced Dynamics, Sidechain & Spectral EQ",Batch 3
Masking-release processing,"Advanced Dynamics, Sidechain & Spectral EQ",Batch 3
Tonal tilt,"Advanced Dynamics, Sidechain & Spectral EQ",Batch 3
Pivot equalization,"Advanced Dynamics, Sidechain & Spectral EQ",Batch 3
Spectral centroid shifting,"Advanced Dynamics, Sidechain & Spectral EQ",Batch 3
Spectral weighting,"Advanced Dynamics, Sidechain & Spectral EQ",Batch 3
Broad-stroke equalization,"Advanced Dynamics, Sidechain & Spectral EQ",Batch 3
Micro-equalization,"Advanced Dynamics, Sidechain & Spectral EQ",Batch 3
Fine equalization,"Advanced Dynamics, Sidechain & Spectral EQ",Batch 3
Corrective equalization,"Advanced Dynamics, Sidechain & Spectral EQ",Batch 3
Character equalization,"Advanced Dynamics, Sidechain & Spectral EQ",Batch 3
Program equalization,"Advanced Dynamics, Sidechain & Spectral EQ",Batch 3
Contour equalization,"Advanced Dynamics, Sidechain & Spectral EQ",Batch 3
Resonance hunting,"Advanced Dynamics, Sidechain & Spectral EQ",Batch 3
Boost-and-sweep method,"Advanced Dynamics, Sidechain & Spectral EQ",Batch 3
Resonance suppression,"Advanced Dynamics, Sidechain & Spectral EQ",Batch 3
Resonance-dependent equalization,"Advanced Dynamics, Sidechain & Spectral EQ",Batch 3
Tonal anchoring,"Advanced Dynamics, Sidechain & Spectral EQ",Batch 3
Spectral balancing,"Advanced Dynamics, Sidechain & Spectral EQ",Batch 3
Tonal matching,"Advanced Dynamics, Sidechain & Spectral EQ",Batch 3
Match equalization,"Advanced Dynamics, Sidechain & Spectral EQ",Batch 3
Spectral target curve,"Advanced Dynamics, Sidechain & Spectral EQ",Batch 3
Descriptor-based equalization,"Advanced Dynamics, Sidechain & Spectral EQ",Batch 3
Mud,"Advanced Dynamics, Sidechain & Spectral EQ",Batch 3
Honk,"Advanced Dynamics, Sidechain & Spectral EQ",Batch 3
Nasality,"Advanced Dynamics, Sidechain & Spectral EQ",Batch 3
Woolliness,"Advanced Dynamics, Sidechain & Spectral EQ",Batch 3
Veil,"Advanced Dynamics, Sidechain & Spectral EQ",Batch 3
Papery tone,"Advanced Dynamics, Sidechain & Spectral EQ",Batch 3
Cardboard tone,"Advanced Dynamics, Sidechain & Spectral EQ",Batch 3
Bite,"Advanced Dynamics, Sidechain & Spectral EQ",Batch 3
Edge,"Advanced Dynamics, Sidechain & Spectral EQ",Batch 3
Glassiness,"Advanced Dynamics, Sidechain & Spectral EQ",Batch 3
Grain,"Advanced Dynamics, Sidechain & Spectral EQ",Batch 3
Chalkiness,"Advanced Dynamics, Sidechain & Spectral EQ",Batch 3
Smeared tone,"Advanced Dynamics, Sidechain & Spectral EQ",Batch 3
Program-dependent compression,"Advanced Dynamics, Sidechain & Spectral EQ",Batch 3
Program-adaptive compression,"Advanced Dynamics, Sidechain & Spectral EQ",Batch 3
Automatic-release compression,"Advanced Dynamics, Sidechain & Spectral EQ",Batch 3
Dual-time-constant release,"Advanced Dynamics, Sidechain & Spectral EQ",Batch 3
Multi-stage release,"Advanced Dynamics, Sidechain & Spectral EQ",Batch 3
Hold-and-release compression,"Advanced Dynamics, Sidechain & Spectral EQ",Batch 3
Level-dependent release,"Advanced Dynamics, Sidechain & Spectral EQ",Batch 3
Frequency-dependent compression,"Advanced Dynamics, Sidechain & Spectral EQ",Batch 3
Detector-weighted compression,"Advanced Dynamics, Sidechain & Spectral EQ",Batch 3
Sidechain emphasis,"Advanced Dynamics, Sidechain & Spectral EQ",Batch 3
Sidechain de-emphasis,"Advanced Dynamics, Sidechain & Spectral EQ",Batch 3
Sidechain high-pass filtering,"Advanced Dynamics, Sidechain & Spectral EQ",Batch 3
Sidechain low-pass filtering,"Advanced Dynamics, Sidechain & Spectral EQ",Batch 3
Sidechain band-pass filtering,"Advanced Dynamics, Sidechain & Spectral EQ",Batch 3
Sidechain tilt filtering,"Advanced Dynamics, Sidechain & Spectral EQ",Batch 3
Sidechain audition,"Advanced Dynamics, Sidechain & Spectral EQ",Batch 3
Detector signal,"Advanced Dynamics, Sidechain & Spectral EQ",Batch 3
Feed-forward compression,"Advanced Dynamics, Sidechain & Spectral EQ",Batch 3
Feedback compression,"Advanced Dynamics, Sidechain & Spectral EQ",Batch 3
Hinge-point compression,"Advanced Dynamics, Sidechain & Spectral EQ",Batch 3
Leveling amplification,"Advanced Dynamics, Sidechain & Spectral EQ",Batch 3
Compression riding,"Advanced Dynamics, Sidechain & Spectral EQ",Batch 3
Compression staging,"Advanced Dynamics, Sidechain & Spectral EQ",Batch 3
Serial compression,"Advanced Dynamics, Sidechain & Spectral EQ",Batch 3
Cascaded compression,"Advanced Dynamics, Sidechain & Spectral EQ",Batch 3
Multistage compression,"Advanced Dynamics, Sidechain & Spectral EQ",Batch 3
Peak-to-level compression chain,"Advanced Dynamics, Sidechain & Spectral EQ",Batch 3
Level-to-peak compression chain,"Advanced Dynamics, Sidechain & Spectral EQ",Batch 3
Compression handoff,"Advanced Dynamics, Sidechain & Spectral EQ",Batch 3
Gain-reduction sharing,"Advanced Dynamics, Sidechain & Spectral EQ",Batch 3
Low-ratio cascading,"Advanced Dynamics, Sidechain & Spectral EQ",Batch 3
Split-band compression,"Advanced Dynamics, Sidechain & Spectral EQ",Batch 3
Two-band compression,"Advanced Dynamics, Sidechain & Spectral EQ",Batch 3
Band coupling,"Advanced Dynamics, Sidechain & Spectral EQ",Batch 3
Band independence,"Advanced Dynamics, Sidechain & Spectral EQ",Batch 3
Crossover modulation artifact,"Advanced Dynamics, Sidechain & Spectral EQ",Batch 3
Spectral pumping,"Advanced Dynamics, Sidechain & Spectral EQ",Batch 3
Microdynamic compression,"Advanced Dynamics, Sidechain & Spectral EQ",Batch 3
Macrodynamic compression,"Advanced Dynamics, Sidechain & Spectral EQ",Batch 3
Crest-factor reduction,"Advanced Dynamics, Sidechain & Spectral EQ",Batch 3
Envelope-density increase,"Advanced Dynamics, Sidechain & Spectral EQ",Batch 3
Transient recovery,"Advanced Dynamics, Sidechain & Spectral EQ",Batch 3
Release pumping,"Advanced Dynamics, Sidechain & Spectral EQ",Batch 3
Gain-reduction chatter,"Advanced Dynamics, Sidechain & Spectral EQ",Batch 3
Detector ripple,"Advanced Dynamics, Sidechain & Spectral EQ",Batch 3
Keyed compression,"Advanced Dynamics, Sidechain & Spectral EQ",Batch 3
External-sidechain compression,"Advanced Dynamics, Sidechain & Spectral EQ",Batch 3
Self-sidechain compression,"Advanced Dynamics, Sidechain & Spectral EQ",Batch 3
Cross-source compression,"Advanced Dynamics, Sidechain & Spectral EQ",Batch 3
Interlocking compression,"Advanced Dynamics, Sidechain & Spectral EQ",Batch 3
Frequency-selective kick–bass ducking,"Advanced Dynamics, Sidechain & Spectral EQ",Batch 3
Fundamental-band ducking,"Advanced Dynamics, Sidechain & Spectral EQ",Batch 3
Transient-triggered ducking,"Advanced Dynamics, Sidechain & Spectral EQ",Batch 3
Envelope-followed ducking,"Advanced Dynamics, Sidechain & Spectral EQ",Batch 3
Lookahead ducking,"Advanced Dynamics, Sidechain & Spectral EQ",Batch 3
Anticipatory ducking,"Advanced Dynamics, Sidechain & Spectral EQ",Batch 3
Hold-time ducking,"Advanced Dynamics, Sidechain & Spectral EQ",Batch 3
Release-shaped ducking,"Advanced Dynamics, Sidechain & Spectral EQ",Batch 3
Negative ducking,"Advanced Dynamics, Sidechain & Spectral EQ",Batch 3
Inverse ducking,"Advanced Dynamics, Sidechain & Spectral EQ",Batch 3
Keyed expansion,"Advanced Dynamics, Sidechain & Spectral EQ",Batch 3
New York compression,"Advanced Dynamics, Sidechain & Spectral EQ",Batch 3
Manhattan compression,"Advanced Dynamics, Sidechain & Spectral EQ",Batch 3
Motown compression,"Advanced Dynamics, Sidechain & Spectral EQ",Batch 3
Parallel upward compression,"Advanced Dynamics, Sidechain & Spectral EQ",Batch 3
Parallel limiting,"Advanced Dynamics, Sidechain & Spectral EQ",Batch 3
Parallel saturation,"Advanced Dynamics, Sidechain & Spectral EQ",Batch 3
Parallel distortion,"Advanced Dynamics, Sidechain & Spectral EQ",Batch 3
Parallel transient processing,"Advanced Dynamics, Sidechain & Spectral EQ",Batch 3
Parallel spectral processing,"Advanced Dynamics, Sidechain & Spectral EQ",Batch 3
Exciter return,"Advanced Dynamics, Sidechain & Spectral EQ",Batch 3
Crush bus,"Advanced Dynamics, Sidechain & Spectral EQ",Batch 3
Dry-path latency mismatch,"Advanced Dynamics, Sidechain & Spectral EQ",Batch 3
Parallel-path comb filtering,"Advanced Dynamics, Sidechain & Spectral EQ",Batch 3
Wet-path phase rotation,"Advanced Dynamics, Sidechain & Spectral EQ",Batch 3
Parallel blend cancellation,"Advanced Dynamics, Sidechain & Spectral EQ",Batch 3
Processor ordering,"Advanced Dynamics, Sidechain & Spectral EQ",Batch 3
Order-dependent processing,"Advanced Dynamics, Sidechain & Spectral EQ",Batch 3
Noncommutative processing,"Advanced Dynamics, Sidechain & Spectral EQ",Batch 3
EQ-into-compression,"Advanced Dynamics, Sidechain & Spectral EQ",Batch 3
Compression-into-EQ,"Advanced Dynamics, Sidechain & Spectral EQ",Batch 3
Pre-dynamics equalization,"Advanced Dynamics, Sidechain & Spectral EQ",Batch 3
Post-dynamics equalization,"Advanced Dynamics, Sidechain & Spectral EQ",Batch 3
Corrective-before-character processing,"Advanced Dynamics, Sidechain & Spectral EQ",Batch 3
Character-before-control processing,"Advanced Dynamics, Sidechain & Spectral EQ",Batch 3
Control-before-character processing,"Advanced Dynamics, Sidechain & Spectral EQ",Batch 3
Saturation–compression interaction,"Advanced Dynamics, Sidechain & Spectral EQ",Batch 3
Pre-emphasis/de-emphasis processing,"Advanced Dynamics, Sidechain & Spectral EQ",Batch 3
Complementary pre/post equalization,"Advanced Dynamics, Sidechain & Spectral EQ",Batch 3
Emphasis-driven saturation,"Advanced Dynamics, Sidechain & Spectral EQ",Batch 3
De-emphasized distortion,"Advanced Dynamics, Sidechain & Spectral EQ",Batch 3
Spectral drive shaping,"Advanced Dynamics, Sidechain & Spectral EQ",Batch 3
Frequency-selective saturation,"Advanced Dynamics, Sidechain & Spectral EQ",Batch 3
Split-band saturation,"Advanced Dynamics, Sidechain & Spectral EQ",Batch 3
Multistage saturation,"Advanced Dynamics, Sidechain & Spectral EQ",Batch 3
Serial clipping,"Advanced Dynamics, Sidechain & Spectral EQ",Batch 3
Clip-to-limit chain,"Advanced Dynamics, Sidechain & Spectral EQ",Batch 3
Limit-to-clip chain,"Advanced Dynamics, Sidechain & Spectral EQ",Batch 3
Early-reflection reverb,Advanced Reverb & Delay Design,Batch 3
Ambience algorithm,Advanced Reverb & Delay Design,Batch 3
Gated room microphone,Advanced Reverb & Delay Design,Batch 3
Reverse-envelope reverb,Advanced Reverb & Delay Design,Batch 3
Printed reverse reverb,Advanced Reverb & Delay Design,Batch 3
Bloom reverb,Advanced Reverb & Delay Design,Batch 3
Reverb swell,Advanced Reverb & Delay Design,Batch 3
Reverb freeze,Advanced Reverb & Delay Design,Batch 3
Infinite reverb,Advanced Reverb & Delay Design,Batch 3
Reverb hold,Advanced Reverb & Delay Design,Batch 3
Reverb regeneration,Advanced Reverb & Delay Design,Batch 3
Reverb feedback loop,Advanced Reverb & Delay Design,Batch 3
Downward shimmer,Advanced Reverb & Delay Design,Batch 3
Interval shimmer,Advanced Reverb & Delay Design,Batch 3
Pitch-recursive reverb,Advanced Reverb & Delay Design,Batch 3
Reverb diffusion,Advanced Reverb & Delay Design,Batch 3
Input diffusion,Advanced Reverb & Delay Design,Batch 3
Reverb density,Advanced Reverb & Delay Design,Batch 3
Density buildup,Advanced Reverb & Delay Design,Batch 3
Echo density,Advanced Reverb & Delay Design,Batch 3
Reverb shape,Advanced Reverb & Delay Design,Batch 3
Reverb spread,Advanced Reverb & Delay Design,Batch 3
Reverb spin,Advanced Reverb & Delay Design,Batch 3
Reverb wander,Advanced Reverb & Delay Design,Batch 3
Modulated reverb,Advanced Reverb & Delay Design,Batch 3
Chorused reverb,Advanced Reverb & Delay Design,Batch 3
Detuned reverb,Advanced Reverb & Delay Design,Batch 3
Frequency-dependent decay,Advanced Reverb & Delay Design,Batch 3
Low-frequency decay multiplier,Advanced Reverb & Delay Design,Batch 3
High-frequency decay multiplier,Advanced Reverb & Delay Design,Batch 3
Reverb damping,Advanced Reverb & Delay Design,Batch 3
Reverb tail equalization,Advanced Reverb & Delay Design,Batch 3
Early-reflection equalization,Advanced Reverb & Delay Design,Batch 3
Split early/late processing,Advanced Reverb & Delay Design,Batch 3
Reverb predelay,Advanced Reverb & Delay Design,Batch 3
Tempo-synchronized predelay,Advanced Reverb & Delay Design,Batch 3
Reverb predelay offset,Advanced Reverb & Delay Design,Batch 3
Reverb onset shaping,Advanced Reverb & Delay Design,Batch 3
Reverb attack,Advanced Reverb & Delay Design,Batch 3
Reverb tail ducking,Advanced Reverb & Delay Design,Batch 3
Reverb input ducking,Advanced Reverb & Delay Design,Batch 3
Reverb return compression,Advanced Reverb & Delay Design,Batch 3
Reverb tail expansion,Advanced Reverb & Delay Design,Batch 3
Keyed reverb gating,Advanced Reverb & Delay Design,Batch 3
Level-dependent ambience,Advanced Reverb & Delay Design,Batch 3
Reverb stacking,Advanced Reverb & Delay Design,Batch 3
Layered reverb,Advanced Reverb & Delay Design,Batch 3
Short-long reverb layering,Advanced Reverb & Delay Design,Batch 3
Serial reverb,Advanced Reverb & Delay Design,Batch 3
Reverb-into-delay,Advanced Reverb & Delay Design,Batch 3
Delay-into-reverb,Advanced Reverb & Delay Design,Batch 3
Reverb return narrowing,Advanced Reverb & Delay Design,Batch 3
Frequency-dependent reverb width,Advanced Reverb & Delay Design,Batch 3
Mono-in/stereo-out reverb,Advanced Reverb & Delay Design,Batch 3
True-stereo reverb,Advanced Reverb & Delay Design,Batch 3
Crossfeed reverb,Advanced Reverb & Delay Design,Batch 3
Dual-mono reverb,Advanced Reverb & Delay Design,Batch 3
Decorrelated reverb,Advanced Reverb & Delay Design,Batch 3
Reverb return monoing,Advanced Reverb & Delay Design,Batch 3
Single-tap delay,Advanced Reverb & Delay Design,Batch 3
Tap spacing,Advanced Reverb & Delay Design,Batch 3
Tap pattern,Advanced Reverb & Delay Design,Batch 3
Tap density,Advanced Reverb & Delay Design,Batch 3
Diffused delay,Advanced Reverb & Delay Design,Batch 3
Slurred delay,Advanced Reverb & Delay Design,Batch 3
Random delay,Advanced Reverb & Delay Design,Batch 3
Modulated delay,Advanced Reverb & Delay Design,Batch 3
Level-modulated delay,Advanced Reverb & Delay Design,Batch 3
Envelope-controlled delay,Advanced Reverb & Delay Design,Batch 3
Ducked delay,Advanced Reverb & Delay Design,Batch 3
Input-ducked delay,Advanced Reverb & Delay Design,Batch 3
Output-ducked delay,Advanced Reverb & Delay Design,Batch 3
Inverse ducked delay,Advanced Reverb & Delay Design,Batch 3
Alternating reverse delay,Advanced Reverb & Delay Design,Batch 3
Cross-feedback delay,Advanced Reverb & Delay Design,Batch 3
Dual delay,Advanced Reverb & Delay Design,Batch 3
Stereo offset delay,Advanced Reverb & Delay Design,Batch 3
Haas delay,Advanced Reverb & Delay Design,Batch 3
Microdelay widening,Advanced Reverb & Delay Design,Batch 3
Delay decorrelation,Advanced Reverb & Delay Design,Batch 3
Feedback filtering,Advanced Reverb & Delay Design,Batch 3
Regenerative delay,Advanced Reverb & Delay Design,Batch 3
Runaway feedback,Advanced Reverb & Delay Design,Batch 3
Self-oscillating delay,Advanced Reverb & Delay Design,Batch 3
Feedback freeze,Advanced Reverb & Delay Design,Batch 3
Feedback ducking,Advanced Reverb & Delay Design,Batch 3
Feedback throw,Advanced Reverb & Delay Design,Batch 3
Regeneration throw,Advanced Reverb & Delay Design,Batch 3
Delay spill,Advanced Reverb & Delay Design,Batch 3
Spillover,Advanced Reverb & Delay Design,Batch 3
Delay capture,Advanced Reverb & Delay Design,Batch 3
Tempo-Synchronized Delay,Advanced Reverb & Delay Design,Batch 3
Duplet delay,Advanced Reverb & Delay Design,Batch 3
Quintuplet delay,Advanced Reverb & Delay Design,Batch 3
Septuplet delay,Advanced Reverb & Delay Design,Batch 3
Polyrhythmic delay,Advanced Reverb & Delay Design,Batch 3
Polymetric delay,Advanced Reverb & Delay Design,Batch 3
Euclidean delay pattern,Advanced Reverb & Delay Design,Batch 3
Golden-ratio delay,Advanced Reverb & Delay Design,Batch 3
Fibonacci delay pattern,Advanced Reverb & Delay Design,Batch 3
Prime-number delay spacing,Advanced Reverb & Delay Design,Batch 3
Non-repeating tap pattern,Advanced Reverb & Delay Design,Batch 3
Swing delay,Advanced Reverb & Delay Design,Batch 3
Groove-quantized delay,Advanced Reverb & Delay Design,Batch 3
Tempo-relative delay,Advanced Reverb & Delay Design,Batch 3
Free-time delay,Advanced Reverb & Delay Design,Batch 3
Audio surveillance,"Surveillance, Forensic & Covert Audio",Batch 4
Covert audio,"Surveillance, Forensic & Covert Audio",Batch 4
Covert recording,"Surveillance, Forensic & Covert Audio",Batch 4
Covert listening,"Surveillance, Forensic & Covert Audio",Batch 4
Covert microphone,"Surveillance, Forensic & Covert Audio",Batch 4
Concealed microphone,"Surveillance, Forensic & Covert Audio",Batch 4
Listening device,"Surveillance, Forensic & Covert Audio",Batch 4
Audio bug,"Surveillance, Forensic & Covert Audio",Batch 4
Bug,"Surveillance, Forensic & Covert Audio",Batch 4
Bugging,"Surveillance, Forensic & Covert Audio",Batch 4
Electronic eavesdropping,"Surveillance, Forensic & Covert Audio",Batch 4
Room monitoring,"Surveillance, Forensic & Covert Audio",Batch 4
Ambient recording,"Surveillance, Forensic & Covert Audio",Batch 4
Audio interception,"Surveillance, Forensic & Covert Audio",Batch 4
Remote audio monitoring,"Surveillance, Forensic & Covert Audio",Batch 4
Remote listening device,"Surveillance, Forensic & Covert Audio",Batch 4
Live monitoring,"Surveillance, Forensic & Covert Audio",Batch 4
Audio intelligence,"Surveillance, Forensic & Covert Audio",Batch 4
Voice collection,"Surveillance, Forensic & Covert Audio",Batch 4
Voice interception,"Surveillance, Forensic & Covert Audio",Batch 4
Body wire microphone,"Surveillance, Forensic & Covert Audio",Batch 4
Pin microphone,"Surveillance, Forensic & Covert Audio",Batch 4
Through-wall microphone,"Surveillance, Forensic & Covert Audio",Batch 4
Beamforming microphone,"Surveillance, Forensic & Covert Audio",Batch 4
Array microphone,"Surveillance, Forensic & Covert Audio",Batch 4
Long-range pickup,"Surveillance, Forensic & Covert Audio",Batch 4
Far-field microphone,"Surveillance, Forensic & Covert Audio",Batch 4
Near-field microphone,"Surveillance, Forensic & Covert Audio",Batch 4
Acoustic zoom,"Surveillance, Forensic & Covert Audio",Batch 4
Acoustic focus,"Surveillance, Forensic & Covert Audio",Batch 4
Directional pickup,"Surveillance, Forensic & Covert Audio",Batch 4
Omnidirectional pickup,"Surveillance, Forensic & Covert Audio",Batch 4
Beam steering,"Surveillance, Forensic & Covert Audio",Batch 4
Acoustic gain,"Surveillance, Forensic & Covert Audio",Batch 4
Target isolation,"Surveillance, Forensic & Covert Audio",Batch 4
Miniature recorder,"Surveillance, Forensic & Covert Audio",Batch 4
Pocket recorder,"Surveillance, Forensic & Covert Audio",Batch 4
Wearable recorder,"Surveillance, Forensic & Covert Audio",Batch 4
Digital voice recorder,"Surveillance, Forensic & Covert Audio",Batch 4
Solid-state recorder,"Surveillance, Forensic & Covert Audio",Batch 4
Flash recorder,"Surveillance, Forensic & Covert Audio",Batch 4
Body recorder,"Surveillance, Forensic & Covert Audio",Batch 4
Evidence recorder,"Surveillance, Forensic & Covert Audio",Batch 4
Continuous recorder,"Surveillance, Forensic & Covert Audio",Batch 4
Event-triggered recorder,"Surveillance, Forensic & Covert Audio",Batch 4
Voice-activated recorder (VOX),"Surveillance, Forensic & Covert Audio",Batch 4
Buffered recording,"Surveillance, Forensic & Covert Audio",Batch 4
Time-stamped recording,"Surveillance, Forensic & Covert Audio",Batch 4
Audio transmitter,"Surveillance, Forensic & Covert Audio",Batch 4
RF transmitter,"Surveillance, Forensic & Covert Audio",Batch 4
Digital transmitter,"Surveillance, Forensic & Covert Audio",Batch 4
Analog transmitter,"Surveillance, Forensic & Covert Audio",Batch 4
Encrypted transmitter,"Surveillance, Forensic & Covert Audio",Batch 4
Low-power transmitter,"Surveillance, Forensic & Covert Audio",Batch 4
Burst transmitter,"Surveillance, Forensic & Covert Audio",Batch 4
Frequency hopping,"Surveillance, Forensic & Covert Audio",Batch 4
Spread spectrum,"Surveillance, Forensic & Covert Audio",Batch 4
Narrowband transmission,"Surveillance, Forensic & Covert Audio",Batch 4
UHF transmitter,"Surveillance, Forensic & Covert Audio",Batch 4
VHF transmitter,"Surveillance, Forensic & Covert Audio",Batch 4
ISM-band transmitter,"Surveillance, Forensic & Covert Audio",Batch 4
Bluetooth audio,"Surveillance, Forensic & Covert Audio",Batch 4
Wi-Fi audio transmission,"Surveillance, Forensic & Covert Audio",Batch 4
Cellular audio transmitter,"Surveillance, Forensic & Covert Audio",Batch 4
GSM audio transmitter,"Surveillance, Forensic & Covert Audio",Batch 4
LTE transmitter,"Surveillance, Forensic & Covert Audio",Batch 4
Audio link,"Surveillance, Forensic & Covert Audio",Batch 4
RF link,"Surveillance, Forensic & Covert Audio",Batch 4
Audio relay,"Surveillance, Forensic & Covert Audio",Batch 4
Remote receiver,"Surveillance, Forensic & Covert Audio",Batch 4
Listening post,"Surveillance, Forensic & Covert Audio",Batch 4
Monitoring station,"Surveillance, Forensic & Covert Audio",Batch 4
Base station,"Surveillance, Forensic & Covert Audio",Batch 4
Relay station,"Surveillance, Forensic & Covert Audio",Batch 4
Audio downlink,"Surveillance, Forensic & Covert Audio",Batch 4
Audio uplink,"Surveillance, Forensic & Covert Audio",Batch 4
Voice enhancement,"Surveillance, Forensic & Covert Audio",Batch 4
Adaptive filtering,"Surveillance, Forensic & Covert Audio",Batch 4
Wind filtering,"Surveillance, Forensic & Covert Audio",Batch 4
Voice isolation,"Surveillance, Forensic & Covert Audio",Batch 4
Speech extraction,"Surveillance, Forensic & Covert Audio",Batch 4
Target voice enhancement,"Surveillance, Forensic & Covert Audio",Batch 4
Speaker recognition,"Surveillance, Forensic & Covert Audio",Batch 4
Voiceprint,"Surveillance, Forensic & Covert Audio",Batch 4
Voice signature,"Surveillance, Forensic & Covert Audio",Batch 4
Formant analysis,"Surveillance, Forensic & Covert Audio",Batch 4
Pitch analysis,"Surveillance, Forensic & Covert Audio",Batch 4
Harmonic analysis,"Surveillance, Forensic & Covert Audio",Batch 4
Phonetic analysis,"Surveillance, Forensic & Covert Audio",Batch 4
Acoustic shadow,"Surveillance, Forensic & Covert Audio",Batch 4
Audio monitoring,"Surveillance, Forensic & Covert Audio",Batch 4
Continuous monitoring,"Surveillance, Forensic & Covert Audio",Batch 4
Remote monitoring,"Surveillance, Forensic & Covert Audio",Batch 4
Passive monitoring,"Surveillance, Forensic & Covert Audio",Batch 4
Active monitoring,"Surveillance, Forensic & Covert Audio",Batch 4
Audio surveillance network,"Surveillance, Forensic & Covert Audio",Batch 4
Multi-channel recorder,"Surveillance, Forensic & Covert Audio",Batch 4
Channel synchronization,"Surveillance, Forensic & Covert Audio",Batch 4
Time synchronization,"Surveillance, Forensic & Covert Audio",Batch 4
Forensic audio,"Surveillance, Forensic & Covert Audio",Batch 4
Evidence recording,"Surveillance, Forensic & Covert Audio",Batch 4
Audio authentication,"Surveillance, Forensic & Covert Audio",Batch 4
Recording authentication,"Surveillance, Forensic & Covert Audio",Batch 4
Audio integrity,"Surveillance, Forensic & Covert Audio",Batch 4
Waveform comparison,"Surveillance, Forensic & Covert Audio",Batch 4
Spectral comparison,"Surveillance, Forensic & Covert Audio",Batch 4
Recording continuity,"Surveillance, Forensic & Covert Audio",Batch 4
Tamper detection,"Surveillance, Forensic & Covert Audio",Batch 4
TSCM,"Surveillance, Forensic & Covert Audio",Batch 4
Bug sweep,"Surveillance, Forensic & Covert Audio",Batch 4
Electronic sweep,"Surveillance, Forensic & Covert Audio",Batch 4
RF detector,"Surveillance, Forensic & Covert Audio",Batch 4
RF spectrum analyzer,"Surveillance, Forensic & Covert Audio",Batch 4
Broadband detector,"Surveillance, Forensic & Covert Audio",Batch 4
Nonlinear junction detector (NLJD),"Surveillance, Forensic & Covert Audio",Batch 4
Signal detector,"Surveillance, Forensic & Covert Audio",Batch 4
Carrier detection,"Surveillance, Forensic & Covert Audio",Batch 4
RF leakage,"Surveillance, Forensic & Covert Audio",Batch 4
Hidden microphone detection,"Surveillance, Forensic & Covert Audio",Batch 4
Hidden transmitter detection,"Surveillance, Forensic & Covert Audio",Batch 4
Counter-surveillance,"Surveillance, Forensic & Covert Audio",Batch 4
Electronic countermeasures,"Surveillance, Forensic & Covert Audio",Batch 4
Electronic surveillance countermeasures (ESCM),"Surveillance, Forensic & Covert Audio",Batch 4
Parabolic reflector,"Surveillance, Forensic & Covert Audio",Batch 4
Acoustic reflector,"Surveillance, Forensic & Covert Audio",Batch 4
Beamforming array,"Surveillance, Forensic & Covert Audio",Batch 4
Laser Doppler microphone,"Surveillance, Forensic & Covert Audio",Batch 4
Laser vibrometer,"Surveillance, Forensic & Covert Audio",Batch 4
Fiber optic microphone,"Surveillance, Forensic & Covert Audio",Batch 4
MEMS microphone array,"Surveillance, Forensic & Covert Audio",Batch 4
Acoustic camera,"Surveillance, Forensic & Covert Audio",Batch 4
Acoustic imaging,"Surveillance, Forensic & Covert Audio",Batch 4
Acoustic localization,"Surveillance, Forensic & Covert Audio",Batch 4
Sound source localization,"Surveillance, Forensic & Covert Audio",Batch 4
Articulation index,"Surveillance, Forensic & Covert Audio",Batch 4
Technical surveillance,"Surveillance, Forensic & Covert Audio",Batch 4
Technical surveillance counter-measures (TSCM),"Surveillance, Forensic & Covert Audio",Batch 4
Electronic surveillance,"Surveillance, Forensic & Covert Audio",Batch 4
Acoustic surveillance,"Surveillance, Forensic & Covert Audio",Batch 4
Audio forensics,"Surveillance, Forensic & Covert Audio",Batch 4
Forensic acoustics,"Surveillance, Forensic & Covert Audio",Batch 4
Speech intelligence,"Surveillance, Forensic & Covert Audio",Batch 4
Signals intelligence (SIGINT),"Surveillance, Forensic & Covert Audio",Batch 4
Communications intelligence (COMINT),"Surveillance, Forensic & Covert Audio",Batch 4
Acoustic intelligence (ACINT),"Surveillance, Forensic & Covert Audio",Batch 4
Vibroacoustics,"Nonlinear, Structural, Aero & Materials Acoustics",Batch 4
Aeroacoustics,"Nonlinear, Structural, Aero & Materials Acoustics",Batch 4
Underwater acoustics,"Wave Physics, Propagation & Fields",Batch 4
Physical acoustics,"Wave Physics, Propagation & Fields",Batch 4
Nonlinear acoustics,"Nonlinear, Structural, Aero & Materials Acoustics",Batch 4
Ultrasonics,"Wave Physics, Propagation & Fields",Batch 4
Infrasonics,"Wave Physics, Propagation & Fields",Batch 4
Sonic,"Wave Physics, Propagation & Fields",Batch 4
Audible spectrum,"Wave Physics, Propagation & Fields",Batch 4
Sound field,"Wave Physics, Propagation & Fields",Batch 4
Acoustic field,"Wave Physics, Propagation & Fields",Batch 4
Compression wave,"Wave Physics, Propagation & Fields",Batch 4
Evanescent wave,"Wave Physics, Propagation & Fields",Batch 4
Anti-resonance,"Wave Physics, Propagation & Fields",Batch 4
Sound pressure,"Wave Physics, Propagation & Fields",Batch 4
RMS SPL,"Wave Physics, Propagation & Fields",Batch 4
Characteristic impedance,"Wave Physics, Propagation & Fields",Batch 4
Acoustic intensity,"Wave Physics, Propagation & Fields",Batch 4
Sound energy,"Wave Physics, Propagation & Fields",Batch 4
Specific acoustic impedance,"Wave Physics, Propagation & Fields",Batch 4
Acoustic mobility,"Nonlinear, Structural, Aero & Materials Acoustics",Batch 4
Acoustic resistance,"Wave Physics, Propagation & Fields",Batch 4
Modal behavior,"Wave Physics, Propagation & Fields",Batch 4
Eigenmode,"Wave Physics, Propagation & Fields",Batch 4
Overtone,"Wave Physics, Propagation & Fields",Batch 4
Mode shape,"Wave Physics, Propagation & Fields",Batch 4
Resonant frequency,"Wave Physics, Propagation & Fields",Batch 4
Natural frequency,"Wave Physics, Propagation & Fields",Batch 4
Quarter-wave resonance,"Wave Physics, Propagation & Fields",Batch 4
Half-wave resonance,"Wave Physics, Propagation & Fields",Batch 4
Spatial hearing,"Wave Physics, Propagation & Fields",Batch 4
Monaural hearing,"Wave Physics, Propagation & Fields",Batch 4
Transduction,Microphone Transduction & Types,Batch 4
Electromechanical transducer,Microphone Transduction & Types,Batch 4
Acoustic transducer,Microphone Transduction & Types,Batch 4
Pressure transducer,Microphone Transduction & Types,Batch 4
Pressure-gradient transducer,Microphone Transduction & Types,Batch 4
Velocity microphone,Microphone Transduction & Types,Batch 4
Ribbon velocity microphone,Microphone Transduction & Types,Batch 4
Condenser capsule,Microphone Transduction & Types,Batch 4
Electret capsule,Microphone Transduction & Types,Batch 4
Ceramic microphone,Microphone Transduction & Types,Batch 4
Membrane,Microphone Transduction & Types,Batch 4
Air gap,Microphone Transduction & Types,Batch 4
Gold sputtering,Microphone Transduction & Types,Batch 4
Dual diaphragm,Microphone Transduction & Types,Batch 4
Single diaphragm,Microphone Transduction & Types,Batch 4
Capsule resonance,Microphone Transduction & Types,Batch 4
Acoustic labyrinth,Microphone Transduction & Types,Batch 4
Equalization port,Microphone Transduction & Types,Batch 4
Rear chamber,Microphone Transduction & Types,Batch 4
Acoustic vent,Microphone Transduction & Types,Batch 4
Open-circuit sensitivity,Microphone Transduction & Types,Batch 4
Free-field response,Microphone Transduction & Types,Batch 4
Diffuse-field response,Microphone Transduction & Types,Batch 4
Pressure response,Microphone Transduction & Types,Batch 4
Acoustic overload point,Microphone Transduction & Types,Batch 4
Electroacoustic driver,"Loudspeaker Behavior, Large-Signal & Concepts",Batch 4
Dynamic driver,"Loudspeaker Behavior, Large-Signal & Concepts",Batch 4
Moving-coil driver,"Loudspeaker Behavior, Large-Signal & Concepts",Batch 4
Ribbon driver,"Loudspeaker Behavior, Large-Signal & Concepts",Batch 4
Balanced armature,"Loudspeaker Behavior, Large-Signal & Concepts",Batch 4
Piezoelectric driver,"Loudspeaker Behavior, Large-Signal & Concepts",Batch 4
Magnetostrictive driver,"Loudspeaker Motor, Suspension & Diaphragm",Batch 4
Bending-wave driver,"Loudspeaker Behavior, Large-Signal & Concepts",Batch 4
Surface exciter,"Loudspeaker Behavior, Large-Signal & Concepts",Batch 4
Spider,"Loudspeaker Motor, Suspension & Diaphragm",Batch 4
Surround,"Loudspeaker Motor, Suspension & Diaphragm",Batch 4
Dome,"Loudspeaker Motor, Suspension & Diaphragm",Batch 4
Top plate,"Loudspeaker Behavior, Large-Signal & Concepts",Batch 4
Magnet gap,"Loudspeaker Motor, Suspension & Diaphragm",Batch 4
Ferrite magnet,"Loudspeaker Motor, Suspension & Diaphragm",Batch 4
Demodulation ring,"Loudspeaker Motor, Suspension & Diaphragm",Batch 4
Acoustic suspension,"Loudspeaker Motor, Suspension & Diaphragm",Batch 4
Front-loaded horn,"Loudspeaker Enclosures, Horns & Radiation",Batch 4
Rear-loaded horn,"Loudspeaker Enclosures, Horns & Radiation",Batch 4
Isobaric enclosure,"Loudspeaker Enclosures, Horns & Radiation",Batch 4
Dipole enclosure,"Loudspeaker Enclosures, Horns & Radiation",Batch 4
Bipole enclosure,"Loudspeaker Enclosures, Horns & Radiation",Batch 4
Open baffle,"Loudspeaker Enclosures, Horns & Radiation",Batch 4
Polypropylene cone,"Loudspeaker Motor, Suspension & Diaphragm",Batch 4
Paper cone,"Loudspeaker Motor, Suspension & Diaphragm",Batch 4
Kevlar cone,"Loudspeaker Motor, Suspension & Diaphragm",Batch 4
Carbon fiber cone,"Loudspeaker Motor, Suspension & Diaphragm",Batch 4
Aluminum cone,"Loudspeaker Motor, Suspension & Diaphragm",Batch 4
Magnesium cone,"Loudspeaker Motor, Suspension & Diaphragm",Batch 4
Titanium diaphragm,"Loudspeaker Motor, Suspension & Diaphragm",Batch 4
Beryllium diaphragm,"Loudspeaker Motor, Suspension & Diaphragm",Batch 4
Diamond diaphragm,"Loudspeaker Motor, Suspension & Diaphragm",Batch 4
Graphene diaphragm,"Loudspeaker Motor, Suspension & Diaphragm",Batch 4
Silk dome,"Loudspeaker Motor, Suspension & Diaphragm",Batch 4
Fabric dome,"Loudspeaker Motor, Suspension & Diaphragm",Batch 4
Composite cone,"Loudspeaker Motor, Suspension & Diaphragm",Batch 4
Nomex former,"Loudspeaker Behavior, Large-Signal & Concepts",Batch 4
Kapton former,"Loudspeaker Behavior, Large-Signal & Concepts",Batch 4
Magnetic flux,"Loudspeaker Motor, Suspension & Diaphragm",Batch 4
Magnetic circuit,"Loudspeaker Motor, Suspension & Diaphragm",Batch 4
BL product,"Loudspeaker Motor, Suspension & Diaphragm",Batch 4
Motor strength,"Loudspeaker Motor, Suspension & Diaphragm",Batch 4
Permeability,"Loudspeaker Behavior, Large-Signal & Concepts",Batch 4
Eddy current,"Loudspeaker Motor, Suspension & Diaphragm",Batch 4
Demagnetization,"Loudspeaker Motor, Suspension & Diaphragm",Batch 4
Flux modulation,"Loudspeaker Motor, Suspension & Diaphragm",Batch 4
Reactance,"DSP, Signal Analysis & Electroacoustic Modeling",Batch 4
Complex impedance,"DSP, Signal Analysis & Electroacoustic Modeling",Batch 4
Resonant circuit,"DSP, Signal Analysis & Electroacoustic Modeling",Batch 4
Q factor,"DSP, Signal Analysis & Electroacoustic Modeling",Batch 4
Sampling theorem,"DSP, Signal Analysis & Electroacoustic Modeling",Batch 4
FIR filter,"DSP, Signal Analysis & Electroacoustic Modeling",Batch 4
IIR filter,"DSP, Signal Analysis & Electroacoustic Modeling",Batch 4
FFT,"DSP, Signal Analysis & Electroacoustic Modeling",Batch 4
DFT,"DSP, Signal Analysis & Electroacoustic Modeling",Batch 4
Hamming window,"DSP, Signal Analysis & Electroacoustic Modeling",Batch 4
Blackman window,"DSP, Signal Analysis & Electroacoustic Modeling",Batch 4
Waterfall plot,"DSP, Signal Analysis & Electroacoustic Modeling",Batch 4
Cumulative spectral decay,"DSP, Signal Analysis & Electroacoustic Modeling",Batch 4
Step response,"DSP, Signal Analysis & Electroacoustic Modeling",Batch 4
Distortion spectrum,"Acoustic/Loudspeaker Measurement, Distortion & Power",Batch 4
Thermal compression,"DSP, Signal Analysis & Electroacoustic Modeling",Batch 4
Excursion distortion,"Acoustic/Loudspeaker Measurement, Distortion & Power",Batch 4
Flux modulation distortion,"Acoustic/Loudspeaker Measurement, Distortion & Power",Batch 4
Rocking mode,"DSP, Signal Analysis & Electroacoustic Modeling",Batch 4
Modal distortion,"Acoustic/Loudspeaker Measurement, Distortion & Power",Batch 4
Xmech,"DSP, Signal Analysis & Electroacoustic Modeling",Batch 4
Compliance,"DSP, Signal Analysis & Electroacoustic Modeling",Batch 4
Suspension stiffness,"DSP, Signal Analysis & Electroacoustic Modeling",Batch 4
Moving mass,"DSP, Signal Analysis & Electroacoustic Modeling",Batch 4
Mechanical damping,"DSP, Signal Analysis & Electroacoustic Modeling",Batch 4
Mechanical resonance,"DSP, Signal Analysis & Electroacoustic Modeling",Batch 4
Cms,"DSP, Signal Analysis & Electroacoustic Modeling",Batch 4
Mms,"DSP, Signal Analysis & Electroacoustic Modeling",Batch 4
Fs,"DSP, Signal Analysis & Electroacoustic Modeling",Batch 4
Qms,"DSP, Signal Analysis & Electroacoustic Modeling",Batch 4
Qes,"DSP, Signal Analysis & Electroacoustic Modeling",Batch 4
Qts,"DSP, Signal Analysis & Electroacoustic Modeling",Batch 4
BL,"DSP, Signal Analysis & Electroacoustic Modeling",Batch 4
Le,"DSP, Signal Analysis & Electroacoustic Modeling",Batch 4
Re,"DSP, Signal Analysis & Electroacoustic Modeling",Batch 4
Sd,"DSP, Signal Analysis & Electroacoustic Modeling",Batch 4
Xlim,"DSP, Signal Analysis & Electroacoustic Modeling",Batch 4
Efficiency bandwidth product,"DSP, Signal Analysis & Electroacoustic Modeling",Batch 4
Sensitivity,"DSP, Signal Analysis & Electroacoustic Modeling",Batch 4
Reference efficiency,"DSP, Signal Analysis & Electroacoustic Modeling",Batch 4
Laser Doppler vibrometer,"DSP, Signal Analysis & Electroacoustic Modeling",Batch 4
Vibrometer,"DSP, Signal Analysis & Electroacoustic Modeling",Batch 4
Accelerometer,"DSP, Signal Analysis & Electroacoustic Modeling",Batch 4
Hydrophone,"DSP, Signal Analysis & Electroacoustic Modeling",Batch 4
Geophone,"DSP, Signal Analysis & Electroacoustic Modeling",Batch 4
Sound level meter,"DSP, Signal Analysis & Electroacoustic Modeling",Batch 4
Precision microphone,"DSP, Signal Analysis & Electroacoustic Modeling",Batch 4
Artificial ear,"DSP, Signal Analysis & Electroacoustic Modeling",Batch 4
Artificial mouth,"DSP, Signal Analysis & Electroacoustic Modeling",Batch 4
Head and torso simulator (HATS),"DSP, Signal Analysis & Electroacoustic Modeling",Batch 4
Ultrasonic transducer,"DSP, Signal Analysis & Electroacoustic Modeling",Batch 4
Piezoelectric crystal,"DSP, Signal Analysis & Electroacoustic Modeling",Batch 4
Acoustic emission,"DSP, Signal Analysis & Electroacoustic Modeling",Batch 4
Sonar,"DSP, Signal Analysis & Electroacoustic Modeling",Batch 4
Medical ultrasound,"DSP, Signal Analysis & Electroacoustic Modeling",Batch 4
Ultrasonic imaging,"DSP, Signal Analysis & Electroacoustic Modeling",Batch 4
Time-of-flight,"DSP, Signal Analysis & Electroacoustic Modeling",Batch 4
Pulse-echo,"DSP, Signal Analysis & Electroacoustic Modeling",Batch 4
Doppler ultrasound,"DSP, Signal Analysis & Electroacoustic Modeling",Batch 4
Phased array ultrasound,"DSP, Signal Analysis & Electroacoustic Modeling",Batch 4
IEC 60268,"DSP, Signal Analysis & Electroacoustic Modeling",Batch 4
IEC 61094,"DSP, Signal Analysis & Electroacoustic Modeling",Batch 4
IEC 61672,"DSP, Signal Analysis & Electroacoustic Modeling",Batch 4
ANSI S1 series,"DSP, Signal Analysis & Electroacoustic Modeling",Batch 4
AES17,"DSP, Signal Analysis & Electroacoustic Modeling",Batch 4
AES75,"DSP, Signal Analysis & Electroacoustic Modeling",Batch 4
ISO 3740 series,"DSP, Signal Analysis & Electroacoustic Modeling",Batch 4
ISO 9613,"DSP, Signal Analysis & Electroacoustic Modeling",Batch 4
Acoustic wavelength,"Wave Physics, Propagation & Fields",Batch 4
Acoustic wavenumber,"Wave Physics, Propagation & Fields",Batch 4
Angular wavenumber,"Wave Physics, Propagation & Fields",Batch 4
Wave equation,"Wave Physics, Propagation & Fields",Batch 4
Inhomogeneous wave equation,"Wave Physics, Propagation & Fields",Batch 4
Homogeneous wave equation,"Wave Physics, Propagation & Fields",Batch 4
Helmholtz equation,"Wave Physics, Propagation & Fields",Batch 4
Acoustic velocity potential,"Wave Physics, Propagation & Fields",Batch 4
Scalar potential,"Wave Physics, Propagation & Fields",Batch 4
Instantaneous sound pressure,"Wave Physics, Propagation & Fields",Batch 4
Root-mean-square sound pressure,"Wave Physics, Propagation & Fields",Batch 4
Reference sound pressure,"Wave Physics, Propagation & Fields",Batch 4
Peak particle velocity,"Wave Physics, Propagation & Fields",Batch 4
Acoustic energy density,"Wave Physics, Propagation & Fields",Batch 4
Potential energy density,"Wave Physics, Propagation & Fields",Batch 4
Kinetic energy density,"Wave Physics, Propagation & Fields",Batch 4
Acoustic energy flux,"Wave Physics, Propagation & Fields",Batch 4
Acoustic power density,"Wave Physics, Propagation & Fields",Batch 4
Acoustic momentum,"Wave Physics, Propagation & Fields",Batch 4
Radiation pressure,"Wave Physics, Propagation & Fields",Batch 4
Sound-speed gradient,"Wave Physics, Propagation & Fields",Batch 4
Acoustic refractive index,"Wave Physics, Propagation & Fields",Batch 4
Ray acoustics,"Wave Physics, Propagation & Fields",Batch 4
Geometrical acoustics,"Wave Physics, Propagation & Fields",Batch 4
Wave acoustics,"Wave Physics, Propagation & Fields",Batch 4
Paraxial approximation,"Wave Physics, Propagation & Fields",Batch 4
Far-field approximation,"Wave Physics, Propagation & Fields",Batch 4
Near-field approximation,"Wave Physics, Propagation & Fields",Batch 4
Fraunhofer region,"Wave Physics, Propagation & Fields",Batch 4
Fresnel region,"Wave Physics, Propagation & Fields",Batch 4
Reactive near field,"Wave Physics, Propagation & Fields",Batch 4
Radiating near field,"Wave Physics, Propagation & Fields",Batch 4
Acoustic singularity,"Wave Physics, Propagation & Fields",Batch 4
Acoustic vortex,"Nonlinear, Structural, Aero & Materials Acoustics",Batch 4
Orbital angular momentum of sound,"Wave Physics, Propagation & Fields",Batch 4
Phase singularity,"Wave Physics, Propagation & Fields",Batch 4
Nodal plane,"Wave Physics, Propagation & Fields",Batch 4
Wave impedance,"Wave Physics, Propagation & Fields",Batch 4
Transfer impedance,"Wave Physics, Propagation & Fields",Batch 4
Acoustic impedance mismatch,"Wave Physics, Propagation & Fields",Batch 4
Impedance boundary condition,"Wave Physics, Propagation & Fields",Batch 4
Radiation boundary condition,"Wave Physics, Propagation & Fields",Batch 4
Sommerfeld radiation condition,"Wave Physics, Propagation & Fields",Batch 4
Spherical spreading loss,"Wave Physics, Propagation & Fields",Batch 4
Cylindrical spreading loss,"Wave Physics, Propagation & Fields",Batch 4
Molecular relaxation,"Wave Physics, Propagation & Fields",Batch 4
Oxygen relaxation,"Wave Physics, Propagation & Fields",Batch 4
Nitrogen relaxation,"Wave Physics, Propagation & Fields",Batch 4
Thermoviscous loss,"Wave Physics, Propagation & Fields",Batch 4
Viscous attenuation,"Wave Physics, Propagation & Fields",Batch 4
Thermal attenuation,"Wave Physics, Propagation & Fields",Batch 4
Boundary-layer attenuation,"Wave Physics, Propagation & Fields",Batch 4
Insertion loss,"Wave Physics, Propagation & Fields",Batch 4
Propagation loss,"Wave Physics, Propagation & Fields",Batch 4
Acoustic extinction,"Wave Physics, Propagation & Fields",Batch 4
Acoustic absorption coefficient,"Wave Physics, Propagation & Fields",Batch 4
Energy absorption coefficient,"Wave Physics, Propagation & Fields",Batch 4
Pressure reflection coefficient,"Wave Physics, Propagation & Fields",Batch 4
Intensity reflection coefficient,"Wave Physics, Propagation & Fields",Batch 4
Acoustic transmissivity,"Wave Physics, Propagation & Fields",Batch 4
Acoustic reflectivity,"Wave Physics, Propagation & Fields",Batch 4
Acoustic absorptivity,"Wave Physics, Propagation & Fields",Batch 4
Normal-incidence absorption,"Wave Physics, Propagation & Fields",Batch 4
Random-incidence absorption,"Wave Physics, Propagation & Fields",Batch 4
Grazing incidence,"Wave Physics, Propagation & Fields",Batch 4
Critical angle,"Wave Physics, Propagation & Fields",Batch 4
Total internal reflection,"Wave Physics, Propagation & Fields",Batch 4
Acoustic tunneling,"Wave Physics, Propagation & Fields",Batch 4
Mode conversion,"Wave Physics, Propagation & Fields",Batch 4
Guided-wave propagation,"Wave Physics, Propagation & Fields",Batch 4
Leaky wave,"Wave Physics, Propagation & Fields",Batch 4
Surface acoustic wave,"Wave Physics, Propagation & Fields",Batch 4
Lamb wave,"Wave Physics, Propagation & Fields",Batch 4
Love wave,"Wave Physics, Propagation & Fields",Batch 4
Scholte wave,"Wave Physics, Propagation & Fields",Batch 4
Stoneley wave,"Wave Physics, Propagation & Fields",Batch 4
Rayleigh wave,"Wave Physics, Propagation & Fields",Batch 4
Bulk acoustic wave,"Wave Physics, Propagation & Fields",Batch 4
Shear wave,"Wave Physics, Propagation & Fields",Batch 4
Torsional wave,"Nonlinear, Structural, Aero & Materials Acoustics",Batch 4
Linear acoustics,"Wave Physics, Propagation & Fields",Batch 4
Weakly nonlinear acoustics,"Nonlinear, Structural, Aero & Materials Acoustics",Batch 4
Finite-amplitude acoustics,"Wave Physics, Propagation & Fields",Batch 4
Nonlinear propagation,"Nonlinear, Structural, Aero & Materials Acoustics",Batch 4
Acoustic nonlinearity parameter,"Nonlinear, Structural, Aero & Materials Acoustics",Batch 4
Parameter of nonlinearity,"Nonlinear, Structural, Aero & Materials Acoustics",Batch 4
B/A parameter,"Nonlinear, Structural, Aero & Materials Acoustics",Batch 4
Wave steepening,"Nonlinear, Structural, Aero & Materials Acoustics",Batch 4
Shock formation,"Nonlinear, Structural, Aero & Materials Acoustics",Batch 4
Acoustic shock,"Nonlinear, Structural, Aero & Materials Acoustics",Batch 4
Sawtooth wave formation,"Nonlinear, Structural, Aero & Materials Acoustics",Batch 4
Harmonic generation,"Nonlinear, Structural, Aero & Materials Acoustics",Batch 4
Subharmonic generation,"Nonlinear, Structural, Aero & Materials Acoustics",Batch 4
Difference-frequency generation,"Nonlinear, Structural, Aero & Materials Acoustics",Batch 4
Sum-frequency generation,"Nonlinear, Structural, Aero & Materials Acoustics",Batch 4
Parametric interaction,"Nonlinear, Structural, Aero & Materials Acoustics",Batch 4
Parametric acoustic array,"Nonlinear, Structural, Aero & Materials Acoustics",Batch 4
Parametric loudspeaker,"Nonlinear, Structural, Aero & Materials Acoustics",Batch 4
Self-demodulation,"Wave Physics, Propagation & Fields",Batch 4
Acoustic rectification,"Nonlinear, Structural, Aero & Materials Acoustics",Batch 4
Nonlinear absorption,"Nonlinear, Structural, Aero & Materials Acoustics",Batch 4
Nonlinear resonance,"Nonlinear, Structural, Aero & Materials Acoustics",Batch 4
Mode coupling,"Wave Physics, Propagation & Fields",Batch 4
Internal resonance,"Wave Physics, Propagation & Fields",Batch 4
Bifurcation,"Nonlinear, Structural, Aero & Materials Acoustics",Batch 4
Acoustic cavitation,"Nonlinear, Structural, Aero & Materials Acoustics",Batch 4
Stable cavitation,"Nonlinear, Structural, Aero & Materials Acoustics",Batch 4
Inertial cavitation,"Nonlinear, Structural, Aero & Materials Acoustics",Batch 4
Cavitation threshold,"Nonlinear, Structural, Aero & Materials Acoustics",Batch 4
Bubble resonance,"Nonlinear, Structural, Aero & Materials Acoustics",Batch 4
Minnaert resonance,"Nonlinear, Structural, Aero & Materials Acoustics",Batch 4
Sonoluminescence,"Nonlinear, Structural, Aero & Materials Acoustics",Batch 4
Acoustic levitation,"Nonlinear, Structural, Aero & Materials Acoustics",Batch 4
Acoustic trapping,"Nonlinear, Structural, Aero & Materials Acoustics",Batch 4
Acoustic tweezers,"Nonlinear, Structural, Aero & Materials Acoustics",Batch 4
Phononic crystal,"Nonlinear, Structural, Aero & Materials Acoustics",Batch 4
Acoustic metamaterial,"Nonlinear, Structural, Aero & Materials Acoustics",Batch 4
Locally resonant metamaterial,"Nonlinear, Structural, Aero & Materials Acoustics",Batch 4
Negative effective mass density,"Nonlinear, Structural, Aero & Materials Acoustics",Batch 4
Negative bulk modulus,"Nonlinear, Structural, Aero & Materials Acoustics",Batch 4
Acoustic cloaking,"Nonlinear, Structural, Aero & Materials Acoustics",Batch 4
Transformation acoustics,"Wave Physics, Propagation & Fields",Batch 4
Topological acoustics,"Nonlinear, Structural, Aero & Materials Acoustics",Batch 4
Acoustic bandgap,"Nonlinear, Structural, Aero & Materials Acoustics",Batch 4
Bragg scattering,"Nonlinear, Structural, Aero & Materials Acoustics",Batch 4
Subwavelength resonator,"Nonlinear, Structural, Aero & Materials Acoustics",Batch 4
Flow-induced noise,"Nonlinear, Structural, Aero & Materials Acoustics",Batch 4
Turbulent boundary-layer noise,"Nonlinear, Structural, Aero & Materials Acoustics",Batch 4
Vortex shedding,"Nonlinear, Structural, Aero & Materials Acoustics",Batch 4
Aeolian tone,"Nonlinear, Structural, Aero & Materials Acoustics",Batch 4
Strouhal number,"Nonlinear, Structural, Aero & Materials Acoustics",Batch 4
Reynolds number,"Nonlinear, Structural, Aero & Materials Acoustics",Batch 4
Mach number,"Nonlinear, Structural, Aero & Materials Acoustics",Batch 4
Convective Mach number,"Nonlinear, Structural, Aero & Materials Acoustics",Batch 4
Lighthill analogy,"Nonlinear, Structural, Aero & Materials Acoustics",Batch 4
Lighthill stress tensor,"Nonlinear, Structural, Aero & Materials Acoustics",Batch 4
Ffowcs Williams–Hawkings equation,"Nonlinear, Structural, Aero & Materials Acoustics",Batch 4
Curle analogy,"Nonlinear, Structural, Aero & Materials Acoustics",Batch 4
Acoustic analogy,"Wave Physics, Propagation & Fields",Batch 4
Quadrupole source,"Nonlinear, Structural, Aero & Materials Acoustics",Batch 4
Dipole source,"Nonlinear, Structural, Aero & Materials Acoustics",Batch 4
Monopole source,"Nonlinear, Structural, Aero & Materials Acoustics",Batch 4
Jet noise,"Nonlinear, Structural, Aero & Materials Acoustics",Batch 4
Mixing noise,"Nonlinear, Structural, Aero & Materials Acoustics",Batch 4
Shock-associated noise,"Nonlinear, Structural, Aero & Materials Acoustics",Batch 4
Broadband shock-associated noise,"Nonlinear, Structural, Aero & Materials Acoustics",Batch 4
Screech tone,"Nonlinear, Structural, Aero & Materials Acoustics",Batch 4
Blade-passing frequency,"Nonlinear, Structural, Aero & Materials Acoustics",Batch 4
Rotor–stator interaction,"Nonlinear, Structural, Aero & Materials Acoustics",Batch 4
Trailing-edge noise,"Nonlinear, Structural, Aero & Materials Acoustics",Batch 4
Leading-edge noise,"Nonlinear, Structural, Aero & Materials Acoustics",Batch 4
Airfoil self-noise,"Nonlinear, Structural, Aero & Materials Acoustics",Batch 4
Cavity tone,"Nonlinear, Structural, Aero & Materials Acoustics",Batch 4
Edge tone,"Nonlinear, Structural, Aero & Materials Acoustics",Batch 4
Flow separation noise,"Nonlinear, Structural, Aero & Materials Acoustics",Batch 4
Turbulence ingestion noise,"Wave Physics, Propagation & Fields",Batch 4
Combustion noise,"Nonlinear, Structural, Aero & Materials Acoustics",Batch 4
Thermoacoustic instability,"Nonlinear, Structural, Aero & Materials Acoustics",Batch 4
Helmholtz instability,"Nonlinear, Structural, Aero & Materials Acoustics",Batch 4
Wind-induced microphone noise,"Nonlinear, Structural, Aero & Materials Acoustics",Batch 4
Pressure turbulence,"Wave Physics, Propagation & Fields",Batch 4
Hydrodynamic pressure fluctuation,"Nonlinear, Structural, Aero & Materials Acoustics",Batch 4
Turbulent pressure spectrum,"Nonlinear, Structural, Aero & Materials Acoustics",Batch 4
Wind-noise susceptibility,"Nonlinear, Structural, Aero & Materials Acoustics",Batch 4
Structural acoustics,"Nonlinear, Structural, Aero & Materials Acoustics",Batch 4
Vibroacoustic coupling,"Nonlinear, Structural, Aero & Materials Acoustics",Batch 4
Fluid–structure interaction,"Nonlinear, Structural, Aero & Materials Acoustics",Batch 4
Mechanical mobility,"Nonlinear, Structural, Aero & Materials Acoustics",Batch 4
Driving-point mobility,"Nonlinear, Structural, Aero & Materials Acoustics",Batch 4
Transfer mobility,"Nonlinear, Structural, Aero & Materials Acoustics",Batch 4
Mechanical impedance,"Nonlinear, Structural, Aero & Materials Acoustics",Batch 4
Point impedance,"Nonlinear, Structural, Aero & Materials Acoustics",Batch 4
Dynamic stiffness,"Nonlinear, Structural, Aero & Materials Acoustics",Batch 4
Modal stiffness,"Nonlinear, Structural, Aero & Materials Acoustics",Batch 4
Modal mass,"Nonlinear, Structural, Aero & Materials Acoustics",Batch 4
Modal damping,"Nonlinear, Structural, Aero & Materials Acoustics",Batch 4
Loss factor,"Nonlinear, Structural, Aero & Materials Acoustics",Batch 4
Structural loss factor,"Nonlinear, Structural, Aero & Materials Acoustics",Batch 4
Damping ratio,"Nonlinear, Structural, Aero & Materials Acoustics",Batch 4
Critical damping,"Nonlinear, Structural, Aero & Materials Acoustics",Batch 4
Underdamping,"Nonlinear, Structural, Aero & Materials Acoustics",Batch 4
Overdamping,"Nonlinear, Structural, Aero & Materials Acoustics",Batch 4
Complex stiffness,"Wave Physics, Propagation & Fields",Batch 4
Mechanical admittance,"Nonlinear, Structural, Aero & Materials Acoustics",Batch 4
Accelerance,"Nonlinear, Structural, Aero & Materials Acoustics",Batch 4
Inertance,"Nonlinear, Structural, Aero & Materials Acoustics",Batch 4
Receptance,"Nonlinear, Structural, Aero & Materials Acoustics",Batch 4
Frequency-response function,"Wave Physics, Propagation & Fields",Batch 4
Operational deflection shape,"Nonlinear, Structural, Aero & Materials Acoustics",Batch 4
Modal overlap,"Nonlinear, Structural, Aero & Materials Acoustics",Batch 4
Modal participation factor,"Nonlinear, Structural, Aero & Materials Acoustics",Batch 4
Effective modal mass,"Nonlinear, Structural, Aero & Materials Acoustics",Batch 4
Eigenfrequency,"Nonlinear, Structural, Aero & Materials Acoustics",Batch 4
Normal mode,"Nonlinear, Structural, Aero & Materials Acoustics",Batch 4
Rigid-body mode,"Nonlinear, Structural, Aero & Materials Acoustics",Batch 4
Bending mode,"Nonlinear, Structural, Aero & Materials Acoustics",Batch 4
Torsional mode,"Nonlinear, Structural, Aero & Materials Acoustics",Batch 4
Breathing mode,"Nonlinear, Structural, Aero & Materials Acoustics",Batch 4
Breakup mode,"Nonlinear, Structural, Aero & Materials Acoustics",Batch 4
Critical frequency,"Wave Physics, Propagation & Fields",Batch 4
Stiffness-controlled region,"Wave Physics, Propagation & Fields",Batch 4
Mass-controlled region,"Wave Physics, Propagation & Fields",Batch 4
Damping-controlled region,"Nonlinear, Structural, Aero & Materials Acoustics",Batch 4
Radiation efficiency,"Nonlinear, Structural, Aero & Materials Acoustics",Batch 4
Radiation ratio,"Nonlinear, Structural, Aero & Materials Acoustics",Batch 4
Structural wave impedance,"Nonlinear, Structural, Aero & Materials Acoustics",Batch 4
Reciprocity transducer,"Condenser, MEMS, Arrays & Mic Electronics",Batch 4
Reciprocal microphone,Microphone Transduction & Types,Batch 4
Nonreciprocal transducer,Microphone Transduction & Types,Batch 4
Electrostatic transduction,Microphone Transduction & Types,Batch 4
Electrodynamic transduction,Microphone Transduction & Types,Batch 4
Electromagnetic induction,Microphone Transduction & Types,Batch 4
Piezoelectric transduction,Microphone Transduction & Types,Batch 4
Piezoresistive transduction,Microphone Transduction & Types,Batch 4
Capacitive sensing,Microphone Transduction & Types,Batch 4
Optical interferometric sensing,"Condenser, MEMS, Arrays & Mic Electronics",Batch 4
Fiber Bragg grating microphone,"Condenser, MEMS, Arrays & Mic Electronics",Batch 4
Magnetostrictive sensing,Microphone Transduction & Types,Batch 4
Thermoacoustic sensing,Microphone Transduction & Types,Batch 4
Photoacoustic microphone,"Condenser, MEMS, Arrays & Mic Electronics",Batch 4
Optoacoustic microphone,"Condenser, MEMS, Arrays & Mic Electronics",Batch 4
Ionophone microphone,"Condenser, MEMS, Arrays & Mic Electronics",Batch 4
Plasma microphone,"Condenser, MEMS, Arrays & Mic Electronics",Batch 4
Microflown sensor,"Condenser, MEMS, Arrays & Mic Electronics",Batch 4
Particle-velocity sensor,Microphone Transduction & Types,Batch 4
Pressure–velocity probe,Microphone Transduction & Types,Batch 4
Sound-intensity probe,Microphone Transduction & Types,Batch 4
Differential-pressure microphone,Microphone Transduction & Types,Batch 4
Pressure-gradient receiver,Microphone Transduction & Types,Batch 4
First-order gradient microphone,Microphone Transduction & Types,Batch 4
Second-order gradient microphone,Microphone Transduction & Types,Batch 4
Zero-order microphone,Microphone Transduction & Types,Batch 4
Higher-order microphone,Microphone Transduction & Types,Batch 4
Coincident microphone array,"Condenser, MEMS, Arrays & Mic Electronics",Batch 4
Distributed microphone array,"Condenser, MEMS, Arrays & Mic Electronics",Batch 4
Sparse microphone array,"Condenser, MEMS, Arrays & Mic Electronics",Batch 4
Conformal microphone array,"Condenser, MEMS, Arrays & Mic Electronics",Batch 4
Spherical microphone array,"Condenser, MEMS, Arrays & Mic Electronics",Batch 4
Circular microphone array,"Condenser, MEMS, Arrays & Mic Electronics",Batch 4
Planar microphone array,"Condenser, MEMS, Arrays & Mic Electronics",Batch 4
Volumetric microphone array,"Condenser, MEMS, Arrays & Mic Electronics",Batch 4
Externally polarized condenser microphone,"Condenser, MEMS, Arrays & Mic Electronics",Batch 4
Prepolarized condenser microphone,"Condenser, MEMS, Arrays & Mic Electronics",Batch 4
Permanently polarized microphone,"Condenser, MEMS, Arrays & Mic Electronics",Batch 4
Electret polarization,"Condenser, MEMS, Arrays & Mic Electronics",Batch 4
Back-electret microphone,Microphone Transduction & Types,Batch 4
Front-electret microphone,Microphone Transduction & Types,Batch 4
Foil-electret microphone,Microphone Transduction & Types,Batch 4
Surface potential,Microphone Transduction & Types,Batch 4
Polarization voltage,"Condenser, MEMS, Arrays & Mic Electronics",Batch 4
Bias voltage,Microphone Transduction & Types,Batch 4
Diaphragm–backplate capacitance,"Condenser, MEMS, Arrays & Mic Electronics",Batch 4
Static capacitance,"Condenser, MEMS, Arrays & Mic Electronics",Batch 4
Capacitance variation,"Condenser, MEMS, Arrays & Mic Electronics",Batch 4
Electrostatic attraction,"Condenser, MEMS, Arrays & Mic Electronics",Batch 4
Diaphragm collapse,"Condenser, MEMS, Arrays & Mic Electronics",Batch 4
Pull-in voltage,"Condenser, MEMS, Arrays & Mic Electronics",Batch 4
Backplate perforation,"Condenser, MEMS, Arrays & Mic Electronics",Batch 4
Venting time constant,"Condenser, MEMS, Arrays & Mic Electronics",Batch 4
Pressure equalization vent,Microphone Transduction & Types,Batch 4
Barometric pressure coefficient,"Condenser, MEMS, Arrays & Mic Electronics",Batch 4
Static-pressure coefficient,"Condenser, MEMS, Arrays & Mic Electronics",Batch 4
Temperature coefficient,"Condenser, MEMS, Arrays & Mic Electronics",Batch 4
Humidity coefficient,"Condenser, MEMS, Arrays & Mic Electronics",Batch 4
Environmental sensitivity,Microphone Transduction & Types,Batch 4
Diaphragm resonance,Microphone Transduction & Types,Batch 4
Cavity resonance,Microphone Transduction & Types,Batch 4
Back-volume compliance,"Condenser, MEMS, Arrays & Mic Electronics",Batch 4
Vent resistance,"Condenser, MEMS, Arrays & Mic Electronics",Batch 4
Acoustic leakage,Microphone Transduction & Types,Batch 4
Protection-grid correction,"Condenser, MEMS, Arrays & Mic Electronics",Batch 4
Grid diffraction,"Condenser, MEMS, Arrays & Mic Electronics",Batch 4
Incidence correction,"Condenser, MEMS, Arrays & Mic Electronics",Batch 4
Pressure-field correction,"Condenser, MEMS, Arrays & Mic Electronics",Batch 4
Diffuse-field correction,"Condenser, MEMS, Arrays & Mic Electronics",Batch 4
Random-incidence correction,"Condenser, MEMS, Arrays & Mic Electronics",Batch 4
Laboratory standard microphone,"Condenser, MEMS, Arrays & Mic Electronics",Batch 4
Working standard microphone,"Condenser, MEMS, Arrays & Mic Electronics",Batch 4
Transfer standard microphone,"Condenser, MEMS, Arrays & Mic Electronics",Batch 4
Sound-level-meter microphone,Microphone Transduction & Types,Batch 4
Half-inch measurement microphone,Microphone Transduction & Types,Batch 4
Quarter-inch measurement microphone,Microphone Transduction & Types,Batch 4
One-inch measurement microphone,Microphone Transduction & Types,Batch 4
Free-field microphone,Microphone Transduction & Types,Batch 4
Diffuse-field microphone,Microphone Transduction & Types,Batch 4
Low-frequency microphone,Microphone Transduction & Types,Batch 4
High-level microphone,Microphone Transduction & Types,Batch 4
Infrasonic microphone,Microphone Transduction & Types,Batch 4
Ultrasonic microphone,Microphone Transduction & Types,Batch 4
Complex sensitivity,"Condenser, MEMS, Arrays & Mic Electronics",Batch 4
Pressure sensitivity,"Condenser, MEMS, Arrays & Mic Electronics",Batch 4
Loaded sensitivity,Microphone Transduction & Types,Batch 4
Sensitivity level,"Condenser, MEMS, Arrays & Mic Electronics",Batch 4
Phase sensitivity,Microphone Transduction & Types,Batch 4
Magnitude sensitivity,Microphone Transduction & Types,Batch 4
Reciprocity calibration,"Condenser, MEMS, Arrays & Mic Electronics",Batch 4
Primary calibration,"Condenser, MEMS, Arrays & Mic Electronics",Batch 4
Secondary calibration,"Condenser, MEMS, Arrays & Mic Electronics",Batch 4
Comparison calibration,"Condenser, MEMS, Arrays & Mic Electronics",Batch 4
Substitution calibration,"Condenser, MEMS, Arrays & Mic Electronics",Batch 4
Simultaneous comparison,Microphone Transduction & Types,Batch 4
Electrostatic actuator calibration,"Condenser, MEMS, Arrays & Mic Electronics",Batch 4
Pistonphone calibration,"Condenser, MEMS, Arrays & Mic Electronics",Batch 4
Sound-calibrator verification,Microphone Transduction & Types,Batch 4
Insert-voltage technique,"Condenser, MEMS, Arrays & Mic Electronics",Batch 4
Microphone reciprocity,"Condenser, MEMS, Arrays & Mic Electronics",Batch 4
Reciprocity parameter,"Condenser, MEMS, Arrays & Mic Electronics",Batch 4
Coupler reciprocity,"Condenser, MEMS, Arrays & Mic Electronics",Batch 4
Free-field reciprocity,"Condenser, MEMS, Arrays & Mic Electronics",Batch 4
Pressure reciprocity,"Condenser, MEMS, Arrays & Mic Electronics",Batch 4
Calibration uncertainty,"Condenser, MEMS, Arrays & Mic Electronics",Batch 4
Expanded uncertainty,Microphone Transduction & Types,Batch 4
Traceability chain,Microphone Transduction & Types,Batch 4
Reference environmental conditions,Microphone Transduction & Types,Batch 4
Calibration drift,"Condenser, MEMS, Arrays & Mic Electronics",Batch 4
Equivalent acoustic noise,"Condenser, MEMS, Arrays & Mic Electronics",Batch 4
Brownian noise,"Condenser, MEMS, Arrays & Mic Electronics",Batch 4
Thermal noise,"Condenser, MEMS, Arrays & Mic Electronics",Batch 4
Johnson–Nyquist noise,"Condenser, MEMS, Arrays & Mic Electronics",Batch 4
Shot noise,"Condenser, MEMS, Arrays & Mic Electronics",Batch 4
Flicker noise,"Condenser, MEMS, Arrays & Mic Electronics",Batch 4
1/f noise,"Condenser, MEMS, Arrays & Mic Electronics",Batch 4
Dielectric noise,"Condenser, MEMS, Arrays & Mic Electronics",Batch 4
Preamplifier voltage noise,"Condenser, MEMS, Arrays & Mic Electronics",Batch 4
Preamplifier current noise,"Condenser, MEMS, Arrays & Mic Electronics",Batch 4
Noise spectral density,"Condenser, MEMS, Arrays & Mic Electronics",Batch 4
Voltage-noise density,"Condenser, MEMS, Arrays & Mic Electronics",Batch 4
Current-noise density,"Condenser, MEMS, Arrays & Mic Electronics",Batch 4
Acoustic noise floor,"Condenser, MEMS, Arrays & Mic Electronics",Batch 4
Integrated noise,"Condenser, MEMS, Arrays & Mic Electronics",Batch 4
A-weighted self-noise,"Condenser, MEMS, Arrays & Mic Electronics",Batch 4
Z-weighted self-noise,"Condenser, MEMS, Arrays & Mic Electronics",Batch 4
Noise-equivalent pressure,"Condenser, MEMS, Arrays & Mic Electronics",Batch 4
Minimum detectable pressure,"Condenser, MEMS, Arrays & Mic Electronics",Batch 4
Minimum detectable signal,"Condenser, MEMS, Arrays & Mic Electronics",Batch 4
Electrical clipping point,Microphone Transduction & Types,Batch 4
Total dynamic range,Microphone Transduction & Types,Batch 4
Inherent dynamic range,Microphone Transduction & Types,Batch 4
Maximum undistorted output,Microphone Transduction & Types,Batch 4
Source impedance,"Condenser, MEMS, Arrays & Mic Electronics",Batch 4
Capacitive loading,Microphone Transduction & Types,Batch 4
Microphone preamplifier,"Condenser, MEMS, Arrays & Mic Electronics",Batch 4
Junction field-effect transistor,"Condenser, MEMS, Arrays & Mic Electronics",Batch 4
Bootstrapped input,"Condenser, MEMS, Arrays & Mic Electronics",Batch 4
Constant-current powering,"Condenser, MEMS, Arrays & Mic Electronics",Batch 4
Integrated Electronics Piezo-Electric,Microphone Transduction & Types,Batch 4
Integrated Circuit Piezoelectric,Microphone Transduction & Types,Batch 4
IEPE sensor,"Condenser, MEMS, Arrays & Mic Electronics",Batch 4
Constant-current line drive,"Condenser, MEMS, Arrays & Mic Electronics",Batch 4
Phantom powering,"Condenser, MEMS, Arrays & Mic Electronics",Batch 4
Tonader powering,"Condenser, MEMS, Arrays & Mic Electronics",Batch 4
Digital microphone interface,Microphone Transduction & Types,Batch 4
Pulse-density modulation microphone,"Condenser, MEMS, Arrays & Mic Electronics",Batch 4
I2S microphone,Microphone Transduction & Types,Batch 4
Microelectromechanical microphone,Microphone Transduction & Types,Batch 4
MEMS diaphragm,"Condenser, MEMS, Arrays & Mic Electronics",Batch 4
MEMS backplate,"Condenser, MEMS, Arrays & Mic Electronics",Batch 4
Capacitive MEMS microphone,"Condenser, MEMS, Arrays & Mic Electronics",Batch 4
Piezoelectric MEMS microphone,"Condenser, MEMS, Arrays & Mic Electronics",Batch 4
Optical MEMS microphone,"Condenser, MEMS, Arrays & Mic Electronics",Batch 4
Surface micromachining,"Condenser, MEMS, Arrays & Mic Electronics",Batch 4
Bulk micromachining,"Condenser, MEMS, Arrays & Mic Electronics",Batch 4
Deep reactive-ion etching,"Condenser, MEMS, Arrays & Mic Electronics",Batch 4
Sacrificial layer,"Condenser, MEMS, Arrays & Mic Electronics",Batch 4
Silicon-on-insulator,"Condenser, MEMS, Arrays & Mic Electronics",Batch 4
Wafer-level packaging,"Condenser, MEMS, Arrays & Mic Electronics",Batch 4
Acoustic port,Microphone Transduction & Types,Batch 4
Top-port microphone,Microphone Transduction & Types,Batch 4
Bottom-port microphone,Microphone Transduction & Types,Batch 4
Package cavity,Microphone Transduction & Types,Batch 4
Package leakage,Microphone Transduction & Types,Batch 4
MEMS ASIC,"Condenser, MEMS, Arrays & Mic Electronics",Batch 4
Application-specific integrated circuit,Microphone Transduction & Types,Batch 4
Charge amplifier,"Condenser, MEMS, Arrays & Mic Electronics",Batch 4
Sigma-delta modulator,"Condenser, MEMS, Arrays & Mic Electronics",Batch 4
Pulse-density modulation,"Condenser, MEMS, Arrays & Mic Electronics",Batch 4
Digital decimation,"Condenser, MEMS, Arrays & Mic Electronics",Batch 4
Sensitivity tolerance,Microphone Transduction & Types,Batch 4
Part-to-part matching,"Condenser, MEMS, Arrays & Mic Electronics",Batch 4
Phase matching,Microphone Transduction & Types,Batch 4
Array matching,"Condenser, MEMS, Arrays & Mic Electronics",Batch 4
Radio-frequency immunity,Microphone Transduction & Types,Batch 4
Acoustic-overload recovery,Microphone Transduction & Types,Batch 4
Pop-noise suppression,"Condenser, MEMS, Arrays & Mic Electronics",Batch 4
Wake-on-sound,"Condenser, MEMS, Arrays & Mic Electronics",Batch 4
Always-on microphone,"Condenser, MEMS, Arrays & Mic Electronics",Batch 4
Ultrasonic-band response,Microphone Transduction & Types,Batch 4
Dust ingress,"Condenser, MEMS, Arrays & Mic Electronics",Batch 4
Particle ingress protection,"Condenser, MEMS, Arrays & Mic Electronics",Batch 4
Hydrophobic acoustic membrane,"Condenser, MEMS, Arrays & Mic Electronics",Batch 4
Acoustic mesh,"Condenser, MEMS, Arrays & Mic Electronics",Batch 4
Waterproof acoustic vent,"Condenser, MEMS, Arrays & Mic Electronics",Batch 4
Pressure-event robustness,Microphone Transduction & Types,Batch 4
Directivity pattern,Microphone Transduction & Types,Batch 4
Angular response,Microphone Transduction & Types,Batch 4
Azimuth response,Microphone Transduction & Types,Batch 4
Elevation response,Microphone Transduction & Types,Batch 4
Three-dimensional directivity,Microphone Transduction & Types,Batch 4
Front-to-back ratio,Microphone Transduction & Types,Batch 4
Front-to-random ratio,Microphone Transduction & Types,Batch 4
Null depth,Microphone Transduction & Types,Batch 4
Null angle,Microphone Transduction & Types,Batch 4
Acceptance angle,Microphone Transduction & Types,Batch 4
Half-power angle,Microphone Transduction & Types,Batch 4
Main lobe,Microphone Transduction & Types,Batch 4
Side lobe,Microphone Transduction & Types,Batch 4
Rear lobe,Microphone Transduction & Types,Batch 4
Grating lobe,Microphone Transduction & Types,Batch 4
Spatial aliasing,Microphone Transduction & Types,Batch 4
Beam squint,Microphone Transduction & Types,Batch 4
Frequency-invariant beamforming,"Condenser, MEMS, Arrays & Mic Electronics",Batch 4
Pattern consistency,Microphone Transduction & Types,Batch 4
Polar-pattern invariance,Microphone Transduction & Types,Batch 4
Polar narrowing,Microphone Transduction & Types,Batch 4
Superdirectivity,"Condenser, MEMS, Arrays & Mic Electronics",Batch 4
Directivity order,Microphone Transduction & Types,Batch 4
Spherical harmonic order,Microphone Transduction & Types,Batch 4
Legendre polynomial,Microphone Transduction & Types,Batch 4
Cardioid family,Microphone Transduction & Types,Batch 4
Bidirectional response,Microphone Transduction & Types,Batch 4
Figure-eight response,Microphone Transduction & Types,Batch 4
Shotgun interference tube,"Condenser, MEMS, Arrays & Mic Electronics",Batch 4
Interference-tube slot,Microphone Transduction & Types,Batch 4
Line-gradient microphone,Microphone Transduction & Types,Batch 4
Differential array,"Condenser, MEMS, Arrays & Mic Electronics",Batch 4
Filter-and-sum beamformer,"Condenser, MEMS, Arrays & Mic Electronics",Batch 4
Minimum-variance distortionless response,Microphone Transduction & Types,Batch 4
MVDR beamformer,"Condenser, MEMS, Arrays & Mic Electronics",Batch 4
Capon beamformer,"Condenser, MEMS, Arrays & Mic Electronics",Batch 4
Frost beamformer,"Condenser, MEMS, Arrays & Mic Electronics",Batch 4
Linearly constrained minimum-variance beamformer,"Condenser, MEMS, Arrays & Mic Electronics",Batch 4
Adaptive beamformer,"Condenser, MEMS, Arrays & Mic Electronics",Batch 4
Fixed beamformer,"Condenser, MEMS, Arrays & Mic Electronics",Batch 4
Broadband beamformer,"Condenser, MEMS, Arrays & Mic Electronics",Batch 4
Narrowband beamformer,"Condenser, MEMS, Arrays & Mic Electronics",Batch 4
Frequency-domain beamforming,"Condenser, MEMS, Arrays & Mic Electronics",Batch 4
Time-domain beamforming,"Condenser, MEMS, Arrays & Mic Electronics",Batch 4
Subband beamforming,"Condenser, MEMS, Arrays & Mic Electronics",Batch 4
Differential beamforming,"Condenser, MEMS, Arrays & Mic Electronics",Batch 4
Robust beamforming,"Condenser, MEMS, Arrays & Mic Electronics",Batch 4
Blind beamforming,"Condenser, MEMS, Arrays & Mic Electronics",Batch 4
Neural beamforming,"Condenser, MEMS, Arrays & Mic Electronics",Batch 4
Steering vector,"Condenser, MEMS, Arrays & Mic Electronics",Batch 4
Array aperture,"Condenser, MEMS, Arrays & Mic Electronics",Batch 4
Effective aperture,"Condenser, MEMS, Arrays & Mic Electronics",Batch 4
Element spacing,"Condenser, MEMS, Arrays & Mic Electronics",Batch 4
Spatial covariance matrix,"Condenser, MEMS, Arrays & Mic Electronics",Batch 4
Cross-spectral matrix,Microphone Transduction & Types,Batch 4
Coherence matrix,Microphone Transduction & Types,Batch 4
Diagonal loading,"Condenser, MEMS, Arrays & Mic Electronics",Batch 4
Spatial whitening,"Condenser, MEMS, Arrays & Mic Electronics",Batch 4
Beamformer weight,"Condenser, MEMS, Arrays & Mic Electronics",Batch 4
Complex weighting,Microphone Transduction & Types,Batch 4
Phase shading,"Condenser, MEMS, Arrays & Mic Electronics",Batch 4
Amplitude shading,"Condenser, MEMS, Arrays & Mic Electronics",Batch 4
Tapering function,"Condenser, MEMS, Arrays & Mic Electronics",Batch 4
Dolph–Chebyshev weighting,"Condenser, MEMS, Arrays & Mic Electronics",Batch 4
Delay estimation,Microphone Transduction & Types,Batch 4
Time difference of arrival,"Condenser, MEMS, Arrays & Mic Electronics",Batch 4
Phase-transform weighting,Microphone Transduction & Types,Batch 4
GCC-PHAT,"Condenser, MEMS, Arrays & Mic Electronics",Batch 4
Direction of arrival,"Condenser, MEMS, Arrays & Mic Electronics",Batch 4
Source localization,Microphone Transduction & Types,Batch 4
Multiple signal classification,Microphone Transduction & Types,Batch 4
MUSIC algorithm,"Condenser, MEMS, Arrays & Mic Electronics",Batch 4
ESPRIT algorithm,"Condenser, MEMS, Arrays & Mic Electronics",Batch 4
Electrodynamic motor,"Loudspeaker Motor, Suspension & Diaphragm",Batch 4
Moving-coil motor,"Loudspeaker Motor, Suspension & Diaphragm",Batch 4
Moving-magnet motor,"Loudspeaker Motor, Suspension & Diaphragm",Batch 4
Underhung voice coil,"Loudspeaker Motor, Suspension & Diaphragm",Batch 4
Overhung voice coil,"Loudspeaker Motor, Suspension & Diaphragm",Batch 4
Equal-hung voice coil,"Loudspeaker Motor, Suspension & Diaphragm",Batch 4
Short-coil motor,"Loudspeaker Motor, Suspension & Diaphragm",Batch 4
Long-coil motor,"Loudspeaker Motor, Suspension & Diaphragm",Batch 4
Differential-drive motor,"Loudspeaker Motor, Suspension & Diaphragm",Batch 4
Dual-gap motor,"Loudspeaker Motor, Suspension & Diaphragm",Batch 4
Push-pull motor,"Loudspeaker Motor, Suspension & Diaphragm",Batch 4
Symmetric magnetic circuit,"Loudspeaker Motor, Suspension & Diaphragm",Batch 4
Asymmetric magnetic circuit,"Loudspeaker Motor, Suspension & Diaphragm",Batch 4
Magnetic return path,"Loudspeaker Motor, Suspension & Diaphragm",Batch 4
Pole vent,"Loudspeaker Enclosures, Horns & Radiation",Batch 4
Backplate vent,"Loudspeaker Enclosures, Horns & Radiation",Batch 4
Under-spider vent,"Loudspeaker Enclosures, Horns & Radiation",Batch 4
Air-gap flux density,"Loudspeaker Motor, Suspension & Diaphragm",Batch 4
Flux density distribution,"Loudspeaker Motor, Suspension & Diaphragm",Batch 4
Force factor,"Loudspeaker Motor, Suspension & Diaphragm",Batch 4
Position-dependent force factor,"Loudspeaker Motor, Suspension & Diaphragm",Batch 4
BL(x),"Loudspeaker Motor, Suspension & Diaphragm",Batch 4
Current-dependent force factor,"Loudspeaker Motor, Suspension & Diaphragm",Batch 4
BL(i),"Loudspeaker Motor, Suspension & Diaphragm",Batch 4
Flux stabilization,"Loudspeaker Motor, Suspension & Diaphragm",Batch 4
Faraday ring,"Loudspeaker Motor, Suspension & Diaphragm",Batch 4
Eddy-current brake,"Loudspeaker Motor, Suspension & Diaphragm",Batch 4
Voice-coil inductance,"Loudspeaker Motor, Suspension & Diaphragm",Batch 4
Position-dependent inductance,"Loudspeaker Motor, Suspension & Diaphragm",Batch 4
Le(x),"Loudspeaker Behavior, Large-Signal & Concepts",Batch 4
Current-dependent inductance,"Loudspeaker Motor, Suspension & Diaphragm",Batch 4
Le(i),"Loudspeaker Behavior, Large-Signal & Concepts",Batch 4
Semi-inductance,"Loudspeaker Motor, Suspension & Diaphragm",Batch 4
Reluctance force,"Loudspeaker Motor, Suspension & Diaphragm",Batch 4
Magnetic saturation,"Loudspeaker Motor, Suspension & Diaphragm",Batch 4
Hysteresis distortion,"Loudspeaker Behavior, Large-Signal & Concepts",Batch 4
Motor asymmetry,"Loudspeaker Motor, Suspension & Diaphragm",Batch 4
Force-factor asymmetry,"Loudspeaker Behavior, Large-Signal & Concepts",Batch 4
Inductance asymmetry,"Loudspeaker Motor, Suspension & Diaphragm",Batch 4
Rest-position offset,"Loudspeaker Behavior, Large-Signal & Concepts",Batch 4
Mechanical compliance,"Loudspeaker Motor, Suspension & Diaphragm",Batch 4
Kms,"Loudspeaker Motor, Suspension & Diaphragm",Batch 4
Position-dependent stiffness,"Loudspeaker Motor, Suspension & Diaphragm",Batch 4
Kms(x),"Loudspeaker Motor, Suspension & Diaphragm",Batch 4
Compliance nonlinearity,"Loudspeaker Motor, Suspension & Diaphragm",Batch 4
Progressive suspension,"Loudspeaker Motor, Suspension & Diaphragm",Batch 4
Regressive suspension,"Loudspeaker Motor, Suspension & Diaphragm",Batch 4
Spider linearity,"Loudspeaker Motor, Suspension & Diaphragm",Batch 4
Surround linearity,"Loudspeaker Motor, Suspension & Diaphragm",Batch 4
Suspension symmetry,"Loudspeaker Motor, Suspension & Diaphragm",Batch 4
Suspension creep,"Loudspeaker Motor, Suspension & Diaphragm",Batch 4
Viscoelastic creep,"Loudspeaker Motor, Suspension & Diaphragm",Batch 4
Stress relaxation,"Loudspeaker Motor, Suspension & Diaphragm",Batch 4
Hysteretic damping,"Loudspeaker Behavior, Large-Signal & Concepts",Batch 4
Mechanical hysteresis,"Loudspeaker Behavior, Large-Signal & Concepts",Batch 4
Suspension aging,"Loudspeaker Motor, Suspension & Diaphragm",Batch 4
Break-in effect,"Loudspeaker Behavior, Large-Signal & Concepts",Batch 4
Fatigue life,"Loudspeaker Motor, Suspension & Diaphragm",Batch 4
Mechanical fatigue,"Loudspeaker Motor, Suspension & Diaphragm",Batch 4
Buckling,"Loudspeaker Motor, Suspension & Diaphragm",Batch 4
Rocking instability,"Loudspeaker Motor, Suspension & Diaphragm",Batch 4
Voice-coil rubbing,"Loudspeaker Motor, Suspension & Diaphragm",Batch 4
Bottoming,"Loudspeaker Motor, Suspension & Diaphragm",Batch 4
Mechanical overtravel,"Loudspeaker Motor, Suspension & Diaphragm",Batch 4
Maximum linear excursion,"Loudspeaker Motor, Suspension & Diaphragm",Batch 4
Peak displacement,"Loudspeaker Motor, Suspension & Diaphragm",Batch 4
Peak-to-peak excursion,"Loudspeaker Motor, Suspension & Diaphragm",Batch 4
Displacement limit,"Loudspeaker Motor, Suspension & Diaphragm",Batch 4
Damage limit,"Loudspeaker Behavior, Large-Signal & Concepts",Batch 4
Suspension-limited excursion,"Loudspeaker Motor, Suspension & Diaphragm",Batch 4
Motor-limited excursion,"Loudspeaker Motor, Suspension & Diaphragm",Batch 4
Thermal-limited output,"Loudspeaker Behavior, Large-Signal & Concepts",Batch 4
Displacement-limited output,"Loudspeaker Motor, Suspension & Diaphragm",Batch 4
Air-noise-limited output,"Loudspeaker Behavior, Large-Signal & Concepts",Batch 4
Diaphragm piston region,"Loudspeaker Motor, Suspension & Diaphragm",Batch 4
Piston band,"Loudspeaker Motor, Suspension & Diaphragm",Batch 4
Piston diameter,"Loudspeaker Motor, Suspension & Diaphragm",Batch 4
Effective radiating diameter,"Loudspeaker Motor, Suspension & Diaphragm",Batch 4
Effective radiating area,"Loudspeaker Motor, Suspension & Diaphragm",Batch 4
Breakup frequency,"Loudspeaker Motor, Suspension & Diaphragm",Batch 4
Partial vibration,"Loudspeaker Behavior, Large-Signal & Concepts",Batch 4
Distributed-mode behavior,"Loudspeaker Behavior, Large-Signal & Concepts",Batch 4
Modal diaphragm,"Loudspeaker Motor, Suspension & Diaphragm",Batch 4
Bending-wave radiator,"Loudspeaker Behavior, Large-Signal & Concepts",Batch 4
Flexural radiator,"Loudspeaker Behavior, Large-Signal & Concepts",Batch 4
Ring radiator,"Loudspeaker Motor, Suspension & Diaphragm",Batch 4
Annular diaphragm,"Loudspeaker Motor, Suspension & Diaphragm",Batch 4
Inverted dome,"Loudspeaker Motor, Suspension & Diaphragm",Batch 4
Balanced dome,"Loudspeaker Motor, Suspension & Diaphragm",Batch 4
Compression diaphragm,"Loudspeaker Motor, Suspension & Diaphragm",Batch 4
Tangential surround,"Loudspeaker Motor, Suspension & Diaphragm",Batch 4
Radial mode,"Loudspeaker Behavior, Large-Signal & Concepts",Batch 4
Circumferential mode,"Loudspeaker Behavior, Large-Signal & Concepts",Batch 4
Nodal circle,"Loudspeaker Motor, Suspension & Diaphragm",Batch 4
Nodal diameter,"Loudspeaker Motor, Suspension & Diaphragm",Batch 4
Bell mode,"Loudspeaker Motor, Suspension & Diaphragm",Batch 4
Oil-canning mode,"Loudspeaker Motor, Suspension & Diaphragm",Batch 4
Diaphragm rocking,"Loudspeaker Motor, Suspension & Diaphragm",Batch 4
Constrained-layer damping,"Loudspeaker Behavior, Large-Signal & Concepts",Batch 4
Lossy coating,"Loudspeaker Motor, Suspension & Diaphragm",Batch 4
Cone treatment,"Loudspeaker Motor, Suspension & Diaphragm",Batch 4
Diaphragm anisotropy,"Loudspeaker Motor, Suspension & Diaphragm",Batch 4
Orthotropic diaphragm,"Loudspeaker Motor, Suspension & Diaphragm",Batch 4
Young's modulus,"Loudspeaker Motor, Suspension & Diaphragm",Batch 4
Specific modulus,"Loudspeaker Motor, Suspension & Diaphragm",Batch 4
Tensile strength,"Loudspeaker Behavior, Large-Signal & Concepts",Batch 4
Internal damping,"Loudspeaker Behavior, Large-Signal & Concepts",Batch 4
Loss tangent,"Loudspeaker Behavior, Large-Signal & Concepts",Batch 4
Poisson's ratio,"Loudspeaker Motor, Suspension & Diaphragm",Batch 4
Areal mass,"Loudspeaker Motor, Suspension & Diaphragm",Batch 4
Bending stiffness,"Loudspeaker Motor, Suspension & Diaphragm",Batch 4
Flexural rigidity,"Loudspeaker Motor, Suspension & Diaphragm",Batch 4
Sandwich composite,"Loudspeaker Motor, Suspension & Diaphragm",Batch 4
Honeycomb core,"Loudspeaker Motor, Suspension & Diaphragm",Batch 4
Rohacell core,"Loudspeaker Motor, Suspension & Diaphragm",Batch 4
Vapor-deposited diaphragm,"Loudspeaker Motor, Suspension & Diaphragm",Batch 4
Diamond-like carbon coating,"Loudspeaker Motor, Suspension & Diaphragm",Batch 4
Ceramic-metal composite,"Loudspeaker Motor, Suspension & Diaphragm",Batch 4
Compression ratio,"Loudspeaker Enclosures, Horns & Radiation",Batch 4
Compression chamber,"Loudspeaker Enclosures, Horns & Radiation",Batch 4
Annular phase plug,"Loudspeaker Enclosures, Horns & Radiation",Batch 4
Radial phase plug,"Loudspeaker Enclosures, Horns & Radiation",Batch 4
Circumferential phase plug,"Loudspeaker Enclosures, Horns & Radiation",Batch 4
Coherent wavefront,"Loudspeaker Behavior, Large-Signal & Concepts",Batch 4
Exit aperture,"Loudspeaker Behavior, Large-Signal & Concepts",Batch 4
Throat aperture,"Loudspeaker Enclosures, Horns & Radiation",Batch 4
Throat impedance,"Loudspeaker Enclosures, Horns & Radiation",Batch 4
Throat reactance,"Loudspeaker Enclosures, Horns & Radiation",Batch 4
Throat resistance,"Loudspeaker Enclosures, Horns & Radiation",Batch 4
Throat distortion,"Loudspeaker Enclosures, Horns & Radiation",Batch 4
Horn throat,"Loudspeaker Enclosures, Horns & Radiation",Batch 4
Horn mouth,"Loudspeaker Enclosures, Horns & Radiation",Batch 4
Mouth circumference,"Loudspeaker Enclosures, Horns & Radiation",Batch 4
Mouth termination,"Loudspeaker Enclosures, Horns & Radiation",Batch 4
Mouth reflection,"Loudspeaker Enclosures, Horns & Radiation",Batch 4
Horn cutoff frequency,"Loudspeaker Enclosures, Horns & Radiation",Batch 4
Acoustic cutoff,"Loudspeaker Behavior, Large-Signal & Concepts",Batch 4
Flare constant,"Loudspeaker Enclosures, Horns & Radiation",Batch 4
Flare rate,"Loudspeaker Enclosures, Horns & Radiation",Batch 4
Exponential horn,"Loudspeaker Enclosures, Horns & Radiation",Batch 4
Conical horn,"Loudspeaker Enclosures, Horns & Radiation",Batch 4
Hyperbolic horn,"Loudspeaker Enclosures, Horns & Radiation",Batch 4
Hyperbolic-exponential horn,"Loudspeaker Enclosures, Horns & Radiation",Batch 4
Tractrix horn,"Loudspeaker Enclosures, Horns & Radiation",Batch 4
Oblate spheroidal waveguide,"Loudspeaker Enclosures, Horns & Radiation",Batch 4
Bi-radial horn,"Loudspeaker Enclosures, Horns & Radiation",Batch 4
Multicellular horn,"Loudspeaker Enclosures, Horns & Radiation",Batch 4
Diffraction horn,"Loudspeaker Enclosures, Horns & Radiation",Batch 4
Mantaray horn,"Loudspeaker Enclosures, Horns & Radiation",Batch 4
Acoustic lens,"Loudspeaker Enclosures, Horns & Radiation",Batch 4
Waveguide loading,"Loudspeaker Enclosures, Horns & Radiation",Batch 4
Wavefront curvature,"Loudspeaker Behavior, Large-Signal & Concepts",Batch 4
Pattern flip,"Loudspeaker Behavior, Large-Signal & Concepts",Batch 4
Pattern collapse,"Loudspeaker Behavior, Large-Signal & Concepts",Batch 4
Coverage balloon,"Loudspeaker Enclosures, Horns & Radiation",Batch 4
Higher-order horn mode,"Loudspeaker Enclosures, Horns & Radiation",Batch 4
Mouth diffraction,"Loudspeaker Enclosures, Horns & Radiation",Batch 4
Throat reflection,"Loudspeaker Enclosures, Horns & Radiation",Batch 4
Horn honk,"Loudspeaker Enclosures, Horns & Radiation",Batch 4
Air nonlinearity,"Loudspeaker Behavior, Large-Signal & Concepts",Batch 4
Compression nonlinearity,"Loudspeaker Behavior, Large-Signal & Concepts",Batch 4
Acoustic compliance of enclosure,"Loudspeaker Enclosures, Horns & Radiation",Batch 4
Enclosure compliance,"Loudspeaker Enclosures, Horns & Radiation",Batch 4
Box compliance,"Loudspeaker Enclosures, Horns & Radiation",Batch 4
Enclosed-air stiffness,"Loudspeaker Motor, Suspension & Diaphragm",Batch 4
Box loss,"Loudspeaker Enclosures, Horns & Radiation",Batch 4
Leakage loss,"Loudspeaker Behavior, Large-Signal & Concepts",Batch 4
Qa,"Loudspeaker Behavior, Large-Signal & Concepts",Batch 4
Ql,"Loudspeaker Behavior, Large-Signal & Concepts",Batch 4
Qp,"Loudspeaker Behavior, Large-Signal & Concepts",Batch 4
Total enclosure Q,"Loudspeaker Enclosures, Horns & Radiation",Batch 4
System resonance,"Loudspeaker Behavior, Large-Signal & Concepts",Batch 4
Closed-box resonance,"Loudspeaker Enclosures, Horns & Radiation",Batch 4
Fc,"Loudspeaker Behavior, Large-Signal & Concepts",Batch 4
Closed-box Q,"Loudspeaker Enclosures, Horns & Radiation",Batch 4
Qtc,"Loudspeaker Enclosures, Horns & Radiation",Batch 4
Compliance ratio,"Loudspeaker Motor, Suspension & Diaphragm",Batch 4
Alpha ratio,"Loudspeaker Behavior, Large-Signal & Concepts",Batch 4
Butterworth alignment,"Loudspeaker Enclosures, Horns & Radiation",Batch 4
Bessel alignment,"Loudspeaker Enclosures, Horns & Radiation",Batch 4
Chebyshev alignment,"Loudspeaker Enclosures, Horns & Radiation",Batch 4
Linkwitz transform,"Loudspeaker Enclosures, Horns & Radiation",Batch 4
Extended bass shelf,"Loudspeaker Behavior, Large-Signal & Concepts",Batch 4
Quasi-Butterworth alignment,"Loudspeaker Enclosures, Horns & Radiation",Batch 4
SBB4 alignment,"Loudspeaker Enclosures, Horns & Radiation",Batch 4
QB3 alignment,"Loudspeaker Enclosures, Horns & Radiation",Batch 4
C4 alignment,"Loudspeaker Enclosures, Horns & Radiation",Batch 4
Passive-radiator alignment,"Loudspeaker Enclosures, Horns & Radiation",Batch 4
Vented-box alignment,"Loudspeaker Enclosures, Horns & Radiation",Batch 4
Box tuning frequency,"Loudspeaker Enclosures, Horns & Radiation",Batch 4
Fb,"Loudspeaker Behavior, Large-Signal & Concepts",Batch 4
Port air mass,"Loudspeaker Enclosures, Horns & Radiation",Batch 4
Port end correction,"Loudspeaker Enclosures, Horns & Radiation",Batch 4
Port acoustic resistance,"Loudspeaker Enclosures, Horns & Radiation",Batch 4
Port compression,"Loudspeaker Enclosures, Horns & Radiation",Batch 4
Port turbulence,"Loudspeaker Enclosures, Horns & Radiation",Batch 4
Port Mach number,"Loudspeaker Enclosures, Horns & Radiation",Batch 4
Port chuffing,"Loudspeaker Enclosures, Horns & Radiation",Batch 4
Organ-pipe resonance,"Loudspeaker Enclosures, Horns & Radiation",Batch 4
Pipe resonance,"Loudspeaker Enclosures, Horns & Radiation",Batch 4
Vent resonance,"Loudspeaker Enclosures, Horns & Radiation",Batch 4
Passive-radiator mass,"Loudspeaker Enclosures, Horns & Radiation",Batch 4
Passive-radiator compliance,"Loudspeaker Enclosures, Horns & Radiation",Batch 4
Passive-radiator excursion,"Loudspeaker Enclosures, Horns & Radiation",Batch 4
Transmission-line terminus,"Loudspeaker Behavior, Large-Signal & Concepts",Batch 4
Line taper,"Loudspeaker Behavior, Large-Signal & Concepts",Batch 4
Line stuffing,"Loudspeaker Behavior, Large-Signal & Concepts",Batch 4
Quarter-wave enclosure,"Loudspeaker Enclosures, Horns & Radiation",Batch 4
Mass-loaded transmission line,"Loudspeaker Enclosures, Horns & Radiation",Batch 4
Tapered quarter-wave tube,"Loudspeaker Behavior, Large-Signal & Concepts",Batch 4
Voigt pipe,"Loudspeaker Enclosures, Horns & Radiation",Batch 4
Aperiodic enclosure,"Loudspeaker Enclosures, Horns & Radiation",Batch 4
Resistive vent,"Loudspeaker Enclosures, Horns & Radiation",Batch 4
Variovent,"Loudspeaker Enclosures, Horns & Radiation",Batch 4
Lumped-parameter model,"Loudspeaker Behavior, Large-Signal & Concepts",Batch 4
Small-signal model,"Loudspeaker Behavior, Large-Signal & Concepts",Batch 4
Large-signal model,"Loudspeaker Behavior, Large-Signal & Concepts",Batch 4
Electro-mechano-acoustic equivalent circuit,"Loudspeaker Behavior, Large-Signal & Concepts",Batch 4
Mechanical equivalent circuit,"Loudspeaker Behavior, Large-Signal & Concepts",Batch 4
Mobility analogy,"Loudspeaker Behavior, Large-Signal & Concepts",Batch 4
Impedance analogy,"Loudspeaker Behavior, Large-Signal & Concepts",Batch 4
Electrical quality factor,"Loudspeaker Behavior, Large-Signal & Concepts",Batch 4
Mechanical quality factor,"Loudspeaker Behavior, Large-Signal & Concepts",Batch 4
Total quality factor,"Loudspeaker Behavior, Large-Signal & Concepts",Batch 4
Resonance frequency,"Loudspeaker Behavior, Large-Signal & Concepts",Batch 4
Equivalent compliance volume,"Loudspeaker Motor, Suspension & Diaphragm",Batch 4
DC resistance,"Loudspeaker Behavior, Large-Signal & Concepts",Batch 4
Mechanical resistance,"Loudspeaker Behavior, Large-Signal & Concepts",Batch 4
Diaphragm mass,"Loudspeaker Motor, Suspension & Diaphragm",Batch 4
Mmd,"Loudspeaker Behavior, Large-Signal & Concepts",Batch 4
Radiation mass,"Loudspeaker Behavior, Large-Signal & Concepts",Batch 4
Acoustic mass loading,"Loudspeaker Behavior, Large-Signal & Concepts",Batch 4
EBP,"Loudspeaker Behavior, Large-Signal & Concepts",Batch 4
Electrical damping,"Loudspeaker Behavior, Large-Signal & Concepts",Batch 4
Acoustic damping,"Loudspeaker Behavior, Large-Signal & Concepts",Batch 4
Mass corner,"Loudspeaker Behavior, Large-Signal & Concepts",Batch 4
Compliance corner,"Loudspeaker Motor, Suspension & Diaphragm",Batch 4
Impedance peak,"Loudspeaker Behavior, Large-Signal & Concepts",Batch 4
Motional impedance,"Loudspeaker Behavior, Large-Signal & Concepts",Batch 4
Blocked impedance,"Loudspeaker Behavior, Large-Signal & Concepts",Batch 4
Motional branch,"Loudspeaker Behavior, Large-Signal & Concepts",Batch 4
Electrical branch,"Loudspeaker Behavior, Large-Signal & Concepts",Batch 4
Large-signal identification,"Loudspeaker Behavior, Large-Signal & Concepts",Batch 4
Nonlinear parameter identification,"Loudspeaker Behavior, Large-Signal & Concepts",Batch 4
Dynamic parameter measurement,"Loudspeaker Behavior, Large-Signal & Concepts",Batch 4
Quasi-static measurement,"Loudspeaker Behavior, Large-Signal & Concepts",Batch 4
Dynamic voice-coil position,"Loudspeaker Motor, Suspension & Diaphragm",Batch 4
Instantaneous displacement,"Loudspeaker Motor, Suspension & Diaphragm",Batch 4
Voice-coil current,"Loudspeaker Motor, Suspension & Diaphragm",Batch 4
Voice-coil temperature,"Loudspeaker Motor, Suspension & Diaphragm",Batch 4
Thermal state variable,"Loudspeaker Behavior, Large-Signal & Concepts",Batch 4
Nonlinear state-space model,"Loudspeaker Behavior, Large-Signal & Concepts",Batch 4
Lumped nonlinear model,"Loudspeaker Behavior, Large-Signal & Concepts",Batch 4
Parameter trajectory,"Loudspeaker Behavior, Large-Signal & Concepts",Batch 4
Working-point shift,"Loudspeaker Behavior, Large-Signal & Concepts",Batch 4
Dynamic DC displacement,"Loudspeaker Motor, Suspension & Diaphragm",Batch 4
Rectified displacement,"Loudspeaker Motor, Suspension & Diaphragm",Batch 4
Force-factor modulation,"Loudspeaker Behavior, Large-Signal & Concepts",Batch 4
Compliance modulation,"Loudspeaker Motor, Suspension & Diaphragm",Batch 4
Inductance modulation,"Loudspeaker Motor, Suspension & Diaphragm",Batch 4
Doppler modulation,"Loudspeaker Behavior, Large-Signal & Concepts",Batch 4
Amplitude modulation distortion,"Loudspeaker Behavior, Large-Signal & Concepts",Batch 4
Multitone distortion,"Loudspeaker Behavior, Large-Signal & Concepts",Batch 4
Rub-and-buzz distortion,"Loudspeaker Behavior, Large-Signal & Concepts",Batch 4
Loose-particle noise,"Loudspeaker Behavior, Large-Signal & Concepts",Batch 4
Air-leak noise,"Loudspeaker Behavior, Large-Signal & Concepts",Batch 4
Suspension noise,"Loudspeaker Motor, Suspension & Diaphragm",Batch 4
Rocking-mode distortion,"Loudspeaker Motor, Suspension & Diaphragm",Batch 4
Motor instability,"Loudspeaker Motor, Suspension & Diaphragm",Batch 4
Thermal modulation,"Loudspeaker Behavior, Large-Signal & Concepts",Batch 4
Dynamic compression,"Loudspeaker Behavior, Large-Signal & Concepts",Batch 4
Instantaneous compression,"Loudspeaker Behavior, Large-Signal & Concepts",Batch 4
Sensitivity compression,"Loudspeaker Behavior, Large-Signal & Concepts",Batch 4
Thermal time constant,"Loudspeaker Behavior, Large-Signal & Concepts",Batch 4
Fast thermal time constant,"Loudspeaker Behavior, Large-Signal & Concepts",Batch 4
Slow thermal time constant,"Loudspeaker Behavior, Large-Signal & Concepts",Batch 4
Voice-coil thermal resistance,"Loudspeaker Motor, Suspension & Diaphragm",Batch 4
Magnet thermal resistance,"Loudspeaker Motor, Suspension & Diaphragm",Batch 4
Thermal capacitance,"Loudspeaker Behavior, Large-Signal & Concepts",Batch 4
Thermal runaway,"Loudspeaker Behavior, Large-Signal & Concepts",Batch 4
Balloon plot,"Loudspeaker Enclosures, Horns & Radiation",Batch 4
Polar map,"Loudspeaker Enclosures, Horns & Radiation",Batch 4
Directivity sonogram,"Loudspeaker Enclosures, Horns & Radiation",Batch 4
Directivity spectrogram,"Loudspeaker Enclosures, Horns & Radiation",Batch 4
Early-reflections curve,"Loudspeaker Behavior, Large-Signal & Concepts",Batch 4
Sound-power response,"Loudspeaker Behavior, Large-Signal & Concepts",Batch 4
Horizontal off-axis response,"Loudspeaker Behavior, Large-Signal & Concepts",Batch 4
Vertical off-axis response,"Loudspeaker Behavior, Large-Signal & Concepts",Batch 4
Constant directivity,"Loudspeaker Enclosures, Horns & Radiation",Batch 4
Directivity narrowing,"Loudspeaker Enclosures, Horns & Radiation",Batch 4
Directivity discontinuity,"Loudspeaker Enclosures, Horns & Radiation",Batch 4
Directivity mismatch,"Loudspeaker Enclosures, Horns & Radiation",Batch 4
Crossover lobing,"Loudspeaker Enclosures, Horns & Radiation",Batch 4
Vertical lobing,"Loudspeaker Enclosures, Horns & Radiation",Batch 4
Apparent acoustic center,"Loudspeaker Enclosures, Horns & Radiation",Batch 4
Phase center,"Loudspeaker Enclosures, Horns & Radiation",Batch 4
Virtual source,"Loudspeaker Enclosures, Horns & Radiation",Batch 4
Effective source size,"Loudspeaker Behavior, Large-Signal & Concepts",Batch 4
Piston directivity,"Loudspeaker Motor, Suspension & Diaphragm",Batch 4
Baffle diffraction,"Loudspeaker Enclosures, Horns & Radiation",Batch 4
Edge diffraction,"Loudspeaker Behavior, Large-Signal & Concepts",Batch 4
Floor bounce,"Loudspeaker Behavior, Large-Signal & Concepts",Batch 4
Ceiling bounce,"Loudspeaker Behavior, Large-Signal & Concepts",Batch 4
SBIR,"Loudspeaker Enclosures, Horns & Radiation",Batch 4
Dipole null,"Loudspeaker Motor, Suspension & Diaphragm",Batch 4
Dipole peak,"Loudspeaker Motor, Suspension & Diaphragm",Batch 4
Dipole cancellation,"Loudspeaker Motor, Suspension & Diaphragm",Batch 4
Cardioid radiation,"Loudspeaker Enclosures, Horns & Radiation",Batch 4
Gradient loudspeaker,"Loudspeaker Enclosures, Horns & Radiation",Batch 4
Acoustic resistance enclosure,"Loudspeaker Enclosures, Horns & Radiation",Batch 4
End-fire subwoofer array,"Loudspeaker Enclosures, Horns & Radiation",Batch 4
Broadside subwoofer array,"Loudspeaker Enclosures, Horns & Radiation",Batch 4
Gradient subwoofer array,"Loudspeaker Behavior, Large-Signal & Concepts",Batch 4
Steered array,"Loudspeaker Enclosures, Horns & Radiation",Batch 4
Shaded array,"Loudspeaker Enclosures, Horns & Radiation",Batch 4
Constant-beamwidth transducer,"Loudspeaker Enclosures, Horns & Radiation",Batch 4
Anechoic measurement,"Acoustic/Loudspeaker Measurement, Distortion & Power",Batch 4
Half-space measurement,"Acoustic/Loudspeaker Measurement, Distortion & Power",Batch 4
Full-space measurement,"Acoustic/Loudspeaker Measurement, Distortion & Power",Batch 4
Hemispherical measurement,"Acoustic/Loudspeaker Measurement, Distortion & Power",Batch 4
Far-field measurement,"Acoustic/Loudspeaker Measurement, Distortion & Power",Batch 4
Near-field–far-field splice,"Acoustic/Loudspeaker Measurement, Distortion & Power",Batch 4
Near-field scanner,"Acoustic/Loudspeaker Measurement, Distortion & Power",Batch 4
Klippel near-field scanner,"Acoustic/Loudspeaker Measurement, Distortion & Power",Batch 4
Holographic measurement,"Acoustic/Loudspeaker Measurement, Distortion & Power",Batch 4
Acoustic holography,"Acoustic/Loudspeaker Measurement, Distortion & Power",Batch 4
Near-field acoustic holography,"Acoustic/Loudspeaker Measurement, Distortion & Power",Batch 4
Finite-element method,"DSP, Signal Analysis & Electroacoustic Modeling",Batch 4
Finite-difference time-domain,"DSP, Signal Analysis & Electroacoustic Modeling",Batch 4
FDTD acoustics,"DSP, Signal Analysis & Electroacoustic Modeling",Batch 4
Boundary-condition model,"DSP, Signal Analysis & Electroacoustic Modeling",Batch 4
Reciprocity measurement,"DSP, Signal Analysis & Electroacoustic Modeling",Batch 4
Dual-channel measurement,"Acoustic/Loudspeaker Measurement, Distortion & Power",Batch 4
Reference-channel measurement,"Acoustic/Loudspeaker Measurement, Distortion & Power",Batch 4
Logarithmic sine sweep,"Acoustic/Loudspeaker Measurement, Distortion & Power",Batch 4
Time-delay spectrometry,"Acoustic/Loudspeaker Measurement, Distortion & Power",Batch 4
Time-windowed response,"DSP, Signal Analysis & Electroacoustic Modeling",Batch 4
Gated measurement,"Acoustic/Loudspeaker Measurement, Distortion & Power",Batch 4
Reflection-free window,"Acoustic/Loudspeaker Measurement, Distortion & Power",Batch 4
Time resolution,"Acoustic/Loudspeaker Measurement, Distortion & Power",Batch 4
Window leakage,"Acoustic/Loudspeaker Measurement, Distortion & Power",Batch 4
Transfer-function estimator,"Acoustic/Loudspeaker Measurement, Distortion & Power",Batch 4
H1 estimator,"Acoustic/Loudspeaker Measurement, Distortion & Power",Batch 4
H2 estimator,"Acoustic/Loudspeaker Measurement, Distortion & Power",Batch 4
Hv estimator,"Acoustic/Loudspeaker Measurement, Distortion & Power",Batch 4
Complex frequency response,"Acoustic/Loudspeaker Measurement, Distortion & Power",Batch 4
Excess-phase response,"Acoustic/Loudspeaker Measurement, Distortion & Power",Batch 4
Unwrapped phase,"Acoustic/Loudspeaker Measurement, Distortion & Power",Batch 4
Acoustic delay,"DSP, Signal Analysis & Electroacoustic Modeling",Batch 4
Excess group delay,"Acoustic/Loudspeaker Measurement, Distortion & Power",Batch 4
Harmonic distortion profile,"Acoustic/Loudspeaker Measurement, Distortion & Power",Batch 4
Second-harmonic distortion,"Acoustic/Loudspeaker Measurement, Distortion & Power",Batch 4
Third-harmonic distortion,"Acoustic/Loudspeaker Measurement, Distortion & Power",Batch 4
Higher-order harmonic distortion,"Acoustic/Loudspeaker Measurement, Distortion & Power",Batch 4
Difference-frequency distortion,"Acoustic/Loudspeaker Measurement, Distortion & Power",Batch 4
Modulation distortion,"Acoustic/Loudspeaker Measurement, Distortion & Power",Batch 4
Dynamic intermodulation distortion,"Acoustic/Loudspeaker Measurement, Distortion & Power",Batch 4
Transient intermodulation distortion,"Acoustic/Loudspeaker Measurement, Distortion & Power",Batch 4
Perceptual rub and buzz,"Acoustic/Loudspeaker Measurement, Distortion & Power",Batch 4
Crest-factor degradation,"Acoustic/Loudspeaker Measurement, Distortion & Power",Batch 4
Noncoherent distortion,"Acoustic/Loudspeaker Measurement, Distortion & Power",Batch 4
Coherent distortion,"Acoustic/Loudspeaker Measurement, Distortion & Power",Batch 4
Residual distortion,"Acoustic/Loudspeaker Measurement, Distortion & Power",Batch 4
Distortion residue,"Acoustic/Loudspeaker Measurement, Distortion & Power",Batch 4
Nonlinear impulse response,"Acoustic/Loudspeaker Measurement, Distortion & Power",Batch 4
Higher-order impulse response,"Acoustic/Loudspeaker Measurement, Distortion & Power",Batch 4
Volterra series,"Acoustic/Loudspeaker Measurement, Distortion & Power",Batch 4
Hammerstein model,"Acoustic/Loudspeaker Measurement, Distortion & Power",Batch 4
Wiener model,"Acoustic/Loudspeaker Measurement, Distortion & Power",Batch 4
Wiener–Hammerstein model,"Acoustic/Loudspeaker Measurement, Distortion & Power",Batch 4
Farina harmonic separation,"Acoustic/Loudspeaker Measurement, Distortion & Power",Batch 4
Linearity threshold,"Acoustic/Loudspeaker Measurement, Distortion & Power",Batch 4
Maximum linear SPL,"Acoustic/Loudspeaker Measurement, Distortion & Power",Batch 4
Maximum usable SPL,"Acoustic/Loudspeaker Measurement, Distortion & Power",Batch 4
Multitone coherence,"Acoustic/Loudspeaker Measurement, Distortion & Power",Batch 4
Spectral contamination,"DSP, Signal Analysis & Electroacoustic Modeling",Batch 4
Spurious-free dynamic range,"Acoustic/Loudspeaker Measurement, Distortion & Power",Batch 4
Maximum linear output,"Acoustic/Loudspeaker Measurement, Distortion & Power",Batch 4
Maximum acoustic output,"Acoustic/Loudspeaker Measurement, Distortion & Power",Batch 4
Maximum continuous SPL,"Acoustic/Loudspeaker Measurement, Distortion & Power",Batch 4
Maximum peak SPL,"Acoustic/Loudspeaker Measurement, Distortion & Power",Batch 4
Short-term maximum SPL,"Acoustic/Loudspeaker Measurement, Distortion & Power",Batch 4
Long-term maximum SPL,"Acoustic/Loudspeaker Measurement, Distortion & Power",Batch 4
Burst SPL,"Acoustic/Loudspeaker Measurement, Distortion & Power",Batch 4
Peak-to-average ratio,"Acoustic/Loudspeaker Measurement, Distortion & Power",Batch 4
Compression-limited output,"Acoustic/Loudspeaker Measurement, Distortion & Power",Batch 4
Distortion-limited output,"Acoustic/Loudspeaker Measurement, Distortion & Power",Batch 4
Excursion-limited output,"Acoustic/Loudspeaker Measurement, Distortion & Power",Batch 4
Voltage-limited output,"Acoustic/Loudspeaker Measurement, Distortion & Power",Batch 4
Current-limited output,"Acoustic/Loudspeaker Measurement, Distortion & Power",Batch 4
Continuous power handling,"Acoustic/Loudspeaker Measurement, Distortion & Power",Batch 4
Peak power,"Acoustic/Loudspeaker Measurement, Distortion & Power",Batch 4
Short-term power,"DSP, Signal Analysis & Electroacoustic Modeling",Batch 4
Long-term power,"DSP, Signal Analysis & Electroacoustic Modeling",Batch 4
Power-test noise,"Acoustic/Loudspeaker Measurement, Distortion & Power",Batch 4
Pink-noise power test,"Acoustic/Loudspeaker Measurement, Distortion & Power",Batch 4
Shaped-noise test,"Acoustic/Loudspeaker Measurement, Distortion & Power",Batch 4
IEC noise,"Acoustic/Loudspeaker Measurement, Distortion & Power",Batch 4
M-Noise,"Acoustic/Loudspeaker Measurement, Distortion & Power",Batch 4
Maximum linear sound level,"Acoustic/Loudspeaker Measurement, Distortion & Power",Batch 4
Acoustic compression,"Acoustic/Loudspeaker Measurement, Distortion & Power",Batch 4
Magnitude linearity,"Acoustic/Loudspeaker Measurement, Distortion & Power",Batch 4
Coherence degradation,"Acoustic/Loudspeaker Measurement, Distortion & Power",Batch 4
Test-signal spectrum,"Acoustic/Loudspeaker Measurement, Distortion & Power",Batch 4
Spectral crest factor,"Acoustic/Loudspeaker Measurement, Distortion & Power",Batch 4
Integrating sound-level meter,"Acoustic/Loudspeaker Measurement, Distortion & Power",Batch 4
Integrating-averaging sound-level meter,"Acoustic/Loudspeaker Measurement, Distortion & Power",Batch 4
Time-weighting sound-level meter,"Acoustic/Loudspeaker Measurement, Distortion & Power",Batch 4
Exponential time weighting,"Acoustic/Loudspeaker Measurement, Distortion & Power",Batch 4
Slow time weighting,"Acoustic/Loudspeaker Measurement, Distortion & Power",Batch 4
Impulse time weighting,"Acoustic/Loudspeaker Measurement, Distortion & Power",Batch 4
Sound exposure,"DSP, Signal Analysis & Electroacoustic Modeling",Batch 4
Time-average sound level,"DSP, Signal Analysis & Electroacoustic Modeling",Batch 4
LZeq,"Acoustic/Loudspeaker Measurement, Distortion & Power",Batch 4
Maximum sound level,"DSP, Signal Analysis & Electroacoustic Modeling",Batch 4
Minimum sound level,"DSP, Signal Analysis & Electroacoustic Modeling",Batch 4
LAFmax,"Acoustic/Loudspeaker Measurement, Distortion & Power",Batch 4
LASmax,"Acoustic/Loudspeaker Measurement, Distortion & Power",Batch 4
LCFmax,"Acoustic/Loudspeaker Measurement, Distortion & Power",Batch 4
Peak C-weighted level,"DSP, Signal Analysis & Electroacoustic Modeling",Batch 4
Statistical sound level,"DSP, Signal Analysis & Electroacoustic Modeling",Batch 4
Exceedance level,"Acoustic/Loudspeaker Measurement, Distortion & Power",Batch 4
Percentile level,"Acoustic/Loudspeaker Measurement, Distortion & Power",Batch 4
Day–night average sound level,"Acoustic/Loudspeaker Measurement, Distortion & Power",Batch 4
Community-noise equivalent level,"Acoustic/Loudspeaker Measurement, Distortion & Power",Batch 4
Noise dose,"Acoustic/Loudspeaker Measurement, Distortion & Power",Batch 4
Exchange rate,"Acoustic/Loudspeaker Measurement, Distortion & Power",Batch 4
Criterion level,"Acoustic/Loudspeaker Measurement, Distortion & Power",Batch 4
Threshold level,"Acoustic/Loudspeaker Measurement, Distortion & Power",Batch 4
Octave-band level,"Acoustic/Loudspeaker Measurement, Distortion & Power",Batch 4
Fractional-octave-band level,"Acoustic/Loudspeaker Measurement, Distortion & Power",Batch 4
One-third-octave analysis,"DSP, Signal Analysis & Electroacoustic Modeling",Batch 4
Tonality,"Acoustic/Loudspeaker Measurement, Distortion & Power",Batch 4
Prominent discrete tone,"Acoustic/Loudspeaker Measurement, Distortion & Power",Batch 4
Impulsiveness,"Acoustic/Loudspeaker Measurement, Distortion & Power",Batch 4
Event sound level,"Acoustic/Loudspeaker Measurement, Distortion & Power",Batch 4
Maximum-event level,"DSP, Signal Analysis & Electroacoustic Modeling",Batch 4
Background sound level,"DSP, Signal Analysis & Electroacoustic Modeling",Batch 4
Residual sound level,"DSP, Signal Analysis & Electroacoustic Modeling",Batch 4
Specific sound level,"DSP, Signal Analysis & Electroacoustic Modeling",Batch 4
Rating level,"Acoustic/Loudspeaker Measurement, Distortion & Power",Batch 4
Active intensity,"Acoustic/Loudspeaker Measurement, Distortion & Power",Batch 4
Reactive intensity,"Acoustic/Loudspeaker Measurement, Distortion & Power",Batch 4
Instantaneous intensity,"DSP, Signal Analysis & Electroacoustic Modeling",Batch 4
Time-averaged intensity,"DSP, Signal Analysis & Electroacoustic Modeling",Batch 4
Intensity vector,"Acoustic/Loudspeaker Measurement, Distortion & Power",Batch 4
Intensity probe,"Acoustic/Loudspeaker Measurement, Distortion & Power",Batch 4
Pressure–pressure intensity probe,"Acoustic/Loudspeaker Measurement, Distortion & Power",Batch 4
Pressure–velocity intensity probe,"Acoustic/Loudspeaker Measurement, Distortion & Power",Batch 4
Phase mismatch,"DSP, Signal Analysis & Electroacoustic Modeling",Batch 4
Residual intensity,"Acoustic/Loudspeaker Measurement, Distortion & Power",Batch 4
Pressure–intensity index,"Acoustic/Loudspeaker Measurement, Distortion & Power",Batch 4
Field reactivity,"Acoustic/Loudspeaker Measurement, Distortion & Power",Batch 4
Dynamic capability,"DSP, Signal Analysis & Electroacoustic Modeling",Batch 4
Spacer distance,"Acoustic/Loudspeaker Measurement, Distortion & Power",Batch 4
Probe orientation,"DSP, Signal Analysis & Electroacoustic Modeling",Batch 4
Surface scanning,"Acoustic/Loudspeaker Measurement, Distortion & Power",Batch 4
Discrete-point measurement,"DSP, Signal Analysis & Electroacoustic Modeling",Batch 4
Measurement surface,"DSP, Signal Analysis & Electroacoustic Modeling",Batch 4
Enveloping surface,"Acoustic/Loudspeaker Measurement, Distortion & Power",Batch 4
Acoustic-power determination,"Acoustic/Loudspeaker Measurement, Distortion & Power",Batch 4
Sound-power source,"Acoustic/Loudspeaker Measurement, Distortion & Power",Batch 4
Reference sound source,"Acoustic/Loudspeaker Measurement, Distortion & Power",Batch 4
Comparison method,"Acoustic/Loudspeaker Measurement, Distortion & Power",Batch 4
Reverberation-room method,"Acoustic/Loudspeaker Measurement, Distortion & Power",Batch 4
Anechoic-room method,"Acoustic/Loudspeaker Measurement, Distortion & Power",Batch 4
Intensity method,"Acoustic/Loudspeaker Measurement, Distortion & Power",Batch 4
Engineering-grade measurement,"DSP, Signal Analysis & Electroacoustic Modeling",Batch 4
Precision-grade measurement,"DSP, Signal Analysis & Electroacoustic Modeling",Batch 4
Survey-grade measurement,"DSP, Signal Analysis & Electroacoustic Modeling",Batch 4
Directivity correction,"DSP, Signal Analysis & Electroacoustic Modeling",Batch 4
Environmental correction,"DSP, Signal Analysis & Electroacoustic Modeling",Batch 4
Background-noise correction,"DSP, Signal Analysis & Electroacoustic Modeling",Batch 4
Near-field correction,"Acoustic/Loudspeaker Measurement, Distortion & Power",Batch 4
Modal region,"Room, Building & Environmental Acoustics",Batch 4
Transition region,"Wave Physics, Propagation & Fields",Batch 4
Statistical region,"Room, Building & Environmental Acoustics",Batch 4
Modal spacing,"Wave Physics, Propagation & Fields",Batch 4
Mean absorption coefficient,"Wave Physics, Propagation & Fields",Batch 4
Eyring absorption,"Room, Building & Environmental Acoustics",Batch 4
Non-diffuse sound field,"Room, Building & Environmental Acoustics",Batch 4
Sound-field diffuseness,"Room, Building & Environmental Acoustics",Batch 4
Spatial variance,"Wave Physics, Propagation & Fields",Batch 4
Energy decay curve,"Room, Building & Environmental Acoustics",Batch 4
Reverse-time integration,"Wave Physics, Propagation & Fields",Batch 4
Interrupted-noise method,"Wave Physics, Propagation & Fields",Batch 4
Integrated impulse-response method,"Wave Physics, Propagation & Fields",Batch 4
T10,"Room, Building & Environmental Acoustics",Batch 4
Center time,"Room, Building & Environmental Acoustics",Batch 4
Ts,"Wave Physics, Propagation & Fields",Batch 4
Definition,"Room, Building & Environmental Acoustics",Batch 4
C50,"Room, Building & Environmental Acoustics",Batch 4
C80,"Room, Building & Environmental Acoustics",Batch 4
Strength,"Wave Physics, Propagation & Fields",Batch 4
Bass ratio,"Wave Physics, Propagation & Fields",Batch 4
Brilliance,"Wave Physics, Propagation & Fields",Batch 4
Late lateral sound level,"Wave Physics, Propagation & Fields",Batch 4
Binaural quality index,"Wave Physics, Propagation & Fields",Batch 4
Stage support,"Room, Building & Environmental Acoustics",Batch 4
STearly,"Wave Physics, Propagation & Fields",Batch 4
STlate,"Wave Physics, Propagation & Fields",Batch 4
Echo criterion,"Room, Building & Environmental Acoustics",Batch 4
Speech clarity,"Room, Building & Environmental Acoustics",Batch 4
Musical clarity,"Room, Building & Environmental Acoustics",Batch 4
Finite-element analysis,"Nonlinear, Structural, Aero & Materials Acoustics",Batch 4
Boundary-element analysis,"Nonlinear, Structural, Aero & Materials Acoustics",Batch 4
Finite-difference method,"Nonlinear, Structural, Aero & Materials Acoustics",Batch 4
Discontinuous Galerkin method,"Nonlinear, Structural, Aero & Materials Acoustics",Batch 4
Spectral-element method,"Nonlinear, Structural, Aero & Materials Acoustics",Batch 4
Wave-based method,"Nonlinear, Structural, Aero & Materials Acoustics",Batch 4
Ray tracing,"Nonlinear, Structural, Aero & Materials Acoustics",Batch 4
Image-source method,"Nonlinear, Structural, Aero & Materials Acoustics",Batch 4
Beam tracing,"Nonlinear, Structural, Aero & Materials Acoustics",Batch 4
Phonon tracing,"Nonlinear, Structural, Aero & Materials Acoustics",Batch 4
Geometrical-acoustics simulation,"Nonlinear, Structural, Aero & Materials Acoustics",Batch 4
Hybrid acoustic simulation,"Nonlinear, Structural, Aero & Materials Acoustics",Batch 4
Statistical energy analysis,"Nonlinear, Structural, Aero & Materials Acoustics",Batch 4
SEA,"Nonlinear, Structural, Aero & Materials Acoustics",Batch 4
Energy finite-element analysis,"Nonlinear, Structural, Aero & Materials Acoustics",Batch 4
Transfer-matrix method,"Nonlinear, Structural, Aero & Materials Acoustics",Batch 4
Transmission-line matrix,"Nonlinear, Structural, Aero & Materials Acoustics",Batch 4
Equivalent-fluid model,"Nonlinear, Structural, Aero & Materials Acoustics",Batch 4
Johnson–Champoux–Allard model,"Nonlinear, Structural, Aero & Materials Acoustics",Batch 4
Biot theory,"Nonlinear, Structural, Aero & Materials Acoustics",Batch 4
Poroelastic model,"Nonlinear, Structural, Aero & Materials Acoustics",Batch 4
Perfectly matched layer,"Nonlinear, Structural, Aero & Materials Acoustics",Batch 4
Absorbing boundary condition,"Nonlinear, Structural, Aero & Materials Acoustics",Batch 4
Mesh convergence,"Nonlinear, Structural, Aero & Materials Acoustics",Batch 4
Element order,"Wave Physics, Propagation & Fields",Batch 4
Numerical dispersion,"Nonlinear, Structural, Aero & Materials Acoustics",Batch 4
Numerical dissipation,"Nonlinear, Structural, Aero & Materials Acoustics",Batch 4
Courant condition,"Nonlinear, Structural, Aero & Materials Acoustics",Batch 4
Spatial discretization,"Nonlinear, Structural, Aero & Materials Acoustics",Batch 4
Temporal discretization,"Nonlinear, Structural, Aero & Materials Acoustics",Batch 4
Model-order reduction,"Nonlinear, Structural, Aero & Materials Acoustics",Batch 4
Reduced-order model,"Nonlinear, Structural, Aero & Materials Acoustics",Batch 4
Lumped-element approximation,"Wave Physics, Propagation & Fields",Batch 4
Distributed-parameter model,"Wave Physics, Propagation & Fields",Batch 4
Coupled-field simulation,"Nonlinear, Structural, Aero & Materials Acoustics",Batch 4
Multiphysics simulation,"Nonlinear, Structural, Aero & Materials Acoustics",Batch 4
Fibrous absorber,"Room, Building & Environmental Acoustics",Batch 4
Open-cell foam,"Nonlinear, Structural, Aero & Materials Acoustics",Batch 4
Closed-cell foam,"Nonlinear, Structural, Aero & Materials Acoustics",Batch 4
Flow resistivity,"Nonlinear, Structural, Aero & Materials Acoustics",Batch 4
Tortuosity,"Nonlinear, Structural, Aero & Materials Acoustics",Batch 4
Porosity,"Nonlinear, Structural, Aero & Materials Acoustics",Batch 4
Viscous characteristic length,"Nonlinear, Structural, Aero & Materials Acoustics",Batch 4
Thermal characteristic length,"Nonlinear, Structural, Aero & Materials Acoustics",Batch 4
Bulk density,"Wave Physics, Propagation & Fields",Batch 4
Complex bulk modulus,"Nonlinear, Structural, Aero & Materials Acoustics",Batch 4
Complex density,"Nonlinear, Structural, Aero & Materials Acoustics",Batch 4
Propagation constant,"Wave Physics, Propagation & Fields",Batch 4
Normal-incidence impedance,"Wave Physics, Propagation & Fields",Batch 4
Surface impedance,"Wave Physics, Propagation & Fields",Batch 4
Slotted-panel absorber,"Room, Building & Environmental Acoustics",Batch 4
Distributed Helmholtz resonator,"Wave Physics, Propagation & Fields",Batch 4
Quarter-wave absorber,"Room, Building & Environmental Acoustics",Batch 4
Locally reacting absorber,"Room, Building & Environmental Acoustics",Batch 4
Nonlocally reacting absorber,"Room, Building & Environmental Acoustics",Batch 4
Sonic crystal,"Nonlinear, Structural, Aero & Materials Acoustics",Batch 4
Phononic bandgap,"Nonlinear, Structural, Aero & Materials Acoustics",Batch 4
Coiled-space resonator,"Nonlinear, Structural, Aero & Materials Acoustics",Batch 4
Space-coiling metamaterial,"Nonlinear, Structural, Aero & Materials Acoustics",Batch 4
Labyrinthine metamaterial,"Nonlinear, Structural, Aero & Materials Acoustics",Batch 4
Acoustic metasurface,"Nonlinear, Structural, Aero & Materials Acoustics",Batch 4
Gradient-index acoustic material,"Nonlinear, Structural, Aero & Materials Acoustics",Batch 4
Acoustic impedance matching layer,"Nonlinear, Structural, Aero & Materials Acoustics",Batch 4
Anechoic coating,"Nonlinear, Structural, Aero & Materials Acoustics",Batch 4
Constrained-layer damping material,"Nonlinear, Structural, Aero & Materials Acoustics",Batch 4
Piezoelectric element,"Ultrasonics, Underwater, Spatial & Psychoacoustic Science",Batch 4
Piezoelectric stack,"Ultrasonics, Underwater, Spatial & Psychoacoustic Science",Batch 4
Langevin transducer,"Ultrasonics, Underwater, Spatial & Psychoacoustic Science",Batch 4
Tonpilz transducer,"Ultrasonics, Underwater, Spatial & Psychoacoustic Science",Batch 4
Flextensional transducer,"Ultrasonics, Underwater, Spatial & Psychoacoustic Science",Batch 4
Cymbal transducer,"Ultrasonics, Underwater, Spatial & Psychoacoustic Science",Batch 4
Capacitive micromachined ultrasonic transducer,"Ultrasonics, Underwater, Spatial & Psychoacoustic Science",Batch 4
CMUT,"Ultrasonics, Underwater, Spatial & Psychoacoustic Science",Batch 4
Piezoelectric micromachined ultrasonic transducer,"Ultrasonics, Underwater, Spatial & Psychoacoustic Science",Batch 4
PMUT,"Ultrasonics, Underwater, Spatial & Psychoacoustic Science",Batch 4
Ultrasonic horn,"Ultrasonics, Underwater, Spatial & Psychoacoustic Science",Batch 4
Sonotrode,"Ultrasonics, Underwater, Spatial & Psychoacoustic Science",Batch 4
Acoustic matching layer,"Ultrasonics, Underwater, Spatial & Psychoacoustic Science",Batch 4
Backing layer,"Ultrasonics, Underwater, Spatial & Psychoacoustic Science",Batch 4
Quarter-wave matching layer,"Ultrasonics, Underwater, Spatial & Psychoacoustic Science",Batch 4
Electromechanical coupling coefficient,"Ultrasonics, Underwater, Spatial & Psychoacoustic Science",Batch 4
Thickness mode,"Ultrasonics, Underwater, Spatial & Psychoacoustic Science",Batch 4
Lateral mode,"Ultrasonics, Underwater, Spatial & Psychoacoustic Science",Batch 4
Shear mode,"Ultrasonics, Underwater, Spatial & Psychoacoustic Science",Batch 4
Pulse-echo mode,"Ultrasonics, Underwater, Spatial & Psychoacoustic Science",Batch 4
Through-transmission mode,"Ultrasonics, Underwater, Spatial & Psychoacoustic Science",Batch 4
Time-of-flight diffraction,"Ultrasonics, Underwater, Spatial & Psychoacoustic Science",Batch 4
Ultrasonic attenuation,"Ultrasonics, Underwater, Spatial & Psychoacoustic Science",Batch 4
Acoustic-emission sensor,"Ultrasonics, Underwater, Spatial & Psychoacoustic Science",Batch 4
Guided-wave inspection,"Ultrasonics, Underwater, Spatial & Psychoacoustic Science",Batch 4
Phased-array ultrasonics,"Ultrasonics, Underwater, Spatial & Psychoacoustic Science",Batch 4
Electronic focusing,"Ultrasonics, Underwater, Spatial & Psychoacoustic Science",Batch 4
Focal law,"Ultrasonics, Underwater, Spatial & Psychoacoustic Science",Batch 4
Near-field length,"Ultrasonics, Underwater, Spatial & Psychoacoustic Science",Batch 4
Dead zone,"Ultrasonics, Underwater, Spatial & Psychoacoustic Science",Batch 4
Axial resolution,"Ultrasonics, Underwater, Spatial & Psychoacoustic Science",Batch 4
Lateral resolution,"Ultrasonics, Underwater, Spatial & Psychoacoustic Science",Batch 4
Doppler shift,"Ultrasonics, Underwater, Spatial & Psychoacoustic Science",Batch 4
Continuous-wave Doppler,"Ultrasonics, Underwater, Spatial & Psychoacoustic Science",Batch 4
Pulsed-wave Doppler,"Ultrasonics, Underwater, Spatial & Psychoacoustic Science",Batch 4
Acoustic radiation-force impulse,"Ultrasonics, Underwater, Spatial & Psychoacoustic Science",Batch 4
Shear-wave elastography,"Ultrasonics, Underwater, Spatial & Psychoacoustic Science",Batch 4
Vector hydrophone,"Ultrasonics, Underwater, Spatial & Psychoacoustic Science",Batch 4
Pressure hydrophone,"Ultrasonics, Underwater, Spatial & Psychoacoustic Science",Batch 4
Particle-velocity hydrophone,"Ultrasonics, Underwater, Spatial & Psychoacoustic Science",Batch 4
Sonobuoy,"Ultrasonics, Underwater, Spatial & Psychoacoustic Science",Batch 4
Towed array,"Ultrasonics, Underwater, Spatial & Psychoacoustic Science",Batch 4
Hull-mounted array,"Ultrasonics, Underwater, Spatial & Psychoacoustic Science",Batch 4
Flank array,"Ultrasonics, Underwater, Spatial & Psychoacoustic Science",Batch 4
Planar sonar array,"Ultrasonics, Underwater, Spatial & Psychoacoustic Science",Batch 4
Spherical sonar array,"Ultrasonics, Underwater, Spatial & Psychoacoustic Science",Batch 4
Beamformed sonar,"Ultrasonics, Underwater, Spatial & Psychoacoustic Science",Batch 4
Active sonar,"Ultrasonics, Underwater, Spatial & Psychoacoustic Science",Batch 4
Passive sonar,"Ultrasonics, Underwater, Spatial & Psychoacoustic Science",Batch 4
Multibeam sonar,"Ultrasonics, Underwater, Spatial & Psychoacoustic Science",Batch 4
Side-scan sonar,"Ultrasonics, Underwater, Spatial & Psychoacoustic Science",Batch 4
Synthetic-aperture sonar,"Ultrasonics, Underwater, Spatial & Psychoacoustic Science",Batch 4
Forward-looking sonar,"Ultrasonics, Underwater, Spatial & Psychoacoustic Science",Batch 4
Echo sounder,"Ultrasonics, Underwater, Spatial & Psychoacoustic Science",Batch 4
Pinger,"Ultrasonics, Underwater, Spatial & Psychoacoustic Science",Batch 4
Transponder,"Ultrasonics, Underwater, Spatial & Psychoacoustic Science",Batch 4
Underwater acoustic modem,"Ultrasonics, Underwater, Spatial & Psychoacoustic Science",Batch 4
Sound-speed profile,"Ultrasonics, Underwater, Spatial & Psychoacoustic Science",Batch 4
Thermocline,"Ultrasonics, Underwater, Spatial & Psychoacoustic Science",Batch 4
SOFAR channel,"Ultrasonics, Underwater, Spatial & Psychoacoustic Science",Batch 4
Deep sound channel,"Ultrasonics, Underwater, Spatial & Psychoacoustic Science",Batch 4
Surface duct,"Ultrasonics, Underwater, Spatial & Psychoacoustic Science",Batch 4
Bottom bounce,"Ultrasonics, Underwater, Spatial & Psychoacoustic Science",Batch 4
Convergence zone,"Ultrasonics, Underwater, Spatial & Psychoacoustic Science",Batch 4
Multipath propagation,"Ultrasonics, Underwater, Spatial & Psychoacoustic Science",Batch 4
Reverberation level,"Ultrasonics, Underwater, Spatial & Psychoacoustic Science",Batch 4
Target strength,"Ultrasonics, Underwater, Spatial & Psychoacoustic Science",Batch 4
Source level,"Ultrasonics, Underwater, Spatial & Psychoacoustic Science",Batch 4
Detection threshold,"Ultrasonics, Underwater, Spatial & Psychoacoustic Science",Batch 4
Ambient-noise level,"Ultrasonics, Underwater, Spatial & Psychoacoustic Science",Batch 4
Cavitation noise,"Ultrasonics, Underwater, Spatial & Psychoacoustic Science",Batch 4
Array gain,"Ultrasonics, Underwater, Spatial & Psychoacoustic Science",Batch 4
Directivity gain,"Ultrasonics, Underwater, Spatial & Psychoacoustic Science",Batch 4
Processing gain,"Ultrasonics, Underwater, Spatial & Psychoacoustic Science",Batch 4
Matched-field processing,"Ultrasonics, Underwater, Spatial & Psychoacoustic Science",Batch 4
Photoacoustic effect,"Condenser, MEMS, Arrays & Mic Electronics",Batch 4
Optoacoustic effect,"Condenser, MEMS, Arrays & Mic Electronics",Batch 4
Photoacoustic spectroscopy,"Condenser, MEMS, Arrays & Mic Electronics",Batch 4
Photoacoustic cell,"Condenser, MEMS, Arrays & Mic Electronics",Batch 4
Resonant photoacoustic cell,"Condenser, MEMS, Arrays & Mic Electronics",Batch 4
Nonresonant photoacoustic cell,"Condenser, MEMS, Arrays & Mic Electronics",Batch 4
Laser Doppler vibrometry,"Condenser, MEMS, Arrays & Mic Electronics",Batch 4
Scanning laser Doppler vibrometry,"Condenser, MEMS, Arrays & Mic Electronics",Batch 4
Heterodyne interferometry,"Condenser, MEMS, Arrays & Mic Electronics",Batch 4
Homodyne interferometry,"Condenser, MEMS, Arrays & Mic Electronics",Batch 4
Optical microphone,Microphone Transduction & Types,Batch 4
Fabry–Pérot microphone,"Condenser, MEMS, Arrays & Mic Electronics",Batch 4
Mach–Zehnder interferometer,"Condenser, MEMS, Arrays & Mic Electronics",Batch 4
Michelson interferometer,"Condenser, MEMS, Arrays & Mic Electronics",Batch 4
Optical phase modulation,"Condenser, MEMS, Arrays & Mic Electronics",Batch 4
Optical intensity modulation,"Condenser, MEMS, Arrays & Mic Electronics",Batch 4
Speckle interferometry,"Condenser, MEMS, Arrays & Mic Electronics",Batch 4
Remote vibrometry,"Condenser, MEMS, Arrays & Mic Electronics",Batch 4
Surface-velocity measurement,Microphone Transduction & Types,Batch 4
Noncontact vibration measurement,Microphone Transduction & Types,Batch 4
Photothermal excitation,"Condenser, MEMS, Arrays & Mic Electronics",Batch 4
Photoacoustic imaging,"Condenser, MEMS, Arrays & Mic Electronics",Batch 4
Optoacoustic tomography,"Condenser, MEMS, Arrays & Mic Electronics",Batch 4
Laser ultrasonics,"Condenser, MEMS, Arrays & Mic Electronics",Batch 4
Interferometric displacement sensitivity,"Condenser, MEMS, Arrays & Mic Electronics",Batch 4
Auditory filter,"Ultrasonics, Underwater, Spatial & Psychoacoustic Science",Batch 4
ERB,"Ultrasonics, Underwater, Spatial & Psychoacoustic Science",Batch 4
Critical-band rate,"Ultrasonics, Underwater, Spatial & Psychoacoustic Science",Batch 4
Mel scale,"Ultrasonics, Underwater, Spatial & Psychoacoustic Science",Batch 4
Auditory excitation pattern,"Ultrasonics, Underwater, Spatial & Psychoacoustic Science",Batch 4
Specific loudness,"Ultrasonics, Underwater, Spatial & Psychoacoustic Science",Batch 4
Loudness level,"Ultrasonics, Underwater, Spatial & Psychoacoustic Science",Batch 4
Binaural loudness,"Ultrasonics, Underwater, Spatial & Psychoacoustic Science",Batch 4
Loudness summation,"Ultrasonics, Underwater, Spatial & Psychoacoustic Science",Batch 4
Spectral loudness summation,"Ultrasonics, Underwater, Spatial & Psychoacoustic Science",Batch 4
Auditory compression,"Ultrasonics, Underwater, Spatial & Psychoacoustic Science",Batch 4
Cochlear compression,"Ultrasonics, Underwater, Spatial & Psychoacoustic Science",Batch 4
Simultaneous masking,"Ultrasonics, Underwater, Spatial & Psychoacoustic Science",Batch 4
Forward masking,"Ultrasonics, Underwater, Spatial & Psychoacoustic Science",Batch 4
Energetic masking,"Ultrasonics, Underwater, Spatial & Psychoacoustic Science",Batch 4
Equalization-cancellation model,"Ultrasonics, Underwater, Spatial & Psychoacoustic Science",Batch 4
Residue pitch,"Ultrasonics, Underwater, Spatial & Psychoacoustic Science",Batch 4
Spectral pitch,"Ultrasonics, Underwater, Spatial & Psychoacoustic Science",Batch 4
Temporal pitch,"Ultrasonics, Underwater, Spatial & Psychoacoustic Science",Batch 4
Roughness,"Ultrasonics, Underwater, Spatial & Psychoacoustic Science",Batch 4
Fluctuation strength,"Ultrasonics, Underwater, Spatial & Psychoacoustic Science",Batch 4
Sensory pleasantness,"Ultrasonics, Underwater, Spatial & Psychoacoustic Science",Batch 4
Stream segregation,"Ultrasonics, Underwater, Spatial & Psychoacoustic Science",Batch 4
Auditory object,"Ultrasonics, Underwater, Spatial & Psychoacoustic Science",Batch 4
Common-fate grouping,"Ultrasonics, Underwater, Spatial & Psychoacoustic Science",Batch 4
Harmonicity cue,"Ultrasonics, Underwater, Spatial & Psychoacoustic Science",Batch 4
Onset synchrony,"Ultrasonics, Underwater, Spatial & Psychoacoustic Science",Batch 4
Spectral spread,"Ultrasonics, Underwater, Spatial & Psychoacoustic Science",Batch 4
Temporal envelope,"Ultrasonics, Underwater, Spatial & Psychoacoustic Science",Batch 4
HRTF,"Ultrasonics, Underwater, Spatial & Psychoacoustic Science",Batch 4
HRIR,"Ultrasonics, Underwater, Spatial & Psychoacoustic Science",Batch 4
Interaural cross-correlation,"Ultrasonics, Underwater, Spatial & Psychoacoustic Science",Batch 4
Front–back reversal,"Ultrasonics, Underwater, Spatial & Psychoacoustic Science",Batch 4
Externalization,"Ultrasonics, Underwater, Spatial & Psychoacoustic Science",Batch 4
Intracranial localization,"Ultrasonics, Underwater, Spatial & Psychoacoustic Science",Batch 4
Auditory parallax,"Ultrasonics, Underwater, Spatial & Psychoacoustic Science",Batch 4
Dynamic localization cue,"Ultrasonics, Underwater, Spatial & Psychoacoustic Science",Batch 4
Head-motion cue,"Ultrasonics, Underwater, Spatial & Psychoacoustic Science",Batch 4
Spectral notch,"Ultrasonics, Underwater, Spatial & Psychoacoustic Science",Batch 4
BRIR,"Ultrasonics, Underwater, Spatial & Psychoacoustic Science",Batch 4
Binaural synthesis,"Ultrasonics, Underwater, Spatial & Psychoacoustic Science",Batch 4
Crosstalk cancellation,"Ultrasonics, Underwater, Spatial & Psychoacoustic Science",Batch 4
Ambisonics,"Ultrasonics, Underwater, Spatial & Psychoacoustic Science",Batch 4
Spherical harmonic decomposition,"Ultrasonics, Underwater, Spatial & Psychoacoustic Science",Batch 4
Ambisonic order,"Ultrasonics, Underwater, Spatial & Psychoacoustic Science",Batch 4
Ambisonic normalization,"Ultrasonics, Underwater, Spatial & Psychoacoustic Science",Batch 4
Near-field compensation,"Ultrasonics, Underwater, Spatial & Psychoacoustic Science",Batch 4
Radial filter,"Ultrasonics, Underwater, Spatial & Psychoacoustic Science",Batch 4
Kirchhoff–Helmholtz integral,"Ultrasonics, Underwater, Spatial & Psychoacoustic Science",Batch 4
Huygens principle,"Ultrasonics, Underwater, Spatial & Psychoacoustic Science",Batch 4
Sound-field synthesis,"Ultrasonics, Underwater, Spatial & Psychoacoustic Science",Batch 4
Sound-zone control,"Ultrasonics, Underwater, Spatial & Psychoacoustic Science",Batch 4
Personal sound zone,"Ultrasonics, Underwater, Spatial & Psychoacoustic Science",Batch 4
Acoustic contrast control,"Ultrasonics, Underwater, Spatial & Psychoacoustic Science",Batch 4
Pressure matching,"Ultrasonics, Underwater, Spatial & Psychoacoustic Science",Batch 4
Multizone reproduction,"Ultrasonics, Underwater, Spatial & Psychoacoustic Science",Batch 4
Instantaneous amplitude,"DSP, Signal Analysis & Electroacoustic Modeling",Batch 4
Instantaneous phase,"DSP, Signal Analysis & Electroacoustic Modeling",Batch 4
Complex envelope,"DSP, Signal Analysis & Electroacoustic Modeling",Batch 4
Quadrature signal,"DSP, Signal Analysis & Electroacoustic Modeling",Batch 4
Time–frequency representation,"DSP, Signal Analysis & Electroacoustic Modeling",Batch 4
Continuous wavelet transform,"DSP, Signal Analysis & Electroacoustic Modeling",Batch 4
Discrete wavelet transform,"DSP, Signal Analysis & Electroacoustic Modeling",Batch 4
Wigner–Ville distribution,"DSP, Signal Analysis & Electroacoustic Modeling",Batch 4
Cohen's class,"DSP, Signal Analysis & Electroacoustic Modeling",Batch 4
Reassigned spectrogram,"DSP, Signal Analysis & Electroacoustic Modeling",Batch 4
Synchrosqueezing,"DSP, Signal Analysis & Electroacoustic Modeling",Batch 4
Constant-Q transform,"DSP, Signal Analysis & Electroacoustic Modeling",Batch 4
Gammatone transform,"DSP, Signal Analysis & Electroacoustic Modeling",Batch 4
Auditory filterbank,"DSP, Signal Analysis & Electroacoustic Modeling",Batch 4
Mel-frequency spectrum,"DSP, Signal Analysis & Electroacoustic Modeling",Batch 4
Real cepstrum,"DSP, Signal Analysis & Electroacoustic Modeling",Batch 4
Complex cepstrum,"DSP, Signal Analysis & Electroacoustic Modeling",Batch 4
Power cepstrum,"DSP, Signal Analysis & Electroacoustic Modeling",Batch 4
Liftering,"DSP, Signal Analysis & Electroacoustic Modeling",Batch 4
Homomorphic analysis,"DSP, Signal Analysis & Electroacoustic Modeling",Batch 4
Bispectrum,"DSP, Signal Analysis & Electroacoustic Modeling",Batch 4
Bicoherence,"Acoustic/Loudspeaker Measurement, Distortion & Power",Batch 4
Higher-order spectrum,"DSP, Signal Analysis & Electroacoustic Modeling",Batch 4
Cyclostationary analysis,"DSP, Signal Analysis & Electroacoustic Modeling",Batch 4
Order tracking,"DSP, Signal Analysis & Electroacoustic Modeling",Batch 4
Synchronous averaging,"DSP, Signal Analysis & Electroacoustic Modeling",Batch 4
Envelope analysis,"DSP, Signal Analysis & Electroacoustic Modeling",Batch 4
Spectral kurtosis,"DSP, Signal Analysis & Electroacoustic Modeling",Batch 4
Kurtogram,"DSP, Signal Analysis & Electroacoustic Modeling",Batch 4
Partial coherence,"Acoustic/Loudspeaker Measurement, Distortion & Power",Batch 4
Multiple coherence,"Acoustic/Loudspeaker Measurement, Distortion & Power",Batch 4
Operational transfer-path analysis,"DSP, Signal Analysis & Electroacoustic Modeling",Batch 4
Independent-component analysis,"DSP, Signal Analysis & Electroacoustic Modeling",Batch 4
Metrology,"Acoustic/Loudspeaker Measurement, Distortion & Power",Batch 4
Acoustical metrology,"Acoustic/Loudspeaker Measurement, Distortion & Power",Batch 4
Measurand,"Acoustic/Loudspeaker Measurement, Distortion & Power",Batch 4
Measurement model,"Acoustic/Loudspeaker Measurement, Distortion & Power",Batch 4
Measurement function,"Acoustic/Loudspeaker Measurement, Distortion & Power",Batch 4
Indication,"DSP, Signal Analysis & Electroacoustic Modeling",Batch 4
Measurement result,"Acoustic/Loudspeaker Measurement, Distortion & Power",Batch 4
Adjustment,"DSP, Signal Analysis & Electroacoustic Modeling",Batch 4
Validation,"DSP, Signal Analysis & Electroacoustic Modeling",Batch 4
Traceability,"Acoustic/Loudspeaker Measurement, Distortion & Power",Batch 4
Metrological traceability,"Acoustic/Loudspeaker Measurement, Distortion & Power",Batch 4
Reference standard,"Acoustic/Loudspeaker Measurement, Distortion & Power",Batch 4
Primary standard,"Acoustic/Loudspeaker Measurement, Distortion & Power",Batch 4
Secondary standard,"Acoustic/Loudspeaker Measurement, Distortion & Power",Batch 4
Working standard,"Acoustic/Loudspeaker Measurement, Distortion & Power",Batch 4
Transfer standard,"Acoustic/Loudspeaker Measurement, Distortion & Power",Batch 4
Calibration hierarchy,"Acoustic/Loudspeaker Measurement, Distortion & Power",Batch 4
Standard uncertainty,"Acoustic/Loudspeaker Measurement, Distortion & Power",Batch 4
Combined standard uncertainty,"Acoustic/Loudspeaker Measurement, Distortion & Power",Batch 4
Coverage factor,"Acoustic/Loudspeaker Measurement, Distortion & Power",Batch 4
Coverage probability,"Acoustic/Loudspeaker Measurement, Distortion & Power",Batch 4
Type A evaluation,"Acoustic/Loudspeaker Measurement, Distortion & Power",Batch 4
Type B evaluation,"Acoustic/Loudspeaker Measurement, Distortion & Power",Batch 4
Uncertainty budget,"Acoustic/Loudspeaker Measurement, Distortion & Power",Batch 4
Sensitivity coefficient,"DSP, Signal Analysis & Electroacoustic Modeling",Batch 4
Error distribution,"DSP, Signal Analysis & Electroacoustic Modeling",Batch 4
Repeatability,"Acoustic/Loudspeaker Measurement, Distortion & Power",Batch 4
Reproducibility,"Acoustic/Loudspeaker Measurement, Distortion & Power",Batch 4
Intermediate precision,"Acoustic/Loudspeaker Measurement, Distortion & Power",Batch 4
Resolution,"DSP, Signal Analysis & Electroacoustic Modeling",Batch 4
Accuracy,"DSP, Signal Analysis & Electroacoustic Modeling",Batch 4
Precision,"DSP, Signal Analysis & Electroacoustic Modeling",Batch 4
Systematic error,"Acoustic/Loudspeaker Measurement, Distortion & Power",Batch 4
Random error,"Acoustic/Loudspeaker Measurement, Distortion & Power",Batch 4
Linearity error,"Acoustic/Loudspeaker Measurement, Distortion & Power",Batch 4
Hysteresis error,"Acoustic/Loudspeaker Measurement, Distortion & Power",Batch 4
Long-term stability,"DSP, Signal Analysis & Electroacoustic Modeling",Batch 4
Short-term stability,"DSP, Signal Analysis & Electroacoustic Modeling",Batch 4
Calibration correction,"Acoustic/Loudspeaker Measurement, Distortion & Power",Batch 4
Influence quantity,"Acoustic/Loudspeaker Measurement, Distortion & Power",Batch 4
Guard band,"Acoustic/Loudspeaker Measurement, Distortion & Power",Batch 4
Decision rule,"Acoustic/Loudspeaker Measurement, Distortion & Power",Batch 4
Measurement tolerance,"Acoustic/Loudspeaker Measurement, Distortion & Power",Batch 4
Sound as mechanical energy rather than an object,"Foundations — Sound, Waveform, Level & Phase",Batch 5
Sound as pressure variation,"Foundations — Sound, Waveform, Level & Phase",Batch 5
Sound as particle motion,"Foundations — Sound, Waveform, Level & Phase",Batch 5
Difference between particle motion and wave propagation,"Foundations — Sound, Waveform, Level & Phase",Batch 5
Compression and rarefaction,"Foundations — Sound, Waveform, Level & Phase",Batch 5
Longitudinal wave motion,"Foundations — Sound, Waveform, Level & Phase",Batch 5
Transverse-wave diagrams used to represent longitudinal sound,"Foundations — Sound, Waveform, Level & Phase",Batch 5
Equilibrium pressure,"Foundations — Sound, Waveform, Level & Phase",Batch 5
Atmospheric pressure versus acoustic pressure,"Foundations — Sound, Waveform, Level & Phase",Batch 5
Instantaneous acoustic pressure,"Foundations — Sound, Waveform, Level & Phase",Batch 5
Positive and negative pressure deviation,"Foundations — Sound, Waveform, Level & Phase",Batch 5
Acoustic pressure versus electrical voltage,"Foundations — Sound, Waveform, Level & Phase",Batch 5
Energy transfer without bulk transport of matter,"Foundations — Sound, Waveform, Level & Phase",Batch 5
Sound requiring a transmission medium,"Foundations — Sound, Waveform, Level & Phase",Batch 5
"Sound propagation in gases, liquids, and solids","Foundations — Sound, Waveform, Level & Phase",Batch 5
Propagation speed versus particle velocity,"Foundations — Sound, Waveform, Level & Phase",Batch 5
Wavefronts,"Foundations — Sound, Waveform, Level & Phase",Batch 5
Rays as simplified models of propagation,"Foundations — Sound, Waveform, Level & Phase",Batch 5
Plane waves,"Foundations — Sound, Waveform, Level & Phase",Batch 5
Spherical waves,"Foundations — Sound, Waveform, Level & Phase",Batch 5
Cylindrical waves,"Foundations — Sound, Waveform, Level & Phase",Batch 5
Near-field versus far-field behavior,"Foundations — Sound, Waveform, Level & Phase",Batch 5
Free-field conditions,"Foundations — Sound, Waveform, Level & Phase",Batch 5
Diffuse-field conditions,"Foundations — Sound, Waveform, Level & Phase",Batch 5
Steady-state versus transient sound,"Foundations — Sound, Waveform, Level & Phase",Batch 5
Deterministic versus random signals,"Foundations — Sound, Waveform, Level & Phase",Batch 5
Periodic versus aperiodic signals,"Foundations — Sound, Waveform, Level & Phase",Batch 5
Coherent versus incoherent sound,"Foundations — Sound, Waveform, Level & Phase",Batch 5
Correlated versus uncorrelated signals,"Foundations — Sound, Waveform, Level & Phase",Batch 5
Linear versus nonlinear acoustic behavior,"Foundations — Sound, Waveform, Level & Phase",Batch 5
Polarity,"Foundations — Sound, Waveform, Level & Phase",Batch 5
Phase versus polarity,"Foundations — Sound, Waveform, Level & Phase",Batch 5
Peak amplitude,"Foundations — Sound, Waveform, Level & Phase",Batch 5
Peak-to-peak amplitude,"Foundations — Sound, Waveform, Level & Phase",Batch 5
RMS amplitude,"Foundations — Sound, Waveform, Level & Phase",Batch 5
Average amplitude,"Foundations — Sound, Waveform, Level & Phase",Batch 5
Duty cycle,"Foundations — Sound, Waveform, Level & Phase",Batch 5
Waveform symmetry,"Foundations — Sound, Waveform, Level & Phase",Batch 5
Waveform offset,"Foundations — Sound, Waveform, Level & Phase",Batch 5
Direct-current offset,"Foundations — Sound, Waveform, Level & Phase",Batch 5
Time-domain representation,"Foundations — Sound, Waveform, Level & Phase",Batch 5
Frequency-domain representation,"Foundations — Sound, Waveform, Level & Phase",Batch 5
Phase-domain representation,"Foundations — Sound, Waveform, Level & Phase",Batch 5
Complex-number representation of waves,"Foundations — Sound, Waveform, Level & Phase",Batch 5
Real and imaginary signal components,"Foundations — Sound, Waveform, Level & Phase",Batch 5
Sinusoidal motion,"Foundations — Sound, Waveform, Level & Phase",Batch 5
Initial phase,"Foundations — Sound, Waveform, Level & Phase",Batch 5
Phase accumulation,"Foundations — Sound, Waveform, Level & Phase",Batch 5
Phase delay,"Foundations — Sound, Waveform, Level & Phase",Batch 5
Carrier,"Foundations — Sound, Waveform, Level & Phase",Batch 5
Sidebands,"Foundations — Sound, Waveform, Level & Phase",Batch 5
Beats,"Foundations — Sound, Waveform, Level & Phase",Batch 5
Amplitude envelope versus waveform cycles,"Foundations — Sound, Waveform, Level & Phase",Batch 5
Frequency versus perceived pitch,"Foundations — Sound, Waveform, Level & Phase",Batch 5
Harmonic versus inharmonic partials,"Foundations — Sound, Waveform, Level & Phase",Batch 5
Missing fundamental perception,"Foundations — Sound, Waveform, Level & Phase",Batch 5
Pitch ambiguity,"Foundations — Sound, Waveform, Level & Phase",Batch 5
Pitch class,"Foundations — Sound, Waveform, Level & Phase",Batch 5
Octave equivalence,"Foundations — Sound, Waveform, Level & Phase",Batch 5
Octave frequency ratios,"Foundations — Sound, Waveform, Level & Phase",Batch 5
Semitone frequency ratios,"Foundations — Sound, Waveform, Level & Phase",Batch 5
Equal temperament,"Foundations — Sound, Waveform, Level & Phase",Batch 5
Just intonation,"Foundations — Sound, Waveform, Level & Phase",Batch 5
Musical intervals as ratios,"Foundations — Sound, Waveform, Level & Phase",Batch 5
Frequency-to-note conversion,"Foundations — Sound, Waveform, Level & Phase",Batch 5
Critical bands,"Foundations — Sound, Waveform, Level & Phase",Batch 5
Auditory filters,"Foundations — Sound, Waveform, Level & Phase",Batch 5
Place theory of pitch,"Foundations — Sound, Waveform, Level & Phase",Batch 5
Temporal theory of pitch,"Foundations — Sound, Waveform, Level & Phase",Batch 5
Phase locking in hearing,"Foundations — Sound, Waveform, Level & Phase",Batch 5
Pitch perception of complex tones,"Foundations — Sound, Waveform, Level & Phase",Batch 5
Pitch perception of noise,"Foundations — Sound, Waveform, Level & Phase",Batch 5
Linear amplitude versus logarithmic level,"Foundations — Sound, Waveform, Level & Phase",Batch 5
Why decibels are ratios,"Foundations — Sound, Waveform, Level & Phase",Batch 5
Power ratio versus amplitude ratio,"Foundations — Sound, Waveform, Level & Phase",Batch 5
10 log versus 20 log calculations,"Foundations — Sound, Waveform, Level & Phase",Batch 5
Reference quantities,"Foundations — Sound, Waveform, Level & Phase",Batch 5
Absolute versus relative decibels,"Foundations — Sound, Waveform, Level & Phase",Batch 5
dBW,"Foundations — Sound, Waveform, Level & Phase",Batch 5
dBA,"Foundations — Sound, Waveform, Level & Phase",Batch 5
dBC,"Foundations — Sound, Waveform, Level & Phase",Batch 5
dBZ,"Foundations — Sound, Waveform, Level & Phase",Batch 5
LKFS,"Foundations — Sound, Waveform, Level & Phase",Batch 5
Equivalent continuous level,"Foundations — Sound, Waveform, Level & Phase",Batch 5
Peak level versus RMS level,"Foundations — Sound, Waveform, Level & Phase",Batch 5
Average level versus perceived loudness,"Foundations — Sound, Waveform, Level & Phase",Batch 5
Addition of decibel values,"Foundations — Sound, Waveform, Level & Phase",Batch 5
Subtraction of decibel values,"Foundations — Sound, Waveform, Level & Phase",Batch 5
Doubling power versus doubling amplitude,"Foundations — Sound, Waveform, Level & Phase",Batch 5
Doubling distance versus level change,"Foundations — Sound, Waveform, Level & Phase",Batch 5
Doubling sources versus level change,"Foundations — Sound, Waveform, Level & Phase",Batch 5
Power gain,"Foundations — Sound, Waveform, Level & Phase",Batch 5
Nominal operating level,"Foundations — Sound, Waveform, Level & Phase",Batch 5
Maximum operating level,"Foundations — Sound, Waveform, Level & Phase",Batch 5
Signal-to-distortion ratio,"Foundations — Sound, Waveform, Level & Phase",Batch 5
Effective dynamic range,"Foundations — Sound, Waveform, Level & Phase",Batch 5
Meter integration time,"Foundations — Sound, Waveform, Level & Phase",Batch 5
Crest-factor implications,"Foundations — Sound, Waveform, Level & Phase",Batch 5
Loudness versus level,"Foundations — Sound, Waveform, Level & Phase",Batch 5
Loudness adaptation,"Foundations — Sound, Waveform, Level & Phase",Batch 5
Temporal integration of loudness,"Foundations — Sound, Waveform, Level & Phase",Batch 5
Phase as a relative measurement,"Foundations — Sound, Waveform, Level & Phase",Batch 5
Phase shift versus time delay,"Foundations — Sound, Waveform, Level & Phase",Batch 5
Frequency-dependent phase shift,"Foundations — Sound, Waveform, Level & Phase",Batch 5
Constant time delay producing different phase shifts by frequency,"Foundations — Sound, Waveform, Level & Phase",Batch 5
Partial interference,"Foundations — Sound, Waveform, Level & Phase",Batch 5
Cancellation,"Foundations — Sound, Waveform, Level & Phase",Batch 5
Why cancellation is rarely complete,"Foundations — Sound, Waveform, Level & Phase",Batch 5
Comb-filter spacing,"Foundations — Sound, Waveform, Level & Phase",Batch 5
First cancellation frequency,"Foundations — Sound, Waveform, Level & Phase",Batch 5
Phase inversion,"Foundations — Sound, Waveform, Level & Phase",Batch 5
All-pass behavior,"Foundations — Sound, Waveform, Level & Phase",Batch 5
Minimum-phase systems,"Foundations — Sound, Waveform, Level & Phase",Batch 5
Linear-phase systems,"Foundations — Sound, Waveform, Level & Phase",Batch 5
Nonminimum-phase systems,"Foundations — Sound, Waveform, Level & Phase",Batch 5
Excess phase,"Foundations — Sound, Waveform, Level & Phase",Batch 5
Group-delay distortion,"Foundations — Sound, Waveform, Level & Phase",Batch 5
Interchannel phase difference,"Foundations — Sound, Waveform, Level & Phase",Batch 5
Delay versus latency,"Foundations — Sound, Waveform, Level & Phase",Batch 5
Processing delay,"Foundations — Sound, Waveform, Level & Phase",Batch 5
Buffering delay,"Foundations — Sound, Waveform, Level & Phase",Batch 5
Alignment delay,"Foundations — Sound, Waveform, Level & Phase",Batch 5
Localization dominance,"Foundations — Sound, Waveform, Level & Phase",Batch 5
Fusion threshold,"Foundations — Sound, Waveform, Level & Phase",Batch 5
"Relationship among frequency, wavelength, and sound speed","Wave Physics, Propagation & Fields",Batch 5
Why low frequencies have long wavelengths,"Wave Physics, Propagation & Fields",Batch 5
Why wavelength affects room behavior,"Wave Physics, Propagation & Fields",Batch 5
Quarter-wavelength relationships,"Wave Physics, Propagation & Fields",Batch 5
Half-wavelength relationships,"Wave Physics, Propagation & Fields",Batch 5
Boundary spacing and cancellation,"Wave Physics, Propagation & Fields",Batch 5
Loudspeaker spacing and interference,"Wave Physics, Propagation & Fields",Batch 5
Microphone spacing and phase interaction,"Wave Physics, Propagation & Fields",Batch 5
Driver spacing and lobing,"Wave Physics, Propagation & Fields",Batch 5
Acoustic path-length difference,"Wave Physics, Propagation & Fields",Batch 5
Distance-to-phase conversion,"Wave Physics, Propagation & Fields",Batch 5
Frequency-dependent directionality,"Wave Physics, Propagation & Fields",Batch 5
Object size relative to wavelength,"Wave Physics, Propagation & Fields",Batch 5
Diffraction around obstacles,"Wave Physics, Propagation & Fields",Batch 5
Shadow zones,"Wave Physics, Propagation & Fields",Batch 5
Acoustic aperture,"Wave Physics, Propagation & Fields",Batch 5
Effective radiating size,"Wave Physics, Propagation & Fields",Batch 5
Conservation of acoustic energy,"Room, Building & Environmental Acoustics",Batch 5
Angle of incidence,"Room, Building & Environmental Acoustics",Batch 5
Angle of reflection,"Room, Building & Environmental Acoustics",Batch 5
Boundary impedance,"Room, Building & Environmental Acoustics",Batch 5
Sound-speed gradients,"Room, Building & Environmental Acoustics",Batch 5
Temperature-gradient refraction,"Room, Building & Environmental Acoustics",Batch 5
Wind-gradient refraction,"Room, Building & Environmental Acoustics",Batch 5
Atmospheric sound bending,"Room, Building & Environmental Acoustics",Batch 5
Aperture diffraction,"Room, Building & Environmental Acoustics",Batch 5
Scattering,"Room, Building & Environmental Acoustics",Batch 5
Surface roughness relative to wavelength,"Room, Building & Environmental Acoustics",Batch 5
Scattering coefficient,"Room, Building & Environmental Acoustics",Batch 5
Diffusion coefficient,"Room, Building & Environmental Acoustics",Batch 5
Slapback reflection,"Room, Building & Environmental Acoustics",Batch 5
Early reflections,"Room, Building & Environmental Acoustics",Batch 5
Reflection density,"Room, Building & Environmental Acoustics",Batch 5
Reflection order,"Room, Building & Environmental Acoustics",Batch 5
Wave-based acoustics,"Room, Building & Environmental Acoustics",Batch 5
Transition between modal and geometric behavior,"Room, Building & Environmental Acoustics",Batch 5
T20 and T30 extrapolation,"Room, Building & Environmental Acoustics",Batch 5
Sabine equation,"Room, Building & Environmental Acoustics",Batch 5
Eyring equation,"Room, Building & Environmental Acoustics",Batch 5
Room constant,"Room, Building & Environmental Acoustics",Batch 5
Reflection density growth,"Room, Building & Environmental Acoustics",Batch 5
Diffuse-field assumptions,"Room, Building & Environmental Acoustics",Batch 5
Room modes,"Room, Building & Environmental Acoustics",Batch 5
Axial modes,"Room, Building & Environmental Acoustics",Batch 5
Tangential modes,"Room, Building & Environmental Acoustics",Batch 5
Oblique modes,"Room, Building & Environmental Acoustics",Batch 5
Modal frequency calculation,"Room, Building & Environmental Acoustics",Batch 5
Modal degeneracy,"Room, Building & Environmental Acoustics",Batch 5
Mode clustering,"Room, Building & Environmental Acoustics",Batch 5
Mode spacing,"Room, Building & Environmental Acoustics",Batch 5
Modal ringing,"Room, Building & Environmental Acoustics",Batch 5
Standing waves,"Room, Building & Environmental Acoustics",Batch 5
Pressure nodes,"Room, Building & Environmental Acoustics",Batch 5
Pressure antinodes,"Room, Building & Environmental Acoustics",Batch 5
Particle-velocity nodes,"Room, Building & Environmental Acoustics",Batch 5
Particle-velocity antinodes,"Room, Building & Environmental Acoustics",Batch 5
Listener-boundary interference response,"Room, Building & Environmental Acoustics",Batch 5
Floor-bounce cancellation,"Room, Building & Environmental Acoustics",Batch 5
Ceiling-bounce cancellation,"Room, Building & Environmental Acoustics",Batch 5
Desk reflection,"Room, Building & Environmental Acoustics",Batch 5
Front-wall cancellation,"Room, Building & Environmental Acoustics",Batch 5
Rear-wall interference,"Room, Building & Environmental Acoustics",Batch 5
Room gain,"Room, Building & Environmental Acoustics",Batch 5
Porous absorption,"Room, Building & Environmental Acoustics",Batch 5
Membrane absorption,"Room, Building & Environmental Acoustics",Batch 5
Diaphragmatic absorption,"Room, Building & Environmental Acoustics",Batch 5
Panel absorbers,"Room, Building & Environmental Acoustics",Batch 5
Slat and perforated absorbers,"Room, Building & Environmental Acoustics",Batch 5
Pressure-based absorbers,"Room, Building & Environmental Acoustics",Batch 5
Velocity-based absorbers,"Room, Building & Environmental Acoustics",Batch 5
Air-gap effects behind absorbers,"Room, Building & Environmental Acoustics",Batch 5
Absorber thickness versus frequency,"Room, Building & Environmental Acoustics",Batch 5
Quarter-wavelength absorber placement,"Room, Building & Environmental Acoustics",Batch 5
Diffuser design,"Room, Building & Environmental Acoustics",Batch 5
Quadratic-residue diffusion,"Room, Building & Environmental Acoustics",Batch 5
Primitive-root diffusion,"Room, Building & Environmental Acoustics",Batch 5
Skyline diffusion,"Room, Building & Environmental Acoustics",Batch 5
Temporal diffusion,"Room, Building & Environmental Acoustics",Batch 5
Spatial diffusion,"Room, Building & Environmental Acoustics",Batch 5
Room symmetry,"Room, Building & Environmental Acoustics",Batch 5
Live-end/dead-end design,"Room, Building & Environmental Acoustics",Batch 5
Initial time-delay gap,"Room, Building & Environmental Acoustics",Batch 5
Clarity metrics,"Room, Building & Environmental Acoustics",Batch 5
Definition metrics,"Room, Building & Environmental Acoustics",Batch 5
Articulation loss of consonants,"Room, Building & Environmental Acoustics",Batch 5
Intelligibility versus reverberation,"Room, Building & Environmental Acoustics",Batch 5
Intelligibility versus noise,"Room, Building & Environmental Acoustics",Batch 5
Intelligibility versus directivity,"Room, Building & Environmental Acoustics",Batch 5
Forced resonance,"Room, Building & Environmental Acoustics",Batch 5
Acoustic resonance,"Room, Building & Environmental Acoustics",Batch 5
Electrical resonance,"Room, Building & Environmental Acoustics",Batch 5
Resonant modes,"Room, Building & Environmental Acoustics",Batch 5
Resonance buildup,"Room, Building & Environmental Acoustics",Batch 5
Resonance decay,"Room, Building & Environmental Acoustics",Batch 5
Quality factor,"Room, Building & Environmental Acoustics",Batch 5
Bandwidth versus Q,"Room, Building & Environmental Acoustics",Batch 5
Resonant frequency versus center frequency,"Room, Building & Environmental Acoustics",Batch 5
Coupled resonances,"Room, Building & Environmental Acoustics",Batch 5
Open-pipe modes,"Room, Building & Environmental Acoustics",Batch 5
Closed-pipe modes,"Room, Building & Environmental Acoustics",Batch 5
Stored energy in resonant systems,"Room, Building & Environmental Acoustics",Batch 5
Transient response of resonant systems,"Room, Building & Environmental Acoustics",Batch 5
Filter cutoff frequency,"Signal Processing Concepts (Filters, Dynamics, FX, Noise)",Batch 5
Poles and zeros,"Signal Processing Concepts (Filters, Dynamics, FX, Noise)",Batch 5
Magnitude response,"Signal Processing Concepts (Filters, Dynamics, FX, Noise)",Batch 5
Band-reject filter,"Signal Processing Concepts (Filters, Dynamics, FX, Noise)",Batch 5
Parametric equalization,"Signal Processing Concepts (Filters, Dynamics, FX, Noise)",Batch 5
Semiparametric equalization,"Signal Processing Concepts (Filters, Dynamics, FX, Noise)",Batch 5
Graphic equalization,"Signal Processing Concepts (Filters, Dynamics, FX, Noise)",Batch 5
Constant-Q equalizers,"Signal Processing Concepts (Filters, Dynamics, FX, Noise)",Batch 5
Proportional-Q equalizers,"Signal Processing Concepts (Filters, Dynamics, FX, Noise)",Batch 5
Variable-Q equalizers,"Signal Processing Concepts (Filters, Dynamics, FX, Noise)",Batch 5
Minimum-phase equalization,"Signal Processing Concepts (Filters, Dynamics, FX, Noise)",Batch 5
Linear-phase equalization,"Signal Processing Concepts (Filters, Dynamics, FX, Noise)",Batch 5
Mixed-phase equalization,"Signal Processing Concepts (Filters, Dynamics, FX, Noise)",Batch 5
Finite impulse response filters,"Signal Processing Concepts (Filters, Dynamics, FX, Noise)",Batch 5
Infinite impulse response filters,"Signal Processing Concepts (Filters, Dynamics, FX, Noise)",Batch 5
Filter ringing,"Signal Processing Concepts (Filters, Dynamics, FX, Noise)",Batch 5
Post-ringing,"Signal Processing Concepts (Filters, Dynamics, FX, Noise)",Batch 5
Passband ripple,"Signal Processing Concepts (Filters, Dynamics, FX, Noise)",Batch 5
Stopband ripple,"Signal Processing Concepts (Filters, Dynamics, FX, Noise)",Batch 5
Stopband attenuation,"Signal Processing Concepts (Filters, Dynamics, FX, Noise)",Batch 5
Butterworth response,"Signal Processing Concepts (Filters, Dynamics, FX, Noise)",Batch 5
Bessel response,"Signal Processing Concepts (Filters, Dynamics, FX, Noise)",Batch 5
Linkwitz–Riley response,"Signal Processing Concepts (Filters, Dynamics, FX, Noise)",Batch 5
Chebyshev response,"Signal Processing Concepts (Filters, Dynamics, FX, Noise)",Batch 5
Elliptic response,"Signal Processing Concepts (Filters, Dynamics, FX, Noise)",Batch 5
Acoustic versus electrical crossover slopes,"Signal Processing Concepts (Filters, Dynamics, FX, Noise)",Batch 5
Driver offset and crossover phase,"Signal Processing Concepts (Filters, Dynamics, FX, Noise)",Batch 5
Filter interaction,"Signal Processing Concepts (Filters, Dynamics, FX, Noise)",Batch 5
Cascaded filters,"Signal Processing Concepts (Filters, Dynamics, FX, Noise)",Batch 5
Equivalent combined slope,"Signal Processing Concepts (Filters, Dynamics, FX, Noise)",Batch 5
Bilinear transformation,"Signal Processing Concepts (Filters, Dynamics, FX, Noise)",Batch 5
Equalizer interaction between adjacent bands,"Signal Processing Concepts (Filters, Dynamics, FX, Noise)",Batch 5
Graphic-EQ ripple between filters,"Signal Processing Concepts (Filters, Dynamics, FX, Noise)",Batch 5
Boost and cut asymmetry,"Signal Processing Concepts (Filters, Dynamics, FX, Noise)",Batch 5
Equalization versus resonance control,"Signal Processing Concepts (Filters, Dynamics, FX, Noise)",Batch 5
Corrective versus creative equalization,"Signal Processing Concepts (Filters, Dynamics, FX, Noise)",Batch 5
Dynamic range compression,"Signal Processing Concepts (Filters, Dynamics, FX, Noise)",Batch 5
Detector circuit,"Signal Processing Concepts (Filters, Dynamics, FX, Noise)",Batch 5
Averaging detection,"Signal Processing Concepts (Filters, Dynamics, FX, Noise)",Batch 5
Hard-knee versus soft-knee behavior,"Signal Processing Concepts (Filters, Dynamics, FX, Noise)",Batch 5
Time constants,"Signal Processing Concepts (Filters, Dynamics, FX, Noise)",Batch 5
Automatic release,"Signal Processing Concepts (Filters, Dynamics, FX, Noise)",Batch 5
Sidechain filtering,"Signal Processing Concepts (Filters, Dynamics, FX, Noise)",Batch 5
Frequency-conscious compression,"Signal Processing Concepts (Filters, Dynamics, FX, Noise)",Batch 5
De-essing,"Signal Processing Concepts (Filters, Dynamics, FX, Noise)",Batch 5
Dynamic equalization,"Signal Processing Concepts (Filters, Dynamics, FX, Noise)",Batch 5
Compression-induced distortion,"Signal Processing Concepts (Filters, Dynamics, FX, Noise)",Batch 5
Gain modulation,"Signal Processing Concepts (Filters, Dynamics, FX, Noise)",Batch 5
Loudness maximization,"Signal Processing Concepts (Filters, Dynamics, FX, Noise)",Batch 5
Inter-sample overload,"Signal Processing Concepts (Filters, Dynamics, FX, Noise)",Batch 5
Clipping versus limiting,"Signal Processing Concepts (Filters, Dynamics, FX, Noise)",Batch 5
Dynamic-range processing in logarithmic versus linear domains,"Signal Processing Concepts (Filters, Dynamics, FX, Noise)",Batch 5
Sum-frequency distortion,"Signal Processing Concepts (Filters, Dynamics, FX, Noise)",Batch 5
Slew-induced distortion,"Signal Processing Concepts (Filters, Dynamics, FX, Noise)",Batch 5
Clipping distortion,"Signal Processing Concepts (Filters, Dynamics, FX, Noise)",Batch 5
Quantization distortion,"Signal Processing Concepts (Filters, Dynamics, FX, Noise)",Batch 5
Phase distortion,"Signal Processing Concepts (Filters, Dynamics, FX, Noise)",Batch 5
Frequency-response distortion,"Signal Processing Concepts (Filters, Dynamics, FX, Noise)",Batch 5
Nonlinear transfer functions,"Signal Processing Concepts (Filters, Dynamics, FX, Noise)",Batch 5
Even-order harmonics,"Signal Processing Concepts (Filters, Dynamics, FX, Noise)",Batch 5
Odd-order harmonics,"Signal Processing Concepts (Filters, Dynamics, FX, Noise)",Batch 5
Saturation curves,"Signal Processing Concepts (Filters, Dynamics, FX, Noise)",Batch 5
Soft saturation,"Signal Processing Concepts (Filters, Dynamics, FX, Noise)",Batch 5
Hard saturation,"Signal Processing Concepts (Filters, Dynamics, FX, Noise)",Batch 5
Tube nonlinearity,"Signal Processing Concepts (Filters, Dynamics, FX, Noise)",Batch 5
Semiconductor nonlinearity,"Signal Processing Concepts (Filters, Dynamics, FX, Noise)",Batch 5
Waveshaping,"Signal Processing Concepts (Filters, Dynamics, FX, Noise)",Batch 5
Foldback distortion,"Signal Processing Concepts (Filters, Dynamics, FX, Noise)",Batch 5
Aliasing from nonlinear processing,"Signal Processing Concepts (Filters, Dynamics, FX, Noise)",Batch 5
Oversampling in nonlinear processors,"Signal Processing Concepts (Filters, Dynamics, FX, Noise)",Batch 5
Memory effects in nonlinear systems,"Signal Processing Concepts (Filters, Dynamics, FX, Noise)",Batch 5
Dynamic nonlinearities,"Signal Processing Concepts (Filters, Dynamics, FX, Noise)",Batch 5
Static nonlinearities,"Signal Processing Concepts (Filters, Dynamics, FX, Noise)",Batch 5
Distortion audibility,"Signal Processing Concepts (Filters, Dynamics, FX, Noise)",Batch 5
Masking of distortion products,"Signal Processing Concepts (Filters, Dynamics, FX, Noise)",Batch 5
Distortion versus coloration,"Signal Processing Concepts (Filters, Dynamics, FX, Noise)",Batch 5
Random noise,"Signal Processing Concepts (Filters, Dynamics, FX, Noise)",Batch 5
Brown noise,"Signal Processing Concepts (Filters, Dynamics, FX, Noise)",Batch 5
Blue noise,"Signal Processing Concepts (Filters, Dynamics, FX, Noise)",Batch 5
Violet noise,"Signal Processing Concepts (Filters, Dynamics, FX, Noise)",Batch 5
Gray noise,"Signal Processing Concepts (Filters, Dynamics, FX, Noise)",Batch 5
Gaussian noise,"Signal Processing Concepts (Filters, Dynamics, FX, Noise)",Batch 5
Uniform noise,"Signal Processing Concepts (Filters, Dynamics, FX, Noise)",Batch 5
Dither noise,"Signal Processing Concepts (Filters, Dynamics, FX, Noise)",Batch 5
Clock noise,"Signal Processing Concepts (Filters, Dynamics, FX, Noise)",Batch 5
Power-supply noise,"Signal Processing Concepts (Filters, Dynamics, FX, Noise)",Batch 5
Ground noise,"Signal Processing Concepts (Filters, Dynamics, FX, Noise)",Batch 5
Common-mode noise,"Signal Processing Concepts (Filters, Dynamics, FX, Noise)",Batch 5
Differential-mode noise,"Signal Processing Concepts (Filters, Dynamics, FX, Noise)",Batch 5
Noise spectrum,"Signal Processing Concepts (Filters, Dynamics, FX, Noise)",Batch 5
Noise density,"Signal Processing Concepts (Filters, Dynamics, FX, Noise)",Batch 5
Noise figure,"Signal Processing Concepts (Filters, Dynamics, FX, Noise)",Batch 5
Noise correlation,"Signal Processing Concepts (Filters, Dynamics, FX, Noise)",Batch 5
Correlated noise,"Signal Processing Concepts (Filters, Dynamics, FX, Noise)",Batch 5
Uncorrelated noise,"Signal Processing Concepts (Filters, Dynamics, FX, Noise)",Batch 5
Noise summation,"Signal Processing Concepts (Filters, Dynamics, FX, Noise)",Batch 5
Noise gating artifacts,"Signal Processing Concepts (Filters, Dynamics, FX, Noise)",Batch 5
Noise masking,"Signal Processing Concepts (Filters, Dynamics, FX, Noise)",Batch 5
Denoising artifacts,"Signal Processing Concepts (Filters, Dynamics, FX, Noise)",Batch 5
Musical noise,"Signal Processing Concepts (Filters, Dynamics, FX, Noise)",Batch 5
Analog-to-digital conversion,"Digital Audio — Sampling, Quantization, DSP & Formats",Batch 5
Digital-to-analog conversion,"Digital Audio — Sampling, Quantization, DSP & Formats",Batch 5
Sample clock,"Digital Audio — Sampling, Quantization, DSP & Formats",Batch 5
Nyquist–Shannon sampling theorem,"Digital Audio — Sampling, Quantization, DSP & Formats",Batch 5
Band-limited signals,"Digital Audio — Sampling, Quantization, DSP & Formats",Batch 5
Foldover,"Digital Audio — Sampling, Quantization, DSP & Formats",Batch 5
Anti-aliasing filtering,"Digital Audio — Sampling, Quantization, DSP & Formats",Batch 5
Reconstruction filtering,"Digital Audio — Sampling, Quantization, DSP & Formats",Batch 5
Zero-order hold,"Digital Audio — Sampling, Quantization, DSP & Formats",Batch 5
Spectral images,"Digital Audio — Sampling, Quantization, DSP & Formats",Batch 5
Sinc interpolation,"Digital Audio — Sampling, Quantization, DSP & Formats",Batch 5
Band-limited interpolation,"Digital Audio — Sampling, Quantization, DSP & Formats",Batch 5
Why digital audio is not simply a staircase,"Digital Audio — Sampling, Quantization, DSP & Formats",Batch 5
Samples per cycle,"Digital Audio — Sampling, Quantization, DSP & Formats",Batch 5
Frequency ambiguity near Nyquist,"Digital Audio — Sampling, Quantization, DSP & Formats",Batch 5
Sample phase,"Digital Audio — Sampling, Quantization, DSP & Formats",Batch 5
Polyphase filtering,"Digital Audio — Sampling, Quantization, DSP & Formats",Batch 5
Integer-ratio conversion,"Digital Audio — Sampling, Quantization, DSP & Formats",Batch 5
Fractional-ratio conversion,"Digital Audio — Sampling, Quantization, DSP & Formats",Batch 5
Conversion filter quality,"Digital Audio — Sampling, Quantization, DSP & Formats",Batch 5
Sample-rate conversion artifacts,"Digital Audio — Sampling, Quantization, DSP & Formats",Batch 5
Periodic jitter,"Digital Audio — Sampling, Quantization, DSP & Formats",Batch 5
Random jitter,"Digital Audio — Sampling, Quantization, DSP & Formats",Batch 5
Jitter spectrum,"Digital Audio — Sampling, Quantization, DSP & Formats",Batch 5
Aperture uncertainty,"Digital Audio — Sampling, Quantization, DSP & Formats",Batch 5
Reclocking,"Digital Audio — Sampling, Quantization, DSP & Formats",Batch 5
Master and slave clocking,"Digital Audio — Sampling, Quantization, DSP & Formats",Batch 5
Sample slips,"Digital Audio — Sampling, Quantization, DSP & Formats",Batch 5
Buffer underflow,"Digital Audio — Sampling, Quantization, DSP & Formats",Batch 5
Buffer overflow,"Digital Audio — Sampling, Quantization, DSP & Formats",Batch 5
Asynchronous sample-rate conversion,"Digital Audio — Sampling, Quantization, DSP & Formats",Batch 5
Converter noise and distortion limits,"Digital Audio — Sampling, Quantization, DSP & Formats",Batch 5
Quantization levels,"Digital Audio — Sampling, Quantization, DSP & Formats",Batch 5
Quantization step size,"Digital Audio — Sampling, Quantization, DSP & Formats",Batch 5
Word length,"Digital Audio — Sampling, Quantization, DSP & Formats",Batch 5
Least significant bit,"Digital Audio — Sampling, Quantization, DSP & Formats",Batch 5
Most significant bit,"Digital Audio — Sampling, Quantization, DSP & Formats",Batch 5
Quantization error,"Digital Audio — Sampling, Quantization, DSP & Formats",Batch 5
Quantization noise model,"Digital Audio — Sampling, Quantization, DSP & Formats",Batch 5
Correlated quantization distortion,"Digital Audio — Sampling, Quantization, DSP & Formats",Batch 5
Rounding,"Digital Audio — Sampling, Quantization, DSP & Formats",Batch 5
Truncation,"Digital Audio — Sampling, Quantization, DSP & Formats",Batch 5
Requantization,"Digital Audio — Sampling, Quantization, DSP & Formats",Batch 5
Rectangular dither,"Digital Audio — Sampling, Quantization, DSP & Formats",Batch 5
Triangular dither,"Digital Audio — Sampling, Quantization, DSP & Formats",Batch 5
Noise-shaped dither,"Digital Audio — Sampling, Quantization, DSP & Formats",Batch 5
Subtractive dither,"Digital Audio — Sampling, Quantization, DSP & Formats",Batch 5
Dither decorrelation,"Digital Audio — Sampling, Quantization, DSP & Formats",Batch 5
Low-level signal preservation,"Digital Audio — Sampling, Quantization, DSP & Formats",Batch 5
Theoretical dynamic range,"Digital Audio — Sampling, Quantization, DSP & Formats",Batch 5
Integer PCM,"Digital Audio — Sampling, Quantization, DSP & Formats",Batch 5
Signed PCM,"Digital Audio — Sampling, Quantization, DSP & Formats",Batch 5
Unsigned PCM,"Digital Audio — Sampling, Quantization, DSP & Formats",Batch 5
Two's-complement representation,"Digital Audio — Sampling, Quantization, DSP & Formats",Batch 5
Fixed-point arithmetic,"Digital Audio — Sampling, Quantization, DSP & Formats",Batch 5
Floating-point arithmetic,"Digital Audio — Sampling, Quantization, DSP & Formats",Batch 5
Mantissa or significand,"Digital Audio — Sampling, Quantization, DSP & Formats",Batch 5
Exponent,"Digital Audio — Sampling, Quantization, DSP & Formats",Batch 5
Floating-point headroom,"Digital Audio — Sampling, Quantization, DSP & Formats",Batch 5
Floating-point precision,"Digital Audio — Sampling, Quantization, DSP & Formats",Batch 5
Denormal numbers,"Digital Audio — Sampling, Quantization, DSP & Formats",Batch 5
Numerical overflow,"Digital Audio — Sampling, Quantization, DSP & Formats",Batch 5
Numerical underflow,"Digital Audio — Sampling, Quantization, DSP & Formats",Batch 5
Accumulator precision,"Digital Audio — Sampling, Quantization, DSP & Formats",Batch 5
Rounding accumulation,"Digital Audio — Sampling, Quantization, DSP & Formats",Batch 5
Internal processing precision,"Digital Audio — Sampling, Quantization, DSP & Formats",Batch 5
Export bit depth versus processing bit depth,"Digital Audio — Sampling, Quantization, DSP & Formats",Batch 5
Why 32-bit float does not repair ADC clipping,"Digital Audio — Sampling, Quantization, DSP & Formats",Batch 5
Why nominal 24-bit recording does not provide 24 usable bits,"Digital Audio — Sampling, Quantization, DSP & Formats",Batch 5
Discrete-time signals,"Digital Audio — Sampling, Quantization, DSP & Formats",Batch 5
Discrete-valued signals,"Digital Audio — Sampling, Quantization, DSP & Formats",Batch 5
Difference equations,"Digital Audio — Sampling, Quantization, DSP & Formats",Batch 5
Linear convolution,"Digital Audio — Sampling, Quantization, DSP & Formats",Batch 5
Circular convolution,"Digital Audio — Sampling, Quantization, DSP & Formats",Batch 5
Unit impulse,"Digital Audio — Sampling, Quantization, DSP & Formats",Batch 5
System response,"Digital Audio — Sampling, Quantization, DSP & Formats",Batch 5
Time invariance,"Digital Audio — Sampling, Quantization, DSP & Formats",Batch 5
Causality,"Digital Audio — Sampling, Quantization, DSP & Formats",Batch 5
Stability,"Digital Audio — Sampling, Quantization, DSP & Formats",Batch 5
Finite impulse response,"Digital Audio — Sampling, Quantization, DSP & Formats",Batch 5
Infinite impulse response,"Digital Audio — Sampling, Quantization, DSP & Formats",Batch 5
Recursive processing,"Digital Audio — Sampling, Quantization, DSP & Formats",Batch 5
Feedback in digital filters,"Digital Audio — Sampling, Quantization, DSP & Formats",Batch 5
Delay elements,"Digital Audio — Sampling, Quantization, DSP & Formats",Batch 5
Z-plane,"Digital Audio — Sampling, Quantization, DSP & Formats",Batch 5
Stability regions,"Digital Audio — Sampling, Quantization, DSP & Formats",Batch 5
Inverse Fourier transform,"Digital Audio — Sampling, Quantization, DSP & Formats",Batch 5
Time-frequency duality,"Digital Audio — Sampling, Quantization, DSP & Formats",Batch 5
Frequency-bin spacing,"Digital Audio — Sampling, Quantization, DSP & Formats",Batch 5
FFT resolution,"Digital Audio — Sampling, Quantization, DSP & Formats",Batch 5
Time resolution versus frequency resolution,"Digital Audio — Sampling, Quantization, DSP & Formats",Batch 5
Window functions,"Digital Audio — Sampling, Quantization, DSP & Formats",Batch 5
Rectangular window,"Digital Audio — Sampling, Quantization, DSP & Formats",Batch 5
Side lobes,"Digital Audio — Sampling, Quantization, DSP & Formats",Batch 5
Scalloping loss,"Digital Audio — Sampling, Quantization, DSP & Formats",Batch 5
Coherent sampling,"Digital Audio — Sampling, Quantization, DSP & Formats",Batch 5
Overlap processing,"Digital Audio — Sampling, Quantization, DSP & Formats",Batch 5
Spectrogram interpretation,"Digital Audio — Sampling, Quantization, DSP & Formats",Batch 5
Wavelet analysis,"Digital Audio — Sampling, Quantization, DSP & Formats",Batch 5
Envelope extraction,"Digital Audio — Sampling, Quantization, DSP & Formats",Batch 5
Cross-spectrum,"Digital Audio — Sampling, Quantization, DSP & Formats",Batch 5
Auto-spectrum,"Digital Audio — Sampling, Quantization, DSP & Formats",Batch 5
Transfer-function estimation,"Digital Audio — Sampling, Quantization, DSP & Formats",Batch 5
System identification,"Digital Audio — Sampling, Quantization, DSP & Formats",Batch 5
Finite precision effects,"Digital Audio — Sampling, Quantization, DSP & Formats",Batch 5
Processing latency,"Digital Audio — Sampling, Quantization, DSP & Formats",Batch 5
Block processing,"Digital Audio — Sampling, Quantization, DSP & Formats",Batch 5
Real-time versus offline processing,"Digital Audio — Sampling, Quantization, DSP & Formats",Batch 5
Audio codec versus container,"Digital Audio — Sampling, Quantization, DSP & Formats",Batch 5
Uncompressed PCM,"Digital Audio — Sampling, Quantization, DSP & Formats",Batch 5
Lossless compression,"Digital Audio — Sampling, Quantization, DSP & Formats",Batch 5
Constant bit rate,"Digital Audio — Sampling, Quantization, DSP & Formats",Batch 5
Variable bit rate,"Digital Audio — Sampling, Quantization, DSP & Formats",Batch 5
Sample rate versus bit rate,"Digital Audio — Sampling, Quantization, DSP & Formats",Batch 5
Bit depth versus bit rate,"Digital Audio — Sampling, Quantization, DSP & Formats",Batch 5
Channel count and data rate,"Digital Audio — Sampling, Quantization, DSP & Formats",Batch 5
Interleaved versus planar audio,"Digital Audio — Sampling, Quantization, DSP & Formats",Batch 5
Byte order,"Digital Audio — Sampling, Quantization, DSP & Formats",Batch 5
Big-endian versus little-endian storage,"Digital Audio — Sampling, Quantization, DSP & Formats",Batch 5
File headers,"Digital Audio — Sampling, Quantization, DSP & Formats",Batch 5
Embedded loudness metadata,"Digital Audio — Sampling, Quantization, DSP & Formats",Batch 5
Psychoacoustic coding,"Digital Audio — Sampling, Quantization, DSP & Formats",Batch 5
Perceptual masking in codecs,"Digital Audio — Sampling, Quantization, DSP & Formats",Batch 5
Transform coding,"Digital Audio — Sampling, Quantization, DSP & Formats",Batch 5
Temporal masking in codecs,"Digital Audio — Sampling, Quantization, DSP & Formats",Batch 5
Pre-echo artifacts,"Digital Audio — Sampling, Quantization, DSP & Formats",Batch 5
Tonal noise artifacts,"Digital Audio — Sampling, Quantization, DSP & Formats",Batch 5
Stereo coupling,"Digital Audio — Sampling, Quantization, DSP & Formats",Batch 5
Mid/side coding,"Digital Audio — Sampling, Quantization, DSP & Formats",Batch 5
Codec generation loss,"Digital Audio — Sampling, Quantization, DSP & Formats",Batch 5
Transcoding loss,"Digital Audio — Sampling, Quantization, DSP & Formats",Batch 5
Normalization metadata,"Digital Audio — Sampling, Quantization, DSP & Formats",Batch 5
Gapless playback,"Digital Audio — Sampling, Quantization, DSP & Formats",Batch 5
Sample-accurate file boundaries,"Digital Audio — Sampling, Quantization, DSP & Formats",Batch 5
Inter-sample peaks after encoding,"Digital Audio — Sampling, Quantization, DSP & Formats",Batch 5
Dither during format conversion,"Digital Audio — Sampling, Quantization, DSP & Formats",Batch 5
File-size calculations,"Digital Audio — Sampling, Quantization, DSP & Formats",Batch 5
Pressure microphones,Microphone Transduction & Types,Batch 5
Pressure-gradient microphones,Microphone Transduction & Types,Batch 5
Velocity-sensitive microphones,Microphone Transduction & Types,Batch 5
Omnidirectional behavior,Microphone Transduction & Types,Batch 5
Directional behavior,Microphone Transduction & Types,Batch 5
Polar patterns,Microphone Transduction & Types,Batch 5
Cardioid formation,Microphone Transduction & Types,Batch 5
Supercardioid pattern,Microphone Transduction & Types,Batch 5
Hypercardioid pattern,Microphone Transduction & Types,Batch 5
Figure-eight pattern,Microphone Transduction & Types,Batch 5
Frequency-dependent polar response,Microphone Transduction & Types,Batch 5
Pressure doubling at boundaries,Microphone Transduction & Types,Batch 5
Diaphragm size versus behavior,Microphone Transduction & Types,Batch 5
Transducer sensitivity,Microphone Transduction & Types,Batch 5
Acoustic labyrinths,Microphone Transduction & Types,Batch 5
Rear-port delay networks,Microphone Transduction & Types,Batch 5
Interference tubes,Microphone Transduction & Types,Batch 5
Condenser polarization,Microphone Transduction & Types,Batch 5
Dynamic-microphone induction,Microphone Transduction & Types,Batch 5
Ribbon-microphone operation,Microphone Transduction & Types,Batch 5
Ribbon loading,Microphone Transduction & Types,Batch 5
Transformer effects,Microphone Transduction & Types,Batch 5
Balanced microphone lines,Microphone Transduction & Types,Batch 5
Microphone preamplifier noise,Microphone Transduction & Types,Batch 5
Critical distance and microphone placement,Microphone Transduction & Types,Batch 5
Distance factor,Microphone Transduction & Types,Batch 5
Phase interaction between microphones,Microphone Transduction & Types,Batch 5
3:1 placement guideline,Microphone Transduction & Types,Batch 5
Coincident stereo arrays,Microphone Transduction & Types,Batch 5
Near-coincident arrays,Microphone Transduction & Types,Batch 5
Spaced arrays,Microphone Transduction & Types,Batch 5
Ambisonic microphones,Microphone Transduction & Types,Batch 5
Mid/side recording,Microphone Transduction & Types,Batch 5
Blumlein configuration,Microphone Transduction & Types,Batch 5
Boundary microphones,Microphone Transduction & Types,Batch 5
Moving-coil loudspeaker operation,"Loudspeaker Behavior, Large-Signal & Concepts",Batch 5
Electromagnetic force,"Loudspeaker Behavior, Large-Signal & Concepts",Batch 5
Cone motion,"Loudspeaker Behavior, Large-Signal & Concepts",Batch 5
Diaphragm breakup,"Loudspeaker Behavior, Large-Signal & Concepts",Batch 5
Piston-band operation,"Loudspeaker Behavior, Large-Signal & Concepts",Batch 5
Back electromotive force,"Loudspeaker Behavior, Large-Signal & Concepts",Batch 5
Loudspeaker impedance,"Loudspeaker Behavior, Large-Signal & Concepts",Batch 5
Nominal versus actual impedance,"Loudspeaker Behavior, Large-Signal & Concepts",Batch 5
Impedance curves,"Loudspeaker Behavior, Large-Signal & Concepts",Batch 5
Resonant impedance peak,"Loudspeaker Behavior, Large-Signal & Concepts",Batch 5
Sensitivity versus efficiency,"Loudspeaker Behavior, Large-Signal & Concepts",Batch 5
Excursion limits,"Loudspeaker Behavior, Large-Signal & Concepts",Batch 5
Linear excursion,"Loudspeaker Behavior, Large-Signal & Concepts",Batch 5
Mechanical excursion,"Loudspeaker Behavior, Large-Signal & Concepts",Batch 5
Cone displacement,"Loudspeaker Behavior, Large-Signal & Concepts",Batch 5
Beam narrowing,"Loudspeaker Behavior, Large-Signal & Concepts",Batch 5
Driver spacing,"Loudspeaker Behavior, Large-Signal & Concepts",Batch 5
Crossover interference,"Loudspeaker Behavior, Large-Signal & Concepts",Batch 5
Acoustic-center offset,"Loudspeaker Behavior, Large-Signal & Concepts",Batch 5
Coaxial loudspeakers,"Loudspeaker Behavior, Large-Signal & Concepts",Batch 5
Point-source approximation,"Loudspeaker Behavior, Large-Signal & Concepts",Batch 5
Line-source approximation,"Loudspeaker Behavior, Large-Signal & Concepts",Batch 5
Acoustic impedance transformation,"Loudspeaker Behavior, Large-Signal & Concepts",Batch 5
Horn directivity,"Loudspeaker Behavior, Large-Signal & Concepts",Batch 5
Constant-directivity horns,"Loudspeaker Behavior, Large-Signal & Concepts",Batch 5
Waveguides,"Loudspeaker Behavior, Large-Signal & Concepts",Batch 5
Compression drivers,"Loudspeaker Behavior, Large-Signal & Concepts",Batch 5
Phase plugs,"Loudspeaker Behavior, Large-Signal & Concepts",Batch 5
Ported enclosures,"Loudspeaker Behavior, Large-Signal & Concepts",Batch 5
Sealed enclosures,"Loudspeaker Behavior, Large-Signal & Concepts",Batch 5
Passive radiators,"Loudspeaker Behavior, Large-Signal & Concepts",Batch 5
Transmission lines,"Loudspeaker Behavior, Large-Signal & Concepts",Batch 5
Band-pass enclosures,"Loudspeaker Behavior, Large-Signal & Concepts",Batch 5
Port air velocity,"Loudspeaker Behavior, Large-Signal & Concepts",Batch 5
Group delay in loudspeaker systems,"Loudspeaker Behavior, Large-Signal & Concepts",Batch 5
Cardioid subwoofer arrays,"Loudspeaker Behavior, Large-Signal & Concepts",Batch 5
End-fire arrays,"Loudspeaker Behavior, Large-Signal & Concepts",Batch 5
Gradient arrays,"Loudspeaker Behavior, Large-Signal & Concepts",Batch 5
Broadside arrays,"Loudspeaker Behavior, Large-Signal & Concepts",Batch 5
Steering,"Loudspeaker Behavior, Large-Signal & Concepts",Batch 5
Electronic beamforming,"Loudspeaker Behavior, Large-Signal & Concepts",Batch 5
Line arrays,"Loudspeaker Behavior, Large-Signal & Concepts",Batch 5
Line-array curvature,"Loudspeaker Behavior, Large-Signal & Concepts",Batch 5
Cylindrical spreading assumptions,"Loudspeaker Behavior, Large-Signal & Concepts",Batch 5
Near-field and far-field transitions,"Loudspeaker Behavior, Large-Signal & Concepts",Batch 5
Splay angles,"Loudspeaker Behavior, Large-Signal & Concepts",Batch 5
Grating lobes,"Loudspeaker Behavior, Large-Signal & Concepts",Batch 5
Array coherence,"Loudspeaker Behavior, Large-Signal & Concepts",Batch 5
Acoustic crossover between array elements,"Loudspeaker Behavior, Large-Signal & Concepts",Batch 5
Capacitance,"Electrical, Networking, Live Sound & Measurement Concepts",Batch 5
Inductance,"Electrical, Networking, Live Sound & Measurement Concepts",Batch 5
Electrical power,"Electrical, Networking, Live Sound & Measurement Concepts",Batch 5
Alternating current,"Electrical, Networking, Live Sound & Measurement Concepts",Batch 5
Direct current,"Electrical, Networking, Live Sound & Measurement Concepts",Batch 5
Peak voltage,"Electrical, Networking, Live Sound & Measurement Concepts",Batch 5
Balanced signaling,"Electrical, Networking, Live Sound & Measurement Concepts",Batch 5
Unbalanced signaling,"Electrical, Networking, Live Sound & Measurement Concepts",Batch 5
Differential signaling,"Electrical, Networking, Live Sound & Measurement Concepts",Batch 5
Grounding,"Electrical, Networking, Live Sound & Measurement Concepts",Batch 5
Ground loops,"Electrical, Networking, Live Sound & Measurement Concepts",Batch 5
Signal ground versus safety ground,"Electrical, Networking, Live Sound & Measurement Concepts",Batch 5
Isolation transformers,"Electrical, Networking, Live Sound & Measurement Concepts",Batch 5
Input impedance,"Electrical, Networking, Live Sound & Measurement Concepts",Batch 5
Source-load interaction,"Electrical, Networking, Live Sound & Measurement Concepts",Batch 5
Maximum power transfer,"Electrical, Networking, Live Sound & Measurement Concepts",Batch 5
Voltage-divider effects,"Electrical, Networking, Live Sound & Measurement Concepts",Batch 5
Cable inductance,"Electrical, Networking, Live Sound & Measurement Concepts",Batch 5
Cable resistance,"Electrical, Networking, Live Sound & Measurement Concepts",Batch 5
Transmission-line behavior,"Electrical, Networking, Live Sound & Measurement Concepts",Batch 5
Reflections in digital cables,"Electrical, Networking, Live Sound & Measurement Concepts",Batch 5
Amplifier gain,"Electrical, Networking, Live Sound & Measurement Concepts",Batch 5
Voltage sensitivity,"Electrical, Networking, Live Sound & Measurement Concepts",Batch 5
Amplifier clipping,"Electrical, Networking, Live Sound & Measurement Concepts",Batch 5
Output-current limiting,"Electrical, Networking, Live Sound & Measurement Concepts",Batch 5
Thermal limiting,"Electrical, Networking, Live Sound & Measurement Concepts",Batch 5
Class A amplification,"Electrical, Networking, Live Sound & Measurement Concepts",Batch 5
Class B amplification,"Electrical, Networking, Live Sound & Measurement Concepts",Batch 5
Class AB amplification,"Electrical, Networking, Live Sound & Measurement Concepts",Batch 5
Class D amplification,"Electrical, Networking, Live Sound & Measurement Concepts",Batch 5
Feedback stability,"Electrical, Networking, Live Sound & Measurement Concepts",Batch 5
Bridged amplifier operation,"Electrical, Networking, Live Sound & Measurement Concepts",Batch 5
Parallel amplifier operation,"Electrical, Networking, Live Sound & Measurement Concepts",Batch 5
Constant-voltage distributed systems,"Electrical, Networking, Live Sound & Measurement Concepts",Batch 5
70-volt and 100-volt systems,"Electrical, Networking, Live Sound & Measurement Concepts",Batch 5
Transformer taps,"Electrical, Networking, Live Sound & Measurement Concepts",Batch 5
Loudspeaker load calculations,"Electrical, Networking, Live Sound & Measurement Concepts",Batch 5
Series and parallel loads,"Electrical, Networking, Live Sound & Measurement Concepts",Batch 5
Reactive loudspeaker loads,"Electrical, Networking, Live Sound & Measurement Concepts",Batch 5
Serial digital audio,"Electrical, Networking, Live Sound & Measurement Concepts",Batch 5
Parallel digital audio,"Electrical, Networking, Live Sound & Measurement Concepts",Batch 5
Bit clock,"Electrical, Networking, Live Sound & Measurement Concepts",Batch 5
Frame clock,"Electrical, Networking, Live Sound & Measurement Concepts",Batch 5
Embedded clocking,"Electrical, Networking, Live Sound & Measurement Concepts",Batch 5
Jitter accumulation,"Electrical, Networking, Live Sound & Measurement Concepts",Batch 5
Synchronization,"Electrical, Networking, Live Sound & Measurement Concepts",Batch 5
Sample-accurate synchronization,"Electrical, Networking, Live Sound & Measurement Concepts",Batch 5
Linear timecode,"Electrical, Networking, Live Sound & Measurement Concepts",Batch 5
MIDI timecode,"Electrical, Networking, Live Sound & Measurement Concepts",Batch 5
Precision Time Protocol,"Electrical, Networking, Live Sound & Measurement Concepts",Batch 5
Network clock domains,"Electrical, Networking, Live Sound & Measurement Concepts",Batch 5
Packetized audio,"Electrical, Networking, Live Sound & Measurement Concepts",Batch 5
Deterministic latency,"Electrical, Networking, Live Sound & Measurement Concepts",Batch 5
Variable latency,"Electrical, Networking, Live Sound & Measurement Concepts",Batch 5
Jitter buffers,"Electrical, Networking, Live Sound & Measurement Concepts",Batch 5
Packet reordering,"Electrical, Networking, Live Sound & Measurement Concepts",Batch 5
Error correction,"Electrical, Networking, Live Sound & Measurement Concepts",Batch 5
Redundant networking,"Electrical, Networking, Live Sound & Measurement Concepts",Batch 5
Multicast,"Electrical, Networking, Live Sound & Measurement Concepts",Batch 5
Unicast,"Electrical, Networking, Live Sound & Measurement Concepts",Batch 5
Quality of service,"Electrical, Networking, Live Sound & Measurement Concepts",Batch 5
Channel count calculations,"Electrical, Networking, Live Sound & Measurement Concepts",Batch 5
Sample-rate effects on network load,"Electrical, Networking, Live Sound & Measurement Concepts",Batch 5
Bit-depth effects on network load,"Electrical, Networking, Live Sound & Measurement Concepts",Batch 5
Discovery and subscription,"Electrical, Networking, Live Sound & Measurement Concepts",Batch 5
Clock-master election,"Electrical, Networking, Live Sound & Measurement Concepts",Batch 5
Boundary clocks,"Electrical, Networking, Live Sound & Measurement Concepts",Batch 5
Transparent clocks,"Electrical, Networking, Live Sound & Measurement Concepts",Batch 5
Network topology,"Electrical, Networking, Live Sound & Measurement Concepts",Batch 5
Layer 2 versus Layer 3 transport,"Electrical, Networking, Live Sound & Measurement Concepts",Batch 5
Virtual local area networks,"Electrical, Networking, Live Sound & Measurement Concepts",Batch 5
Spanning tree,"Electrical, Networking, Live Sound & Measurement Concepts",Batch 5
Link aggregation,"Electrical, Networking, Live Sound & Measurement Concepts",Batch 5
Sample-rate mismatch across devices,"Electrical, Networking, Live Sound & Measurement Concepts",Batch 5
Asynchronous endpoints,"Electrical, Networking, Live Sound & Measurement Concepts",Batch 5
Buffering and end-to-end latency,"Electrical, Networking, Live Sound & Measurement Concepts",Batch 5
Networked-audio troubleshooting,"Electrical, Networking, Live Sound & Measurement Concepts",Batch 5
Hearing threshold,"Perception, Psychoacoustics, Spatial & Instrument Concepts",Batch 5
Audible frequency range,"Perception, Psychoacoustics, Spatial & Instrument Concepts",Batch 5
Age-related high-frequency loss,"Perception, Psychoacoustics, Spatial & Instrument Concepts",Batch 5
Outer-ear filtering,"Perception, Psychoacoustics, Spatial & Instrument Concepts",Batch 5
Middle-ear transfer,"Perception, Psychoacoustics, Spatial & Instrument Concepts",Batch 5
Cochlear mechanics,"Perception, Psychoacoustics, Spatial & Instrument Concepts",Batch 5
Basilar-membrane frequency mapping,"Perception, Psychoacoustics, Spatial & Instrument Concepts",Batch 5
Hair-cell transduction,"Perception, Psychoacoustics, Spatial & Instrument Concepts",Batch 5
Auditory nerve firing,"Perception, Psychoacoustics, Spatial & Instrument Concepts",Batch 5
Binaural summation,"Perception, Psychoacoustics, Spatial & Instrument Concepts",Batch 5
Localization,"Perception, Psychoacoustics, Spatial & Instrument Concepts",Batch 5
Head-related transfer functions,"Perception, Psychoacoustics, Spatial & Instrument Concepts",Batch 5
Pinna cues,"Perception, Psychoacoustics, Spatial & Instrument Concepts",Batch 5
Front-back confusion,"Perception, Psychoacoustics, Spatial & Instrument Concepts",Batch 5
Elevation perception,"Perception, Psychoacoustics, Spatial & Instrument Concepts",Batch 5
Harmonic grouping,"Perception, Psychoacoustics, Spatial & Instrument Concepts",Batch 5
Temporal grouping,"Perception, Psychoacoustics, Spatial & Instrument Concepts",Batch 5
Selective attention,"Perception, Psychoacoustics, Spatial & Instrument Concepts",Batch 5
Auditory adaptation,"Perception, Psychoacoustics, Spatial & Instrument Concepts",Batch 5
Auditory fatigue,"Perception, Psychoacoustics, Spatial & Instrument Concepts",Batch 5
Diplacusis,"Perception, Psychoacoustics, Spatial & Instrument Concepts",Batch 5
Occlusion effect,"Perception, Psychoacoustics, Spatial & Instrument Concepts",Batch 5
Bone conduction,"Perception, Psychoacoustics, Spatial & Instrument Concepts",Batch 5
Air conduction,"Perception, Psychoacoustics, Spatial & Instrument Concepts",Batch 5
Binaural beats,"Perception, Psychoacoustics, Spatial & Instrument Concepts",Batch 5
Combination tones,"Perception, Psychoacoustics, Spatial & Instrument Concepts",Batch 5
Auditory illusions,"Perception, Psychoacoustics, Spatial & Instrument Concepts",Batch 5
Phantom fundamental,"Perception, Psychoacoustics, Spatial & Instrument Concepts",Batch 5
Shepard tones,"Perception, Psychoacoustics, Spatial & Instrument Concepts",Batch 5
Tritone paradox,"Perception, Psychoacoustics, Spatial & Instrument Concepts",Batch 5
McGurk-style audiovisual influence on speech,"Perception, Psychoacoustics, Spatial & Instrument Concepts",Batch 5
Expectation bias,"Perception, Psychoacoustics, Spatial & Instrument Concepts",Batch 5
Loudness bias,"Perception, Psychoacoustics, Spatial & Instrument Concepts",Batch 5
Sighted versus blind listening,"Perception, Psychoacoustics, Spatial & Instrument Concepts",Batch 5
Listener training and perceptual learning,"Perception, Psychoacoustics, Spatial & Instrument Concepts",Batch 5
Intensity stereophony,"Perception, Psychoacoustics, Spatial & Instrument Concepts",Batch 5
Time-difference stereophony,"Perception, Psychoacoustics, Spatial & Instrument Concepts",Batch 5
Phase-difference stereophony,"Perception, Psychoacoustics, Spatial & Instrument Concepts",Batch 5
Coincident stereo,"Perception, Psychoacoustics, Spatial & Instrument Concepts",Batch 5
Near-coincident stereo,"Perception, Psychoacoustics, Spatial & Instrument Concepts",Batch 5
Spaced-pair stereo,"Perception, Psychoacoustics, Spatial & Instrument Concepts",Batch 5
Mid/side stereo,"Perception, Psychoacoustics, Spatial & Instrument Concepts",Batch 5
Sum-and-difference matrices,"Perception, Psychoacoustics, Spatial & Instrument Concepts",Batch 5
Interchannel correlation,"Perception, Psychoacoustics, Spatial & Instrument Concepts",Batch 5
Negative correlation,"Perception, Psychoacoustics, Spatial & Instrument Concepts",Batch 5
Phase-scope interpretation,"Perception, Psychoacoustics, Spatial & Instrument Concepts",Batch 5
Image shift with listener movement,"Perception, Psychoacoustics, Spatial & Instrument Concepts",Batch 5
Individualized HRTFs,"Perception, Psychoacoustics, Spatial & Instrument Concepts",Batch 5
Head tracking,"Perception, Psychoacoustics, Spatial & Instrument Concepts",Batch 5
Spherical harmonics,"Perception, Psychoacoustics, Spatial & Instrument Concepts",Batch 5
Ambisonic encoding,"Perception, Psychoacoustics, Spatial & Instrument Concepts",Batch 5
Ambisonic decoding,"Perception, Psychoacoustics, Spatial & Instrument Concepts",Batch 5
Sound-field rotation,"Perception, Psychoacoustics, Spatial & Instrument Concepts",Batch 5
Sound-field translation,"Perception, Psychoacoustics, Spatial & Instrument Concepts",Batch 5
Scene-based audio,"Perception, Psychoacoustics, Spatial & Instrument Concepts",Batch 5
Bed channels,"Perception, Psychoacoustics, Spatial & Instrument Concepts",Batch 5
Audio objects,"Perception, Psychoacoustics, Spatial & Instrument Concepts",Batch 5
Metadata-driven rendering,"Perception, Psychoacoustics, Spatial & Instrument Concepts",Batch 5
Distance-based amplitude panning,"Perception, Psychoacoustics, Spatial & Instrument Concepts",Batch 5
Higher-order spatial aliasing,"Perception, Psychoacoustics, Spatial & Instrument Concepts",Batch 5
Elevation channels,"Perception, Psychoacoustics, Spatial & Instrument Concepts",Batch 5
Height localization,"Perception, Psychoacoustics, Spatial & Instrument Concepts",Batch 5
Downmixing,"Perception, Psychoacoustics, Spatial & Instrument Concepts",Batch 5
Fold-down compatibility,"Perception, Psychoacoustics, Spatial & Instrument Concepts",Batch 5
Binaural rendering of immersive mixes,"Perception, Psychoacoustics, Spatial & Instrument Concepts",Batch 5
Measurement signal versus program material,"Electrical, Networking, Live Sound & Measurement Concepts",Batch 5
Reference calibration,"Electrical, Networking, Live Sound & Measurement Concepts",Batch 5
Accuracy versus precision,"Electrical, Networking, Live Sound & Measurement Concepts",Batch 5
Tolerance,"Electrical, Networking, Live Sound & Measurement Concepts",Batch 5
Measurement microphone calibration,"Electrical, Networking, Live Sound & Measurement Concepts",Batch 5
Random-incidence calibration,"Electrical, Networking, Live Sound & Measurement Concepts",Batch 5
Sound-level meter time weighting,"Electrical, Networking, Live Sound & Measurement Concepts",Batch 5
Fast weighting,"Electrical, Networking, Live Sound & Measurement Concepts",Batch 5
Slow weighting,"Electrical, Networking, Live Sound & Measurement Concepts",Batch 5
Impulse weighting,"Electrical, Networking, Live Sound & Measurement Concepts",Batch 5
Frequency weighting,"Electrical, Networking, Live Sound & Measurement Concepts",Batch 5
A weighting,"Electrical, Networking, Live Sound & Measurement Concepts",Batch 5
C weighting,"Electrical, Networking, Live Sound & Measurement Concepts",Batch 5
Peak sound pressure,"Electrical, Networking, Live Sound & Measurement Concepts",Batch 5
Dose,"Electrical, Networking, Live Sound & Measurement Concepts",Batch 5
Real-time analysis,"Electrical, Networking, Live Sound & Measurement Concepts",Batch 5
Fractional-octave analysis,"Electrical, Networking, Live Sound & Measurement Concepts",Batch 5
Constant-percentage bandwidth,"Electrical, Networking, Live Sound & Measurement Concepts",Batch 5
Constant-Hz bandwidth,"Electrical, Networking, Live Sound & Measurement Concepts",Batch 5
Fractional-octave smoothing,"Electrical, Networking, Live Sound & Measurement Concepts",Batch 5
Psychoacoustic smoothing,"Electrical, Networking, Live Sound & Measurement Concepts",Batch 5
Time averaging,"Electrical, Networking, Live Sound & Measurement Concepts",Batch 5
Frequency-response measurement,"Electrical, Networking, Live Sound & Measurement Concepts",Batch 5
Reference-channel delay,"Electrical, Networking, Live Sound & Measurement Concepts",Batch 5
Spectrograph,"Electrical, Networking, Live Sound & Measurement Concepts",Batch 5
Wavelet spectrogram,"Electrical, Networking, Live Sound & Measurement Concepts",Batch 5
Group-delay plot,"Electrical, Networking, Live Sound & Measurement Concepts",Batch 5
Excess-phase plot,"Electrical, Networking, Live Sound & Measurement Concepts",Batch 5
Minimum-phase derivation,"Electrical, Networking, Live Sound & Measurement Concepts",Batch 5
Windowing an impulse response,"Electrical, Networking, Live Sound & Measurement Concepts",Batch 5
Gating reflections,"Electrical, Networking, Live Sound & Measurement Concepts",Batch 5
Near-field loudspeaker measurement,"Electrical, Networking, Live Sound & Measurement Concepts",Batch 5
Merging near-field and far-field responses,"Electrical, Networking, Live Sound & Measurement Concepts",Batch 5
Polar measurement,"Electrical, Networking, Live Sound & Measurement Concepts",Batch 5
Directivity balloon,"Electrical, Networking, Live Sound & Measurement Concepts",Batch 5
Spinorama-style data,"Electrical, Networking, Live Sound & Measurement Concepts",Batch 5
Balloon interpolation,"Electrical, Networking, Live Sound & Measurement Concepts",Batch 5
Measurement noise floor,"Electrical, Networking, Live Sound & Measurement Concepts",Batch 5
Distortion measurement,"Electrical, Networking, Live Sound & Measurement Concepts",Batch 5
Multitone testing,"Electrical, Networking, Live Sound & Measurement Concepts",Batch 5
Maximum-length sequence measurement,"Electrical, Networking, Live Sound & Measurement Concepts",Batch 5
Transfer-function averaging,"Electrical, Networking, Live Sound & Measurement Concepts",Batch 5
Vector averaging,"Electrical, Networking, Live Sound & Measurement Concepts",Batch 5
Calibration offsets,"Electrical, Networking, Live Sound & Measurement Concepts",Batch 5
Measurement latency,"Electrical, Networking, Live Sound & Measurement Concepts",Batch 5
Clock mismatch during measurement,"Electrical, Networking, Live Sound & Measurement Concepts",Batch 5
Ringing out a system,"Electrical, Networking, Live Sound & Measurement Concepts",Batch 5
Feedback loop gain,"Electrical, Networking, Live Sound & Measurement Concepts",Batch 5
Feedback stability margin,"Electrical, Networking, Live Sound & Measurement Concepts",Batch 5
Open-loop versus closed-loop behavior,"Electrical, Networking, Live Sound & Measurement Concepts",Batch 5
Microphone-loudspeaker geometry,"Electrical, Networking, Live Sound & Measurement Concepts",Batch 5
Uniformity,"Electrical, Networking, Live Sound & Measurement Concepts",Batch 5
Directivity control,"Electrical, Networking, Live Sound & Measurement Concepts",Batch 5
Loudspeaker aiming,"Electrical, Networking, Live Sound & Measurement Concepts",Batch 5
Acoustic overlap,"Electrical, Networking, Live Sound & Measurement Concepts",Batch 5
Acoustic crossover zones,"Electrical, Networking, Live Sound & Measurement Concepts",Batch 5
Delay speakers,"Electrical, Networking, Live Sound & Measurement Concepts",Batch 5
Under-balcony fills,"Electrical, Networking, Live Sound & Measurement Concepts",Batch 5
Out fills,"Electrical, Networking, Live Sound & Measurement Concepts",Batch 5
Distributed systems,"Electrical, Networking, Live Sound & Measurement Concepts",Batch 5
Magnitude summation,"Electrical, Networking, Live Sound & Measurement Concepts",Batch 5
Main-to-sub timing,"Electrical, Networking, Live Sound & Measurement Concepts",Batch 5
Boundary interaction,"Electrical, Networking, Live Sound & Measurement Concepts",Batch 5
Stage spill,"Electrical, Networking, Live Sound & Measurement Concepts",Batch 5
Monitor gain before feedback,"Electrical, Networking, Live Sound & Measurement Concepts",Batch 5
In-ear monitor isolation,"Electrical, Networking, Live Sound & Measurement Concepts",Batch 5
Latency in monitoring systems,"Electrical, Networking, Live Sound & Measurement Concepts",Batch 5
Comb filtering from multiple loudspeakers,"Electrical, Networking, Live Sound & Measurement Concepts",Batch 5
Subwoofer lobing,"Electrical, Networking, Live Sound & Measurement Concepts",Batch 5
Array steering,"Electrical, Networking, Live Sound & Measurement Concepts",Batch 5
Delay shading,"Electrical, Networking, Live Sound & Measurement Concepts",Batch 5
Frequency shading,"Electrical, Networking, Live Sound & Measurement Concepts",Batch 5
Coverage versus throw,"Electrical, Networking, Live Sound & Measurement Concepts",Batch 5
Temperature and humidity effects,"Electrical, Networking, Live Sound & Measurement Concepts",Batch 5
Wind effects,"Electrical, Networking, Live Sound & Measurement Concepts",Batch 5
Outdoor propagation,"Electrical, Networking, Live Sound & Measurement Concepts",Batch 5
Empty-room versus occupied-room response,"Electrical, Networking, Live Sound & Measurement Concepts",Batch 5
System equalization versus room correction,"Electrical, Networking, Live Sound & Measurement Concepts",Batch 5
Measurement-position dependency,"Electrical, Networking, Live Sound & Measurement Concepts",Batch 5
Spatial averaging for system tuning,"Electrical, Networking, Live Sound & Measurement Concepts",Batch 5
Target curves,"Electrical, Networking, Live Sound & Measurement Concepts",Batch 5
House curves,"Electrical, Networking, Live Sound & Measurement Concepts",Batch 5
Tonal balance versus flatness,"Electrical, Networking, Live Sound & Measurement Concepts",Batch 5
System optimization under time constraints,"Electrical, Networking, Live Sound & Measurement Concepts",Batch 5
Gain staging through a recording chain,"Recording, Mixing, Troubleshooting & Safety Concepts",Batch 5
Microphone placement as spectral control,"Recording, Mixing, Troubleshooting & Safety Concepts",Batch 5
Room-to-direct balance,"Recording, Mixing, Troubleshooting & Safety Concepts",Batch 5
Early-reflection coloration,"Recording, Mixing, Troubleshooting & Safety Concepts",Batch 5
Multi-microphone time alignment,"Recording, Mixing, Troubleshooting & Safety Concepts",Batch 5
Polarity checking,"Recording, Mixing, Troubleshooting & Safety Concepts",Batch 5
Comb filtering in layered recordings,"Recording, Mixing, Troubleshooting & Safety Concepts",Batch 5
Transient capture,"Recording, Mixing, Troubleshooting & Safety Concepts",Batch 5
Source dynamics,"Recording, Mixing, Troubleshooting & Safety Concepts",Batch 5
Microphone overload,"Recording, Mixing, Troubleshooting & Safety Concepts",Batch 5
Preamplifier overload,"Recording, Mixing, Troubleshooting & Safety Concepts",Batch 5
Converter overload,"Recording, Mixing, Troubleshooting & Safety Concepts",Batch 5
Analog headroom versus digital headroom,"Recording, Mixing, Troubleshooting & Safety Concepts",Batch 5
Noise accumulation,"Recording, Mixing, Troubleshooting & Safety Concepts",Batch 5
Ground loops in recording systems,"Recording, Mixing, Troubleshooting & Safety Concepts",Batch 5
Cue-mix latency,"Recording, Mixing, Troubleshooting & Safety Concepts",Batch 5
Round-trip latency,"Recording, Mixing, Troubleshooting & Safety Concepts",Batch 5
Buffer-size tradeoffs,"Recording, Mixing, Troubleshooting & Safety Concepts",Batch 5
Sample-rate effects on latency,"Recording, Mixing, Troubleshooting & Safety Concepts",Batch 5
Editing at zero crossings,"Recording, Mixing, Troubleshooting & Safety Concepts",Batch 5
Crossfades,"Recording, Mixing, Troubleshooting & Safety Concepts",Batch 5
Phase-coherent editing,"Recording, Mixing, Troubleshooting & Safety Concepts",Batch 5
Elastic audio artifacts,"Recording, Mixing, Troubleshooting & Safety Concepts",Batch 5
Destructive versus nondestructive editing,"Recording, Mixing, Troubleshooting & Safety Concepts",Batch 5
Session sample-rate management,"Recording, Mixing, Troubleshooting & Safety Concepts",Batch 5
Clocking multiple digital devices,"Recording, Mixing, Troubleshooting & Safety Concepts",Batch 5
Impedance conversion,"Recording, Mixing, Troubleshooting & Safety Concepts",Batch 5
Direct injection,"Recording, Mixing, Troubleshooting & Safety Concepts",Batch 5
Instrument-level versus line-level signals,"Recording, Mixing, Troubleshooting & Safety Concepts",Batch 5
Ground lifting and electrical safety,"Recording, Mixing, Troubleshooting & Safety Concepts",Batch 5
Perspective,"Recording, Mixing, Troubleshooting & Safety Concepts",Batch 5
Height perception,"Recording, Mixing, Troubleshooting & Safety Concepts",Batch 5
Level masking,"Recording, Mixing, Troubleshooting & Safety Concepts",Batch 5
Arrangement masking,"Recording, Mixing, Troubleshooting & Safety Concepts",Batch 5
Tonal hierarchy,"Recording, Mixing, Troubleshooting & Safety Concepts",Batch 5
Dynamic hierarchy,"Recording, Mixing, Troubleshooting & Safety Concepts",Batch 5
Transient hierarchy,"Recording, Mixing, Troubleshooting & Safety Concepts",Batch 5
Center-image management,"Recording, Mixing, Troubleshooting & Safety Concepts",Batch 5
Low-frequency mono compatibility,"Recording, Mixing, Troubleshooting & Safety Concepts",Batch 5
Stereo decorrelation,"Recording, Mixing, Troubleshooting & Safety Concepts",Batch 5
Phase-based widening,"Recording, Mixing, Troubleshooting & Safety Concepts",Batch 5
Haas-based widening,"Recording, Mixing, Troubleshooting & Safety Concepts",Batch 5
Artificial double tracking,"Recording, Mixing, Troubleshooting & Safety Concepts",Batch 5
Mid/side equalization,"Recording, Mixing, Troubleshooting & Safety Concepts",Batch 5
Mid/side compression,"Recording, Mixing, Troubleshooting & Safety Concepts",Batch 5
Serial processing,"Recording, Mixing, Troubleshooting & Safety Concepts",Batch 5
Processor-order interaction,"Recording, Mixing, Troubleshooting & Safety Concepts",Batch 5
Pre-emphasis and de-emphasis,"Recording, Mixing, Troubleshooting & Safety Concepts",Batch 5
Sidechain routing,"Recording, Mixing, Troubleshooting & Safety Concepts",Batch 5
Bus compression,"Recording, Mixing, Troubleshooting & Safety Concepts",Batch 5
Mix-bus headroom,"Recording, Mixing, Troubleshooting & Safety Concepts",Batch 5
Summing,"Recording, Mixing, Troubleshooting & Safety Concepts",Batch 5
Relative versus absolute level,"Recording, Mixing, Troubleshooting & Safety Concepts",Batch 5
Loudness matching for comparison,"Recording, Mixing, Troubleshooting & Safety Concepts",Batch 5
Ear fatigue,"Recording, Mixing, Troubleshooting & Safety Concepts",Batch 5
Reference tracks,"Recording, Mixing, Troubleshooting & Safety Concepts",Batch 5
Monitoring level,"Recording, Mixing, Troubleshooting & Safety Concepts",Batch 5
Translation across playback systems,"Recording, Mixing, Troubleshooting & Safety Concepts",Batch 5
Room influence on mix decisions,"Recording, Mixing, Troubleshooting & Safety Concepts",Batch 5
Frequency balance versus perceived balance,"Recording, Mixing, Troubleshooting & Safety Concepts",Batch 5
Transient density,"Recording, Mixing, Troubleshooting & Safety Concepts",Batch 5
Reverberant density,"Recording, Mixing, Troubleshooting & Safety Concepts",Batch 5
Cohesion,"Recording, Mixing, Troubleshooting & Safety Concepts",Batch 5
Weight,"Recording, Mixing, Troubleshooting & Safety Concepts",Batch 5
Perceptual descriptors versus measurable properties,"Recording, Mixing, Troubleshooting & Safety Concepts",Batch 5
Room size as a perceptual parameter,"Signal Processing Concepts (Filters, Dynamics, FX, Noise)",Batch 5
Algorithmic reverberation,"Signal Processing Concepts (Filters, Dynamics, FX, Noise)",Batch 5
Convolution reverberation,"Signal Processing Concepts (Filters, Dynamics, FX, Noise)",Batch 5
Impulse-response capture,"Signal Processing Concepts (Filters, Dynamics, FX, Noise)",Batch 5
Time variance in natural spaces,"Signal Processing Concepts (Filters, Dynamics, FX, Noise)",Batch 5
Static versus modulated reverb,"Signal Processing Concepts (Filters, Dynamics, FX, Noise)",Batch 5
Plate-reverb behavior,"Signal Processing Concepts (Filters, Dynamics, FX, Noise)",Batch 5
Spring-reverb behavior,"Signal Processing Concepts (Filters, Dynamics, FX, Noise)",Batch 5
Chamber-reverb behavior,"Signal Processing Concepts (Filters, Dynamics, FX, Noise)",Batch 5
Reverb predelay and source distance,"Signal Processing Concepts (Filters, Dynamics, FX, Noise)",Batch 5
Reverb masking,"Signal Processing Concepts (Filters, Dynamics, FX, Noise)",Batch 5
Reverb ducking,"Signal Processing Concepts (Filters, Dynamics, FX, Noise)",Batch 5
Delay filtering,"Signal Processing Concepts (Filters, Dynamics, FX, Noise)",Batch 5
Note-value delay,"Signal Processing Concepts (Filters, Dynamics, FX, Noise)",Batch 5
Dotted and triplet delays,"Signal Processing Concepts (Filters, Dynamics, FX, Noise)",Batch 5
Slap delay,"Signal Processing Concepts (Filters, Dynamics, FX, Noise)",Batch 5
Comb filtering in short delays,"Signal Processing Concepts (Filters, Dynamics, FX, Noise)",Batch 5
Delay-line interpolation,"Signal Processing Concepts (Filters, Dynamics, FX, Noise)",Batch 5
Doppler effects during delay modulation,"Signal Processing Concepts (Filters, Dynamics, FX, Noise)",Batch 5
Feedback stability in delay networks,"Signal Processing Concepts (Filters, Dynamics, FX, Noise)",Batch 5
Low-frequency oscillation,"Signal Processing Concepts (Filters, Dynamics, FX, Noise)",Batch 5
Sideband formation,"Signal Processing Concepts (Filters, Dynamics, FX, Noise)",Batch 5
Carrier suppression,"Signal Processing Concepts (Filters, Dynamics, FX, Noise)",Batch 5
Through-zero modulation,"Signal Processing Concepts (Filters, Dynamics, FX, Noise)",Batch 5
Frequency-modulation index,"Signal Processing Concepts (Filters, Dynamics, FX, Noise)",Batch 5
Bessel-function sideband behavior,"Signal Processing Concepts (Filters, Dynamics, FX, Noise)",Batch 5
Modal synthesis,"Signal Processing Concepts (Filters, Dynamics, FX, Noise)",Batch 5
Vector synthesis,"Signal Processing Concepts (Filters, Dynamics, FX, Noise)",Batch 5
Spectral synthesis,"Signal Processing Concepts (Filters, Dynamics, FX, Noise)",Batch 5
Formant synthesis,"Signal Processing Concepts (Filters, Dynamics, FX, Noise)",Batch 5
Convolution synthesis,"Signal Processing Concepts (Filters, Dynamics, FX, Noise)",Batch 5
Phase-distortion synthesis,"Signal Processing Concepts (Filters, Dynamics, FX, Noise)",Batch 5
Aliasing in digital oscillators,"Signal Processing Concepts (Filters, Dynamics, FX, Noise)",Batch 5
Band-limited oscillator generation,"Signal Processing Concepts (Filters, Dynamics, FX, Noise)",Batch 5
Oscillator synchronization,"Signal Processing Concepts (Filters, Dynamics, FX, Noise)",Batch 5
Soft sync,"Signal Processing Concepts (Filters, Dynamics, FX, Noise)",Batch 5
Envelope generators,"Signal Processing Concepts (Filters, Dynamics, FX, Noise)",Batch 5
Attack-decay-sustain-release behavior,"Signal Processing Concepts (Filters, Dynamics, FX, Noise)",Batch 5
Control-rate versus audio-rate modulation,"Signal Processing Concepts (Filters, Dynamics, FX, Noise)",Batch 5
Tuning systems,"Signal Processing Concepts (Filters, Dynamics, FX, Noise)",Batch 5
Microtuning,"Signal Processing Concepts (Filters, Dynamics, FX, Noise)",Batch 5
Control smoothing,"Signal Processing Concepts (Filters, Dynamics, FX, Noise)",Batch 5
Parameter zipper noise,"Signal Processing Concepts (Filters, Dynamics, FX, Noise)",Batch 5
Harmonic excitation,"Perception, Psychoacoustics, Spatial & Instrument Concepts",Batch 5
Resonating body,"Perception, Psychoacoustics, Spatial & Instrument Concepts",Batch 5
Standing waves on strings,"Perception, Psychoacoustics, Spatial & Instrument Concepts",Batch 5
Open-string and stopped-string behavior,"Perception, Psychoacoustics, Spatial & Instrument Concepts",Batch 5
String modes,"Perception, Psychoacoustics, Spatial & Instrument Concepts",Batch 5
String stiffness and inharmonicity,"Perception, Psychoacoustics, Spatial & Instrument Concepts",Batch 5
Pluck position and harmonic content,"Perception, Psychoacoustics, Spatial & Instrument Concepts",Batch 5
Bowing excitation,"Perception, Psychoacoustics, Spatial & Instrument Concepts",Batch 5
Air-column resonance,"Perception, Psychoacoustics, Spatial & Instrument Concepts",Batch 5
Open and closed pipes,"Perception, Psychoacoustics, Spatial & Instrument Concepts",Batch 5
End correction,"Perception, Psychoacoustics, Spatial & Instrument Concepts",Batch 5
Register changes,"Perception, Psychoacoustics, Spatial & Instrument Concepts",Batch 5
Reed oscillation,"Perception, Psychoacoustics, Spatial & Instrument Concepts",Batch 5
Lip-reed oscillation,"Perception, Psychoacoustics, Spatial & Instrument Concepts",Batch 5
Bore shape,"Perception, Psychoacoustics, Spatial & Instrument Concepts",Batch 5
Cylindrical versus conical bores,"Perception, Psychoacoustics, Spatial & Instrument Concepts",Batch 5
Tone holes,"Perception, Psychoacoustics, Spatial & Instrument Concepts",Batch 5
Bell radiation,"Perception, Psychoacoustics, Spatial & Instrument Concepts",Batch 5
Brass directivity,"Perception, Psychoacoustics, Spatial & Instrument Concepts",Batch 5
Woodwind directivity,"Perception, Psychoacoustics, Spatial & Instrument Concepts",Batch 5
Membrane modes,"Perception, Psychoacoustics, Spatial & Instrument Concepts",Batch 5
Drumhead overtones,"Perception, Psychoacoustics, Spatial & Instrument Concepts",Batch 5
Coupled drumheads,"Perception, Psychoacoustics, Spatial & Instrument Concepts",Batch 5
Snare-wire response,"Perception, Psychoacoustics, Spatial & Instrument Concepts",Batch 5
Cymbal modes,"Perception, Psychoacoustics, Spatial & Instrument Concepts",Batch 5
Inharmonic percussion spectra,"Perception, Psychoacoustics, Spatial & Instrument Concepts",Batch 5
Piano-string inharmonicity,"Perception, Psychoacoustics, Spatial & Instrument Concepts",Batch 5
Soundboard coupling,"Perception, Psychoacoustics, Spatial & Instrument Concepts",Batch 5
Sympathetic string resonance,"Perception, Psychoacoustics, Spatial & Instrument Concepts",Batch 5
Pickup placement,"Perception, Psychoacoustics, Spatial & Instrument Concepts",Batch 5
Magnetic pickup aperture,"Perception, Psychoacoustics, Spatial & Instrument Concepts",Batch 5
Instrument body modes,"Perception, Psychoacoustics, Spatial & Instrument Concepts",Batch 5
Wolf tones,"Perception, Psychoacoustics, Spatial & Instrument Concepts",Batch 5
Formants in musical instruments,"Perception, Psychoacoustics, Spatial & Instrument Concepts",Batch 5
Vocal-fold vibration,"Dialogue Mixing, Premix, Speech & AI Voice",Batch 5
Source-filter theory,"Dialogue Mixing, Premix, Speech & AI Voice",Batch 5
Fundamental frequency of voice,"Dialogue Mixing, Premix, Speech & AI Voice",Batch 5
Vocal harmonics,"Dialogue Mixing, Premix, Speech & AI Voice",Batch 5
Formants,"Dialogue Mixing, Premix, Speech & AI Voice",Batch 5
Vocal-tract resonances,"Dialogue Mixing, Premix, Speech & AI Voice",Batch 5
Vowel formation,"Dialogue Mixing, Premix, Speech & AI Voice",Batch 5
Consonant formation,"Dialogue Mixing, Premix, Speech & AI Voice",Batch 5
Voiced versus unvoiced speech,"Dialogue Mixing, Premix, Speech & AI Voice",Batch 5
Plosives,"Dialogue Mixing, Premix, Speech & AI Voice",Batch 5
Fricatives,"Dialogue Mixing, Premix, Speech & AI Voice",Batch 5
Glottal pulse,"Dialogue Mixing, Premix, Speech & AI Voice",Batch 5
Pitch versus formant,"Dialogue Mixing, Premix, Speech & AI Voice",Batch 5
Pitch shifting without formant correction,"Dialogue Mixing, Premix, Speech & AI Voice",Batch 5
Vocal proximity effect,"Dialogue Mixing, Premix, Speech & AI Voice",Batch 5
Consonant-to-vowel balance,"Dialogue Mixing, Premix, Speech & AI Voice",Batch 5
Vocal dynamic range,"Dialogue Mixing, Premix, Speech & AI Voice",Batch 5
Voice onset,"Dialogue Mixing, Premix, Speech & AI Voice",Batch 5
Vocal fry,"Dialogue Mixing, Premix, Speech & AI Voice",Batch 5
Falsetto,"Dialogue Mixing, Premix, Speech & AI Voice",Batch 5
Chest and head registration,"Dialogue Mixing, Premix, Speech & AI Voice",Batch 5
Comb filtering from podium or desk reflections,"Dialogue Mixing, Premix, Speech & AI Voice",Batch 5
Plosive control,"Dialogue Mixing, Premix, Speech & AI Voice",Batch 5
Dialogue matching,"Dialogue Mixing, Premix, Speech & AI Voice",Batch 5
Room-tone continuity,"Dialogue Mixing, Premix, Speech & AI Voice",Batch 5
Frequency identification,"Perception, Psychoacoustics, Spatial & Instrument Concepts",Batch 5
Level-difference identification,"Perception, Psychoacoustics, Spatial & Instrument Concepts",Batch 5
Delay identification,"Perception, Psychoacoustics, Spatial & Instrument Concepts",Batch 5
Phase-change audibility,"Perception, Psychoacoustics, Spatial & Instrument Concepts",Batch 5
Distortion identification,"Perception, Psychoacoustics, Spatial & Instrument Concepts",Batch 5
Compression identification,"Perception, Psychoacoustics, Spatial & Instrument Concepts",Batch 5
Attack and release recognition,"Perception, Psychoacoustics, Spatial & Instrument Concepts",Batch 5
Reverb-time recognition,"Perception, Psychoacoustics, Spatial & Instrument Concepts",Batch 5
Predelay recognition,"Perception, Psychoacoustics, Spatial & Instrument Concepts",Batch 5
Early-reflection recognition,"Perception, Psychoacoustics, Spatial & Instrument Concepts",Batch 5
Noise-color identification,"Perception, Psychoacoustics, Spatial & Instrument Concepts",Batch 5
Clipping recognition,"Perception, Psychoacoustics, Spatial & Instrument Concepts",Batch 5
Aliasing recognition,"Perception, Psychoacoustics, Spatial & Instrument Concepts",Batch 5
Quantization-distortion recognition,"Perception, Psychoacoustics, Spatial & Instrument Concepts",Batch 5
Codec-artifact recognition,"Perception, Psychoacoustics, Spatial & Instrument Concepts",Batch 5
Resonance identification,"Perception, Psychoacoustics, Spatial & Instrument Concepts",Batch 5
Comb-filter identification,"Perception, Psychoacoustics, Spatial & Instrument Concepts",Batch 5
Polarity-error recognition,"Perception, Psychoacoustics, Spatial & Instrument Concepts",Batch 5
Spectral-tilt recognition,"Perception, Psychoacoustics, Spatial & Instrument Concepts",Batch 5
Bandwidth limitation,"Perception, Psychoacoustics, Spatial & Instrument Concepts",Batch 5
High-pass and low-pass recognition,"Perception, Psychoacoustics, Spatial & Instrument Concepts",Batch 5
Bell-filter frequency recognition,"Perception, Psychoacoustics, Spatial & Instrument Concepts",Batch 5
Q-factor recognition,"Perception, Psychoacoustics, Spatial & Instrument Concepts",Batch 5
Masking recognition,"Perception, Psychoacoustics, Spatial & Instrument Concepts",Batch 5
Stereo-width recognition,"Perception, Psychoacoustics, Spatial & Instrument Concepts",Batch 5
Image-position recognition,"Perception, Psychoacoustics, Spatial & Instrument Concepts",Batch 5
Depth recognition,"Perception, Psychoacoustics, Spatial & Instrument Concepts",Batch 5
Room-size perception,"Perception, Psychoacoustics, Spatial & Instrument Concepts",Batch 5
Direct-to-reverberant balance,"Perception, Psychoacoustics, Spatial & Instrument Concepts",Batch 5
Loudness matching,"Perception, Psychoacoustics, Spatial & Instrument Concepts",Batch 5
Anchoring bias,"Perception, Psychoacoustics, Spatial & Instrument Concepts",Batch 5
Order effects in listening tests,"Perception, Psychoacoustics, Spatial & Instrument Concepts",Batch 5
Memory limitations in audio comparison,"Perception, Psychoacoustics, Spatial & Instrument Concepts",Batch 5
Training transfer,"Perception, Psychoacoustics, Spatial & Instrument Concepts",Batch 5
Controlled listening-test design,"Perception, Psychoacoustics, Spatial & Instrument Concepts",Batch 5
ABX testing,"Perception, Psychoacoustics, Spatial & Instrument Concepts",Batch 5
Double-blind testing,"Perception, Psychoacoustics, Spatial & Instrument Concepts",Batch 5
Statistical significance,"Perception, Psychoacoustics, Spatial & Instrument Concepts",Batch 5
Practical significance,"Perception, Psychoacoustics, Spatial & Instrument Concepts",Batch 5
Preference versus detection,"Perception, Psychoacoustics, Spatial & Instrument Concepts",Batch 5
Sound-pressure exposure,"Recording, Mixing, Troubleshooting & Safety Concepts",Batch 5
Exposure duration,"Recording, Mixing, Troubleshooting & Safety Concepts",Batch 5
Dose calculation,"Recording, Mixing, Troubleshooting & Safety Concepts",Batch 5
Peak versus continuous exposure,"Recording, Mixing, Troubleshooting & Safety Concepts",Batch 5
Hidden hearing damage,"Recording, Mixing, Troubleshooting & Safety Concepts",Batch 5
Ototoxic exposure,"Recording, Mixing, Troubleshooting & Safety Concepts",Batch 5
Individual susceptibility,"Recording, Mixing, Troubleshooting & Safety Concepts",Batch 5
Earplug attenuation,"Recording, Mixing, Troubleshooting & Safety Concepts",Batch 5
Real-world versus labeled attenuation,"Recording, Mixing, Troubleshooting & Safety Concepts",Batch 5
Fit testing,"Recording, Mixing, Troubleshooting & Safety Concepts",Batch 5
Bone-conduction limits of hearing protection,"Recording, Mixing, Troubleshooting & Safety Concepts",Batch 5
In-ear-monitor exposure,"Recording, Mixing, Troubleshooting & Safety Concepts",Batch 5
Headphone-output uncertainty,"Recording, Mixing, Troubleshooting & Safety Concepts",Batch 5
Equal-loudness effects on monitoring decisions,"Recording, Mixing, Troubleshooting & Safety Concepts",Batch 5
Feedback hazards,"Recording, Mixing, Troubleshooting & Safety Concepts",Batch 5
Impulse-noise hazards,"Recording, Mixing, Troubleshooting & Safety Concepts",Batch 5
Electrical shock risk,"Recording, Mixing, Troubleshooting & Safety Concepts",Batch 5
Phantom-power hazards,"Recording, Mixing, Troubleshooting & Safety Concepts",Batch 5
Grounding safety,"Recording, Mixing, Troubleshooting & Safety Concepts",Batch 5
Mains isolation,"Recording, Mixing, Troubleshooting & Safety Concepts",Batch 5
Rigging and suspended-load safety,"Recording, Mixing, Troubleshooting & Safety Concepts",Batch 5
Loudspeaker tip-over risk,"Recording, Mixing, Troubleshooting & Safety Concepts",Batch 5
Cable-trip hazards,"Recording, Mixing, Troubleshooting & Safety Concepts",Batch 5
Battery thermal hazards,"Recording, Mixing, Troubleshooting & Safety Concepts",Batch 5
Laser and optical-audio-system hazards,"Recording, Mixing, Troubleshooting & Safety Concepts",Batch 5
Safe test-tone levels,"Recording, Mixing, Troubleshooting & Safety Concepts",Batch 5
Ultrasonic exposure considerations,"Recording, Mixing, Troubleshooting & Safety Concepts",Batch 5
Symptom versus cause,"Recording, Mixing, Troubleshooting & Safety Concepts",Batch 5
Signal-flow tracing,"Recording, Mixing, Troubleshooting & Safety Concepts",Batch 5
Divide-and-conquer troubleshooting,"Recording, Mixing, Troubleshooting & Safety Concepts",Batch 5
Substitution testing,"Recording, Mixing, Troubleshooting & Safety Concepts",Batch 5
Known-good references,"Recording, Mixing, Troubleshooting & Safety Concepts",Batch 5
Input versus output fault isolation,"Recording, Mixing, Troubleshooting & Safety Concepts",Batch 5
Intermittent faults,"Recording, Mixing, Troubleshooting & Safety Concepts",Batch 5
Thermal faults,"Recording, Mixing, Troubleshooting & Safety Concepts",Batch 5
Mechanical faults,"Recording, Mixing, Troubleshooting & Safety Concepts",Batch 5
Ground faults,"Recording, Mixing, Troubleshooting & Safety Concepts",Batch 5
Clocking faults,"Recording, Mixing, Troubleshooting & Safety Concepts",Batch 5
Polarity mismatch,"Recording, Mixing, Troubleshooting & Safety Concepts",Batch 5
Phase misalignment,"Recording, Mixing, Troubleshooting & Safety Concepts",Batch 5
Gain-structure faults,"Recording, Mixing, Troubleshooting & Safety Concepts",Batch 5
Clipping-point identification,"Recording, Mixing, Troubleshooting & Safety Concepts",Batch 5
Noise-source localization,"Recording, Mixing, Troubleshooting & Safety Concepts",Batch 5
Hum-frequency diagnosis,"Recording, Mixing, Troubleshooting & Safety Concepts",Batch 5
Buzz-harmonic diagnosis,"Recording, Mixing, Troubleshooting & Safety Concepts",Batch 5
Capacitive coupling,"Recording, Mixing, Troubleshooting & Safety Concepts",Batch 5
Inductive coupling,"Recording, Mixing, Troubleshooting & Safety Concepts",Batch 5
Ground-loop diagnosis,"Recording, Mixing, Troubleshooting & Safety Concepts",Batch 5
Shield-current problems,"Recording, Mixing, Troubleshooting & Safety Concepts",Batch 5
Pin-1 problems,"Recording, Mixing, Troubleshooting & Safety Concepts",Batch 5
Load instability,"Recording, Mixing, Troubleshooting & Safety Concepts",Batch 5
Amplifier protection modes,"Recording, Mixing, Troubleshooting & Safety Concepts",Batch 5
Loudspeaker polarity testing,"Recording, Mixing, Troubleshooting & Safety Concepts",Batch 5
Driver failure detection,"Recording, Mixing, Troubleshooting & Safety Concepts",Batch 5
Cable-continuity testing,"Recording, Mixing, Troubleshooting & Safety Concepts",Batch 5
Balanced-line testing,"Recording, Mixing, Troubleshooting & Safety Concepts",Batch 5
Network-audio packet loss,"Recording, Mixing, Troubleshooting & Safety Concepts",Batch 5
Clock-master conflict,"Recording, Mixing, Troubleshooting & Safety Concepts",Batch 5
Buffer and latency faults,"Recording, Mixing, Troubleshooting & Safety Concepts",Batch 5
Firmware and configuration mismatch,"Recording, Mixing, Troubleshooting & Safety Concepts",Batch 5
Measurement-tool misuse,"Recording, Mixing, Troubleshooting & Safety Concepts",Batch 5
Confirmation bias in troubleshooting,"Recording, Mixing, Troubleshooting & Safety Concepts",Batch 5
Logarithms,"Electrical, Networking, Live Sound & Measurement Concepts",Batch 5
Exponents,"Electrical, Networking, Live Sound & Measurement Concepts",Batch 5
Scientific notation,"Electrical, Networking, Live Sound & Measurement Concepts",Batch 5
Ratios,"Electrical, Networking, Live Sound & Measurement Concepts",Batch 5
Proportionality,"Electrical, Networking, Live Sound & Measurement Concepts",Batch 5
Inverse-square relationships,"Electrical, Networking, Live Sound & Measurement Concepts",Batch 5
Complex numbers,"Electrical, Networking, Live Sound & Measurement Concepts",Batch 5
Phasors,"Electrical, Networking, Live Sound & Measurement Concepts",Batch 5
Vectors,"Electrical, Networking, Live Sound & Measurement Concepts",Batch 5
Scalar versus vector quantities,"Electrical, Networking, Live Sound & Measurement Concepts",Batch 5
Dot products,"Electrical, Networking, Live Sound & Measurement Concepts",Batch 5
Cross products,"Electrical, Networking, Live Sound & Measurement Concepts",Batch 5
Coordinate systems,"Electrical, Networking, Live Sound & Measurement Concepts",Batch 5
Polar coordinates,"Electrical, Networking, Live Sound & Measurement Concepts",Batch 5
Spherical coordinates,"Electrical, Networking, Live Sound & Measurement Concepts",Batch 5
Trigonometric functions,"Electrical, Networking, Live Sound & Measurement Concepts",Batch 5
Sine and cosine relationships,"Electrical, Networking, Live Sound & Measurement Concepts",Batch 5
Radians versus degrees,"Electrical, Networking, Live Sound & Measurement Concepts",Batch 5
Differential equations,"Electrical, Networking, Live Sound & Measurement Concepts",Batch 5
Differentiation,"Electrical, Networking, Live Sound & Measurement Concepts",Batch 5
Fourier transforms,"Electrical, Networking, Live Sound & Measurement Concepts",Batch 5
Laplace transforms,"Electrical, Networking, Live Sound & Measurement Concepts",Batch 5
Z-transforms,"Electrical, Networking, Live Sound & Measurement Concepts",Batch 5
Probability distributions,"Electrical, Networking, Live Sound & Measurement Concepts",Batch 5
Statistical averages,"Electrical, Networking, Live Sound & Measurement Concepts",Batch 5
Variance,"Electrical, Networking, Live Sound & Measurement Concepts",Batch 5
Probability density,"Electrical, Networking, Live Sound & Measurement Concepts",Batch 5
Regression,"Electrical, Networking, Live Sound & Measurement Concepts",Batch 5
Confidence intervals,"Electrical, Networking, Live Sound & Measurement Concepts",Batch 5
Matrix operations,"Electrical, Networking, Live Sound & Measurement Concepts",Batch 5
Eigenvalues,"Electrical, Networking, Live Sound & Measurement Concepts",Batch 5
Eigenvectors,"Electrical, Networking, Live Sound & Measurement Concepts",Batch 5
Modal decomposition,"Electrical, Networking, Live Sound & Measurement Concepts",Batch 5
Boundary conditions,"Electrical, Networking, Live Sound & Measurement Concepts",Batch 5
Radiation resistance,"Electrical, Networking, Live Sound & Measurement Concepts",Batch 5
Radiation reactance,"Electrical, Networking, Live Sound & Measurement Concepts",Batch 5
