term,landing_topic,status,source_batch
AA-IIR,Standards — General Acoustics & Signal Terms,NEW,Standards list
ADM Lookup Chunk,"Standards — Immersive/Object/Scene, MIR, ML & Loudness",NEW,Standards list
AES EtherType,"Standards — Coding, Systems, Metadata & Transport",NEW,Standards list
AES Organizationally Unique Identifier,"Standards — Coding, Systems, Metadata & Transport",NEW,Standards list
AES protocol identifier,"Standards — Coding, Systems, Metadata & Transport",NEW,Standards list
AES3 block,"Standards — Coding, Systems, Metadata & Transport",NEW,Standards list
AES3 frame,"Standards — Coding, Systems, Metadata & Transport",NEW,Standards list
ATM adaptation-layer parameter,"Standards — Coding, Systems, Metadata & Transport",NEW,Standards list
ATM audio call,"Standards — Coding, Systems, Metadata & Transport",NEW,Standards list
ATM interworking,"Standards — Coding, Systems, Metadata & Transport",NEW,Standards list
AXML Chunk,"Standards — Coding, Systems, Metadata & Transport",NEW,Standards list
Abnormal Growth of Loudness,"Standards — Immersive/Object/Scene, MIR, ML & Loudness",NEW,Standards list
Absolute Gating Threshold,"Standards — Immersive/Object/Scene, MIR, ML & Loudness",NEW,Standards list
Absolute Limen,"Standards — Psychoacoustics, Hearing & Audiology",NEW,Standards list
Absolute object position,"Standards — Immersive/Object/Scene, MIR, ML & Loudness",NEW,Standards list
Absolute-polarity inversion,Standards — General Acoustics & Signal Terms,NEW,Standards list
Absorption loss,"Standards — Room, Building, Environmental & Measurement",NEW,Standards list
Access unit,"Standards — Coding, Systems, Metadata & Transport",NEW,Standards list
Accessibility metadata,"Standards — Coding, Systems, Metadata & Transport",NEW,Standards list
Accessibility presentation,"Standards — Immersive/Object/Scene, MIR, ML & Loudness",NEW,Standards list
Acoustic Activity Index,"Standards — Room, Building, Environmental & Measurement",NEW,Standards list
Acoustic Attenuation Constant,"Standards — Room, Building, Environmental & Measurement",NEW,Standards list
Acoustic Black Hole,"Standards — Room, Building, Environmental & Measurement",NEW,Standards list
Acoustic Bridge,"Standards — Room, Building, Environmental & Measurement",NEW,Standards list
Acoustic Dispersion,"Standards — Room, Building, Environmental & Measurement",NEW,Standards list
Acoustic Encounter,"Standards — Room, Building, Environmental & Measurement",NEW,Standards list
Acoustic Equivalent Volume,"Standards — Room, Building, Environmental & Measurement",NEW,Standards list
Acoustic Localization Error,"Standards — Room, Building, Environmental & Measurement",NEW,Standards list
Acoustic Radiation Force,"Standards — Room, Building, Environmental & Measurement",NEW,Standards list
Acoustic Streaming,"Standards — Room, Building, Environmental & Measurement",NEW,Standards list
Acoustic admittance,"Standards — Immersive/Object/Scene, MIR, ML & Loudness",NEW,Standards list
Acoustic appropriateness,"Standards — Room, Building, Environmental & Measurement",NEW,Standards list
Acoustic boundary,"Standards — Room, Building, Environmental & Measurement",NEW,Standards list
Acoustic coupler,"Standards — Room, Building, Environmental & Measurement",NEW,Standards list
Acoustic diffraction,"Standards — Room, Building, Environmental & Measurement",NEW,Standards list
Acoustic energy map,"Standards — Room, Building, Environmental & Measurement",NEW,Standards list
Acoustic environment model,"Standards — Room, Building, Environmental & Measurement",NEW,Standards list
Acoustic impedance of water,"Standards — Room, Building, Environmental & Measurement",NEW,Standards list
Acoustic multitarget tracking,"Standards — Room, Building, Environmental & Measurement",NEW,Standards list
Acoustic obstruction,"Standards — Room, Building, Environmental & Measurement",NEW,Standards list
Acoustic opening,"Standards — Room, Building, Environmental & Measurement",NEW,Standards list
Acoustic particle acceleration,"Standards — Room, Building, Environmental & Measurement",NEW,Standards list
Acoustic particle motion,"Standards — Room, Building, Environmental & Measurement",NEW,Standards list
Acoustic prediction data set,"Standards — Room, Building, Environmental & Measurement",NEW,Standards list
Acoustic privacy,"Standards — Room, Building, Environmental & Measurement",NEW,Standards list
Acoustic ray,"Standards — Room, Building, Environmental & Measurement",NEW,Standards list
Acoustic ray path,"Standards — Room, Building, Environmental & Measurement",NEW,Standards list
Acoustic region,"Standards — Room, Building, Environmental & Measurement",NEW,Standards list
Acoustic source trajectory,"Standards — Room, Building, Environmental & Measurement",NEW,Standards list
Acoustic transfer impedance,"Standards — Room, Building, Environmental & Measurement",NEW,Standards list
Acoustic transfer-function vector,"Standards — Room, Building, Environmental & Measurement",NEW,Standards list
Acoustic visibility,"Standards — Room, Building, Environmental & Measurement",NEW,Standards list
Acoustic zone,"Standards — Room, Building, Environmental & Measurement",NEW,Standards list
Acoustic-command injection,"Standards — Room, Building, Environmental & Measurement",NEW,Standards list
Acoustic-environment recording,"Standards — Room, Building, Environmental & Measurement",NEW,Standards list
Acoustic-response parameterization,"Standards — Room, Building, Environmental & Measurement",NEW,Standards list
Acoustic-scene graph,"Standards — Immersive/Object/Scene, MIR, ML & Loudness",NEW,Standards list
Acoustic-scene navigation,"Standards — Immersive/Object/Scene, MIR, ML & Loudness",NEW,Standards list
Across-Ear Envelope Comparison,"Standards — Coding, Systems, Metadata & Transport",NEW,Standards list
Across-Formant Grouping,"Standards — Psychoacoustics, Hearing & Audiology",NEW,Standards list
Across-Modal Influence,"Standards — Psychoacoustics, Hearing & Audiology",NEW,Standards list
Action/Object Paradigm,"Standards — Immersive/Object/Scene, MIR, ML & Loudness",NEW,Standards list
Actual loudspeaker position,"Standards — Immersive/Object/Scene, MIR, ML & Loudness",NEW,Standards list
Adaptation control,"Standards — Coding, Systems, Metadata & Transport",NEW,Standards list
Adapted Port Resistance,Standards — General Acoustics & Signal Terms,NEW,Standards list
Adaptive Psychophysical Method,"Standards — Immersive/Object/Scene, MIR, ML & Loudness",NEW,Standards list
Adaptive codebook,"Standards — Immersive/Object/Scene, MIR, ML & Loudness",NEW,Standards list
Additivity of Forward Masking,"Standards — Psychoacoustics, Hearing & Audiology",NEW,Standards list
Adjacent listener space,"Standards — Immersive/Object/Scene, MIR, ML & Loudness",NEW,Standards list
Administrative audio metadata,"Standards — Immersive/Object/Scene, MIR, ML & Loudness",NEW,Standards list
Adversarial detection front end,"Standards — Immersive/Object/Scene, MIR, ML & Loudness",NEW,Standards list
Affinity matrix,"Standards — Immersive/Object/Scene, MIR, ML & Loudness",NEW,Standards list
Air-absorption model,"Standards — Room, Building, Environmental & Measurement",NEW,Standards list
Air-conduction audiometry,"Standards — Psychoacoustics, Hearing & Audiology",NEW,Standards list
Airborne sound insulation,"Standards — Room, Building, Environmental & Measurement",NEW,Standards list
Airborne sound insulation rating,"Standards — Room, Building, Environmental & Measurement",NEW,Standards list
Album loudness,"Standards — Immersive/Object/Scene, MIR, ML & Loudness",NEW,Standards list
Album-mode processing,Standards — General Acoustics & Signal Terms,NEW,Standards list
Algebraic Loop,Standards — General Acoustics & Signal Terms,NEW,Standards list
Algebraic code-excited linear prediction,"Standards — Immersive/Object/Scene, MIR, ML & Loudness",NEW,Standards list
Algorithmic audio,"Standards — Immersive/Object/Scene, MIR, ML & Loudness",NEW,Standards list
Alias-Free Neural Nonlinearity,"Standards — Immersive/Object/Scene, MIR, ML & Loudness",NEW,Standards list
All Frame,"Standards — Coding, Systems, Metadata & Transport",NEW,Standards list
Alternate-language presentation,"Standards — Immersive/Object/Scene, MIR, ML & Loudness",NEW,Standards list
Alternative Value Set,"Standards — Coding, Systems, Metadata & Transport",NEW,Standards list
Alternative audio element,"Standards — Coding, Systems, Metadata & Transport",NEW,Standards list
Ambient sound,"Standards — Room, Building, Environmental & Measurement",NEW,Standards list
Ambisonic component ordering,"Standards — Immersive/Object/Scene, MIR, ML & Loudness",NEW,Standards list
Ambisonic normalization convention,"Standards — Immersive/Object/Scene, MIR, ML & Loudness",NEW,Standards list
Ambisonics Channel Numbering,"Standards — Immersive/Object/Scene, MIR, ML & Loudness",NEW,Standards list
Anchor loudness,"Standards — Immersive/Object/Scene, MIR, ML & Loudness",NEW,Standards list
Angular Deviation Loss,Standards — General Acoustics & Signal Terms,NEW,Standards list
Angular response data set,Standards — General Acoustics & Signal Terms,NEW,Standards list
Annotation Boundary Deviation,Standards — General Acoustics & Signal Terms,NEW,Standards list
Annoyance,"Standards — Psychoacoustics, Hearing & Audiology",NEW,Standards list
Anthropogenic sound,"Standards — Room, Building, Environmental & Measurement",NEW,Standards list
Antiderivative Antialiasing,"Standards — Immersive/Object/Scene, MIR, ML & Loudness",NEW,Standards list
Antiphasic Listening Condition,"Standards — Psychoacoustics, Hearing & Audiology",NEW,Standards list
Apical Excitation,"Standards — Psychoacoustics, Hearing & Audiology",NEW,Standards list
Apparent sound reduction index,"Standards — Room, Building, Environmental & Measurement",NEW,Standards list
Arbitrary downmix gain,"Standards — Immersive/Object/Scene, MIR, ML & Loudness",NEW,Standards list
Area source,"Standards — Room, Building, Environmental & Measurement",NEW,Standards list
Arithmetic-coded spectral data,"Standards — Coding, Systems, Metadata & Transport",NEW,Standards list
Array manifold,Standards — General Acoustics & Signal Terms,NEW,Standards list
Array manifold vector,Standards — General Acoustics & Signal Terms,NEW,Standards list
Array self-localization,"Standards — Immersive/Object/Scene, MIR, ML & Loudness",NEW,Standards list
Artificial mastoid,"Standards — Psychoacoustics, Hearing & Audiology",NEW,Standards list
Ascending method,Standards — General Acoustics & Signal Terms,NEW,Standards list
Assessment level,"Standards — Room, Building, Environmental & Measurement",NEW,Standards list
Assessment period,"Standards — Room, Building, Environmental & Measurement",NEW,Standards list
Attenuation coefficient,"Standards — Room, Building, Environmental & Measurement",NEW,Standards list
Attenuation due to foliage,"Standards — Room, Building, Environmental & Measurement",NEW,Standards list
Attenuation due to geometrical divergence,"Standards — Room, Building, Environmental & Measurement",NEW,Standards list
Attenuation due to housing,"Standards — Room, Building, Environmental & Measurement",NEW,Standards list
Attenuation due to industrial sites,"Standards — Room, Building, Environmental & Measurement",NEW,Standards list
Attractor formation,"Standards — Immersive/Object/Scene, MIR, ML & Loudness",NEW,Standards list
Attractor point,"Standards — Immersive/Object/Scene, MIR, ML & Loudness",NEW,Standards list
Audibility path,"Standards — Psychoacoustics, Hearing & Audiology",NEW,Standards list
Audio Block Format,"Standards — Immersive/Object/Scene, MIR, ML & Loudness",NEW,Standards list
Audio Complementary Object,"Standards — Immersive/Object/Scene, MIR, ML & Loudness",NEW,Standards list
Audio Data Interchange Format,Standards — General Acoustics & Signal Terms,NEW,Standards list
Audio Data Transport Stream,"Standards — Coding, Systems, Metadata & Transport",NEW,Standards list
Audio Essence,"Standards — Coding, Systems, Metadata & Transport",NEW,Standards list
Audio Feature Ontology,"Standards — Coding, Systems, Metadata & Transport",NEW,Standards list
Audio Object Type,"Standards — Immersive/Object/Scene, MIR, ML & Loudness",NEW,Standards list
Audio Pack Format,"Standards — Immersive/Object/Scene, MIR, ML & Loudness",NEW,Standards list
Audio Programme Reference Screen,"Standards — Immersive/Object/Scene, MIR, ML & Loudness",NEW,Standards list
Audio Thumbnailing,"Standards — Immersive/Object/Scene, MIR, ML & Loudness",NEW,Standards list
Audio access unit,"Standards — Coding, Systems, Metadata & Transport",NEW,Standards list
Audio adversarial example,"Standards — Immersive/Object/Scene, MIR, ML & Loudness",NEW,Standards list
Audio call-setup signaling,"Standards — Coding, Systems, Metadata & Transport",NEW,Standards list
Audio chunk interleaving,"Standards — Coding, Systems, Metadata & Transport",NEW,Standards list
Audio clip node,"Standards — Coding, Systems, Metadata & Transport",NEW,Standards list
Audio conformance point,"Standards — Coding, Systems, Metadata & Transport",NEW,Standards list
Audio delay node,"Standards — Coding, Systems, Metadata & Transport",NEW,Standards list
Audio description scheme,Standards — General Acoustics & Signal Terms,NEW,Standards list
Audio descriptor,"Standards — Coding, Systems, Metadata & Transport",NEW,Standards list
Audio element,"Standards — Coding, Systems, Metadata & Transport",NEW,Standards list
Audio element dependency,"Standards — Coding, Systems, Metadata & Transport",NEW,Standards list
Audio element group,"Standards — Coding, Systems, Metadata & Transport",NEW,Standards list
Audio element identifier,"Standards — Coding, Systems, Metadata & Transport",NEW,Standards list
Audio element interaction,"Standards — Coding, Systems, Metadata & Transport",NEW,Standards list
Audio elementary stream,"Standards — Coding, Systems, Metadata & Transport",NEW,Standards list
Audio frame,"Standards — Coding, Systems, Metadata & Transport",NEW,Standards list
Audio fundamental frequency,"Standards — Coding, Systems, Metadata & Transport",NEW,Standards list
Audio harmonicity,"Standards — Coding, Systems, Metadata & Transport",NEW,Standards list
Audio identification,"Standards — Coding, Systems, Metadata & Transport",NEW,Standards list
Audio interactivity,"Standards — Coding, Systems, Metadata & Transport",NEW,Standards list
Audio manifestation,"Standards — Coding, Systems, Metadata & Transport",NEW,Standards list
Audio matching,"Standards — Immersive/Object/Scene, MIR, ML & Loudness",NEW,Standards list
Audio media timescale,"Standards — Coding, Systems, Metadata & Transport",NEW,Standards list
Audio metadata code point,"Standards — Coding, Systems, Metadata & Transport",NEW,Standards list
Audio metadata enhancement,"Standards — Coding, Systems, Metadata & Transport",NEW,Standards list
Audio metadata invalidation,"Standards — Coding, Systems, Metadata & Transport",NEW,Standards list
Audio mixing node,"Standards — Coding, Systems, Metadata & Transport",NEW,Standards list
Audio multiplex element,"Standards — Coding, Systems, Metadata & Transport",NEW,Standards list
Audio object characteristic,"Standards — Immersive/Object/Scene, MIR, ML & Loudness",NEW,Standards list
Audio object structure,"Standards — Immersive/Object/Scene, MIR, ML & Loudness",NEW,Standards list
Audio over asynchronous transfer mode,"Standards — Coding, Systems, Metadata & Transport",NEW,Standards list
Audio power,Standards — General Acoustics & Signal Terms,NEW,Standards list
Audio preroll,"Standards — Coding, Systems, Metadata & Transport",NEW,Standards list
Audio preroll recovery,"Standards — Coding, Systems, Metadata & Transport",NEW,Standards list
Audio preservation event,"Standards — Coding, Systems, Metadata & Transport",NEW,Standards list
Audio profile-level compatibility,"Standards — Coding, Systems, Metadata & Transport",NEW,Standards list
Audio profile-level indication,"Standards — Coding, Systems, Metadata & Transport",NEW,Standards list
Audio protocol discriminator,"Standards — Coding, Systems, Metadata & Transport",NEW,Standards list
Audio sample description,"Standards — Coding, Systems, Metadata & Transport",NEW,Standards list
Audio sample duration,"Standards — Coding, Systems, Metadata & Transport",NEW,Standards list
Audio sample entry,"Standards — Coding, Systems, Metadata & Transport",NEW,Standards list
Audio sample group,"Standards — Coding, Systems, Metadata & Transport",NEW,Standards list
Audio sample packet,"Standards — Coding, Systems, Metadata & Transport",NEW,Standards list
Audio sample table,"Standards — Coding, Systems, Metadata & Transport",NEW,Standards list
Audio sampling clock traceability,"Standards — Coding, Systems, Metadata & Transport",NEW,Standards list
Audio scene,"Standards — Immersive/Object/Scene, MIR, ML & Loudness",NEW,Standards list
Audio scene adaptation,"Standards — Immersive/Object/Scene, MIR, ML & Loudness",NEW,Standards list
Audio scene anchor,"Standards — Immersive/Object/Scene, MIR, ML & Loudness",NEW,Standards list
Audio scene composition,"Standards — Immersive/Object/Scene, MIR, ML & Loudness",NEW,Standards list
Audio scene configuration,"Standards — Immersive/Object/Scene, MIR, ML & Loudness",NEW,Standards list
Audio scene coordinate system,"Standards — Immersive/Object/Scene, MIR, ML & Loudness",NEW,Standards list
Audio scene descriptor,"Standards — Immersive/Object/Scene, MIR, ML & Loudness",NEW,Standards list
Audio scene displacement,"Standards — Immersive/Object/Scene, MIR, ML & Loudness",NEW,Standards list
Audio scene graph,"Standards — Immersive/Object/Scene, MIR, ML & Loudness",NEW,Standards list
Audio scene information,"Standards — Immersive/Object/Scene, MIR, ML & Loudness",NEW,Standards list
Audio scene metadata,"Standards — Immersive/Object/Scene, MIR, ML & Loudness",NEW,Standards list
Audio scene origin,"Standards — Immersive/Object/Scene, MIR, ML & Loudness",NEW,Standards list
Audio scene reference point,"Standards — Immersive/Object/Scene, MIR, ML & Loudness",NEW,Standards list
Audio scene rendering,"Standards — Immersive/Object/Scene, MIR, ML & Loudness",NEW,Standards list
Audio scene rotation,"Standards — Immersive/Object/Scene, MIR, ML & Loudness",NEW,Standards list
Audio scene scaling,"Standards — Immersive/Object/Scene, MIR, ML & Loudness",NEW,Standards list
Audio scene translation,"Standards — Immersive/Object/Scene, MIR, ML & Loudness",NEW,Standards list
Audio scene-graph traversal,"Standards — Immersive/Object/Scene, MIR, ML & Loudness",NEW,Standards list
Audio signature,"Standards — Coding, Systems, Metadata & Transport",NEW,Standards list
Audio source node,"Standards — Coding, Systems, Metadata & Transport",NEW,Standards list
Audio spatialization node,"Standards — Coding, Systems, Metadata & Transport",NEW,Standards list
Audio spectrum basis,"Standards — Coding, Systems, Metadata & Transport",NEW,Standards list
Audio spectrum centroid,"Standards — Coding, Systems, Metadata & Transport",NEW,Standards list
Audio spectrum envelope,"Standards — Coding, Systems, Metadata & Transport",NEW,Standards list
Audio spectrum flatness,"Standards — Coding, Systems, Metadata & Transport",NEW,Standards list
Audio spectrum projection,"Standards — Coding, Systems, Metadata & Transport",NEW,Standards list
Audio spectrum spread,"Standards — Coding, Systems, Metadata & Transport",NEW,Standards list
Audio stream configuration,"Standards — Coding, Systems, Metadata & Transport",NEW,Standards list
Audio stream synchronization tolerance,"Standards — Coding, Systems, Metadata & Transport",NEW,Standards list
Audio style-transfer defense,"Standards — Immersive/Object/Scene, MIR, ML & Loudness",NEW,Standards list
Audio subframe,"Standards — Coding, Systems, Metadata & Transport",NEW,Standards list
Audio superframe,"Standards — Coding, Systems, Metadata & Transport",NEW,Standards list
Audio switch node,"Standards — Coding, Systems, Metadata & Transport",NEW,Standards list
Audio sync stream,"Standards — Coding, Systems, Metadata & Transport",NEW,Standards list
Audio synchronization word,"Standards — Coding, Systems, Metadata & Transport",NEW,Standards list
Audio track timescale,"Standards — Coding, Systems, Metadata & Transport",NEW,Standards list
Audio waveform descriptor,"Standards — Coding, Systems, Metadata & Transport",NEW,Standards list
Audio-Language Retrieval,"Standards — Immersive/Object/Scene, MIR, ML & Loudness",NEW,Standards list
Audio-Sheet-Music Correspondence,"Standards — Immersive/Object/Scene, MIR, ML & Loudness",NEW,Standards list
Audio-bound metadata,"Standards — Coding, Systems, Metadata & Transport",NEW,Standards list
Audio-content indexing,"Standards — Coding, Systems, Metadata & Transport",NEW,Standards list
Audio-description extraction,Standards — General Acoustics & Signal Terms,NEW,Standards list
Audio-description presentation,"Standards — Immersive/Object/Scene, MIR, ML & Loudness",NEW,Standards list
Audio-embedded downmix metadata,"Standards — Immersive/Object/Scene, MIR, ML & Loudness",NEW,Standards list
Audio-embedded loudness metadata,"Standards — Immersive/Object/Scene, MIR, ML & Loudness",NEW,Standards list
Audio-embedded metadata,"Standards — Immersive/Object/Scene, MIR, ML & Loudness",NEW,Standards list
Audio-embedded true-peak metadata,"Standards — Immersive/Object/Scene, MIR, ML & Loudness",NEW,Standards list
Audio-event description,"Standards — Coding, Systems, Metadata & Transport",NEW,Standards list
Audio-format box,"Standards — Coding, Systems, Metadata & Transport",NEW,Standards list
Audio-format migration,"Standards — Coding, Systems, Metadata & Transport",NEW,Standards list
Audio-frequency shield behavior,Standards — General Acoustics & Signal Terms,NEW,Standards list
Audio-network code-point registry,"Standards — Coding, Systems, Metadata & Transport",NEW,Standards list
Audio-node event,Standards — General Acoustics & Signal Terms,NEW,Standards list
Audio-node field,Standards — General Acoustics & Signal Terms,NEW,Standards list
Audio-node routing,Standards — General Acoustics & Signal Terms,NEW,Standards list
Audio-object instantiation,"Standards — Immersive/Object/Scene, MIR, ML & Loudness",NEW,Standards list
Audio-object integrity,"Standards — Immersive/Object/Scene, MIR, ML & Loudness",NEW,Standards list
Audio-object provenance,"Standards — Immersive/Object/Scene, MIR, ML & Loudness",NEW,Standards list
Audio-object relationship,"Standards — Immersive/Object/Scene, MIR, ML & Loudness",NEW,Standards list
Audio-rate processing,Standards — General Acoustics & Signal Terms,NEW,Standards list
Audio-sample metadata embedding,"Standards — Immersive/Object/Scene, MIR, ML & Loudness",NEW,Standards list
Audio-sample time identification,"Standards — Coding, Systems, Metadata & Transport",NEW,Standards list
Audio-segment decomposition,"Standards — Coding, Systems, Metadata & Transport",NEW,Standards list
Audio-segment descriptor,"Standards — Coding, Systems, Metadata & Transport",NEW,Standards list
Audio-source classification,"Standards — Coding, Systems, Metadata & Transport",NEW,Standards list
Audio-specific configuration,"Standards — Coding, Systems, Metadata & Transport",NEW,Standards list
Audio-to-Lyrics Alignment,"Standards — Coding, Systems, Metadata & Transport",NEW,Standards list
Audio-to-Score Alignment,"Standards — Coding, Systems, Metadata & Transport",NEW,Standards list
Audio-visual coherence,"Standards — Immersive/Object/Scene, MIR, ML & Loudness",NEW,Standards list
Audio-visual object association,"Standards — Immersive/Object/Scene, MIR, ML & Loudness",NEW,Standards list
Audio-visual position mismatch,"Standards — Immersive/Object/Scene, MIR, ML & Loudness",NEW,Standards list
Audio-visual spatial alignment,"Standards — Immersive/Object/Scene, MIR, ML & Loudness",NEW,Standards list
Audio-visual synchronization metadata,"Standards — Coding, Systems, Metadata & Transport",NEW,Standards list
AudioBIFS,"Standards — Coding, Systems, Metadata & Transport",NEW,Standards list
Audiometric reference zero,"Standards — Psychoacoustics, Hearing & Audiology",NEW,Standards list
Audiometrically Normal Listener,"Standards — Psychoacoustics, Hearing & Audiology",NEW,Standards list
Audiovisual Speech Benefit,Standards — General Acoustics & Signal Terms,NEW,Standards list
Auditory Gap,"Standards — Psychoacoustics, Hearing & Audiology",NEW,Standards list
Auditory Negative Afterimage,"Standards — Psychoacoustics, Hearing & Audiology",NEW,Standards list
Auditory Sensation Area,"Standards — Psychoacoustics, Hearing & Audiology",NEW,Standards list
Auditory Time Error,"Standards — Psychoacoustics, Hearing & Audiology",NEW,Standards list
Auditory weighting function,"Standards — Psychoacoustics, Hearing & Audiology",NEW,Standards list
Auditory-Filter Asymmetry,"Standards — Psychoacoustics, Hearing & Audiology",NEW,Standards list
Auditory-field correction,"Standards — Psychoacoustics, Hearing & Audiology",NEW,Standards list
Auditory-filter bandwidth,"Standards — Psychoacoustics, Hearing & Audiology",NEW,Standards list
Augmented-reality acoustic environment,"Standards — Room, Building, Environmental & Measurement",NEW,Standards list
Augmented-reality listener space,"Standards — Immersive/Object/Scene, MIR, ML & Loudness",NEW,Standards list
Aural Combination Tone,Standards — General Acoustics & Signal Terms,NEW,Standards list
Aural Harmonic,Standards — General Acoustics & Signal Terms,NEW,Standards list
Author-defined preset,Standards — General Acoustics & Signal Terms,NEW,Standards list
Authoring Information,Standards — General Acoustics & Signal Terms,NEW,Standards list
Auxiliary sample bits,Standards — General Acoustics & Signal Terms,NEW,Standards list
Availability Bias,Standards — General Acoustics & Signal Terms,NEW,Standards list
Average Sound-Pressure Level in a Room,Standards — General Acoustics & Signal Terms,NEW,Standards list
Axial Sensitivity,"Standards — Room, Building, Environmental & Measurement",NEW,Standards list
Backward Masking,"Standards — Psychoacoustics, Hearing & Audiology",NEW,Standards list
Baffled piston,Standards — General Acoustics & Signal Terms,NEW,Standards list
Band-limiting filter,"Standards — Coding, Systems, Metadata & Transport",NEW,Standards list
Bandwidth-extension coding,"Standards — Coding, Systems, Metadata & Transport",NEW,Standards list
Base curve,Standards — General Acoustics & Signal Terms,NEW,Standards list
Base layer,"Standards — Coding, Systems, Metadata & Transport",NEW,Standards list
Baseband audio,"Standards — Coding, Systems, Metadata & Transport",NEW,Standards list
Basilar-Membrane Motion,"Standards — Psychoacoustics, Hearing & Audiology",NEW,Standards list
Beam pattern,"Standards — Coding, Systems, Metadata & Transport",NEW,Standards list
Beamforming weight vector,"Standards — Immersive/Object/Scene, MIR, ML & Loudness",NEW,Standards list
Beat Histogram,"Standards — Immersive/Object/Scene, MIR, ML & Loudness",NEW,Standards list
Beat Spectrum,"Standards — Immersive/Object/Scene, MIR, ML & Loudness",NEW,Standards list
Bel,"Standards — Coding, Systems, Metadata & Transport",NEW,Standards list
Between-Channel Masking,"Standards — Psychoacoustics, Hearing & Audiology",NEW,Standards list
Bidirectional predictive frame,"Standards — Coding, Systems, Metadata & Transport",NEW,Standards list
Bilateral Masking-Level Difference,"Standards — Psychoacoustics, Hearing & Audiology",NEW,Standards list
Binaural Advantage,"Standards — Psychoacoustics, Hearing & Audiology",NEW,Standards list
Binaural Interference,"Standards — Psychoacoustics, Hearing & Audiology",NEW,Standards list
Binaural Sluggishness,"Standards — Psychoacoustics, Hearing & Audiology",NEW,Standards list
Binaural room impulse response,"Standards — Psychoacoustics, Hearing & Audiology",NEW,Standards list
Binaural rendering,"Standards — Immersive/Object/Scene, MIR, ML & Loudness",NEW,Standards list
Binaural unmasking,"Standards — Psychoacoustics, Hearing & Audiology",NEW,Standards list
Bistream element,"Standards — Coding, Systems, Metadata & Transport",NEW,Standards list
Bitstream payload,"Standards — Coding, Systems, Metadata & Transport",NEW,Standards list
Blauert Band,"Standards — Psychoacoustics, Hearing & Audiology",NEW,Standards list
Block companded PCM,"Standards — Coding, Systems, Metadata & Transport",NEW,Standards list
Block floating point,"Standards — Coding, Systems, Metadata & Transport",NEW,Standards list
Block switching,"Standards — Coding, Systems, Metadata & Transport",NEW,Standards list
Blocking matrix,"Standards — Coding, Systems, Metadata & Transport",NEW,Standards list
Bone-conduction threshold,"Standards — Psychoacoustics, Hearing & Audiology",NEW,Standards list
Boundary element method,"Standards — Coding, Systems, Metadata & Transport",NEW,Standards list
Broadband noise,"Standards — Coding, Systems, Metadata & Transport",NEW,Standards list
Building acoustics descriptor,"Standards — Room, Building, Environmental & Measurement",NEW,Standards list
Building service noise,Standards — General Acoustics & Signal Terms,NEW,Standards list
Bulk delay,"Standards — Coding, Systems, Metadata & Transport",NEW,Standards list
Cardioid response,Standards — General Acoustics & Signal Terms,NEW,Standards list
Cascade filter bank,"Standards — Coding, Systems, Metadata & Transport",NEW,Standards list
Categorical Loudness Scaling,"Standards — Immersive/Object/Scene, MIR, ML & Loudness",NEW,Standards list
Center-of-gravity effect,"Standards — Psychoacoustics, Hearing & Audiology",NEW,Standards list
Cepstral coefficient,"Standards — Coding, Systems, Metadata & Transport",NEW,Standards list
Channel element,"Standards — Coding, Systems, Metadata & Transport",NEW,Standards list
Channel pair element,"Standards — Coding, Systems, Metadata & Transport",NEW,Standards list
Channel-based audio,"Standards — Immersive/Object/Scene, MIR, ML & Loudness",NEW,Standards list
Chirp signal,"Standards — Coding, Systems, Metadata & Transport",NEW,Standards list
Clarity index,"Standards — Room, Building, Environmental & Measurement",NEW,Standards list
Class of a sound level meter,"Standards — Room, Building, Environmental & Measurement",NEW,Standards list
Clean audio,"Standards — Coding, Systems, Metadata & Transport",NEW,Standards list
Click train,"Standards — Coding, Systems, Metadata & Transport",NEW,Standards list
Co-articulation cue,"Standards — Psychoacoustics, Hearing & Audiology",NEW,Standards list
Coarticulated cue,"Standards — Psychoacoustics, Hearing & Audiology",NEW,Standards list
Coded audio access unit,"Standards — Coding, Systems, Metadata & Transport",NEW,Standards list
Coded representation,"Standards — Immersive/Object/Scene, MIR, ML & Loudness",NEW,Standards list
Codebook index,"Standards — Immersive/Object/Scene, MIR, ML & Loudness",NEW,Standards list
Coherence function,"Standards — Coding, Systems, Metadata & Transport",NEW,Standards list
Coincidence dip,"Standards — Coding, Systems, Metadata & Transport",NEW,Standards list
Coincidence frequency,"Standards — Coding, Systems, Metadata & Transport",NEW,Standards list
Comodulation Masking Release,"Standards — Psychoacoustics, Hearing & Audiology",NEW,Standards list
Comfort noise,"Standards — Coding, Systems, Metadata & Transport",NEW,Standards list
Common Loudspeaker Format,Standards — General Acoustics & Signal Terms,NEW,Standards list
Common intelligibility scale,"Standards — Immersive/Object/Scene, MIR, ML & Loudness",NEW,Standards list
Complex sound source,Standards — General Acoustics & Signal Terms,NEW,Standards list
Compression driver directivity,Standards — General Acoustics & Signal Terms,NEW,Standards list
Concert-hall acoustics,"Standards — Room, Building, Environmental & Measurement",NEW,Standards list
Conditioned Threshold,"Standards — Psychoacoustics, Hearing & Audiology",NEW,Standards list
Cone of Confusion,"Standards — Psychoacoustics, Hearing & Audiology",NEW,Standards list
Confusion neighborhood,"Standards — Psychoacoustics, Hearing & Audiology",NEW,Standards list
Content dependency index,Standards — General Acoustics & Signal Terms,NEW,Standards list
Content kind,Standards — General Acoustics & Signal Terms,NEW,Standards list
Continuous descending method,Standards — General Acoustics & Signal Terms,NEW,Standards list
Continuous rating scale,"Standards — Psychoacoustics, Hearing & Audiology",NEW,Standards list
Contralateral routing of signals,"Standards — Room, Building, Environmental & Measurement",NEW,Standards list
Contrast gain control,"Standards — Coding, Systems, Metadata & Transport",NEW,Standards list
Controlled acoustical environment,"Standards — Room, Building, Environmental & Measurement",NEW,Standards list
Conversational level,"Standards — Psychoacoustics, Hearing & Audiology",NEW,Standards list
Core coder,"Standards — Coding, Systems, Metadata & Transport",NEW,Standards list
Core experiment,Standards — General Acoustics & Signal Terms,NEW,Standards list
Coupled channel,Standards — General Acoustics & Signal Terms,NEW,Standards list
Critical Bandwidth,"Standards — Psychoacoustics, Hearing & Audiology",NEW,Standards list
Critical ratio,"Standards — Psychoacoustics, Hearing & Audiology",NEW,Standards list
Cross-adaptive processing,"Standards — Psychoacoustics, Hearing & Audiology",NEW,Standards list
Cross-correlation lag,"Standards — Coding, Systems, Metadata & Transport",NEW,Standards list
Cross-fade window,"Standards — Coding, Systems, Metadata & Transport",NEW,Standards list
Cross-modal binding,"Standards — Psychoacoustics, Hearing & Audiology",NEW,Standards list
Cross-modulation distortion,"Standards — Coding, Systems, Metadata & Transport",NEW,Standards list
Cue integration,"Standards — Psychoacoustics, Hearing & Audiology",NEW,Standards list
Cumulative distribution of exposure,Standards — General Acoustics & Signal Terms,NEW,Standards list
Cut-off frequency of a filter,"Standards — Coding, Systems, Metadata & Transport",NEW,Standards list
Damping ratio of a resonator,"Standards — Coding, Systems, Metadata & Transport",NEW,Standards list
Data-driven room correction,Standards — General Acoustics & Signal Terms,NEW,Standards list
Dead room,Standards — General Acoustics & Signal Terms,NEW,Standards list
Decibel full scale,"Standards — Coding, Systems, Metadata & Transport",NEW,Standards list
Decibel relative to sound power,"Standards — Room, Building, Environmental & Measurement",NEW,Standards list
Decision-directed estimation,"Standards — Room, Building, Environmental & Measurement",NEW,Standards list
Decoded audio,"Standards — Coding, Systems, Metadata & Transport",NEW,Standards list
Decorrelation filter,"Standards — Coding, Systems, Metadata & Transport",NEW,Standards list
Dedicated metadata channel,"Standards — Coding, Systems, Metadata & Transport",NEW,Standards list
Deep clustering,"Standards — Immersive/Object/Scene, MIR, ML & Loudness",NEW,Standards list
Delay-and-sum beamformer,"Standards — Immersive/Object/Scene, MIR, ML & Loudness",NEW,Standards list
Delayed masking,"Standards — Psychoacoustics, Hearing & Audiology",NEW,Standards list
Denormalized number,"Standards — Coding, Systems, Metadata & Transport",NEW,Standards list
Depth of modulation,Standards — General Acoustics & Signal Terms,NEW,Standards list
Descriptor scheme,"Standards — Coding, Systems, Metadata & Transport",NEW,Standards list
Detection efficiency,"Standards — Psychoacoustics, Hearing & Audiology",NEW,Standards list
Detection theory,"Standards — Psychoacoustics, Hearing & Audiology",NEW,Standards list
Deterministic-plus-stochastic model,"Standards — Room, Building, Environmental & Measurement",NEW,Standards list
Diagnostic Rhyme Test,"Standards — Room, Building, Environmental & Measurement",NEW,Standards list
Dialogue enhancement,"Standards — Immersive/Object/Scene, MIR, ML & Loudness",NEW,Standards list
Dialogue normalization,"Standards — Immersive/Object/Scene, MIR, ML & Loudness",NEW,Standards list
Dichotic Pitch,"Standards — Immersive/Object/Scene, MIR, ML & Loudness",NEW,Standards list
Difference limen for frequency,"Standards — Psychoacoustics, Hearing & Audiology",NEW,Standards list
Difference limen for intensity,"Standards — Psychoacoustics, Hearing & Audiology",NEW,Standards list
Diffraction coefficient,"Standards — Coding, Systems, Metadata & Transport",NEW,Standards list
Diffuse-field equalization,Standards — General Acoustics & Signal Terms,NEW,Standards list
Diffuse-field frequency response,Standards — General Acoustics & Signal Terms,NEW,Standards list
Diffuse-field sensitivity,"Standards — Room, Building, Environmental & Measurement",NEW,Standards list
Directional loudness,"Standards — Immersive/Object/Scene, MIR, ML & Loudness",NEW,Standards list
Directional weighting,Standards — General Acoustics & Signal Terms,NEW,Standards list
Discrete cosine transform coefficient,Standards — General Acoustics & Signal Terms,NEW,Standards list
Discrete-time analytic signal,"Standards — Coding, Systems, Metadata & Transport",NEW,Standards list
Dispersion relation,Standards — General Acoustics & Signal Terms,NEW,Standards list
Displacement transducer,Standards — General Acoustics & Signal Terms,NEW,Standards list
Distance attenuation model,"Standards — Room, Building, Environmental & Measurement",NEW,Standards list
Distortion product otoacoustic emission,"Standards — Room, Building, Environmental & Measurement",NEW,Standards list
Divergence loss,"Standards — Room, Building, Environmental & Measurement",NEW,Standards list
Dominant Frequency Region,Standards — General Acoustics & Signal Terms,NEW,Standards list
Double-blind triple-stimulus test,"Standards — Room, Building, Environmental & Measurement",NEW,Standards list
Downmix coefficient,"Standards — Immersive/Object/Scene, MIR, ML & Loudness",NEW,Standards list
Downward Spread of Masking,"Standards — Psychoacoustics, Hearing & Audiology",NEW,Standards list
Drift-corrected clock,"Standards — Coding, Systems, Metadata & Transport",NEW,Standards list
Dry sound,Standards — General Acoustics & Signal Terms,NEW,Standards list
Dual-mono content,Standards — General Acoustics & Signal Terms,NEW,Standards list
Duplex Theory,Standards — General Acoustics & Signal Terms,NEW,Standards list
Duration model,Standards — General Acoustics & Signal Terms,NEW,Standards list
Dynamic Range Control,Standards — General Acoustics & Signal Terms,NEW,Standards list
Ear canal resonance,Standards — General Acoustics & Signal Terms,NEW,Standards list
Echo threshold,"Standards — Psychoacoustics, Hearing & Audiology",NEW,Standards list
Effective perceived noise level,Standards — General Acoustics & Signal Terms,NEW,Standards list
Emission sound pressure level,Standards — General Acoustics & Signal Terms,NEW,Standards list
Encoded bitstream,"Standards — Coding, Systems, Metadata & Transport",NEW,Standards list
Energy decay relief,Standards — General Acoustics & Signal Terms,NEW,Standards list
Ensemble duration,Standards — General Acoustics & Signal Terms,NEW,Standards list
Envelope following response,"Standards — Coding, Systems, Metadata & Transport",NEW,Standards list
Envelopment,"Standards — Room, Building, Environmental & Measurement",NEW,Standards list
Equal-temperament deviation,Standards — General Acoustics & Signal Terms,NEW,Standards list
Equivalent continuous sound level,Standards — General Acoustics & Signal Terms,NEW,Standards list
Equivalent rectangular bandwidth,"Standards — Psychoacoustics, Hearing & Audiology",NEW,Standards list
Equivalent sound absorption area,"Standards — Room, Building, Environmental & Measurement",NEW,Standards list
Error concealment,Standards — General Acoustics & Signal Terms,NEW,Standards list
Excess attenuation,"Standards — Room, Building, Environmental & Measurement",NEW,Standards list
Excitation pattern,"Standards — Psychoacoustics, Hearing & Audiology",NEW,Standards list
Exposure action value,Standards — General Acoustics & Signal Terms,NEW,Standards list
Extended stereo image,Standards — General Acoustics & Signal Terms,NEW,Standards list
Extensible metadata scheme,"Standards — Coding, Systems, Metadata & Transport",NEW,Standards list
External-ear transfer function,Standards — General Acoustics & Signal Terms,NEW,Standards list
Far-field criterion,Standards — General Acoustics & Signal Terms,NEW,Standards list
Fast time weighting,Standards — General Acoustics & Signal Terms,NEW,Standards list
Feature-space maximum-likelihood linear regression,Standards — General Acoustics & Signal Terms,NEW,Standards list
Field calibration,Standards — General Acoustics & Signal Terms,NEW,Standards list
Filter bank,"Standards — Coding, Systems, Metadata & Transport",NEW,Standards list
Filter-bank equalizer,"Standards — Coding, Systems, Metadata & Transport",NEW,Standards list
Fine-structure cue,"Standards — Immersive/Object/Scene, MIR, ML & Loudness",NEW,Standards list
Finite-difference time-domain acoustics,"Standards — Room, Building, Environmental & Measurement",NEW,Standards list
First-arrival time,Standards — General Acoustics & Signal Terms,NEW,Standards list
First-wavefront law,Standards — General Acoustics & Signal Terms,NEW,Standards list
Fixed-point audio sample,Standards — General Acoustics & Signal Terms,NEW,Standards list
Fletcher-Munson effect,Standards — General Acoustics & Signal Terms,NEW,Standards list
Floating intermediate frame,"Standards — Coding, Systems, Metadata & Transport",NEW,Standards list
Foldback level,Standards — General Acoustics & Signal Terms,NEW,Standards list
Formant Transition Cue,"Standards — Psychoacoustics, Hearing & Audiology",NEW,Standards list
Forward-backward masking,"Standards — Psychoacoustics, Hearing & Audiology",NEW,Standards list
Frame loss concealment,"Standards — Coding, Systems, Metadata & Transport",NEW,Standards list
Free-field correction,"Standards — Room, Building, Environmental & Measurement",NEW,Standards list
Free-field method,Standards — General Acoustics & Signal Terms,NEW,Standards list
Free-field sensitivity,"Standards — Room, Building, Environmental & Measurement",NEW,Standards list
Frequency Selectivity,Standards — General Acoustics & Signal Terms,NEW,Standards list
Frequency band of interest,Standards — General Acoustics & Signal Terms,NEW,Standards list
Frequency-domain audio coding,"Standards — Coding, Systems, Metadata & Transport",NEW,Standards list
Frequency-following response,Standards — General Acoustics & Signal Terms,NEW,Standards list
Frequency-warping,Standards — General Acoustics & Signal Terms,NEW,Standards list
Fundamental-frequency contour,Standards — General Acoustics & Signal Terms,NEW,Standards list
Gap detection threshold,"Standards — Psychoacoustics, Hearing & Audiology",NEW,Standards list
Gated loudness,"Standards — Immersive/Object/Scene, MIR, ML & Loudness",NEW,Standards list
Gaussian mixture model,Standards — General Acoustics & Signal Terms,NEW,Standards list
Generalized cross-correlation,"Standards — Coding, Systems, Metadata & Transport",NEW,Standards list
Generalized sidelobe canceller,Standards — General Acoustics & Signal Terms,NEW,Standards list
Geometric acoustics,"Standards — Room, Building, Environmental & Measurement",NEW,Standards list
Global motion parameter,Standards — General Acoustics & Signal Terms,NEW,Standards list
Grouping cue,"Standards — Psychoacoustics, Hearing & Audiology",NEW,Standards list
Half-power bandwidth,Standards — General Acoustics & Signal Terms,NEW,Standards list
Harmonic-percussive source separation,"Standards — Immersive/Object/Scene, MIR, ML & Loudness",NEW,Standards list
Head-related impulse response,"Standards — Psychoacoustics, Hearing & Audiology",NEW,Standards list
Hearing level,"Standards — Psychoacoustics, Hearing & Audiology",NEW,Standards list
Hearing threshold level,"Standards — Psychoacoustics, Hearing & Audiology",NEW,Standards list
High-order ambisonics,"Standards — Immersive/Object/Scene, MIR, ML & Loudness",NEW,Standards list
Higher-order ambisonic coefficient,"Standards — Immersive/Object/Scene, MIR, ML & Loudness",NEW,Standards list
Homomorphic deconvolution,"Standards — Coding, Systems, Metadata & Transport",NEW,Standards list
Huffman codebook,"Standards — Coding, Systems, Metadata & Transport",NEW,Standards list
Hybrid filter bank,"Standards — Coding, Systems, Metadata & Transport",NEW,Standards list
Immersive audio bitstream,"Standards — Immersive/Object/Scene, MIR, ML & Loudness",NEW,Standards list
Impulsive noise,Standards — General Acoustics & Signal Terms,NEW,Standards list
In-head localization,"Standards — Immersive/Object/Scene, MIR, ML & Loudness",NEW,Standards list
Informational Masking,"Standards — Psychoacoustics, Hearing & Audiology",NEW,Standards list
Inharmonicity coefficient,"Standards — Coding, Systems, Metadata & Transport",NEW,Standards list
Insert loss,Standards — General Acoustics & Signal Terms,NEW,Standards list
Insertion gain,Standards — General Acoustics & Signal Terms,NEW,Standards list
Instantaneous frequency,Standards — General Acoustics & Signal Terms,NEW,Standards list
Integrated loudness,"Standards — Immersive/Object/Scene, MIR, ML & Loudness",NEW,Standards list
Intensity Discrimination,Standards — General Acoustics & Signal Terms,NEW,Standards list
Intensity stereo,Standards — General Acoustics & Signal Terms,NEW,Standards list
Interaural cross-correlation coefficient,"Standards — Psychoacoustics, Hearing & Audiology",NEW,Standards list
Interaural intensity difference,"Standards — Psychoacoustics, Hearing & Audiology",NEW,Standards list
Interaural phase difference,"Standards — Psychoacoustics, Hearing & Audiology",NEW,Standards list
Interchannel coherence,"Standards — Coding, Systems, Metadata & Transport",NEW,Standards list
Interchannel level difference,Standards — General Acoustics & Signal Terms,NEW,Standards list
Interchannel prediction,Standards — General Acoustics & Signal Terms,NEW,Standards list
Interchannel time difference,Standards — General Acoustics & Signal Terms,NEW,Standards list
Internal noise of the auditory system,"Standards — Psychoacoustics, Hearing & Audiology",NEW,Standards list
Inverse constant-Q transform,Standards — General Acoustics & Signal Terms,NEW,Standards list
Ipsilateral masking,"Standards — Psychoacoustics, Hearing & Audiology",NEW,Standards list
Isophonic contour,"Standards — Psychoacoustics, Hearing & Audiology",NEW,Standards list
Iterative closest point registration,Standards — General Acoustics & Signal Terms,NEW,Standards list
Joint stereo coding,"Standards — Coding, Systems, Metadata & Transport",NEW,Standards list
K-weighting,"Standards — Immersive/Object/Scene, MIR, ML & Loudness",NEW,Standards list
Karhunen-Loeve transform,Standards — General Acoustics & Signal Terms,NEW,Standards list
Key profile,"Standards — Immersive/Object/Scene, MIR, ML & Loudness",NEW,Standards list
Kurtosis of noise,Standards — General Acoustics & Signal Terms,NEW,Standards list
Late lateral energy,"Standards — Room, Building, Environmental & Measurement",NEW,Standards list
Lateral energy fraction,"Standards — Room, Building, Environmental & Measurement",NEW,Standards list
Lateral gain,"Standards — Room, Building, Environmental & Measurement",NEW,Standards list
Lateralization,"Standards — Room, Building, Environmental & Measurement",NEW,Standards list
Leakage current test,Standards — General Acoustics & Signal Terms,NEW,Standards list
Level-dependent frequency response,Standards — General Acoustics & Signal Terms,NEW,Standards list
Line source array,Standards — General Acoustics & Signal Terms,NEW,Standards list
Linear-phase filter,"Standards — Coding, Systems, Metadata & Transport",NEW,Standards list
Localization blur,"Standards — Immersive/Object/Scene, MIR, ML & Loudness",NEW,Standards list
Log-area ratio,Standards — General Acoustics & Signal Terms,NEW,Standards list
Log-mel spectrogram,Standards — General Acoustics & Signal Terms,NEW,Standards list
Lombard effect,Standards — General Acoustics & Signal Terms,NEW,Standards list
Long-term average spectrum,"Standards — Coding, Systems, Metadata & Transport",NEW,Standards list
Lossless coding mode,"Standards — Coding, Systems, Metadata & Transport",NEW,Standards list
Loudness range,"Standards — Immersive/Object/Scene, MIR, ML & Loudness",NEW,Standards list
Loudness recruitment,"Standards — Immersive/Object/Scene, MIR, ML & Loudness",NEW,Standards list
Loudspeaker sensitivity,"Standards — Room, Building, Environmental & Measurement",NEW,Standards list
Low-complexity profile,Standards — General Acoustics & Signal Terms,NEW,Standards list
Low-frequency effects channel,Standards — General Acoustics & Signal Terms,NEW,Standards list
Low-frequency oscillator rate,Standards — General Acoustics & Signal Terms,NEW,Standards list
Masker level,Standards — General Acoustics & Signal Terms,NEW,Standards list
Masking pattern,"Standards — Psychoacoustics, Hearing & Audiology",NEW,Standards list
Masking release,"Standards — Psychoacoustics, Hearing & Audiology",NEW,Standards list
Matrix decoding,"Standards — Coding, Systems, Metadata & Transport",NEW,Standards list
Maximum length sequence,Standards — General Acoustics & Signal Terms,NEW,Standards list
Maximum sound pressure level,Standards — General Acoustics & Signal Terms,NEW,Standards list
Mean opinion score,"Standards — Coding, Systems, Metadata & Transport",NEW,Standards list
Mel-frequency cepstral coefficient,"Standards — Coding, Systems, Metadata & Transport",NEW,Standards list
Metadata delivery unit,"Standards — Coding, Systems, Metadata & Transport",NEW,Standards list
Middle-ear transfer function,Standards — General Acoustics & Signal Terms,NEW,Standards list
Minimum audible angle,Standards — General Acoustics & Signal Terms,NEW,Standards list
Minimum audible field,Standards — General Acoustics & Signal Terms,NEW,Standards list
Minimum audible pressure,Standards — General Acoustics & Signal Terms,NEW,Standards list
Minimum phase response,Standards — General Acoustics & Signal Terms,NEW,Standards list
Modulation masking,"Standards — Psychoacoustics, Hearing & Audiology",NEW,Standards list
Modulation transfer function,Standards — General Acoustics & Signal Terms,NEW,Standards list
Monaural cue,Standards — General Acoustics & Signal Terms,NEW,Standards list
Monitoring reference level,Standards — General Acoustics & Signal Terms,NEW,Standards list
Mother wavelet,Standards — General Acoustics & Signal Terms,NEW,Standards list
Multichannel audio coding,"Standards — Coding, Systems, Metadata & Transport",NEW,Standards list
Multidimensional scaling of timbre,"Standards — Psychoacoustics, Hearing & Audiology",NEW,Standards list
Multitalker babble,Standards — General Acoustics & Signal Terms,NEW,Standards list
Multitrack stem,Standards — General Acoustics & Signal Terms,NEW,Standards list
Narrowband noise,Standards — General Acoustics & Signal Terms,NEW,Standards list
Near-field criterion,Standards — General Acoustics & Signal Terms,NEW,Standards list
Negative Level Difference,Standards — General Acoustics & Signal Terms,NEW,Standards list
Noise criterion curve,Standards — General Acoustics & Signal Terms,NEW,Standards list
Noise gate threshold,"Standards — Psychoacoustics, Hearing & Audiology",NEW,Standards list
Noise-reduction coefficient,Standards — General Acoustics & Signal Terms,NEW,Standards list
Non-negative matrix factorization,"Standards — Immersive/Object/Scene, MIR, ML & Loudness",NEW,Standards list
Nonlinear distortion measure,Standards — General Acoustics & Signal Terms,NEW,Standards list
Normalized loudness,"Standards — Immersive/Object/Scene, MIR, ML & Loudness",NEW,Standards list
Object priority,"Standards — Immersive/Object/Scene, MIR, ML & Loudness",NEW,Standards list
Octave-band analysis,"Standards — Room, Building, Environmental & Measurement",NEW,Standards list
Off-axis response,Standards — General Acoustics & Signal Terms,NEW,Standards list
Onset asynchrony,"Standards — Immersive/Object/Scene, MIR, ML & Loudness",NEW,Standards list
Onset detection function,"Standards — Immersive/Object/Scene, MIR, ML & Loudness",NEW,Standards list
Open-plan office acoustics,"Standards — Room, Building, Environmental & Measurement",NEW,Standards list
Optimum reverberation time,"Standards — Psychoacoustics, Hearing & Audiology",NEW,Standards list
Order of an ambisonic system,"Standards — Immersive/Object/Scene, MIR, ML & Loudness",NEW,Standards list
Otoacoustic emission,"Standards — Room, Building, Environmental & Measurement",NEW,Standards list
Overlap-add reconstruction,Standards — General Acoustics & Signal Terms,NEW,Standards list
Oversampling ratio,"Standards — Coding, Systems, Metadata & Transport",NEW,Standards list
Parametric stereo,"Standards — Coding, Systems, Metadata & Transport",NEW,Standards list
Partial loudness,"Standards — Immersive/Object/Scene, MIR, ML & Loudness",NEW,Standards list
Peak program meter,Standards — General Acoustics & Signal Terms,NEW,Standards list
Perceptual audio coding,"Standards — Coding, Systems, Metadata & Transport",NEW,Standards list
Perceptual evaluation of audio quality,Standards — General Acoustics & Signal Terms,NEW,Standards list
Perceptual evaluation of speech quality,Standards — General Acoustics & Signal Terms,NEW,Standards list
Perceptual linear prediction,"Standards — Immersive/Object/Scene, MIR, ML & Loudness",NEW,Standards list
Perceptual noise substitution,"Standards — Room, Building, Environmental & Measurement",NEW,Standards list
Perceptual weighting filter,"Standards — Coding, Systems, Metadata & Transport",NEW,Standards list
Phantom image,Standards — General Acoustics & Signal Terms,NEW,Standards list
Phase-locked loop jitter,Standards — General Acoustics & Signal Terms,NEW,Standards list
Pinna cue,Standards — General Acoustics & Signal Terms,NEW,Standards list
Pitch salience,"Standards — Immersive/Object/Scene, MIR, ML & Loudness",NEW,Standards list
Pitch strength,"Standards — Immersive/Object/Scene, MIR, ML & Loudness",NEW,Standards list
Plane-wave decomposition,"Standards — Immersive/Object/Scene, MIR, ML & Loudness",NEW,Standards list
Point source model,Standards — General Acoustics & Signal Terms,NEW,Standards list
Polar pattern measurement,Standards — General Acoustics & Signal Terms,NEW,Standards list
Post-masking,"Standards — Psychoacoustics, Hearing & Audiology",NEW,Standards list
Pre-echo,"Standards — Coding, Systems, Metadata & Transport",NEW,Standards list
Pre-masking,"Standards — Psychoacoustics, Hearing & Audiology",NEW,Standards list
Predictive coding gain,"Standards — Coding, Systems, Metadata & Transport",NEW,Standards list
Presentation timestamp,"Standards — Immersive/Object/Scene, MIR, ML & Loudness",NEW,Standards list
Primary-ambient decomposition,"Standards — Immersive/Object/Scene, MIR, ML & Loudness",NEW,Standards list
Probe-tube microphone,"Standards — Psychoacoustics, Hearing & Audiology",NEW,Standards list
Quadrature mirror filter,"Standards — Immersive/Object/Scene, MIR, ML & Loudness",NEW,Standards list
Quefrency,Standards — General Acoustics & Signal Terms,NEW,Standards list
Random-incidence response,"Standards — Room, Building, Environmental & Measurement",NEW,Standards list
Rate-distortion optimization,Standards — General Acoustics & Signal Terms,NEW,Standards list
Reference listening level,"Standards — Psychoacoustics, Hearing & Audiology",NEW,Standards list
Region of dominance,Standards — General Acoustics & Signal Terms,NEW,Standards list
Release from masking,"Standards — Psychoacoustics, Hearing & Audiology",NEW,Standards list
Rendering matrix,"Standards — Immersive/Object/Scene, MIR, ML & Loudness",NEW,Standards list
Residual echo suppression,Standards — General Acoustics & Signal Terms,NEW,Standards list
Reverberation radius,"Standards — Psychoacoustics, Hearing & Audiology",NEW,Standards list
Reverberation time,"Standards — Psychoacoustics, Hearing & Audiology",NEW,Standards list
Room transfer function,Standards — General Acoustics & Signal Terms,NEW,Standards list
Sabine absorption,"Standards — Room, Building, Environmental & Measurement",NEW,Standards list
Scalable audio coding,"Standards — Coding, Systems, Metadata & Transport",NEW,Standards list
Scale-factor band,"Standards — Coding, Systems, Metadata & Transport",NEW,Standards list
Schroeder integration,"Standards — Room, Building, Environmental & Measurement",NEW,Standards list
Sensation level,"Standards — Psychoacoustics, Hearing & Audiology",NEW,Standards list
Sequency,Standards — General Acoustics & Signal Terms,NEW,Standards list
Sidelobe level,Standards — General Acoustics & Signal Terms,NEW,Standards list
Signal-to-mask ratio,"Standards — Immersive/Object/Scene, MIR, ML & Loudness",NEW,Standards list
Sine-sweep measurement,Standards — General Acoustics & Signal Terms,NEW,Standards list
Single-equivalent-level descriptor,"Standards — Coding, Systems, Metadata & Transport",NEW,Standards list
Sone,"Standards — Psychoacoustics, Hearing & Audiology",NEW,Standards list
Sound exposure level,Standards — General Acoustics & Signal Terms,NEW,Standards list
Sound reduction index,"Standards — Room, Building, Environmental & Measurement",NEW,Standards list
Source-filter model,"Standards — Coding, Systems, Metadata & Transport",NEW,Standards list
Sparse coding of audio,"Standards — Coding, Systems, Metadata & Transport",NEW,Standards list
Spatial aliasing frequency,"Standards — Immersive/Object/Scene, MIR, ML & Loudness",NEW,Standards list
Spatial audio object coding,"Standards — Immersive/Object/Scene, MIR, ML & Loudness",NEW,Standards list
Spatial impression,"Standards — Immersive/Object/Scene, MIR, ML & Loudness",NEW,Standards list
Spatial release from masking,"Standards — Psychoacoustics, Hearing & Audiology",NEW,Standards list
Spectral flatness measure,"Standards — Coding, Systems, Metadata & Transport",NEW,Standards list
Spectral tilt,Standards — General Acoustics & Signal Terms,NEW,Standards list
Speech intelligibility index,"Standards — Immersive/Object/Scene, MIR, ML & Loudness",NEW,Standards list
Speech reception threshold,"Standards — Psychoacoustics, Hearing & Audiology",NEW,Standards list
Stationary noise assumption,Standards — General Acoustics & Signal Terms,NEW,Standards list
Stereo width control,Standards — General Acoustics & Signal Terms,NEW,Standards list
Stimulus-onset asynchrony,"Standards — Room, Building, Environmental & Measurement",NEW,Standards list
Streaming loudness compliance,"Standards — Immersive/Object/Scene, MIR, ML & Loudness",NEW,Standards list
Sub-band coding,"Standards — Coding, Systems, Metadata & Transport",NEW,Standards list
Successive masking,"Standards — Psychoacoustics, Hearing & Audiology",NEW,Standards list
Superdirective beamforming,"Standards — Immersive/Object/Scene, MIR, ML & Loudness",NEW,Standards list
Suprathreshold,"Standards — Psychoacoustics, Hearing & Audiology",NEW,Standards list
Syllabic compression,Standards — General Acoustics & Signal Terms,NEW,Standards list
Temporal envelope cue,"Standards — Immersive/Object/Scene, MIR, ML & Loudness",NEW,Standards list
Temporal fine structure,"Standards — Immersive/Object/Scene, MIR, ML & Loudness",NEW,Standards list
Temporal masking,"Standards — Psychoacoustics, Hearing & Audiology",NEW,Standards list
Temporal weighting function,"Standards — Immersive/Object/Scene, MIR, ML & Loudness",NEW,Standards list
Timbre space,"Standards — Psychoacoustics, Hearing & Audiology",NEW,Standards list
Time-frequency masking,"Standards — Psychoacoustics, Hearing & Audiology",NEW,Standards list
Time-scale modification,Standards — General Acoustics & Signal Terms,NEW,Standards list
Tonality index,"Standards — Psychoacoustics, Hearing & Audiology",NEW,Standards list
Tone-to-noise ratio,Standards — General Acoustics & Signal Terms,NEW,Standards list
Total harmonic distortion plus noise,Standards — General Acoustics & Signal Terms,NEW,Standards list
Transaural reproduction,"Standards — Immersive/Object/Scene, MIR, ML & Loudness",NEW,Standards list
Transient detection,Standards — General Acoustics & Signal Terms,NEW,Standards list
True peak level,"Standards — Immersive/Object/Scene, MIR, ML & Loudness",NEW,Standards list
Two-alternative forced choice,Standards — General Acoustics & Signal Terms,NEW,Standards list
Variable bit-rate coding,"Standards — Coding, Systems, Metadata & Transport",NEW,Standards list
Vector-base amplitude panning,"Standards — Immersive/Object/Scene, MIR, ML & Loudness",NEW,Standards list
Virtual bass,Standards — General Acoustics & Signal Terms,NEW,Standards list
Vocoder analysis,Standards — General Acoustics & Signal Terms,NEW,Standards list
Wave field synthesis,"Standards — Immersive/Object/Scene, MIR, ML & Loudness",NEW,Standards list
Waveform coding,"Standards — Coding, Systems, Metadata & Transport",NEW,Standards list
Wavelength constant,Standards — General Acoustics & Signal Terms,NEW,Standards list
Weighted overlap-add,Standards — General Acoustics & Signal Terms,NEW,Standards list
Weighting network,"Standards — Room, Building, Environmental & Measurement",NEW,Standards list
Wet/dry mix ratio,Standards — General Acoustics & Signal Terms,NEW,Standards list
Whisper-mode processing,Standards — General Acoustics & Signal Terms,NEW,Standards list
Wideband speech coding,"Standards — Coding, Systems, Metadata & Transport",NEW,Standards list
Windowing function,"Standards — Coding, Systems, Metadata & Transport",NEW,Standards list
Zero-crossing rate,Standards — General Acoustics & Signal Terms,NEW,Standards list
Zwicker loudness model,"Standards — Immersive/Object/Scene, MIR, ML & Loudness",NEW,Standards list
Punch-and-streamer synchronization,Film Scoring,EXISTING,Batch 1
Free timing,Film Scoring,EXISTING,Batch 1
Written click,Film Scoring,EXISTING,Batch 1
Click value,Film Scoring,EXISTING,Batch 1
Fractional click,Film Scoring,EXISTING,Batch 1
Variable click,Film Scoring,EXISTING,Batch 1
Dead click,Film Scoring,EXISTING,Batch 1
Click dropout,Film Scoring,EXISTING,Batch 1
Catch beat,Film Scoring,EXISTING,Batch 1
Catch point,Film Scoring,EXISTING,Batch 1
Sync beat,Film Scoring,EXISTING,Batch 1
Sync bar,Film Scoring,EXISTING,Batch 1
Sync-point tolerance,Film Scoring,EXISTING,Batch 1
Hit-point map,Film Scoring,EXISTING,Batch 1
Beat mapping to picture,Film Scoring,EXISTING,Batch 1
Tempo solve,Film Scoring,EXISTING,Batch 1
Tempo fitting,Film Scoring,EXISTING,Batch 1
Meter modulation for picture,Film Scoring,EXISTING,Batch 1
Reel–music cue number,Film Scoring,EXISTING,Batch 1
M-number,Film Scoring,EXISTING,Batch 1
Cue suffix,Film Scoring,EXISTING,Batch 1
Cue prefix,Film Scoring,EXISTING,Batch 1
Cue split,Film Scoring,EXISTING,Batch 1
Cue combine,Film Scoring,EXISTING,Batch 1
Cue insert,Film Scoring,EXISTING,Batch 1
Cue replacement,Film Scoring,EXISTING,Batch 1
Cue versioning,Film Scoring,EXISTING,Batch 1
Alternate cue,Film Scoring,EXISTING,Batch 1
Cue revision letter,Film Scoring,EXISTING,Batch 1
Cue matrix,Film Scoring,EXISTING,Batch 1
Cue status,Film Scoring,EXISTING,Batch 1
Cue turnover,Film Scoring,EXISTING,Batch 1
Cue lock,Film Scoring,EXISTING,Batch 1
Cue package,Film Scoring,EXISTING,Batch 1
Reconform,Film Scoring,EXISTING,Batch 1
Global reconform,Film Scoring,EXISTING,Batch 1
Picture-change list,Film Scoring,EXISTING,Batch 1
Change note,Film Scoring,EXISTING,Batch 1
Pull-up,Film Scoring,EXISTING,Batch 1
Pull-down,Film Scoring,EXISTING,Batch 1
Head change,Film Scoring,EXISTING,Batch 1
Tail change,Film Scoring,EXISTING,Batch 1
Internal change,Film Scoring,EXISTING,Batch 1
Picture slip,Film Scoring,EXISTING,Batch 1
Music slip,Film Scoring,EXISTING,Batch 1
Editorial stretch,Film Scoring,EXISTING,Batch 1
Editorial compression,Film Scoring,EXISTING,Batch 1
Structural conform,Film Scoring,EXISTING,Batch 1
Post-record conform,Film Scoring,EXISTING,Batch 1
Pre-record conform,Film Scoring,EXISTING,Batch 1
Spotting note,Film Scoring,EXISTING,Batch 1
Timing note,Film Scoring,EXISTING,Batch 1
In-point,Film Scoring,EXISTING,Batch 1
Out-point,Film Scoring,EXISTING,Batch 1
Music entrance rationale,Film Scoring,EXISTING,Batch 1
Music exit rationale,Film Scoring,EXISTING,Batch 1
Play-through,Film Scoring,EXISTING,Batch 1
Play-off,Film Scoring,EXISTING,Batch 1
Play-on,Film Scoring,EXISTING,Batch 1
Open ending,Film Scoring,EXISTING,Batch 1
Soft out,Film Scoring,EXISTING,Batch 1
Tail-out,Film Scoring,EXISTING,Batch 1
Top-and-tail scoring,Film Scoring,EXISTING,Batch 1
Bookend scoring,Film Scoring,EXISTING,Batch 1
Under-dialogue corridor,Film Scoring,EXISTING,Batch 1
Dialogue pocket,Film Scoring,EXISTING,Batch 1
Narrative handoff,Film Scoring,EXISTING,Batch 1
Modular scoring,Film Scoring,EXISTING,Batch 1
Expandable module,Film Scoring,EXISTING,Batch 1
Contractible module,Film Scoring,EXISTING,Batch 1
Elastic phrase,Film Scoring,EXISTING,Batch 1
Neutral bar,Film Scoring,EXISTING,Batch 1
Holding pattern,Film Scoring,EXISTING,Batch 1
Vamp-to-hit,Film Scoring,EXISTING,Batch 1
Vamp-out,Film Scoring,EXISTING,Batch 1
Safety bar,Film Scoring,EXISTING,Batch 1
Cut bar,Film Scoring,EXISTING,Batch 1
Insert bar,Film Scoring,EXISTING,Batch 1
Accordion cue,Film Scoring,EXISTING,Batch 1
Pivot bar,Film Scoring,EXISTING,Batch 1
Transition module,Film Scoring,EXISTING,Batch 1
Tension plateau,Film Scoring,EXISTING,Batch 1
Deferred cadence,Film Scoring,EXISTING,Batch 1
Cadential synchronization,Film Scoring,EXISTING,Batch 1
Phrasal synchronization,Film Scoring,EXISTING,Batch 1
Metric synchronization,Film Scoring,EXISTING,Batch 1
Parametric synchronization,Film Scoring,EXISTING,Batch 1
Orchestral handoff,Film Scoring,EXISTING,Batch 1
Timbral reveal,Film Scoring,EXISTING,Batch 1
Registral clearance,Film Scoring,EXISTING,Batch 1
Orchestration thinning,Film Scoring,EXISTING,Batch 1
Perspective orchestration,Film Scoring,EXISTING,Batch 1
Scoring stage foldback,Film Scoring,EXISTING,Batch 1
Conductor picture feed,Film Scoring,EXISTING,Batch 1
Session streamer,Film Scoring,EXISTING,Batch 1
Session punch,Film Scoring,EXISTING,Batch 1
Prelay,Film Scoring,EXISTING,Batch 1
Score prelay,Film Scoring,EXISTING,Batch 1
Orchestral sweetener,Film Scoring,EXISTING,Batch 1
Electronic sweetener,Film Scoring,EXISTING,Batch 1
Double pass,Film Scoring,EXISTING,Batch 1
Sectional overlay,Film Scoring,EXISTING,Batch 1
Spot overdub,Film Scoring,EXISTING,Batch 1
Score replacement pass,Film Scoring,EXISTING,Batch 1
Wild take,Film Scoring,EXISTING,Batch 1
Wild ending,Film Scoring,EXISTING,Batch 1
Ring-out take,Film Scoring,EXISTING,Batch 1
Long-tail take,Film Scoring,EXISTING,Batch 1
Clean top,Film Scoring,EXISTING,Batch 1
Clean tail,Film Scoring,EXISTING,Batch 1
Score stage master,Film Scoring,EXISTING,Batch 1
Cue assembly,Film Scoring,EXISTING,Batch 1
Score conform stem,Film Scoring,EXISTING,Batch 1
Cue assembly master,Film Scoring,EXISTING,Batch 1
Music editorial master,Film Scoring,EXISTING,Batch 1
Music-and-effects compatibility,Film Scoring,EXISTING,Batch 1
M&E gap,Film Scoring,EXISTING,Batch 1
Score stem family,Film Scoring,EXISTING,Batch 1
Editorial stem,Film Scoring,EXISTING,Batch 1
Theme stem,Film Scoring,EXISTING,Batch 1
Pulse stem,Film Scoring,EXISTING,Batch 1
Atmospheric stem,Film Scoring,EXISTING,Batch 1
Transient stem,Film Scoring,EXISTING,Batch 1
Score element,Film Scoring,EXISTING,Batch 1
No-melody mix,Film Scoring,EXISTING,Batch 1
No-percussion mix,Film Scoring,EXISTING,Batch 1
Reduced-density mix,Film Scoring,EXISTING,Batch 1
Button alternate,Film Scoring,EXISTING,Batch 1
Mix-out alternate,Film Scoring,EXISTING,Batch 1
Music editorial toolkit,Film Scoring,EXISTING,Batch 1
Photoplay music,Film Scoring,EXISTING,Batch 1
Photoplay album,Film Scoring,EXISTING,Batch 1
Photoplay library,Film Scoring,EXISTING,Batch 1
Thematic cue sheet,Film Scoring,EXISTING,Batch 1
Cue-sheet incipit,Film Scoring,EXISTING,Batch 1
Compilation score,Film Scoring,EXISTING,Batch 1
Compiled accompaniment,Film Scoring,EXISTING,Batch 1
Synchronization score,Film Scoring,EXISTING,Batch 1
Stock cue,Film Scoring,EXISTING,Batch 1
Characteristic piece,Film Scoring,EXISTING,Batch 1
Situation music,Film Scoring,EXISTING,Batch 1
Hurry,Film Scoring,EXISTING,Batch 1
Comic hurry,Film Scoring,EXISTING,Batch 1
Agitato,Film Scoring,EXISTING,Batch 1
Furioso,Film Scoring,EXISTING,Batch 1
Misterioso,Film Scoring,EXISTING,Batch 1
Comic misterioso,Film Scoring,EXISTING,Batch 1
Andante misterioso,Film Scoring,EXISTING,Batch 1
Plaintive,Film Scoring,EXISTING,Batch 1
Pathetic music,Film Scoring,EXISTING,Batch 1
Neutral music,Film Scoring,EXISTING,Batch 1
General-use hurry,Film Scoring,EXISTING,Batch 1
Descriptive incidental,Film Scoring,EXISTING,Batch 1
Curtain music,Film Scoring,EXISTING,Batch 1
Musical primer,Film Scoring,EXISTING,Batch 1
Modular silent-film score,Film Scoring,EXISTING,Batch 1
Anempathetic music,Film Scoring,EXISTING,Batch 1
Empathetic music,Film Scoring,EXISTING,Batch 1
Synchresis,Film Scoring,EXISTING,Batch 1
Added value,Film Scoring,EXISTING,Batch 1
Audiovisual counterpoint,Film Scoring,EXISTING,Batch 1
Audiovisual consonance,Film Scoring,EXISTING,Batch 1
Audiovisual dissonance,Film Scoring,EXISTING,Batch 1
Temporal vectorization,Film Scoring,EXISTING,Batch 1
Temporalization of image,Film Scoring,EXISTING,Batch 1
Point of synchronization,Film Scoring,EXISTING,Batch 1
Avoided synchronization,Film Scoring,EXISTING,Batch 1
False synchronization,Film Scoring,EXISTING,Batch 1
Micro-synchronization,Film Scoring,EXISTING,Batch 1
Macro-synchronization,Film Scoring,EXISTING,Batch 1
Structural synchronization,Film Scoring,EXISTING,Batch 1
Tonal teleology,Film Scoring,EXISTING,Batch 1
Cadential genre,Film Scoring,EXISTING,Batch 1
Mixed plagal cadence,Film Scoring,EXISTING,Batch 1
Subtonic half cadence,Film Scoring,EXISTING,Batch 1
Tritone-minor-second complex,Film Scoring,EXISTING,Batch 1
Chromatic mediant network,Film Scoring,EXISTING,Batch 1
Pan-triadic writing,Film Scoring,EXISTING,Batch 1
Neo-Riemannian transformation,Film Scoring,EXISTING,Batch 1
Hexatonic pole,Film Scoring,EXISTING,Batch 1
Double-tonic complex,Film Scoring,EXISTING,Batch 1
Tonal pairing,Film Scoring,EXISTING,Batch 1
Associative orchestration,Film Scoring,EXISTING,Batch 1
Timbral leitmotif,Film Scoring,EXISTING,Batch 1
Textural leitmotif,Film Scoring,EXISTING,Batch 1
Harmonic signifier,Film Scoring,EXISTING,Batch 1
Topic transformation,Film Scoring,EXISTING,Batch 1
Genre-coded cadence,Film Scoring,EXISTING,Batch 1
Signal extraction,Archival Preservation & Obsolete Media,NEW,Batch 1
Content migration,Archival Preservation & Obsolete Media,NEW,Batch 1
Carrier preservation,Archival Preservation & Obsolete Media,NEW,Batch 1
Content preservation,Archival Preservation & Obsolete Media,NEW,Batch 1
Preservation transfer,Archival Preservation & Obsolete Media,NEW,Batch 1
Archival transfer chain,Archival Preservation & Obsolete Media,NEW,Batch 1
Access derivative,Archival Preservation & Obsolete Media,NEW,Batch 1
Mezzanine file,Archival Preservation & Obsolete Media,NEW,Batch 1
Authentic signal representation,Archival Preservation & Obsolete Media,NEW,Batch 1
Archival neutrality,Archival Preservation & Obsolete Media,NEW,Batch 1
Reversible intervention,Archival Preservation & Obsolete Media,NEW,Batch 1
Minimal intervention,Archival Preservation & Obsolete Media,NEW,Batch 1
Documented intervention,Archival Preservation & Obsolete Media,NEW,Batch 1
Preservation pathway,Archival Preservation & Obsolete Media,NEW,Batch 1
Format obsolescence risk,Archival Preservation & Obsolete Media,NEW,Batch 1
Carrier-based obsolescence,Archival Preservation & Obsolete Media,NEW,Batch 1
System dependency,Archival Preservation & Obsolete Media,NEW,Batch 1
Preservation triage,Archival Preservation & Obsolete Media,NEW,Batch 1
Unequalized transfer,Audio Restoration & Archival,EXISTING,Batch 1
Pre-equalized transfer,Audio Restoration & Archival,EXISTING,Batch 1
Post-transfer equalization,Audio Restoration & Archival,EXISTING,Batch 1
Replay characteristic,Audio Restoration & Archival,EXISTING,Batch 1
Historical replay equalization,Audio Restoration & Archival,EXISTING,Batch 1
Turnover frequency,Audio Restoration & Archival,EXISTING,Batch 1
High-frequency roll-off constant,Audio Restoration & Archival,EXISTING,Batch 1
Non-RIAA equalization,Audio Restoration & Archival,EXISTING,Batch 1
Characteristic uncertainty,Audio Restoration & Archival,EXISTING,Batch 1
Reference transfer,Audio Restoration & Archival,EXISTING,Batch 1
Parallel transfer,Audio Restoration & Archival,EXISTING,Batch 1
Multi-stylus transfer,Audio Restoration & Archival,EXISTING,Batch 1
Multi-pass transfer,Audio Restoration & Archival,EXISTING,Batch 1
Channel-selective transfer,Audio Restoration & Archival,EXISTING,Batch 1
Dual-wall recovery,Audio Restoration & Archival,EXISTING,Batch 1
Wall-to-wall summation,Audio Restoration & Archival,EXISTING,Batch 1
Phase-coherent summation,Audio Restoration & Archival,EXISTING,Batch 1
Differential groove recovery,Audio Restoration & Archival,EXISTING,Batch 1
Common-mode groove rejection,Audio Restoration & Archival,EXISTING,Batch 1
Transfer calibration tone,Audio Restoration & Archival,EXISTING,Batch 1
Transfer lineage,Audio Restoration & Archival,EXISTING,Batch 1
Generation identification,Audio Restoration & Archival,EXISTING,Batch 1
Generation loss assessment,Audio Restoration & Archival,EXISTING,Batch 1
Contemporaneous transfer note,Audio Restoration & Archival,EXISTING,Batch 1
Binder hydrolysis,Magnetic Tape Preservation & Conservation,NEW,Batch 1
Sticky-shed syndrome,Magnetic Tape Preservation & Conservation,NEW,Batch 1
Soft-binder syndrome,Magnetic Tape Preservation & Conservation,NEW,Batch 1
Binder breakdown,Magnetic Tape Preservation & Conservation,NEW,Batch 1
Coating shed,Magnetic Tape Preservation & Conservation,NEW,Batch 1
Oxide shedding,Magnetic Tape Preservation & Conservation,NEW,Batch 1
Binder exudation,Magnetic Tape Preservation & Conservation,NEW,Batch 1
Lubricant exudation,Magnetic Tape Preservation & Conservation,NEW,Batch 1
Lubricant depletion,Magnetic Tape Preservation & Conservation,NEW,Batch 1
Blocking,Magnetic Tape Preservation & Conservation,NEW,Batch 1
Layer adhesion,Magnetic Tape Preservation & Conservation,NEW,Batch 1
Coating delamination,Magnetic Tape Preservation & Conservation,NEW,Batch 1
Base-film hydrolysis,Magnetic Tape Preservation & Conservation,NEW,Batch 1
Acetate-base decomposition,Magnetic Tape Preservation & Conservation,NEW,Batch 1
Vinegar syndrome,Magnetic Tape Preservation & Conservation,NEW,Batch 1
Plasticizer migration,Magnetic Tape Preservation & Conservation,NEW,Batch 1
Embrittlement,Magnetic Tape Preservation & Conservation,NEW,Batch 1
Substrate shrinkage,Magnetic Tape Preservation & Conservation,NEW,Batch 1
Magnetic-particle agglomeration,Magnetic Tape Preservation & Conservation,NEW,Batch 1
Coating friability,Magnetic Tape Preservation & Conservation,NEW,Batch 1
Pack tension,Magnetic Tape Preservation & Conservation,NEW,Batch 1
Pack stress,Magnetic Tape Preservation & Conservation,NEW,Batch 1
Pack slip,Magnetic Tape Preservation & Conservation,NEW,Batch 1
Interlayer slip,Magnetic Tape Preservation & Conservation,NEW,Batch 1
Cinching,Magnetic Tape Preservation & Conservation,NEW,Batch 1
Stepped pack,Magnetic Tape Preservation & Conservation,NEW,Batch 1
Scattered wind,Magnetic Tape Preservation & Conservation,NEW,Batch 1
Windowing,Magnetic Tape Preservation & Conservation,NEW,Batch 1
Spoking,Magnetic Tape Preservation & Conservation,NEW,Batch 1
Pack collapse,Magnetic Tape Preservation & Conservation,NEW,Batch 1
Flange pack contact,Magnetic Tape Preservation & Conservation,NEW,Batch 1
Edge weave,Magnetic Tape Preservation & Conservation,NEW,Batch 1
Tape skew,Magnetic Tape Preservation & Conservation,NEW,Batch 1
Edge damage,Magnetic Tape Preservation & Conservation,NEW,Batch 1
Popped strand,Magnetic Tape Preservation & Conservation,NEW,Batch 1
Leafing,Magnetic Tape Preservation & Conservation,NEW,Batch 1
Cupping,Magnetic Tape Preservation & Conservation,NEW,Batch 1
Longitudinal curl,Magnetic Tape Preservation & Conservation,NEW,Batch 1
Transverse curl,Magnetic Tape Preservation & Conservation,NEW,Batch 1
Saddle deformation,Magnetic Tape Preservation & Conservation,NEW,Batch 1
Crease memory,Magnetic Tape Preservation & Conservation,NEW,Batch 1
Tension imprint,Magnetic Tape Preservation & Conservation,NEW,Batch 1
Print-through,Magnetic Tape Preservation & Conservation,NEW,Batch 1
Pre-print,Magnetic Tape Preservation & Conservation,NEW,Batch 1
Post-print,Magnetic Tape Preservation & Conservation,NEW,Batch 1
Azimuth error,Magnetic Tape Preservation & Conservation,NEW,Batch 1
Dynamic azimuth error,Magnetic Tape Preservation & Conservation,NEW,Batch 1
Azimuth drift,Magnetic Tape Preservation & Conservation,NEW,Batch 1
Segmental azimuth correction,Magnetic Tape Preservation & Conservation,NEW,Batch 1
Automatic azimuth correction,Magnetic Tape Preservation & Conservation,NEW,Batch 1
Zenith error,Magnetic Tape Preservation & Conservation,NEW,Batch 1
Head-height error,Magnetic Tape Preservation & Conservation,NEW,Batch 1
Track-placement error,Magnetic Tape Preservation & Conservation,NEW,Batch 1
Track-width mismatch,Magnetic Tape Preservation & Conservation,NEW,Batch 1
Guard-band intrusion,Magnetic Tape Preservation & Conservation,NEW,Batch 1
Adjacent-track crosstalk,Magnetic Tape Preservation & Conservation,NEW,Batch 1
Head-wrap angle,Magnetic Tape Preservation & Conservation,NEW,Batch 1
Tape wrap,Magnetic Tape Preservation & Conservation,NEW,Batch 1
Head-to-tape contact,Magnetic Tape Preservation & Conservation,NEW,Batch 1
Spacing loss,Magnetic Tape Preservation & Conservation,NEW,Batch 1
Gap loss,Magnetic Tape Preservation & Conservation,NEW,Batch 1
Contour effect,Magnetic Tape Preservation & Conservation,NEW,Batch 1
Fringing effect,Magnetic Tape Preservation & Conservation,NEW,Batch 1
Head-gap scatter,Magnetic Tape Preservation & Conservation,NEW,Batch 1
Interchannel time displacement,Magnetic Tape Preservation & Conservation,NEW,Batch 1
Stack alignment,Magnetic Tape Preservation & Conservation,NEW,Batch 1
Reference-fluxivity mismatch,Magnetic Tape Preservation & Conservation,NEW,Batch 1
Replay calibration ambiguity,Magnetic Tape Preservation & Conservation,NEW,Batch 1
Wow,Magnetic Tape Preservation & Conservation,NEW,Batch 1
Flutter,Magnetic Tape Preservation & Conservation,NEW,Batch 1
Wow-and-flutter profile,Magnetic Tape Preservation & Conservation,NEW,Batch 1
Scrape flutter,Magnetic Tape Preservation & Conservation,NEW,Batch 1
Stick-slip motion,Magnetic Tape Preservation & Conservation,NEW,Batch 1
Tape squeal,Magnetic Tape Preservation & Conservation,NEW,Batch 1
Longitudinal vibration,Magnetic Tape Preservation & Conservation,NEW,Batch 1
Transverse vibration,Magnetic Tape Preservation & Conservation,NEW,Batch 1
Capstan eccentricity,Magnetic Tape Preservation & Conservation,NEW,Batch 1
Pinch-roller eccentricity,Magnetic Tape Preservation & Conservation,NEW,Batch 1
Capstan imprint,Magnetic Tape Preservation & Conservation,NEW,Batch 1
Reel eccentricity,Magnetic Tape Preservation & Conservation,NEW,Batch 1
Torque ripple,Magnetic Tape Preservation & Conservation,NEW,Batch 1
Tension modulation,Magnetic Tape Preservation & Conservation,NEW,Batch 1
Servo hunting,Magnetic Tape Preservation & Conservation,NEW,Batch 1
Speed-reference reconstruction,Magnetic Tape Preservation & Conservation,NEW,Batch 1
Mains-hum speed correction,Magnetic Tape Preservation & Conservation,NEW,Batch 1
Bias-tone tracking,Magnetic Tape Preservation & Conservation,NEW,Batch 1
Pilot-tone recovery,Magnetic Tape Preservation & Conservation,NEW,Batch 1
Capstanless correction,Magnetic Tape Preservation & Conservation,NEW,Batch 1
Instantaneous disc,Archival Preservation & Obsolete Media,NEW,Batch 1
Direct-cut disc,Archival Preservation & Obsolete Media,NEW,Batch 1
Transcription disc,Archival Preservation & Obsolete Media,NEW,Batch 1
Pre-grooved disc,Archival Preservation & Obsolete Media,NEW,Batch 1
Embossed groove,Archival Preservation & Obsolete Media,NEW,Batch 1
Cut groove,Archival Preservation & Obsolete Media,NEW,Batch 1
Lateral-cut recording,Archival Preservation & Obsolete Media,NEW,Batch 1
Vertical-cut recording,Archival Preservation & Obsolete Media,NEW,Batch 1
Hill-and-dale recording,Archival Preservation & Obsolete Media,NEW,Batch 1
Variable-pitch cutting,Archival Preservation & Obsolete Media,NEW,Batch 1
Groove eccentricity,Archival Preservation & Obsolete Media,NEW,Batch 1
Concentric runout,Archival Preservation & Obsolete Media,NEW,Batch 1
Inside-start disc,Archival Preservation & Obsolete Media,NEW,Batch 1
Outside-start disc,Archival Preservation & Obsolete Media,NEW,Batch 1
Groove-wall selection,Archival Preservation & Obsolete Media,NEW,Batch 1
Stylus truncation,Archival Preservation & Obsolete Media,NEW,Batch 1
Stylus-radius optimization,Archival Preservation & Obsolete Media,NEW,Batch 1
Truncated elliptical stylus,Archival Preservation & Obsolete Media,NEW,Batch 1
Groove-bottom riding,Archival Preservation & Obsolete Media,NEW,Batch 1
Pinch effect,Archival Preservation & Obsolete Media,NEW,Batch 1
Tracing distortion,Archival Preservation & Obsolete Media,NEW,Batch 1
Scanning loss,Archival Preservation & Obsolete Media,NEW,Batch 1
Groove echo,Archival Preservation & Obsolete Media,NEW,Batch 1
Turntable rumble,Archival Preservation & Obsolete Media,NEW,Batch 1
Warp wow,Archival Preservation & Obsolete Media,NEW,Batch 1
Lacquer delamination,Archival Preservation & Obsolete Media,NEW,Batch 1
Lacquer lifting,Archival Preservation & Obsolete Media,NEW,Batch 1
Lacquer flaking,Archival Preservation & Obsolete Media,NEW,Batch 1
Palmitic-acid exudation,Archival Preservation & Obsolete Media,NEW,Batch 1
Plasticizer loss,Archival Preservation & Obsolete Media,NEW,Batch 1
Lacquer shrinkage,Archival Preservation & Obsolete Media,NEW,Batch 1
Surface crazing,Archival Preservation & Obsolete Media,NEW,Batch 1
Radial cracking,Archival Preservation & Obsolete Media,NEW,Batch 1
Concentric cracking,Archival Preservation & Obsolete Media,NEW,Batch 1
Groove-wall fracture,Archival Preservation & Obsolete Media,NEW,Batch 1
Groove collapse,Archival Preservation & Obsolete Media,NEW,Batch 1
Substrate corrosion,Archival Preservation & Obsolete Media,NEW,Batch 1
Glass-base fracture,Archival Preservation & Obsolete Media,NEW,Batch 1
Core swelling,Archival Preservation & Obsolete Media,NEW,Batch 1
Exudate removal,Archival Preservation & Obsolete Media,NEW,Batch 1
Surface bloom,Archival Preservation & Obsolete Media,NEW,Batch 1
Mold hyphae intrusion,Archival Preservation & Obsolete Media,NEW,Batch 1
Groove accretion,Archival Preservation & Obsolete Media,NEW,Batch 1
Particulate occlusion,Archival Preservation & Obsolete Media,NEW,Batch 1
Wet-play transfer,Archival Preservation & Obsolete Media,NEW,Batch 1
Wax-cylinder shaving,Archival Preservation & Obsolete Media,NEW,Batch 1
Cylinder eccentricity,Archival Preservation & Obsolete Media,NEW,Batch 1
Mandrel mismatch,Archival Preservation & Obsolete Media,NEW,Batch 1
Cylinder bore deformation,Archival Preservation & Obsolete Media,NEW,Batch 1
End-shrinkage,Archival Preservation & Obsolete Media,NEW,Batch 1
Cylinder ovalization,Archival Preservation & Obsolete Media,NEW,Batch 1
Celluloid-cylinder delamination,Archival Preservation & Obsolete Media,NEW,Batch 1
Plaster-core expansion,Archival Preservation & Obsolete Media,NEW,Batch 1
Dictation belt,Archival Preservation & Obsolete Media,NEW,Batch 1
Dictabelt,Archival Preservation & Obsolete Media,NEW,Batch 1
SoundScriber disc,Archival Preservation & Obsolete Media,NEW,Batch 1
Gray Audograph disc,Archival Preservation & Obsolete Media,NEW,Batch 1
Memobelt,Archival Preservation & Obsolete Media,NEW,Batch 1
Groove embossing recovery,Archival Preservation & Obsolete Media,NEW,Batch 1
Belt flattening,Archival Preservation & Obsolete Media,NEW,Batch 1
Mandrel casting,Archival Preservation & Obsolete Media,NEW,Batch 1
Noncontact cylinder scanning,Archival Preservation & Obsolete Media,NEW,Batch 1
Helical-groove reconstruction,Archival Preservation & Obsolete Media,NEW,Batch 1
Optical sound recovery,Audio Restoration & Archival,EXISTING,Batch 1
Noncontact playback,Audio Restoration & Archival,EXISTING,Batch 1
IRENE scanning,Audio Restoration & Archival,EXISTING,Batch 1
Two-dimensional groove imaging,Audio Restoration & Archival,EXISTING,Batch 1
Three-dimensional groove imaging,Audio Restoration & Archival,EXISTING,Batch 1
Surface metrology,Audio Restoration & Archival,EXISTING,Batch 1
Groove-topography reconstruction,Audio Restoration & Archival,EXISTING,Batch 1
Virtual stylus,Audio Restoration & Archival,EXISTING,Batch 1
Optical transfer profile,Audio Restoration & Archival,EXISTING,Batch 1
Groove-centerline extraction,Audio Restoration & Archival,EXISTING,Batch 1
Wall-profile extraction,Audio Restoration & Archival,EXISTING,Batch 1
Occlusion bridging,Audio Restoration & Archival,EXISTING,Batch 1
Fracture registration,Audio Restoration & Archival,EXISTING,Batch 1
Fragment stitching,Audio Restoration & Archival,EXISTING,Batch 1
Image-domain dewarping,Audio Restoration & Archival,EXISTING,Batch 1
Virtual reassembly,Audio Restoration & Archival,EXISTING,Batch 1
Decrackling,Audio Restoration & Archival,EXISTING,Batch 1
Declicking,Audio Restoration & Archival,EXISTING,Batch 1
Impulse interpolation,Audio Restoration & Archival,EXISTING,Batch 1
Bidirectional interpolation,Audio Restoration & Archival,EXISTING,Batch 1
Autoregressive interpolation,Audio Restoration & Archival,EXISTING,Batch 1
Spectral inpainting,Audio Restoration & Archival,EXISTING,Batch 1
Sinusoidal interpolation,Audio Restoration & Archival,EXISTING,Batch 1
Transient reconstruction,Audio Restoration & Archival,EXISTING,Batch 1
Broadband impulse,Audio Restoration & Archival,EXISTING,Batch 1
Click tail,Audio Restoration & Archival,EXISTING,Batch 1
Thump removal,Audio Restoration & Archival,EXISTING,Batch 1
Deplosive processing,Audio Restoration & Archival,EXISTING,Batch 1
Declip reconstruction,Audio Restoration & Archival,EXISTING,Batch 1
Asymmetric declipping,Audio Restoration & Archival,EXISTING,Batch 1
Dropout interpolation,Audio Restoration & Archival,EXISTING,Batch 1
Partial dropout,Audio Restoration & Archival,EXISTING,Batch 1
High-frequency dropout,Audio Restoration & Archival,EXISTING,Batch 1
Channel substitution,Audio Restoration & Archival,EXISTING,Batch 1
Patch-source restoration,Audio Restoration & Archival,EXISTING,Batch 1
Composite restoration,Audio Restoration & Archival,EXISTING,Batch 1
Source intercutting,Audio Restoration & Archival,EXISTING,Batch 1
Multi-source alignment,Audio Restoration & Archival,EXISTING,Batch 1
Drift-compensated alignment,Audio Restoration & Archival,EXISTING,Batch 1
Hum fundamental,Audio Restoration & Archival,EXISTING,Batch 1
Hum-harmonic series,Audio Restoration & Archival,EXISTING,Batch 1
Hum tracking,Audio Restoration & Archival,EXISTING,Batch 1
Adaptive dehum,Audio Restoration & Archival,EXISTING,Batch 1
Comb-notch dehum,Audio Restoration & Archival,EXISTING,Batch 1
Harmonic hum reconstruction,Audio Restoration & Archival,EXISTING,Batch 1
Buzz burst,Audio Restoration & Archival,EXISTING,Batch 1
Rectifier buzz,Audio Restoration & Archival,EXISTING,Batch 1
Line-frequency wander,Audio Restoration & Archival,EXISTING,Batch 1
Heterodyne whistle,Audio Restoration & Archival,EXISTING,Batch 1
Bias whistle,Audio Restoration & Archival,EXISTING,Batch 1
Pilot-tone leakage,Audio Restoration & Archival,EXISTING,Batch 1
Carrier leakage,Audio Restoration & Archival,EXISTING,Batch 1
Beat-frequency interference,Audio Restoration & Archival,EXISTING,Batch 1
Switching hash,Audio Restoration & Archival,EXISTING,Batch 1
Arc noise,Audio Restoration & Archival,EXISTING,Batch 1
Ignition interference,Audio Restoration & Archival,EXISTING,Batch 1
Radio breakthrough,Audio Restoration & Archival,EXISTING,Batch 1
Crosstalk print,Audio Restoration & Archival,EXISTING,Batch 1
Bit-level preservation,Archival Preservation & Obsolete Media,NEW,Batch 1
Fixity,Archival Preservation & Obsolete Media,NEW,Batch 1
Fixity check,Archival Preservation & Obsolete Media,NEW,Batch 1
Checksum manifest,Archival Preservation & Obsolete Media,NEW,Batch 1
Cryptographic hash,Archival Preservation & Obsolete Media,NEW,Batch 1
Checksum collision,Archival Preservation & Obsolete Media,NEW,Batch 1
Silent corruption,Archival Preservation & Obsolete Media,NEW,Batch 1
Bit rot,Archival Preservation & Obsolete Media,NEW,Batch 1
Media refreshing,Archival Preservation & Obsolete Media,NEW,Batch 1
Format migration,Archival Preservation & Obsolete Media,NEW,Batch 1
Normalization,Archival Preservation & Obsolete Media,NEW,Batch 1
Preservation normalization,Archival Preservation & Obsolete Media,NEW,Batch 1
Replication,Archival Preservation & Obsolete Media,NEW,Batch 1
Geographic replication,Archival Preservation & Obsolete Media,NEW,Batch 1
Storage diversity,Archival Preservation & Obsolete Media,NEW,Batch 1
Technological diversity,Archival Preservation & Obsolete Media,NEW,Batch 1
Integrity audit,Archival Preservation & Obsolete Media,NEW,Batch 1
Audit trail,Archival Preservation & Obsolete Media,NEW,Batch 1
Event metadata,Archival Preservation & Obsolete Media,NEW,Batch 1
Preservation provenance,Archival Preservation & Obsolete Media,NEW,Batch 1
Significant properties,Archival Preservation & Obsolete Media,NEW,Batch 1
Representation information,Archival Preservation & Obsolete Media,NEW,Batch 1
Representation network,Archival Preservation & Obsolete Media,NEW,Batch 1
Preservation watch,Archival Preservation & Obsolete Media,NEW,Batch 1
Technology watch,Archival Preservation & Obsolete Media,NEW,Batch 1
Coding history field,Archival Preservation & Obsolete Media,NEW,Batch 1
Originator reference,Archival Preservation & Obsolete Media,NEW,Batch 1
Time reference,Archival Preservation & Obsolete Media,NEW,Batch 1
Embedded checksum,Archival Preservation & Obsolete Media,NEW,Batch 1
MD5 chunk,Archival Preservation & Obsolete Media,NEW,Batch 1
RF64,Archival Preservation & Obsolete Media,NEW,Batch 1
WAVE64,Archival Preservation & Obsolete Media,NEW,Batch 1
Process metadata,Archival Preservation & Obsolete Media,NEW,Batch 1
Carrier metadata,Archival Preservation & Obsolete Media,NEW,Batch 1
Replay metadata,Archival Preservation & Obsolete Media,NEW,Batch 1
Restoration metadata,Archival Preservation & Obsolete Media,NEW,Batch 1
AES57 object structure,Archival Preservation & Obsolete Media,NEW,Batch 1
Metadata crosswalk,Archival Preservation & Obsolete Media,NEW,Batch 1
Schema validation,Archival Preservation & Obsolete Media,NEW,Batch 1
Controlled vocabulary,Archival Preservation & Obsolete Media,NEW,Batch 1
Persistent identifier,Archival Preservation & Obsolete Media,NEW,Batch 1
Essence,Archival Preservation & Obsolete Media,NEW,Batch 1
Essence container,Archival Preservation & Obsolete Media,NEW,Batch 1
Ingest validation,Archival Preservation & Obsolete Media,NEW,Batch 1
Archival ingest,Archival Preservation & Obsolete Media,NEW,Batch 1
Content Information,Archival Preservation & Obsolete Media,NEW,Batch 1
Preservation Description Information,Archival Preservation & Obsolete Media,NEW,Batch 1
Reference information,Archival Preservation & Obsolete Media,NEW,Batch 1
Context information,Archival Preservation & Obsolete Media,NEW,Batch 1
Provenance information,Archival Preservation & Obsolete Media,NEW,Batch 1
Fixity information,Archival Preservation & Obsolete Media,NEW,Batch 1
Designated community,Archival Preservation & Obsolete Media,NEW,Batch 1
Independent understandability,Archival Preservation & Obsolete Media,NEW,Batch 1
Repository succession plan,Archival Preservation & Obsolete Media,NEW,Batch 1
Remanence,Analog Tape / Tape Machines,EXISTING,Batch 1
Retentivity,Analog Tape / Tape Machines,EXISTING,Batch 1
Coercivity,Analog Tape / Tape Machines,EXISTING,Batch 1
Intrinsic coercivity,Analog Tape / Tape Machines,EXISTING,Batch 1
Saturation magnetization,Analog Tape / Tape Machines,EXISTING,Batch 1
Saturation remanence,Analog Tape / Tape Machines,EXISTING,Batch 1
Magnetic hysteresis,Analog Tape / Tape Machines,EXISTING,Batch 1
Hysteresis loop,Analog Tape / Tape Machines,EXISTING,Batch 1
Anhysteretic recording,Analog Tape / Tape Machines,EXISTING,Batch 1
Anhysteretic remanence,Analog Tape / Tape Machines,EXISTING,Batch 1
Domain orientation,Analog Tape / Tape Machines,EXISTING,Batch 1
Particle orientation,Analog Tape / Tape Machines,EXISTING,Batch 1
Orientation ratio,Analog Tape / Tape Machines,EXISTING,Batch 1
Switching-field distribution,Analog Tape / Tape Machines,EXISTING,Batch 1
Magnetization transition,Analog Tape / Tape Machines,EXISTING,Batch 1
Transition crowding,Analog Tape / Tape Machines,EXISTING,Batch 1
Self-demagnetization,Analog Tape / Tape Machines,EXISTING,Batch 1
Thickness loss,Analog Tape / Tape Machines,EXISTING,Batch 1
Wavelength response,Analog Tape / Tape Machines,EXISTING,Batch 1
Recorded wavelength,Analog Tape / Tape Machines,EXISTING,Batch 1
AC bias,Analog Tape / Tape Machines,EXISTING,Batch 1
Bias frequency,Analog Tape / Tape Machines,EXISTING,Batch 1
Bias current,Analog Tape / Tape Machines,EXISTING,Batch 1
Optimum bias,Analog Tape / Tape Machines,EXISTING,Batch 1
Overbias,Analog Tape / Tape Machines,EXISTING,Batch 1
Underbias,Analog Tape / Tape Machines,EXISTING,Batch 1
Overbias curve,Analog Tape / Tape Machines,EXISTING,Batch 1
Bias null,Analog Tape / Tape Machines,EXISTING,Batch 1
Bias trap,Analog Tape / Tape Machines,EXISTING,Batch 1
Bias feedthrough,Analog Tape / Tape Machines,EXISTING,Batch 1
Bias rocks,Analog Tape / Tape Machines,EXISTING,Batch 1
Bias compatibility,Analog Tape / Tape Machines,EXISTING,Batch 1
Erase depth,Analog Tape / Tape Machines,EXISTING,Batch 1
Erasure ratio,Analog Tape / Tape Machines,EXISTING,Batch 1
Incomplete erasure,Analog Tape / Tape Machines,EXISTING,Batch 1
Erase-field penetration,Analog Tape / Tape Machines,EXISTING,Batch 1
DC erasure,Analog Tape / Tape Machines,EXISTING,Batch 1
Bulk erasure,Analog Tape / Tape Machines,EXISTING,Batch 1
Degausser dwell,Analog Tape / Tape Machines,EXISTING,Batch 1
Degausser withdrawal,Analog Tape / Tape Machines,EXISTING,Batch 1
Reference fluxivity,Analog Tape / Tape Machines,EXISTING,Batch 1
Magnetic fluxivity,Analog Tape / Tape Machines,EXISTING,Batch 1
Elevated operating level,Analog Tape / Tape Machines,EXISTING,Batch 1
Standard reference level,Analog Tape / Tape Machines,EXISTING,Batch 1
Tape sensitivity,Analog Tape / Tape Machines,EXISTING,Batch 1
Relative tape sensitivity,Analog Tape / Tape Machines,EXISTING,Batch 1
Reference tape,Analog Tape / Tape Machines,EXISTING,Batch 1
Reproducer test tape,Analog Tape / Tape Machines,EXISTING,Batch 1
Multifrequency alignment tape,Analog Tape / Tape Machines,EXISTING,Batch 1
Short-wavelength level,Analog Tape / Tape Machines,EXISTING,Batch 1
Long-wavelength level,Analog Tape / Tape Machines,EXISTING,Batch 1
Maximum output level,Analog Tape / Tape Machines,EXISTING,Batch 1
Maximum output level at 3% distortion,Analog Tape / Tape Machines,EXISTING,Batch 1
Saturation output,Analog Tape / Tape Machines,EXISTING,Batch 1
Saturation output level,Analog Tape / Tape Machines,EXISTING,Batch 1
Tape headroom,Analog Tape / Tape Machines,EXISTING,Batch 1
Modulation noise,Analog Tape / Tape Machines,EXISTING,Batch 1
DC noise,Analog Tape / Tape Machines,EXISTING,Batch 1
Erased-tape noise,Analog Tape / Tape Machines,EXISTING,Batch 1
Bulk-erased noise,Analog Tape / Tape Machines,EXISTING,Batch 1
Weighted tape noise,Analog Tape / Tape Machines,EXISTING,Batch 1
Print-through ratio,Analog Tape / Tape Machines,EXISTING,Batch 1
IEC1 equalization,Analog Tape / Tape Machines,EXISTING,Batch 1
IEC2 equalization,Analog Tape / Tape Machines,EXISTING,Batch 1
CCIR equalization,Analog Tape / Tape Machines,EXISTING,Batch 1
NAB equalization,Analog Tape / Tape Machines,EXISTING,Batch 1
NARTB equalization,Analog Tape / Tape Machines,EXISTING,Batch 1
DIN tape equalization,Analog Tape / Tape Machines,EXISTING,Batch 1
AES equalization,Analog Tape / Tape Machines,EXISTING,Batch 1
NagraMaster equalization,Analog Tape / Tape Machines,EXISTING,Batch 1
Ampex Master Equalization,Analog Tape / Tape Machines,EXISTING,Batch 1
House equalization,Analog Tape / Tape Machines,EXISTING,Batch 1
Replay time constant,Analog Tape / Tape Machines,EXISTING,Batch 1
Infinite low-frequency time constant,Analog Tape / Tape Machines,EXISTING,Batch 1
Equalization ambiguity,Analog Tape / Tape Machines,EXISTING,Batch 1
Equalization misdecode,Analog Tape / Tape Machines,EXISTING,Batch 1
Head bump,Analog Tape / Tape Machines,EXISTING,Batch 1
Head contour resonance,Analog Tape / Tape Machines,EXISTING,Batch 1
Pole-tip recession,Analog Tape / Tape Machines,EXISTING,Batch 1
Head-face grooving,Analog Tape / Tape Machines,EXISTING,Batch 1
Differential head wear,Analog Tape / Tape Machines,EXISTING,Batch 1
Gap erosion,Analog Tape / Tape Machines,EXISTING,Batch 1
Gap-length loss,Analog Tape / Tape Machines,EXISTING,Batch 1
Gap-azimuth interaction,Analog Tape / Tape Machines,EXISTING,Batch 1
Vertex adjustment,Analog Tape / Tape Machines,EXISTING,Batch 1
Head penetration,Analog Tape / Tape Machines,EXISTING,Batch 1
Contact loss,Analog Tape / Tape Machines,EXISTING,Batch 1
Contact-loss dropout,Analog Tape / Tape Machines,EXISTING,Batch 1
Tape tenting,Analog Tape / Tape Machines,EXISTING,Batch 1
Head clogging,Analog Tape / Tape Machines,EXISTING,Batch 1
Pole-piece magnetization,Analog Tape / Tape Machines,EXISTING,Batch 1
Remanent head field,Analog Tape / Tape Machines,EXISTING,Batch 1
Head-field asymmetry,Analog Tape / Tape Machines,EXISTING,Batch 1
Full-track mono,Analog Tape / Tape Machines,EXISTING,Batch 1
Half-track mono,Analog Tape / Tape Machines,EXISTING,Batch 1
Half-track stereo,Analog Tape / Tape Machines,EXISTING,Batch 1
Quarter-track stereo,Analog Tape / Tape Machines,EXISTING,Batch 1
Twin-track,Analog Tape / Tape Machines,EXISTING,Batch 1
Staggered-head stereo,Analog Tape / Tape Machines,EXISTING,Batch 1
Inline-head stereo,Analog Tape / Tape Machines,EXISTING,Batch 1
Stagger offset,Analog Tape / Tape Machines,EXISTING,Batch 1
Stagger correction,Analog Tape / Tape Machines,EXISTING,Batch 1
Track sense,Analog Tape / Tape Machines,EXISTING,Batch 1
Track assignment,Analog Tape / Tape Machines,EXISTING,Batch 1
Track configuration,Analog Tape / Tape Machines,EXISTING,Batch 1
Track pitch,Analog Tape / Tape Machines,EXISTING,Batch 1
Track-edge effect,Analog Tape / Tape Machines,EXISTING,Batch 1
Guard track,Analog Tape / Tape Machines,EXISTING,Batch 1
Cue track,Analog Tape / Tape Machines,EXISTING,Batch 1
Center track,Analog Tape / Tape Machines,EXISTING,Batch 1
Sel-sync track,Analog Tape / Tape Machines,EXISTING,Batch 1
Sync-repro response,Analog Tape / Tape Machines,EXISTING,Batch 1
Sync-head offset,Analog Tape / Tape Machines,EXISTING,Batch 1
Intertrack timing error,Analog Tape / Tape Machines,EXISTING,Batch 1
Track-format mismatch,Analog Tape / Tape Machines,EXISTING,Batch 1
Constant-tension transport,Analog Tape / Tape Machines,EXISTING,Batch 1
Open-loop transport,Analog Tape / Tape Machines,EXISTING,Batch 1
Closed-loop transport,Analog Tape / Tape Machines,EXISTING,Batch 1
Dual-capstan transport,Analog Tape / Tape Machines,EXISTING,Batch 1
Closed-loop dual capstan,Analog Tape / Tape Machines,EXISTING,Batch 1
Isolated tape loop,Analog Tape / Tape Machines,EXISTING,Batch 1
Back tension,Analog Tape / Tape Machines,EXISTING,Batch 1
Take-up tension,Analog Tape / Tape Machines,EXISTING,Batch 1
Differential tension,Analog Tape / Tape Machines,EXISTING,Batch 1
Tension arm,Analog Tape / Tape Machines,EXISTING,Batch 1
Dancer arm,Analog Tape / Tape Machines,EXISTING,Batch 1
Vacuum column,Analog Tape / Tape Machines,EXISTING,Batch 1
Vacuum buffer,Analog Tape / Tape Machines,EXISTING,Batch 1
Tape lifter,Analog Tape / Tape Machines,EXISTING,Batch 1
Lifter scrape,Analog Tape / Tape Machines,EXISTING,Batch 1
Guide chatter,Analog Tape / Tape Machines,EXISTING,Batch 1
Flange rub,Analog Tape / Tape Machines,EXISTING,Batch 1
Hub-slot deformation,Analog Tape / Tape Machines,EXISTING,Batch 1
Reel-table runout,Analog Tape / Tape Machines,EXISTING,Batch 1
Reel-table height,Analog Tape / Tape Machines,EXISTING,Batch 1
Tape-path coplanarity,Analog Tape / Tape Machines,EXISTING,Batch 1
Tape-path skew,Analog Tape / Tape Machines,EXISTING,Batch 1
Edge guiding,Analog Tape / Tape Machines,EXISTING,Batch 1
Crowned guide,Analog Tape / Tape Machines,EXISTING,Batch 1
Impedance roller,Analog Tape / Tape Machines,EXISTING,Batch 1
Flutter idler,Analog Tape / Tape Machines,EXISTING,Batch 1
Tape-path resonance,Analog Tape / Tape Machines,EXISTING,Batch 1
Span resonance,Analog Tape / Tape Machines,EXISTING,Batch 1
Longitudinal tape resonance,Analog Tape / Tape Machines,EXISTING,Batch 1
Flat wind,Magnetic Tape Preservation & Conservation,NEW,Batch 1
Smooth pack,Magnetic Tape Preservation & Conservation,NEW,Batch 1
Hard pack,Magnetic Tape Preservation & Conservation,NEW,Batch 1
Soft pack,Magnetic Tape Preservation & Conservation,NEW,Batch 1
Pack shift,Magnetic Tape Preservation & Conservation,NEW,Batch 1
Hub slip,Magnetic Tape Preservation & Conservation,NEW,Batch 1
Pack scatter,Magnetic Tape Preservation & Conservation,NEW,Batch 1
Telescope,Magnetic Tape Preservation & Conservation,NEW,Batch 1
Dish,Magnetic Tape Preservation & Conservation,NEW,Batch 1
Pack dish,Magnetic Tape Preservation & Conservation,NEW,Batch 1
Flange squeeze,Magnetic Tape Preservation & Conservation,NEW,Batch 1
Interlayer entrainment,Magnetic Tape Preservation & Conservation,NEW,Batch 1
Debris embossing,Magnetic Tape Preservation & Conservation,NEW,Batch 1
Layer impression,Magnetic Tape Preservation & Conservation,NEW,Batch 1
Storage set,Magnetic Tape Preservation & Conservation,NEW,Batch 1
Wind-induced edge curl,Magnetic Tape Preservation & Conservation,NEW,Batch 1
Pack relaxation,Magnetic Tape Preservation & Conservation,NEW,Batch 1
Pack compression,Magnetic Tape Preservation & Conservation,NEW,Batch 1
Wickelretter,Magnetic Tape Preservation & Conservation,NEW,Batch 1
Base film,Magnetic Tape Preservation & Conservation,NEW,Batch 1
Cellulose-acetate base,Magnetic Tape Preservation & Conservation,NEW,Batch 1
Polyester base,Magnetic Tape Preservation & Conservation,NEW,Batch 1
Polyvinyl-chloride base,Magnetic Tape Preservation & Conservation,NEW,Batch 1
Paper-base tape,Magnetic Tape Preservation & Conservation,NEW,Batch 1
Pigment layer,Magnetic Tape Preservation & Conservation,NEW,Batch 1
Magnetic coating,Magnetic Tape Preservation & Conservation,NEW,Batch 1
Back coating,Magnetic Tape Preservation & Conservation,NEW,Batch 1
Carbon back coating,Magnetic Tape Preservation & Conservation,NEW,Batch 1
Back-coat transfer,Magnetic Tape Preservation & Conservation,NEW,Batch 1
Back-coat shedding,Magnetic Tape Preservation & Conservation,NEW,Batch 1
Coating-to-backing interaction,Magnetic Tape Preservation & Conservation,NEW,Batch 1
Dispersion quality,Magnetic Tape Preservation & Conservation,NEW,Batch 1
Particle agglomerate,Magnetic Tape Preservation & Conservation,NEW,Batch 1
Calendering,Magnetic Tape Preservation & Conservation,NEW,Batch 1
Calendering loss,Magnetic Tape Preservation & Conservation,NEW,Batch 1
Coating thickness,Magnetic Tape Preservation & Conservation,NEW,Batch 1
Base thickness,Magnetic Tape Preservation & Conservation,NEW,Batch 1
Standard-play tape,Magnetic Tape Preservation & Conservation,NEW,Batch 1
Long-play tape,Magnetic Tape Preservation & Conservation,NEW,Batch 1
Double-play tape,Magnetic Tape Preservation & Conservation,NEW,Batch 1
Triple-play tape,Magnetic Tape Preservation & Conservation,NEW,Batch 1
Tensilized polyester,Magnetic Tape Preservation & Conservation,NEW,Batch 1
Coating adhesion,Magnetic Tape Preservation & Conservation,NEW,Batch 1
Cohesive failure,Magnetic Tape Preservation & Conservation,NEW,Batch 1
Adhesive failure,Magnetic Tape Preservation & Conservation,NEW,Batch 1
Pigment shedding,Magnetic Tape Preservation & Conservation,NEW,Batch 1
Ferrotyping,Magnetic Tape Preservation & Conservation,NEW,Batch 1
Surface glazing,Magnetic Tape Preservation & Conservation,NEW,Batch 1
Binder polishing,Magnetic Tape Preservation & Conservation,NEW,Batch 1
Adhesive ooze,Magnetic Tape Preservation & Conservation,NEW,Batch 1
Splice bleed,Magnetic Tape Preservation & Conservation,NEW,Batch 1
Splice blocking,Magnetic Tape Preservation & Conservation,NEW,Batch 1
Splice imprint,Magnetic Tape Preservation & Conservation,NEW,Batch 1
Splice curl,Magnetic Tape Preservation & Conservation,NEW,Batch 1
Splice failure,Magnetic Tape Preservation & Conservation,NEW,Batch 1
Leader embrittlement,Magnetic Tape Preservation & Conservation,NEW,Batch 1
Leader shrinkage,Magnetic Tape Preservation & Conservation,NEW,Batch 1
Mold staining,Magnetic Tape Preservation & Conservation,NEW,Batch 1
Hyphal anchoring,Magnetic Tape Preservation & Conservation,NEW,Batch 1
Insect frass contamination,Magnetic Tape Preservation & Conservation,NEW,Batch 1
Particulate embedment,Magnetic Tape Preservation & Conservation,NEW,Batch 1
Abrasive contamination,Magnetic Tape Preservation & Conservation,NEW,Batch 1
Ferrofluid contamination,Magnetic Tape Preservation & Conservation,NEW,Batch 1
Salt contamination,Magnetic Tape Preservation & Conservation,NEW,Batch 1
Flood-set pack,Magnetic Tape Preservation & Conservation,NEW,Batch 1
Mud intrusion,Magnetic Tape Preservation & Conservation,NEW,Batch 1
Tape baking,Magnetic Tape Preservation & Conservation,NEW,Batch 1
Thermal conditioning,Magnetic Tape Preservation & Conservation,NEW,Batch 1
Desiccation treatment,Magnetic Tape Preservation & Conservation,NEW,Batch 1
Low-temperature dehydration,Magnetic Tape Preservation & Conservation,NEW,Batch 1
Localized dry-air treatment,Magnetic Tape Preservation & Conservation,NEW,Batch 1
Controlled unspooling,Magnetic Tape Preservation & Conservation,NEW,Batch 1
Tape relaxation,Magnetic Tape Preservation & Conservation,NEW,Batch 1
Environmental acclimatization,Magnetic Tape Preservation & Conservation,NEW,Batch 1
Cold-storage acclimation,Magnetic Tape Preservation & Conservation,NEW,Batch 1
Dry cleaning,Magnetic Tape Preservation & Conservation,NEW,Batch 1
Pellon wiping,Magnetic Tape Preservation & Conservation,NEW,Batch 1
Tissue wiping,Magnetic Tape Preservation & Conservation,NEW,Batch 1
Vacuum cleaning,Magnetic Tape Preservation & Conservation,NEW,Batch 1
Tape polishing,Magnetic Tape Preservation & Conservation,NEW,Batch 1
Rehousing,Magnetic Tape Preservation & Conservation,NEW,Batch 1
Shell transplant,Magnetic Tape Preservation & Conservation,NEW,Batch 1
Reel replacement,Magnetic Tape Preservation & Conservation,NEW,Batch 1
Hub support,Magnetic Tape Preservation & Conservation,NEW,Batch 1
Splice replacement,Magnetic Tape Preservation & Conservation,NEW,Batch 1
Leader replacement,Magnetic Tape Preservation & Conservation,NEW,Batch 1
Pack recovery,Magnetic Tape Preservation & Conservation,NEW,Batch 1
Butt splice,Audio Restoration & Archival,EXISTING,Batch 1
Diagonal splice,Audio Restoration & Archival,EXISTING,Batch 1
Bias splice,Audio Restoration & Archival,EXISTING,Batch 1
Block splice,Audio Restoration & Archival,EXISTING,Batch 1
Edit angle,Audio Restoration & Archival,EXISTING,Batch 1
Splicing block,Audio Restoration & Archival,EXISTING,Batch 1
Edit tab,Audio Restoration & Archival,EXISTING,Batch 1
Timing leader,Audio Restoration & Archival,EXISTING,Batch 1
Paper leader,Audio Restoration & Archival,EXISTING,Batch 1
Plastic leader,Audio Restoration & Archival,EXISTING,Batch 1
Conductive leader,Audio Restoration & Archival,EXISTING,Batch 1
Metallic sensing foil,Audio Restoration & Archival,EXISTING,Batch 1
Cue foil,Audio Restoration & Archival,EXISTING,Batch 1
Tone splice,Audio Restoration & Archival,EXISTING,Batch 1
Razor edit,Audio Restoration & Archival,EXISTING,Batch 1
Grease-pencil edit mark,Audio Restoration & Archival,EXISTING,Batch 1
Edit pop,Audio Restoration & Archival,EXISTING,Batch 1
Splice bump,Audio Restoration & Archival,EXISTING,Batch 1
Edit sliver,Audio Restoration & Archival,EXISTING,Batch 1
Encode/decode mistracking,Audio Restoration & Archival,EXISTING,Batch 1
Dolby level,Audio Restoration & Archival,EXISTING,Batch 1
Dolby tone,Audio Restoration & Archival,EXISTING,Batch 1
Dolby lineup,Audio Restoration & Archival,EXISTING,Batch 1
Dolby tracking error,Audio Restoration & Archival,EXISTING,Batch 1
Sliding-band companding,Audio Restoration & Archival,EXISTING,Batch 1
Fixed-band companding,Audio Restoration & Archival,EXISTING,Batch 1
Spectral skewing,Audio Restoration & Archival,EXISTING,Batch 1
Compander breathing,Audio Restoration & Archival,EXISTING,Batch 1
Compander pumping,Audio Restoration & Archival,EXISTING,Batch 1
Noise-reduction identification,Audio Restoration & Archival,EXISTING,Batch 1
Undecoded transfer,Audio Restoration & Archival,EXISTING,Batch 1
Flat encoded capture,Audio Restoration & Archival,EXISTING,Batch 1
Pressure pad,Audio Restoration & Archival,EXISTING,Batch 1
Pressure-pad loss,Audio Restoration & Archival,EXISTING,Batch 1
Pressure-pad glazing,Audio Restoration & Archival,EXISTING,Batch 1
Pad lifter,Audio Restoration & Archival,EXISTING,Batch 1
Slip sheet,Audio Restoration & Archival,EXISTING,Batch 1
Slip-sheet buckling,Audio Restoration & Archival,EXISTING,Batch 1
Hub brake,Audio Restoration & Archival,EXISTING,Batch 1
Brake drag,Audio Restoration & Archival,EXISTING,Batch 1
Shell warp,Audio Restoration & Archival,EXISTING,Batch 1
Shell azimuth,Audio Restoration & Archival,EXISTING,Batch 1
Cassette skew,Audio Restoration & Archival,EXISTING,Batch 1
Hub bind,Audio Restoration & Archival,EXISTING,Batch 1
Pack spill,Audio Restoration & Archival,EXISTING,Batch 1
Leader detachment,Audio Restoration & Archival,EXISTING,Batch 1
Auto-stop foil,Audio Restoration & Archival,EXISTING,Batch 1
Tape-type detection notch,Audio Restoration & Archival,EXISTING,Batch 1
Type III cassette,Audio Restoration & Archival,EXISTING,Batch 1
Ferrichrome tape,Audio Restoration & Archival,EXISTING,Batch 1
Rehousing for equalization,Audio Restoration & Archival,EXISTING,Batch 1
Nominal tape speed,Audio Restoration & Archival,EXISTING,Batch 1
Actual tape speed,Audio Restoration & Archival,EXISTING,Batch 1
Speed error,Audio Restoration & Archival,EXISTING,Batch 1
Absolute speed error,Audio Restoration & Archival,EXISTING,Batch 1
Timebase error,Audio Restoration & Archival,EXISTING,Batch 1
Integral wow,Audio Restoration & Archival,EXISTING,Batch 1
Weighted wow and flutter,Audio Restoration & Archival,EXISTING,Batch 1
Unweighted wow and flutter,Audio Restoration & Archival,EXISTING,Batch 1
Peak weighted wow and flutter,Audio Restoration & Archival,EXISTING,Batch 1
Quasi-peak wow and flutter,Audio Restoration & Archival,EXISTING,Batch 1
Drift rate,Audio Restoration & Archival,EXISTING,Batch 1
Cyclic speed error,Audio Restoration & Archival,EXISTING,Batch 1
Capstan-rate component,Audio Restoration & Archival,EXISTING,Batch 1
Reel-rate component,Audio Restoration & Archival,EXISTING,Batch 1
Pinch-roller-rate component,Audio Restoration & Archival,EXISTING,Batch 1
Flutter spectrum,Audio Restoration & Archival,EXISTING,Batch 1
Speed-error signature,Audio Restoration & Archival,EXISTING,Batch 1
Nonlinear-speed recording,Audio Restoration & Archival,EXISTING,Batch 1
Capstanless recording,Audio Restoration & Archival,EXISTING,Batch 1
Dialogue assembly,Dialogue Editing,EXISTING,Batch 1
Dialogue conform,Dialogue Editing,EXISTING,Batch 1
Picture reconform,Dialogue Editing,EXISTING,Batch 1
Production dialogue pull,Dialogue Editing,EXISTING,Batch 1
Field-recorder expansion,Dialogue Editing,EXISTING,Batch 1
Production sound roll,Dialogue Editing,EXISTING,Batch 1
Sound-roll metadata,Dialogue Editing,EXISTING,Batch 1
Alternate-channel mining,Dialogue Editing,EXISTING,Batch 1
Alternate-take surgery,Dialogue Editing,EXISTING,Batch 1
Syllable replacement,Dialogue Editing,EXISTING,Batch 1
Phoneme patching,Dialogue Editing,EXISTING,Batch 1
Consonant graft,Dialogue Editing,EXISTING,Batch 1
Vowel graft,Dialogue Editing,EXISTING,Batch 1
Word-end repair,Dialogue Editing,EXISTING,Batch 1
Breath graft,Dialogue Editing,EXISTING,Batch 1
Breath matching,Dialogue Editing,EXISTING,Batch 1
Performance comping,Dialogue Editing,EXISTING,Batch 1
Micro-comping,Dialogue Editing,EXISTING,Batch 1
Dialogue tracklay,Dialogue Editing,EXISTING,Batch 1
Track dressing,Dialogue Editing,EXISTING,Batch 1
Handle preservation,Dialogue Editing,EXISTING,Batch 1
Edit exposure,Dialogue Editing,EXISTING,Batch 1
Mic-angle change,Dialogue Editing,EXISTING,Batch 1
Perspective discontinuity,Dialogue Editing,EXISTING,Batch 1
Acoustic discontinuity,Dialogue Editing,EXISTING,Batch 1
Dialogue fill,Dialogue Editing,EXISTING,Batch 1
Fill bed,Dialogue Editing,EXISTING,Batch 1
Fill pull,Dialogue Editing,EXISTING,Batch 1
Fill harvesting,Dialogue Editing,EXISTING,Batch 1
Pre-action fill,Dialogue Editing,EXISTING,Batch 1
Post-cut fill,Dialogue Editing,EXISTING,Batch 1
Fill loop,Dialogue Editing,EXISTING,Batch 1
Reversed fill,Dialogue Editing,EXISTING,Batch 1
Fill seam,Dialogue Editing,EXISTING,Batch 1
Fill buildup,Dialogue Editing,EXISTING,Batch 1
Fill pumping,Dialogue Editing,EXISTING,Batch 1
Room-tone pumping,Dialogue Editing,EXISTING,Batch 1
Noise-floor stepping,Dialogue Editing,EXISTING,Batch 1
Noise-floor choreography,Dialogue Editing,EXISTING,Batch 1
Room-tone contouring,Dialogue Editing,EXISTING,Batch 1
Ambience matching,Dialogue Editing,EXISTING,Batch 1
Background perspective match,Dialogue Editing,EXISTING,Batch 1
DX,Dialogue Editing,EXISTING,Batch 1
PDX,Dialogue Editing,EXISTING,Batch 1
DX A / DX B,Dialogue Editing,EXISTING,Batch 1
A/B dialogue checkerboarding,Dialogue Editing,EXISTING,Batch 1
Scene checkerboarding,Dialogue Editing,EXISTING,Batch 1
Setup checkerboarding,Dialogue Editing,EXISTING,Batch 1
Character splitting,Dialogue Editing,EXISTING,Batch 1
Microphone splitting,Dialogue Editing,EXISTING,Batch 1
Boom lane,Dialogue Editing,EXISTING,Batch 1
Lav lane,Dialogue Editing,EXISTING,Batch 1
Plant lane,Dialogue Editing,EXISTING,Batch 1
Mix-track guide,Dialogue Editing,EXISTING,Batch 1
Overlap track,Dialogue Editing,EXISTING,Batch 1
X track,Dialogue Editing,EXISTING,Batch 1
X-dialogue,Dialogue Editing,EXISTING,Batch 1
Safety dialogue track,Dialogue Editing,EXISTING,Batch 1
Transfer track,Dialogue Editing,EXISTING,Batch 1
Parking track,Dialogue Editing,EXISTING,Batch 1
Scratch DX,Dialogue Editing,EXISTING,Batch 1
Guide dialogue,Dialogue Editing,EXISTING,Batch 1
Reference production,Dialogue Editing,EXISTING,Batch 1
PFX,Dialogue Editing,EXISTING,Batch 1
PFX pull,Dialogue Editing,EXISTING,Batch 1
PFX extraction,Dialogue Editing,EXISTING,Batch 1
PFX isolation,Dialogue Editing,EXISTING,Batch 1
PFX marriage,Dialogue Editing,EXISTING,Batch 1
Dialogue-tainted PFX,Dialogue Editing,EXISTING,Batch 1
PFX continuity,Dialogue Editing,EXISTING,Batch 1
PFX sweetener,Dialogue Editing,EXISTING,Batch 1
Dialogue declicking,Dialogue Editing,EXISTING,Batch 1
Mouth declicking,Dialogue Editing,EXISTING,Batch 1
Lip-smack suppression,Dialogue Editing,EXISTING,Batch 1
Saliva click,Dialogue Editing,EXISTING,Batch 1
Tongue click artifact,Dialogue Editing,EXISTING,Batch 1
Denture click,Dialogue Editing,EXISTING,Batch 1
Palatal click,Dialogue Editing,EXISTING,Batch 1
Mouth-noise cluster,Dialogue Editing,EXISTING,Batch 1
Breath attenuation,Dialogue Editing,EXISTING,Batch 1
Breath shaping,Dialogue Editing,EXISTING,Batch 1
Breath replacement,Dialogue Editing,EXISTING,Batch 1
Breath-hole repair,Dialogue Editing,EXISTING,Batch 1
Inhale truncation,Dialogue Editing,EXISTING,Batch 1
Aspiration loss,Dialogue Editing,EXISTING,Batch 1
Plosive reconstruction,Dialogue Editing,EXISTING,Batch 1
Plosive shadow,Dialogue Editing,EXISTING,Batch 1
Residual plosive,Dialogue Editing,EXISTING,Batch 1
De-plosive overreach,Dialogue Editing,EXISTING,Batch 1
Sibilant lisping,Dialogue Editing,EXISTING,Batch 1
Sibilant replacement,Dialogue Editing,EXISTING,Batch 1
Sibilant graft,Dialogue Editing,EXISTING,Batch 1
Ess-hole,Dialogue Editing,EXISTING,Batch 1
Spectral hole,Dialogue Editing,EXISTING,Batch 1
Restoration chirp,Dialogue Editing,EXISTING,Batch 1
Musical-noise artifact,Dialogue Editing,EXISTING,Batch 1
Underwater dialogue,Dialogue Editing,EXISTING,Batch 1
Phasey speech,Dialogue Editing,EXISTING,Batch 1
Denoise modulation,Dialogue Editing,EXISTING,Batch 1
Noise-print mismatch,Dialogue Editing,EXISTING,Batch 1
Adaptive-threshold chasing,Dialogue Editing,EXISTING,Batch 1
Dialogue-isolation residue,Dialogue Editing,EXISTING,Batch 1
Voice-extraction halo,Dialogue Editing,EXISTING,Batch 1
Ambience stripping,Dialogue Editing,EXISTING,Batch 1
Room-tone collapse,Dialogue Editing,EXISTING,Batch 1
Consonant erosion,Dialogue Editing,EXISTING,Batch 1
Transient erosion,Dialogue Editing,EXISTING,Batch 1
Formant smearing,Dialogue Editing,EXISTING,Batch 1
Vocal granulation,Dialogue Editing,EXISTING,Batch 1
Spectral patching,Dialogue Editing,EXISTING,Batch 1
Spectral attenuation pass,Dialogue Editing,EXISTING,Batch 1
Attenuate-versus-replace decision,Dialogue Editing,EXISTING,Batch 1
Lav rustle,Dialogue Editing,EXISTING,Batch 1
Intermittent rustle,Dialogue Editing,EXISTING,Batch 1
Broadband rustle,Dialogue Editing,EXISTING,Batch 1
Chest rub,Dialogue Editing,EXISTING,Batch 1
Cable rub,Dialogue Editing,EXISTING,Batch 1
Cable knock,Dialogue Editing,EXISTING,Batch 1
Capsule scrape,Dialogue Editing,EXISTING,Batch 1
Fabric tick,Dialogue Editing,EXISTING,Batch 1
Jewelry tick,Dialogue Editing,EXISTING,Batch 1
Button knock,Dialogue Editing,EXISTING,Batch 1
Lav crackle,Dialogue Editing,EXISTING,Batch 1
RF spit,Dialogue Editing,EXISTING,Batch 1
RF hash,Dialogue Editing,EXISTING,Batch 1
Wireless compander artifact,Dialogue Editing,EXISTING,Batch 1
Lav chest resonance,Dialogue Editing,EXISTING,Batch 1
Under-clothing resonance,Dialogue Editing,EXISTING,Batch 1
Concealment muffling,Dialogue Editing,EXISTING,Batch 1
Boom shadowing,Dialogue Editing,EXISTING,Batch 1
Head-turn loss,Dialogue Editing,EXISTING,Batch 1
Boom perspective drift,Dialogue Editing,EXISTING,Batch 1
Boom-lav phase interaction,Dialogue Editing,EXISTING,Batch 1
Variable interchannel offset,Dialogue Editing,EXISTING,Batch 1
Dynamic phase alignment,Dialogue Editing,EXISTING,Batch 1
ADR cue,ADR & Looping,EXISTING,Batch 1
ADR cue number,ADR & Looping,EXISTING,Batch 1
ADR spotting,ADR & Looping,EXISTING,Batch 1
ADR cueing,ADR & Looping,EXISTING,Batch 1
Looping,ADR & Looping,EXISTING,Batch 1
Post-sync,ADR & Looping,EXISTING,Batch 1
Automatic dialogue replacement,ADR & Looping,EXISTING,Batch 1
Additional dialogue recording,ADR & Looping,EXISTING,Batch 1
ADR guide,ADR & Looping,EXISTING,Batch 1
ADR target,ADR & Looping,EXISTING,Batch 1
ADR take lane,ADR & Looping,EXISTING,Batch 1
ADR comp,ADR & Looping,EXISTING,Batch 1
ADR edit,ADR & Looping,EXISTING,Batch 1
ADR fit,ADR & Looping,EXISTING,Batch 1
ADR match,ADR & Looping,EXISTING,Batch 1
ADR perspective match,ADR & Looping,EXISTING,Batch 1
ADR proximity mismatch,ADR & Looping,EXISTING,Batch 1
ADR room mismatch,ADR & Looping,EXISTING,Batch 1
ADR tonal match,ADR & Looping,EXISTING,Batch 1
ADR ambience bed,ADR & Looping,EXISTING,Batch 1
ADR futzing,ADR & Looping,EXISTING,Batch 1
ADR pre-roll,ADR & Looping,EXISTING,Batch 1
ADR post-roll,ADR & Looping,EXISTING,Batch 1
Three-beep cue,ADR & Looping,EXISTING,Batch 1
Missing fourth beep,ADR & Looping,EXISTING,Batch 1
Cue streamer,ADR & Looping,EXISTING,Batch 1
Punch cue,ADR & Looping,EXISTING,Batch 1
Dead cue,ADR & Looping,EXISTING,Batch 1
Rhythmo band,ADR & Looping,EXISTING,Batch 1
Bande rythmo,ADR & Looping,EXISTING,Batch 1
ADR wipe,ADR & Looping,EXISTING,Batch 1
Wild ADR,ADR & Looping,EXISTING,Batch 1
Wild line,ADR & Looping,EXISTING,Batch 1
Off-camera ADR,ADR & Looping,EXISTING,Batch 1
Sync ADR,ADR & Looping,EXISTING,Batch 1
Hard-sync line,ADR & Looping,EXISTING,Batch 1
Soft-sync line,ADR & Looping,EXISTING,Batch 1
Lip closure,ADR & Looping,EXISTING,Batch 1
Bilabial sync point,ADR & Looping,EXISTING,Batch 1
Labial anchor,ADR & Looping,EXISTING,Batch 1
Open-mouth vowel hold,ADR & Looping,EXISTING,Batch 1
ADR stretch,ADR & Looping,EXISTING,Batch 1
ADR squeeze,ADR & Looping,EXISTING,Batch 1
Internal ADR sync,ADR & Looping,EXISTING,Batch 1
Head-sync / tail-sync tradeoff,ADR & Looping,EXISTING,Batch 1
Performance drift,ADR & Looping,EXISTING,Batch 1
Isochrony,Dubbing & Localization,EXISTING,Batch 1
Lip synchrony,Dubbing & Localization,EXISTING,Batch 1
Kinetic synchrony,Dubbing & Localization,EXISTING,Batch 1
Character synchrony,Dubbing & Localization,EXISTING,Batch 1
Prosodic synchrony,Dubbing & Localization,EXISTING,Batch 1
Prosodic phrase alignment,Dubbing & Localization,EXISTING,Batch 1
Sync adaptation,Dubbing & Localization,EXISTING,Batch 1
Lip-sync adaptation,Dubbing & Localization,EXISTING,Batch 1
Dubbing script adaptation,Dubbing & Localization,EXISTING,Batch 1
Line isometry,Dubbing & Localization,EXISTING,Batch 1
Quantitative synchrony,Dubbing & Localization,EXISTING,Batch 1
Qualitative synchrony,Dubbing & Localization,EXISTING,Batch 1
Phonetic synchrony,Dubbing & Localization,EXISTING,Batch 1
Open-vowel matching,Dubbing & Localization,EXISTING,Batch 1
Bilabial matching,Dubbing & Localization,EXISTING,Batch 1
Dubbing rhythm,Dubbing & Localization,EXISTING,Batch 1
Sync window,Dubbing & Localization,EXISTING,Batch 1
Entry tolerance,Dubbing & Localization,EXISTING,Batch 1
Exit tolerance,Dubbing & Localization,EXISTING,Batch 1
Flap coverage,Dubbing & Localization,EXISTING,Batch 1
Back-to-camera liberty,Dubbing & Localization,EXISTING,Batch 1
Reaction vocal,Dubbing & Localization,EXISTING,Batch 1
Effort vocal,Dubbing & Localization,EXISTING,Batch 1
Efforts pass,Dubbing & Localization,EXISTING,Batch 1
Vocal efforts,Dubbing & Localization,EXISTING,Batch 1
Nonverbal sync,Dubbing & Localization,EXISTING,Batch 1
Foreign-language walla,Dubbing & Localization,EXISTING,Batch 1
Dub-stage foldback,Dubbing & Localization,EXISTING,Batch 1
Loop group,ADR & Looping,EXISTING,Batch 1
Group ADR,ADR & Looping,EXISTING,Batch 1
Specific walla,ADR & Looping,EXISTING,Batch 1
General walla,ADR & Looping,EXISTING,Batch 1
Walla poke-through,ADR & Looping,EXISTING,Batch 1
Walla density,ADR & Looping,EXISTING,Batch 1
Walla perspective,ADR & Looping,EXISTING,Batch 1
Walla contour,ADR & Looping,EXISTING,Batch 1
Walla bed,ADR & Looping,EXISTING,Batch 1
Walla sweetener,ADR & Looping,EXISTING,Batch 1
Pass-by chatter,ADR & Looping,EXISTING,Batch 1
Crossing voices,ADR & Looping,EXISTING,Batch 1
Incidental dialogue,ADR & Looping,EXISTING,Batch 1
Background principal,ADR & Looping,EXISTING,Batch 1
Omni crowd,ADR & Looping,EXISTING,Batch 1
Call-and-response walla,ADR & Looping,EXISTING,Batch 1
Period walla,ADR & Looping,EXISTING,Batch 1
Vocabulary-safe walla,ADR & Looping,EXISTING,Batch 1
Punch-and-roll,ADR & Looping,EXISTING,Batch 1
Rock-and-roll recording,ADR & Looping,EXISTING,Batch 1
Pick-up boundary,ADR & Looping,EXISTING,Batch 1
Pick-up match,ADR & Looping,EXISTING,Batch 1
Drop-in,ADR & Looping,EXISTING,Batch 1
Insert read,ADR & Looping,EXISTING,Batch 1
Patch read,ADR & Looping,EXISTING,Batch 1
Wild pickup,ADR & Looping,EXISTING,Batch 1
Lead-in read,ADR & Looping,EXISTING,Batch 1
Throwaway lead-in,ADR & Looping,EXISTING,Batch 1
Tail pickup,ADR & Looping,EXISTING,Batch 1
Head pickup,ADR & Looping,EXISTING,Batch 1
Mid-sentence pickup,ADR & Looping,EXISTING,Batch 1
Pickup drift,ADR & Looping,EXISTING,Batch 1
Session-tone drift,ADR & Looping,EXISTING,Batch 1
Vocal fatigue drift,ADR & Looping,EXISTING,Batch 1
Hydration shift,ADR & Looping,EXISTING,Batch 1
Mic-position recall,ADR & Looping,EXISTING,Batch 1
Voice-match note,ADR & Looping,EXISTING,Batch 1
Cadence match,ADR & Looping,EXISTING,Batch 1
Inflection match,ADR & Looping,EXISTING,Batch 1
Energy match,ADR & Looping,EXISTING,Batch 1
Resonance match,ADR & Looping,EXISTING,Batch 1
Phrase-tail match,ADR & Looping,EXISTING,Batch 1
Scratch read,ADR & Looping,EXISTING,Batch 1
Guide VO,ADR & Looping,EXISTING,Batch 1
Temp narration,ADR & Looping,EXISTING,Batch 1
Final-approved read,ADR & Looping,EXISTING,Batch 1
Slate contamination,ADR & Looping,EXISTING,Batch 1
Pre-roll chatter,ADR & Looping,EXISTING,Batch 1
Post-roll contamination,ADR & Looping,EXISTING,Batch 1
Tail room,ADR & Looping,EXISTING,Batch 1
Room-tone capture,ADR & Looping,EXISTING,Batch 1
Booth tone,ADR & Looping,EXISTING,Batch 1
Booth-mode coloration,ADR & Looping,EXISTING,Batch 1
Page-turn mitigation,ADR & Looping,EXISTING,Batch 1
Copy stand noise,ADR & Looping,EXISTING,Batch 1
Monitor bleed print,ADR & Looping,EXISTING,Batch 1
Headphone-shell leakage,ADR & Looping,EXISTING,Batch 1
Dialogue predub,Re-Recording & Final Mix,EXISTING,Batch 1
DX predub,Re-Recording & Final Mix,EXISTING,Batch 1
Dialogue premix,Re-Recording & Final Mix,EXISTING,Batch 1
Dialogue master,Re-Recording & Final Mix,EXISTING,Batch 1
Domestic dialogue stem,Re-Recording & Final Mix,EXISTING,Batch 1
ADR stem,Re-Recording & Final Mix,EXISTING,Batch 1
Futz stem,Re-Recording & Final Mix,EXISTING,Batch 1
Futz,Re-Recording & Final Mix,EXISTING,Batch 1
Futz track,Re-Recording & Final Mix,EXISTING,Batch 1
Worldized dialogue,Re-Recording & Final Mix,EXISTING,Batch 1
Reamped dialogue,Re-Recording & Final Mix,EXISTING,Batch 1
Diegetic voice treatment,Re-Recording & Final Mix,EXISTING,Batch 1
On-screen source voice,Re-Recording & Final Mix,EXISTING,Batch 1
Off-screen source voice,Re-Recording & Final Mix,EXISTING,Batch 1
Voice perspective,Re-Recording & Final Mix,EXISTING,Batch 1
Perspective riding,Re-Recording & Final Mix,EXISTING,Batch 1
Shot-size perspective,Re-Recording & Final Mix,EXISTING,Batch 1
Close-up intimacy,Re-Recording & Final Mix,EXISTING,Batch 1
Wide-shot relief,Re-Recording & Final Mix,EXISTING,Batch 1
Dialogue reverb matching,Re-Recording & Final Mix,EXISTING,Batch 1
Early-reflection matching,Re-Recording & Final Mix,EXISTING,Batch 1
Room fingerprint,Re-Recording & Final Mix,EXISTING,Batch 1
Room-print convolution,Re-Recording & Final Mix,EXISTING,Batch 1
Production-space emulation,Re-Recording & Final Mix,EXISTING,Batch 1
ADR seating,Re-Recording & Final Mix,EXISTING,Batch 1
Dialogue anchoring,Re-Recording & Final Mix,EXISTING,Batch 1
Center-channel anchoring,Re-Recording & Final Mix,EXISTING,Batch 1
Dialogue focus,Re-Recording & Final Mix,EXISTING,Batch 1
Dialogue lift,Re-Recording & Final Mix,EXISTING,Batch 1
Object dialogue,Re-Recording & Final Mix,EXISTING,Batch 1
Dialogue intelligibility management,Re-Recording & Final Mix,EXISTING,Batch 1
Consonant-zone management,Re-Recording & Final Mix,EXISTING,Batch 1
Vowel-body management,Re-Recording & Final Mix,EXISTING,Batch 1
Presence lift,Re-Recording & Final Mix,EXISTING,Batch 1
Intelligibility lift,Re-Recording & Final Mix,EXISTING,Batch 1
Articulation lift,Re-Recording & Final Mix,EXISTING,Batch 1
Chest reduction,Re-Recording & Final Mix,EXISTING,Batch 1
Boxiness carve,Re-Recording & Final Mix,EXISTING,Batch 1
Nasal-formant control,Re-Recording & Final Mix,EXISTING,Batch 1
Honk suppression,Re-Recording & Final Mix,EXISTING,Batch 1
Throat resonance,Re-Recording & Final Mix,EXISTING,Batch 1
Papery voice,Re-Recording & Final Mix,EXISTING,Batch 1
Spitty voice,Re-Recording & Final Mix,EXISTING,Batch 1
Brittle consonants,Re-Recording & Final Mix,EXISTING,Batch 1
Consonant splatter,Re-Recording & Final Mix,EXISTING,Batch 1
Sibilant spray,Re-Recording & Final Mix,EXISTING,Batch 1
Sibilant whistling,Re-Recording & Final Mix,EXISTING,Batch 1
Ess tracking,Re-Recording & Final Mix,EXISTING,Batch 1
Split-band de-essing,Re-Recording & Final Mix,EXISTING,Batch 1
Wideband de-essing,Re-Recording & Final Mix,EXISTING,Batch 1
Spectral de-essing,Re-Recording & Final Mix,EXISTING,Batch 1
Dynamic-resonance control,Re-Recording & Final Mix,EXISTING,Batch 1
Vocal density,Re-Recording & Final Mix,EXISTING,Batch 1
Dialogue density control,Re-Recording & Final Mix,EXISTING,Batch 1
Microdynamic preservation,Re-Recording & Final Mix,EXISTING,Batch 1
Phrase-level riding,Re-Recording & Final Mix,EXISTING,Batch 1
Syllabic riding,Re-Recording & Final Mix,EXISTING,Batch 1
Consonant riding,Re-Recording & Final Mix,EXISTING,Batch 1
Breath riding,Re-Recording & Final Mix,EXISTING,Batch 1
Clip-gain leveling,Re-Recording & Final Mix,EXISTING,Batch 1
Pre-compressor riding,Re-Recording & Final Mix,EXISTING,Batch 1
Post-compressor riding,Re-Recording & Final Mix,EXISTING,Batch 1
Upward intelligibility control,Re-Recording & Final Mix,EXISTING,Batch 1
Dialogue crest management,Re-Recording & Final Mix,EXISTING,Batch 1
Word-front clipping,Re-Recording & Final Mix,EXISTING,Batch 1
Word-tail swallowing,Re-Recording & Final Mix,EXISTING,Batch 1
Dialogue carve,Re-Recording & Final Mix,EXISTING,Batch 1
Dynamic dialogue carve,Re-Recording & Final Mix,EXISTING,Batch 1
Spectral ducking,Re-Recording & Final Mix,EXISTING,Batch 1
Dialogue-triggered unmasking,Re-Recording & Final Mix,EXISTING,Batch 1
Music and Effects,"Dubbing — Adaptation, Sync & Deliverables",NEW,Batch 1
Fully filled M&E,"Dubbing — Adaptation, Sync & Deliverables",NEW,Batch 1
Partially filled M&E,"Dubbing — Adaptation, Sync & Deliverables",NEW,Batch 1
M&E fill,"Dubbing — Adaptation, Sync & Deliverables",NEW,Batch 1
M&E sweetener,"Dubbing — Adaptation, Sync & Deliverables",NEW,Batch 1
M&E editorial pass,"Dubbing — Adaptation, Sync & Deliverables",NEW,Batch 1
Dialogue-free production effect,"Dubbing — Adaptation, Sync & Deliverables",NEW,Batch 1
Dialogue contamination,"Dubbing — Adaptation, Sync & Deliverables",NEW,Batch 1
Vocal contamination,"Dubbing — Adaptation, Sync & Deliverables",NEW,Batch 1
Language-neutral vocal,"Dubbing — Adaptation, Sync & Deliverables",NEW,Batch 1
Language-specific effort,"Dubbing — Adaptation, Sync & Deliverables",NEW,Batch 1
Foreign-version optional,"Dubbing — Adaptation, Sync & Deliverables",NEW,Batch 1
Optional dialogue,"Dubbing — Adaptation, Sync & Deliverables",NEW,Batch 1
Textless vocal,"Dubbing — Adaptation, Sync & Deliverables",NEW,Batch 1
Domestic version,"Dubbing — Adaptation, Sync & Deliverables",NEW,Batch 1
Dialogue guide stem,"Dubbing — Adaptation, Sync & Deliverables",NEW,Batch 1
Dip track,"Dubbing — Adaptation, Sync & Deliverables",NEW,Batch 1
Undipped M&E,"Dubbing — Adaptation, Sync & Deliverables",NEW,Batch 1
Fully undipped stem,"Dubbing — Adaptation, Sync & Deliverables",NEW,Batch 1
Dubbing adaptation,"Dubbing — Adaptation, Sync & Deliverables",NEW,Batch 2
Dialogue adaptation,"Dubbing — Adaptation, Sync & Deliverables",NEW,Batch 2
Pre-adaptation,"Dubbing — Adaptation, Sync & Deliverables",NEW,Batch 2
Adaptation pass,"Dubbing — Adaptation, Sync & Deliverables",NEW,Batch 2
Sync pass,"Dubbing — Adaptation, Sync & Deliverables",NEW,Batch 2
Performability pass,"Dubbing — Adaptation, Sync & Deliverables",NEW,Batch 2
Speakability,"Dubbing — Adaptation, Sync & Deliverables",NEW,Batch 2
Dubability,"Dubbing — Adaptation, Sync & Deliverables",NEW,Batch 2
Oral naturalness,"Dubbing — Adaptation, Sync & Deliverables",NEW,Batch 2
Prefabricated orality,"Dubbing — Adaptation, Sync & Deliverables",NEW,Batch 2
Dubbese,"Dubbing — Adaptation, Sync & Deliverables",NEW,Batch 2
Translationese,"Dubbing — Adaptation, Sync & Deliverables",NEW,Batch 2
Source-language calque,"Dubbing — Adaptation, Sync & Deliverables",NEW,Batch 2
Dialogue calque,"Dubbing — Adaptation, Sync & Deliverables",NEW,Batch 2
Structural calque,"Dubbing — Adaptation, Sync & Deliverables",NEW,Batch 2
Pragmatic calque,"Dubbing — Adaptation, Sync & Deliverables",NEW,Batch 2
Dubbing cliché,"Dubbing — Adaptation, Sync & Deliverables",NEW,Batch 2
Isochronic constraint,"Dubbing — Adaptation, Sync & Deliverables",NEW,Batch 2
Isochronic adaptation,"Dubbing — Adaptation, Sync & Deliverables",NEW,Batch 2
Utterance-duration matching,"Dubbing — Adaptation, Sync & Deliverables",NEW,Batch 2
Phrase-duration matching,"Dubbing — Adaptation, Sync & Deliverables",NEW,Batch 2
Segment-duration matching,"Dubbing — Adaptation, Sync & Deliverables",NEW,Batch 2
Temporal accommodation,"Dubbing — Adaptation, Sync & Deliverables",NEW,Batch 2
Temporal compression,"Dubbing — Adaptation, Sync & Deliverables",NEW,Batch 2
Temporal expansion,"Dubbing — Adaptation, Sync & Deliverables",NEW,Batch 2
Linguistic expansion,"Dubbing — Adaptation, Sync & Deliverables",NEW,Batch 2
Linguistic condensation,"Dubbing — Adaptation, Sync & Deliverables",NEW,Batch 2
Syllabic expansion,"Dubbing — Adaptation, Sync & Deliverables",NEW,Batch 2
Speech-rate compensation,"Dubbing — Adaptation, Sync & Deliverables",NEW,Batch 2
Compression threshold,"Dubbing — Adaptation, Sync & Deliverables",NEW,Batch 2
Expansion threshold,"Dubbing — Adaptation, Sync & Deliverables",NEW,Batch 2
Time-slot occupancy,"Dubbing — Adaptation, Sync & Deliverables",NEW,Batch 2
Sync envelope,"Dubbing — Adaptation, Sync & Deliverables",NEW,Batch 2
Sync latitude,"Dubbing — Adaptation, Sync & Deliverables",NEW,Batch 2
Entry latitude,"Dubbing — Adaptation, Sync & Deliverables",NEW,Batch 2
Exit latitude,"Dubbing — Adaptation, Sync & Deliverables",NEW,Batch 2
Internal timing anchor,"Dubbing — Adaptation, Sync & Deliverables",NEW,Batch 2
Boundary synchrony,"Dubbing — Adaptation, Sync & Deliverables",NEW,Batch 2
Internal synchrony,"Dubbing — Adaptation, Sync & Deliverables",NEW,Batch 2
Pause synchrony,"Dubbing — Adaptation, Sync & Deliverables",NEW,Batch 2
Pause redistribution,"Dubbing — Adaptation, Sync & Deliverables",NEW,Batch 2
Hesitation matching,"Dubbing — Adaptation, Sync & Deliverables",NEW,Batch 2
Silence accommodation,"Dubbing — Adaptation, Sync & Deliverables",NEW,Batch 2
Utterance segmentation,"Dubbing — Adaptation, Sync & Deliverables",NEW,Batch 2
Segmentation mismatch,"Dubbing — Adaptation, Sync & Deliverables",NEW,Batch 2
Phonetic synchronization,"Dubbing — Adaptation, Sync & Deliverables",NEW,Batch 2
Visemic synchrony,"Dubbing — Adaptation, Sync & Deliverables",NEW,Batch 2
Viseme,"Dubbing — Adaptation, Sync & Deliverables",NEW,Batch 2
Viseme matching,"Dubbing — Adaptation, Sync & Deliverables",NEW,Batch 2
Visemic compatibility,"Dubbing — Adaptation, Sync & Deliverables",NEW,Batch 2
Viseme substitution,"Dubbing — Adaptation, Sync & Deliverables",NEW,Batch 2
Viseme collision,"Dubbing — Adaptation, Sync & Deliverables",NEW,Batch 2
Viseme tolerance,"Dubbing — Adaptation, Sync & Deliverables",NEW,Batch 2
Labial synchrony,"Dubbing — Adaptation, Sync & Deliverables",NEW,Batch 2
Bilabial correspondence,"Dubbing — Adaptation, Sync & Deliverables",NEW,Batch 2
Labiodental correspondence,"Dubbing — Adaptation, Sync & Deliverables",NEW,Batch 2
Open-vowel correspondence,"Dubbing — Adaptation, Sync & Deliverables",NEW,Batch 2
Rounded-vowel correspondence,"Dubbing — Adaptation, Sync & Deliverables",NEW,Batch 2
Lip-rounding mismatch,"Dubbing — Adaptation, Sync & Deliverables",NEW,Batch 2
Closure mismatch,"Dubbing — Adaptation, Sync & Deliverables",NEW,Batch 2
Aperture mismatch,"Dubbing — Adaptation, Sync & Deliverables",NEW,Batch 2
Articulatory anchor,"Dubbing — Adaptation, Sync & Deliverables",NEW,Batch 2
Closure anchor,"Dubbing — Adaptation, Sync & Deliverables",NEW,Batch 2
Vowel anchor,"Dubbing — Adaptation, Sync & Deliverables",NEW,Batch 2
Mouth-flap matching,"Dubbing — Adaptation, Sync & Deliverables",NEW,Batch 2
Flap,"Dubbing — Adaptation, Sync & Deliverables",NEW,Batch 2
Flap count,"Dubbing — Adaptation, Sync & Deliverables",NEW,Batch 2
Flap density,"Dubbing — Adaptation, Sync & Deliverables",NEW,Batch 2
Loose flap,"Dubbing — Adaptation, Sync & Deliverables",NEW,Batch 2
Tight flap,"Dubbing — Adaptation, Sync & Deliverables",NEW,Batch 2
Held flap,"Dubbing — Adaptation, Sync & Deliverables",NEW,Batch 2
Closed-mouth frame,"Dubbing — Adaptation, Sync & Deliverables",NEW,Batch 2
Mouth-open interval,"Dubbing — Adaptation, Sync & Deliverables",NEW,Batch 2
Flap interpolation,"Dubbing — Adaptation, Sync & Deliverables",NEW,Batch 2
Kinesic synchrony,"Dubbing — Adaptation, Sync & Deliverables",NEW,Batch 2
Gesture synchrony,"Dubbing — Adaptation, Sync & Deliverables",NEW,Batch 2
Gesture anchoring,"Dubbing — Adaptation, Sync & Deliverables",NEW,Batch 2
Deictic synchrony,"Dubbing — Adaptation, Sync & Deliverables",NEW,Batch 2
Nodding synchrony,"Dubbing — Adaptation, Sync & Deliverables",NEW,Batch 2
Head-turn synchrony,"Dubbing — Adaptation, Sync & Deliverables",NEW,Batch 2
Breath-action synchrony,"Dubbing — Adaptation, Sync & Deliverables",NEW,Batch 2
Impact synchrony,"Dubbing — Adaptation, Sync & Deliverables",NEW,Batch 2
Effort synchrony,"Dubbing — Adaptation, Sync & Deliverables",NEW,Batch 2
Action-locked vocal,"Dubbing — Adaptation, Sync & Deliverables",NEW,Batch 2
Gesture-loaded utterance,"Dubbing — Adaptation, Sync & Deliverables",NEW,Batch 2
Visual prosody,"Dubbing — Adaptation, Sync & Deliverables",NEW,Batch 2
Performance synchrony,"Dubbing — Adaptation, Sync & Deliverables",NEW,Batch 2
Emotional synchrony,"Dubbing — Adaptation, Sync & Deliverables",NEW,Batch 2
Affective synchrony,"Dubbing — Adaptation, Sync & Deliverables",NEW,Batch 2
Body-voice fit,"Dubbing — Adaptation, Sync & Deliverables",NEW,Batch 2
Vocal physiognomy,"Dubbing — Adaptation, Sync & Deliverables",NEW,Batch 2
Acoustic body,"Dubbing — Adaptation, Sync & Deliverables",NEW,Batch 2
Prosodic transfer,"Dubbing — Adaptation, Sync & Deliverables",NEW,Batch 2
Prosodic adaptation,"Dubbing — Adaptation, Sync & Deliverables",NEW,Batch 2
Prosodic alignment,"Dubbing — Adaptation, Sync & Deliverables",NEW,Batch 2
Intonational equivalence,"Dubbing — Adaptation, Sync & Deliverables",NEW,Batch 2
Stress relocation,"Dubbing — Adaptation, Sync & Deliverables",NEW,Batch 2
Accentual synchrony,"Dubbing — Adaptation, Sync & Deliverables",NEW,Batch 2
Nuclear-stress matching,"Dubbing — Adaptation, Sync & Deliverables",NEW,Batch 2
Tonal contour matching,"Dubbing — Adaptation, Sync & Deliverables",NEW,Batch 2
Phrase-contour matching,"Dubbing — Adaptation, Sync & Deliverables",NEW,Batch 2
Prosodic resegmentation,"Dubbing — Adaptation, Sync & Deliverables",NEW,Batch 2
Intonational rephrasing,"Dubbing — Adaptation, Sync & Deliverables",NEW,Batch 2
Emphasis preservation,"Dubbing — Adaptation, Sync & Deliverables",NEW,Batch 2
Emphasis displacement,"Dubbing — Adaptation, Sync & Deliverables",NEW,Batch 2
Pragmatic stress,"Dubbing — Adaptation, Sync & Deliverables",NEW,Batch 2
Information-focus matching,"Dubbing — Adaptation, Sync & Deliverables",NEW,Batch 2
Attitudinal prosody,"Dubbing — Adaptation, Sync & Deliverables",NEW,Batch 2
Discourse-prosody matching,"Dubbing — Adaptation, Sync & Deliverables",NEW,Batch 2
Breath-group matching,"Dubbing — Adaptation, Sync & Deliverables",NEW,Batch 2
Emotional-arc matching,"Dubbing — Adaptation, Sync & Deliverables",NEW,Batch 2
Cultural substitution,Dubbing & Localization,EXISTING,Batch 2
Cultural transplantation,Dubbing & Localization,EXISTING,Batch 2
Cultural neutralization,Dubbing & Localization,EXISTING,Batch 2
Cultural retention,Dubbing & Localization,EXISTING,Batch 2
Cultural explicitation,Dubbing & Localization,EXISTING,Batch 2
Cultural compensation,Dubbing & Localization,EXISTING,Batch 2
Functional equivalence,Dubbing & Localization,EXISTING,Batch 2
Pragmatic equivalence,Dubbing & Localization,EXISTING,Batch 2
Dynamic equivalence,Dubbing & Localization,EXISTING,Batch 2
Register localization,Dubbing & Localization,EXISTING,Batch 2
Sociolect localization,Dubbing & Localization,EXISTING,Batch 2
Dialect relocation,Dubbing & Localization,EXISTING,Batch 2
Dialect neutralization,Dubbing & Localization,EXISTING,Batch 2
Dialect leveling,Dubbing & Localization,EXISTING,Batch 2
Accent mapping,Dubbing & Localization,EXISTING,Batch 2
Accent substitution,Dubbing & Localization,EXISTING,Batch 2
Accent neutralization,Dubbing & Localization,EXISTING,Batch 2
Sociolinguistic mapping,Dubbing & Localization,EXISTING,Batch 2
Politeness recalibration,Dubbing & Localization,EXISTING,Batch 2
Honorific adaptation,Dubbing & Localization,EXISTING,Batch 2
Kinship-term localization,Dubbing & Localization,EXISTING,Batch 2
Vocative adaptation,Dubbing & Localization,EXISTING,Batch 2
Taboo calibration,Dubbing & Localization,EXISTING,Batch 2
Swear-strength matching,Dubbing & Localization,EXISTING,Batch 2
Euphemistic substitution,Dubbing & Localization,EXISTING,Batch 2
Ratings-driven adaptation,Dubbing & Localization,EXISTING,Batch 2
Compliance localization,Dubbing & Localization,EXISTING,Batch 2
Market-specific versioning,Dubbing & Localization,EXISTING,Batch 2
Locale splitting,Dubbing & Localization,EXISTING,Batch 2
Locale fallback,Dubbing & Localization,EXISTING,Batch 2
Voice casting equivalence,Dubbing & Localization,EXISTING,Batch 2
Vocal-equivalence casting,Dubbing & Localization,EXISTING,Batch 2
Voice-body congruence,Dubbing & Localization,EXISTING,Batch 2
Vocal-age matching,Dubbing & Localization,EXISTING,Batch 2
Vocal-weight matching,Dubbing & Localization,EXISTING,Batch 2
Timbre matching,Dubbing & Localization,EXISTING,Batch 2
Performance-equivalence casting,Dubbing & Localization,EXISTING,Batch 2
Character-voice assignment,Dubbing & Localization,EXISTING,Batch 2
Voice continuity,Dubbing & Localization,EXISTING,Batch 2
Franchise voice continuity,Dubbing & Localization,EXISTING,Batch 2
Voice recast,Dubbing & Localization,EXISTING,Batch 2
Recast continuity,Dubbing & Localization,EXISTING,Batch 2
Vocal continuity break,Dubbing & Localization,EXISTING,Batch 2
Cross-title casting,Dubbing & Localization,EXISTING,Batch 2
Legacy voice,Dubbing & Localization,EXISTING,Batch 2
Voice claim,Dubbing & Localization,EXISTING,Batch 2
Actor-voice pairing,Dubbing & Localization,EXISTING,Batch 2
Fixed voice,Dubbing & Localization,EXISTING,Batch 2
Standard voice,Dubbing & Localization,EXISTING,Batch 2
Voice double,Dubbing & Localization,EXISTING,Batch 2
Dialogue director,Dubbing & Localization,EXISTING,Batch 2
Linguistic director,Dubbing & Localization,EXISTING,Batch 2
Language supervisor,Dubbing & Localization,EXISTING,Batch 2
Creative supervisor,Dubbing & Localization,EXISTING,Batch 2
Dubbing adapter,Dubbing & Localization,EXISTING,Batch 2
Dubbing author,Dubbing & Localization,EXISTING,Batch 2
Detection,Dubbing & Localization,EXISTING,Batch 2
Dialogue detection,Dubbing & Localization,EXISTING,Batch 2
Rhythmographic detection,Dubbing & Localization,EXISTING,Batch 2
Detection script,Dubbing & Localization,EXISTING,Batch 2
Cue extraction,Dubbing & Localization,EXISTING,Batch 2
Cue subdivision,Dubbing & Localization,EXISTING,Batch 2
Loop unit,Dubbing & Localization,EXISTING,Batch 2
Loop length,Dubbing & Localization,EXISTING,Batch 2
Loop boundary,Dubbing & Localization,EXISTING,Batch 2
Loop preparation,Dubbing & Localization,EXISTING,Batch 2
Single-character recording,Dubbing & Localization,EXISTING,Batch 2
Ensemble dubbing,Dubbing & Localization,EXISTING,Batch 2
Collective dubbing,Dubbing & Localization,EXISTING,Batch 2
Individual-band recording,Dubbing & Localization,EXISTING,Batch 2
Line-by-line dubbing,Dubbing & Localization,EXISTING,Batch 2
Block recording,Dubbing & Localization,EXISTING,Batch 2
Context recording,Dubbing & Localization,EXISTING,Batch 2
Cold-loop recording,Dubbing & Localization,EXISTING,Batch 2
Guide-track dependency,Dubbing & Localization,EXISTING,Batch 2
Source-performance shadowing,Dubbing & Localization,EXISTING,Batch 2
Guide bleed,Dubbing & Localization,EXISTING,Batch 2
Cue fatigue,Dubbing & Localization,EXISTING,Batch 2
International-version reconstruction,Dubbing & Localization,EXISTING,Batch 2
Foreign-version mix,Dubbing & Localization,EXISTING,Batch 2
Local-language mix,Dubbing & Localization,EXISTING,Batch 2
Dubbing mix,Dubbing & Localization,EXISTING,Batch 2
Localization premix,Dubbing & Localization,EXISTING,Batch 2
Dub dialogue stem,Dubbing & Localization,EXISTING,Batch 2
Foreign dialogue stem,Dubbing & Localization,EXISTING,Batch 2
Original-language guide,Dubbing & Localization,EXISTING,Batch 2
Source-dialogue bleed,Dubbing & Localization,EXISTING,Batch 2
Language contamination,Dubbing & Localization,EXISTING,Batch 2
Embedded dialogue,Dubbing & Localization,EXISTING,Batch 2
Dialogue-bearing effect,Dubbing & Localization,EXISTING,Batch 2
Vocal-bearing ambience,Dubbing & Localization,EXISTING,Batch 2
M&E deficiency,Dubbing & Localization,EXISTING,Batch 2
M&E repair,Dubbing & Localization,EXISTING,Batch 2
M&E supplementation,Dubbing & Localization,EXISTING,Batch 2
M&E fill cue,Dubbing & Localization,EXISTING,Batch 2
Optional track,Dubbing & Localization,EXISTING,Batch 2
Optional vocal,Dubbing & Localization,EXISTING,Batch 2
Language-neutral effort,Dubbing & Localization,EXISTING,Batch 2
Language-neutral vocalization,Dubbing & Localization,EXISTING,Batch 2
Language-bearing effort,Dubbing & Localization,EXISTING,Batch 2
Foreign-version Foley,Dubbing & Localization,EXISTING,Batch 2
International Foley,Dubbing & Localization,EXISTING,Batch 2
M&E checker,Dubbing & Localization,EXISTING,Batch 2
M&E check,Dubbing & Localization,EXISTING,Batch 2
Foreign-version QC,Dubbing & Localization,EXISTING,Batch 2
Dub-stage integration,Dubbing & Localization,EXISTING,Batch 2
Acoustic localization match,Dubbing & Localization,EXISTING,Batch 2
Linguistic QC,Dubbing & Localization,EXISTING,Batch 2
Technical QC,Dubbing & Localization,EXISTING,Batch 2
Creative QC,Dubbing & Localization,EXISTING,Batch 2
Dub QC,Dubbing & Localization,EXISTING,Batch 2
In-territory QC,Dubbing & Localization,EXISTING,Batch 2
Native-listener QC,Dubbing & Localization,EXISTING,Batch 2
Sync QC,Dubbing & Localization,EXISTING,Batch 2
Lip-sync defect,Dubbing & Localization,EXISTING,Batch 2
Start-sync error,Dubbing & Localization,EXISTING,Batch 2
End-sync error,Dubbing & Localization,EXISTING,Batch 2
Internal-sync error,Dubbing & Localization,EXISTING,Batch 2
Mouth-closure violation,Dubbing & Localization,EXISTING,Batch 2
Flap violation,Dubbing & Localization,EXISTING,Batch 2
Overlength line,Dubbing & Localization,EXISTING,Batch 2
Underlength line,Dubbing & Localization,EXISTING,Batch 2
Rushed delivery,Dubbing & Localization,EXISTING,Batch 2
Dragged delivery,Dubbing & Localization,EXISTING,Batch 2
Sync-driven distortion,Dubbing & Localization,EXISTING,Batch 2
Semantic drift,Dubbing & Localization,EXISTING,Batch 2
Character drift,Dubbing & Localization,EXISTING,Batch 2
Register drift,Dubbing & Localization,EXISTING,Batch 2
Terminology drift,Dubbing & Localization,EXISTING,Batch 2
Pronunciation drift,Dubbing & Localization,EXISTING,Batch 2
Voice-continuity defect,Dubbing & Localization,EXISTING,Batch 2
Mix-localization defect,Dubbing & Localization,EXISTING,Batch 2
Perspective defect,Dubbing & Localization,EXISTING,Batch 2
Localization artifact,Dubbing & Localization,EXISTING,Batch 2
Adaptation loss,Dubbing & Localization,EXISTING,Batch 2
Sync loss,Dubbing & Localization,EXISTING,Batch 2
Naturalness defect,Dubbing & Localization,EXISTING,Batch 2
Revoicing,Dubbing & Localization,EXISTING,Batch 2
Full dubbing,Dubbing & Localization,EXISTING,Batch 2
Partial dubbing,Dubbing & Localization,EXISTING,Batch 2
Selective dubbing,Dubbing & Localization,EXISTING,Batch 2
Multilingual dubbing,Dubbing & Localization,EXISTING,Batch 2
Bilingual dubbing,Dubbing & Localization,EXISTING,Batch 2
UN-style voiceover,Dubbing & Localization,EXISTING,Batch 2
Gavrilov translation,Dubbing & Localization,EXISTING,Batch 2
One-voice dubbing,Dubbing & Localization,EXISTING,Batch 2
Two-voice dubbing,Dubbing & Localization,EXISTING,Batch 2
Lecturing,Dubbing & Localization,EXISTING,Batch 2
Lectoring,Dubbing & Localization,EXISTING,Batch 2
Simil-sync,Dubbing & Localization,EXISTING,Batch 2
Phrase-sync dubbing,Dubbing & Localization,EXISTING,Batch 2
Time-sync dubbing,Dubbing & Localization,EXISTING,Batch 2
Narration replacement,Dubbing & Localization,EXISTING,Batch 2
Commentary replacement,Dubbing & Localization,EXISTING,Batch 2
Pivot-language dubbing,Dubbing & Localization,EXISTING,Batch 2
Relay translation,Dubbing & Localization,EXISTING,Batch 2
Indirect dubbing,Dubbing & Localization,EXISTING,Batch 2
Double translation,Dubbing & Localization,EXISTING,Batch 2
Fandubbing,Dubbing & Localization,EXISTING,Batch 2
Fundubbing,Dubbing & Localization,EXISTING,Batch 2
Dubbing-up,Dubbing & Localization,EXISTING,Batch 2
Dubbing-down,Dubbing & Localization,EXISTING,Batch 2
Automatic dubbing,Re-Recording & Final Mix,EXISTING,Batch 2
Automated dubbing pipeline,Re-Recording & Final Mix,EXISTING,Batch 2
Audio-visual speech translation,Re-Recording & Final Mix,EXISTING,Batch 2
Audio-visual speech-to-speech translation,Re-Recording & Final Mix,EXISTING,Batch 2
Direct speech-to-speech translation,Re-Recording & Final Mix,EXISTING,Batch 2
Cascaded dubbing,Re-Recording & Final Mix,EXISTING,Batch 2
End-to-end dubbing,Re-Recording & Final Mix,EXISTING,Batch 2
Duration-controlled synthesis,Re-Recording & Final Mix,EXISTING,Batch 2
Isochronous synthesis,Re-Recording & Final Mix,EXISTING,Batch 2
Phonetic synchronization loss,Re-Recording & Final Mix,EXISTING,Batch 2
Lip-synchrony loss,Re-Recording & Final Mix,EXISTING,Batch 2
Vowel-distance matching,Re-Recording & Final Mix,EXISTING,Batch 2
Phonetic paraphrasing,Re-Recording & Final Mix,EXISTING,Batch 2
Synchronization-aware translation,Re-Recording & Final Mix,EXISTING,Batch 2
Duration-aware translation,Re-Recording & Final Mix,EXISTING,Batch 2
Lip-aware translation,Re-Recording & Final Mix,EXISTING,Batch 2
Viseme-aware translation,Re-Recording & Final Mix,EXISTING,Batch 2
Prosody transfer,Re-Recording & Final Mix,EXISTING,Batch 2
Cross-lingual prosody transfer,Re-Recording & Final Mix,EXISTING,Batch 2
Speaker similarity,Re-Recording & Final Mix,EXISTING,Batch 2
Cross-lingual voice cloning,Re-Recording & Final Mix,EXISTING,Batch 2
Speaker-preserving translation,Re-Recording & Final Mix,EXISTING,Batch 2
Timbre preservation,Re-Recording & Final Mix,EXISTING,Batch 2
Emotion-preserving dubbing,Re-Recording & Final Mix,EXISTING,Batch 2
Expressive speech translation,Re-Recording & Final Mix,EXISTING,Batch 2
Paralinguistic transfer,Re-Recording & Final Mix,EXISTING,Batch 2
Dubbing naturalness,Re-Recording & Final Mix,EXISTING,Batch 2
Translation-naturalness tradeoff,Re-Recording & Final Mix,EXISTING,Batch 2
Sync-naturalness tradeoff,Re-Recording & Final Mix,EXISTING,Batch 2
Semantic-phonetic tradeoff,Re-Recording & Final Mix,EXISTING,Batch 2
Wurst microphone technique,Instrument & Close Miking Techniques,EXISTING,Batch 2
Front-of-kit microphone,Instrument & Close Miking Techniques,EXISTING,Batch 2
Drum-shell microphone,Instrument & Close Miking Techniques,EXISTING,Batch 2
Snare-bottom polarity inversion,Instrument & Close Miking Techniques,EXISTING,Batch 2
Snare-wire balance,Instrument & Close Miking Techniques,EXISTING,Batch 2
Snare-wire choke,Instrument & Close Miking Techniques,EXISTING,Batch 2
Snare buzz suppression,Instrument & Close Miking Techniques,EXISTING,Batch 2
Wallet damping,Instrument & Close Miking Techniques,EXISTING,Batch 2
Tea-towel drum damping,Instrument & Close Miking Techniques,EXISTING,Batch 2
Kick-drum tunnel,Instrument & Close Miking Techniques,EXISTING,Batch 2
Kick-drum cavity microphone,Instrument & Close Miking Techniques,EXISTING,Batch 2
Kick port miking,Instrument & Close Miking Techniques,EXISTING,Batch 2
Kick beater bleed,Instrument & Close Miking Techniques,EXISTING,Batch 2
Subkick capture,Instrument & Close Miking Techniques,EXISTING,Batch 2
Drum crush microphone,Instrument & Close Miking Techniques,EXISTING,Batch 2
Cymbal rejection miking,Instrument & Close Miking Techniques,EXISTING,Batch 2
Underhead tom miking,Instrument & Close Miking Techniques,EXISTING,Batch 2
Overhead equidistance,Instrument & Close Miking Techniques,EXISTING,Batch 2
Cap-edge miking,Instrument & Close Miking Techniques,EXISTING,Batch 2
Speaker-cone traversal,Instrument & Close Miking Techniques,EXISTING,Batch 2
Off-axis guitar-cabinet miking,Instrument & Close Miking Techniques,EXISTING,Batch 2
Guitar-speaker phase-center alignment,Instrument & Close Miking Techniques,EXISTING,Batch 2
Fredman technique,Instrument & Close Miking Techniques,EXISTING,Batch 2
Guitar-cabinet rear miking,Instrument & Close Miking Techniques,EXISTING,Batch 2
Guitar-cabinet room reinforcement,Instrument & Close Miking Techniques,EXISTING,Batch 2
Pick-attack isolation,Instrument & Close Miking Techniques,EXISTING,Batch 2
Amp reamping,Instrument & Close Miking Techniques,EXISTING,Batch 2
Cabinet reamping,Instrument & Close Miking Techniques,EXISTING,Batch 2
DI–amplifier split,Instrument & Close Miking Techniques,EXISTING,Batch 2
Bass-band splitting,Instrument & Close Miking Techniques,EXISTING,Batch 2
Bass fundamental stabilization,Instrument & Close Miking Techniques,EXISTING,Batch 2
Bass audibility enhancement,Instrument & Close Miking Techniques,EXISTING,Batch 2
Twelfth-fret miking,Instrument & Close Miking Techniques,EXISTING,Batch 2
Sound-hole avoidance,Instrument & Close Miking Techniques,EXISTING,Batch 2
Acoustic-guitar bridge miking,Instrument & Close Miking Techniques,EXISTING,Batch 2
Shoulder miking,Instrument & Close Miking Techniques,EXISTING,Batch 2
Body-and-neck stereo miking,Instrument & Close Miking Techniques,EXISTING,Batch 2
Nashville tuning,Instrument & Close Miking Techniques,EXISTING,Batch 2
Double-tracked acoustic spread,Instrument & Close Miking Techniques,EXISTING,Batch 2
Piano soundboard miking,Instrument & Close Miking Techniques,EXISTING,Batch 2
Piano boundary miking,Instrument & Close Miking Techniques,EXISTING,Batch 2
Piano hammer emphasis,Instrument & Close Miking Techniques,EXISTING,Batch 2
Vocal proximity-effect control,Instrument & Close Miking Techniques,EXISTING,Batch 2
Microphone working,Instrument & Close Miking Techniques,EXISTING,Batch 2
Vocal off-axis control,Instrument & Close Miking Techniques,EXISTING,Batch 2
Plosive shadowing,Instrument & Close Miking Techniques,EXISTING,Batch 2
Sibilance steering,Instrument & Close Miking Techniques,EXISTING,Batch 2
Vocal level riding,Instrument & Close Miking Techniques,EXISTING,Batch 2
Pre-compressor vocal riding,Instrument & Close Miking Techniques,EXISTING,Batch 2
Vocal double alignment,Instrument & Close Miking Techniques,EXISTING,Batch 2
Consonant matching,Instrument & Close Miking Techniques,EXISTING,Batch 2
Stacked-Sibilance Control,Instrument & Close Miking Techniques,EXISTING,Batch 2
Breath editing,Instrument & Close Miking Techniques,EXISTING,Batch 2
Parallel Vocal Compression,Instrument & Close Miking Techniques,EXISTING,Batch 2
Vocal throw delay,Instrument & Close Miking Techniques,EXISTING,Batch 2
Vocal reverb ducking,Instrument & Close Miking Techniques,EXISTING,Batch 2
Bell-axis miking,Instrument & Close Miking Techniques,EXISTING,Batch 2
Keywork-noise control,Instrument & Close Miking Techniques,EXISTING,Batch 2
Bow-noise balance,Instrument & Close Miking Techniques,EXISTING,Batch 2
Rosin-noise control,Instrument & Close Miking Techniques,EXISTING,Batch 2
Section spot miking,Instrument & Close Miking Techniques,EXISTING,Batch 2
Spot-microphone time alignment,Instrument & Close Miking Techniques,EXISTING,Batch 2
Glyn Johns technique,Instrument & Close Miking Techniques,EXISTING,Batch 3
Glyn Johns side microphone,Instrument & Close Miking Techniques,EXISTING,Batch 3
Overhead-and-shoulder array,Instrument & Close Miking Techniques,EXISTING,Batch 3
Drum head-baffle technique,Instrument & Close Miking Techniques,EXISTING,Batch 3
Drum-kit midpoint microphone,Instrument & Close Miking Techniques,EXISTING,Batch 3
Wurst microphone,Instrument & Close Miking Techniques,EXISTING,Batch 3
Tchad Blake drum microphone,Instrument & Close Miking Techniques,EXISTING,Batch 3
Drum crush channel,Instrument & Close Miking Techniques,EXISTING,Batch 3
Batter-side kick microphone,Instrument & Close Miking Techniques,EXISTING,Batch 3
Kick beater-side microphone,Instrument & Close Miking Techniques,EXISTING,Batch 3
Kick-in microphone,Instrument & Close Miking Techniques,EXISTING,Batch 3
Kick-out microphone,Instrument & Close Miking Techniques,EXISTING,Batch 3
Kick-front microphone,Instrument & Close Miking Techniques,EXISTING,Batch 3
Kick-drum tunnel microphone,Instrument & Close Miking Techniques,EXISTING,Batch 3
Resonant-head proximity miking,Instrument & Close Miking Techniques,EXISTING,Batch 3
Snare-shell microphone,Instrument & Close Miking Techniques,EXISTING,Batch 3
Snare-vent microphone,Instrument & Close Miking Techniques,EXISTING,Batch 3
Rim-plane snare miking,Instrument & Close Miking Techniques,EXISTING,Batch 3
Under-snare microphone,Instrument & Close Miking Techniques,EXISTING,Batch 3
Underhead microphone,Instrument & Close Miking Techniques,EXISTING,Batch 3
Tom-bottom microphone,Instrument & Close Miking Techniques,EXISTING,Batch 3
Drum-shell underside miking,Instrument & Close Miking Techniques,EXISTING,Batch 3
Hi-hat bell miking,Instrument & Close Miking Techniques,EXISTING,Batch 3
Hi-hat edge rejection,Instrument & Close Miking Techniques,EXISTING,Batch 3
Ride-bell spot microphone,Instrument & Close Miking Techniques,EXISTING,Batch 3
Cymbal-under miking,Instrument & Close Miking Techniques,EXISTING,Batch 3
Cymbal-plane miking,Instrument & Close Miking Techniques,EXISTING,Batch 3
Drum-shell rejection angle,Instrument & Close Miking Techniques,EXISTING,Batch 3
Timpani head-edge miking,Instrument & Close Miking Techniques,EXISTING,Batch 3
Timpani bowl-side miking,Instrument & Close Miking Techniques,EXISTING,Batch 3
Timpani pair spacing,Instrument & Close Miking Techniques,EXISTING,Batch 3
Marimba resonator miking,Instrument & Close Miking Techniques,EXISTING,Batch 3
Marimba bar-side miking,Instrument & Close Miking Techniques,EXISTING,Batch 3
Marimba low-end outrigger,Instrument & Close Miking Techniques,EXISTING,Batch 3
Vibraphone motor-noise rejection,Instrument & Close Miking Techniques,EXISTING,Batch 3
Vibraphone resonator miking,Instrument & Close Miking Techniques,EXISTING,Batch 3
Xylophone octave spread control,Instrument & Close Miking Techniques,EXISTING,Batch 3
Glockenspiel off-axis miking,Instrument & Close Miking Techniques,EXISTING,Batch 3
Tubular-bell strike-zone avoidance,Instrument & Close Miking Techniques,EXISTING,Batch 3
Gong edge miking,Instrument & Close Miking Techniques,EXISTING,Batch 3
Gong center miking,Instrument & Close Miking Techniques,EXISTING,Batch 3
Suspended-cymbal swell capture,Instrument & Close Miking Techniques,EXISTING,Batch 3
Hand-percussion underside miking,Instrument & Close Miking Techniques,EXISTING,Batch 3
Cajón sound-hole miking,Instrument & Close Miking Techniques,EXISTING,Batch 3
Cajón tapa miking,Instrument & Close Miking Techniques,EXISTING,Batch 3
Tabla dayan–bayan split,Instrument & Close Miking Techniques,EXISTING,Batch 3
Conga head-zone miking,Instrument & Close Miking Techniques,EXISTING,Batch 3
Percussion-tree spot microphone,Instrument & Close Miking Techniques,EXISTING,Batch 3
Off-bell miking,Instrument & Close Miking Techniques,EXISTING,Batch 3
Bell-edge miking,Instrument & Close Miking Techniques,EXISTING,Batch 3
Above-bell miking,Instrument & Close Miking Techniques,EXISTING,Batch 3
Across-bell miking,Instrument & Close Miking Techniques,EXISTING,Batch 3
Bell-blast avoidance,Instrument & Close Miking Techniques,EXISTING,Batch 3
Bell-flare proximity miking,Instrument & Close Miking Techniques,EXISTING,Batch 3
Bell-shadow placement,Instrument & Close Miking Techniques,EXISTING,Batch 3
Slide-path clearance,Instrument & Close Miking Techniques,EXISTING,Batch 3
Trombone over-slide miking,Instrument & Close Miking Techniques,EXISTING,Batch 3
French-horn rear-bell miking,Instrument & Close Miking Techniques,EXISTING,Batch 3
French-horn wall-reflection capture,Instrument & Close Miking Techniques,EXISTING,Batch 3
Tuba bell-height miking,Instrument & Close Miking Techniques,EXISTING,Batch 3
Section-over-bell array,Instrument & Close Miking Techniques,EXISTING,Batch 3
Tone-hole-side miking,Instrument & Close Miking Techniques,EXISTING,Batch 3
Keywork-side miking,Instrument & Close Miking Techniques,EXISTING,Batch 3
Upper-joint miking,Instrument & Close Miking Techniques,EXISTING,Batch 3
Lower-joint miking,Instrument & Close Miking Techniques,EXISTING,Batch 3
Bell–tone-hole balance,Instrument & Close Miking Techniques,EXISTING,Batch 3
Clarinet register-hole balance,Instrument & Close Miking Techniques,EXISTING,Batch 3
Clarinet bell-overemphasis,Instrument & Close Miking Techniques,EXISTING,Batch 3
Saxophone bell–key split,Instrument & Close Miking Techniques,EXISTING,Batch 3
Saxophone key-cup noise capture,Instrument & Close Miking Techniques,EXISTING,Batch 3
Flute embouchure-hole miking,Instrument & Close Miking Techniques,EXISTING,Batch 3
Flute breath-stream avoidance,Instrument & Close Miking Techniques,EXISTING,Batch 3
Flute body-axis miking,Instrument & Close Miking Techniques,EXISTING,Batch 3
Bassoon boot-joint miking,Instrument & Close Miking Techniques,EXISTING,Batch 3
Bassoon bocal-side miking,Instrument & Close Miking Techniques,EXISTING,Batch 3
Oboe key-column miking,Instrument & Close Miking Techniques,EXISTING,Batch 3
Bridge-axis miking,Instrument & Close Miking Techniques,EXISTING,Batch 3
Bridge-above miking,Instrument & Close Miking Techniques,EXISTING,Batch 3
Treble-side bridge miking,Instrument & Close Miking Techniques,EXISTING,Batch 3
Bass-side bridge miking,Instrument & Close Miking Techniques,EXISTING,Batch 3
F-hole-axis miking,Instrument & Close Miking Techniques,EXISTING,Batch 3
Off-f-hole miking,Instrument & Close Miking Techniques,EXISTING,Batch 3
Upper-bout miking,Instrument & Close Miking Techniques,EXISTING,Batch 3
Lower-bout miking,Instrument & Close Miking Techniques,EXISTING,Batch 3
Fingerboard-end miking,Instrument & Close Miking Techniques,EXISTING,Batch 3
Bow-contact-point miking,Instrument & Close Miking Techniques,EXISTING,Batch 3
Bow-side miking,Instrument & Close Miking Techniques,EXISTING,Batch 3
Fingerboard-side miking,Instrument & Close Miking Techniques,EXISTING,Batch 3
Endpin-side cello miking,Instrument & Close Miking Techniques,EXISTING,Batch 3
Endpin-floor coupling capture,Instrument & Close Miking Techniques,EXISTING,Batch 3
Cello floor-boundary microphone,Instrument & Close Miking Techniques,EXISTING,Batch 3
Double-bass bridge–f-hole balance,Instrument & Close Miking Techniques,EXISTING,Batch 3
Double-bass endpin microphone,Instrument & Close Miking Techniques,EXISTING,Batch 3
String-body shadowing,Instrument & Close Miking Techniques,EXISTING,Batch 3
Section-leader spot,Instrument & Close Miking Techniques,EXISTING,Batch 3
Desk-pair spot microphone,Instrument & Close Miking Techniques,EXISTING,Batch 3
Inside–outside string-section spots,Instrument & Close Miking Techniques,EXISTING,Batch 3
Decca Tree wings,Stereo & Ensemble Miking Techniques,EXISTING,Batch 3
Decca Tree outriggers,Stereo & Ensemble Miking Techniques,EXISTING,Batch 3
Decca Tree height layer,Stereo & Ensemble Miking Techniques,EXISTING,Batch 3
Decca Tree 3D,Stereo & Ensemble Miking Techniques,EXISTING,Batch 3
Faulkner array null-axis control,Stereo & Ensemble Miking Techniques,EXISTING,Batch 3
Optimized Stereo Signal technique,Stereo & Ensemble Miking Techniques,EXISTING,Batch 3
Acoustic-shadow stereo,Stereo & Ensemble Miking Techniques,EXISTING,Batch 3
OCT,Stereo & Ensemble Miking Techniques,EXISTING,Batch 3
OCT-3D,Stereo & Ensemble Miking Techniques,EXISTING,Batch 3
ORTF-2plus2,Stereo & Ensemble Miking Techniques,EXISTING,Batch 3
Hamasaki ambience layer,Stereo & Ensemble Miking Techniques,EXISTING,Batch 3
Main-plus-ambience array,Stereo & Ensemble Miking Techniques,EXISTING,Batch 3
Front–rear array spacing,Stereo & Ensemble Miking Techniques,EXISTING,Batch 3
Height-layer decorrelation,Stereo & Ensemble Miking Techniques,EXISTING,Batch 3
Orchestra outrigger,Stereo & Ensemble Miking Techniques,EXISTING,Batch 3
Orchestra flank microphone,Stereo & Ensemble Miking Techniques,EXISTING,Batch 3
Far-flank microphone,Stereo & Ensemble Miking Techniques,EXISTING,Batch 3
Near-flank microphone,Stereo & Ensemble Miking Techniques,EXISTING,Batch 3
String outrigger,Stereo & Ensemble Miking Techniques,EXISTING,Batch 3
Bass outrigger,Stereo & Ensemble Miking Techniques,EXISTING,Batch 3
Center-fill microphone,Stereo & Ensemble Miking Techniques,EXISTING,Batch 3
Center-downfill microphone,Stereo & Ensemble Miking Techniques,EXISTING,Batch 3
Conductor-position microphone,Stereo & Ensemble Miking Techniques,EXISTING,Batch 3
Podium microphone,Stereo & Ensemble Miking Techniques,EXISTING,Batch 3
Front-fill recording microphone,Stereo & Ensemble Miking Techniques,EXISTING,Batch 3
Rear-hall microphone,Stereo & Ensemble Miking Techniques,EXISTING,Batch 3
Mid-hall microphone,Stereo & Ensemble Miking Techniques,EXISTING,Batch 3
Balcony microphone,Stereo & Ensemble Miking Techniques,EXISTING,Batch 3
Under-balcony microphone,Stereo & Ensemble Miking Techniques,EXISTING,Batch 3
Gallery microphone,Stereo & Ensemble Miking Techniques,EXISTING,Batch 3
Stage-rear ambience microphone,Stereo & Ensemble Miking Techniques,EXISTING,Batch 3
Rear-facing stage microphone,Stereo & Ensemble Miking Techniques,EXISTING,Batch 3
Proscenium microphone,Stereo & Ensemble Miking Techniques,EXISTING,Batch 3
Fly-rail microphone,Stereo & Ensemble Miking Techniques,EXISTING,Batch 3
Pit-lip microphone,Stereo & Ensemble Miking Techniques,EXISTING,Batch 3
Pit-overhead microphone,Stereo & Ensemble Miking Techniques,EXISTING,Batch 3
Pit-wall boundary microphone,Stereo & Ensemble Miking Techniques,EXISTING,Batch 3
Choir loft microphone,Stereo & Ensemble Miking Techniques,EXISTING,Batch 3
Antiphonal microphone group,Stereo & Ensemble Miking Techniques,EXISTING,Batch 3
Offstage ensemble microphone,Stereo & Ensemble Miking Techniques,EXISTING,Batch 3
Distant-brass microphone,Stereo & Ensemble Miking Techniques,EXISTING,Batch 3
Hall-return microphone,Stereo & Ensemble Miking Techniques,EXISTING,Batch 3
Natural-reverb return,Stereo & Ensemble Miking Techniques,EXISTING,Batch 3
Main-led orchestral mix,Stereo & Ensemble Miking Techniques,EXISTING,Batch 3
Spot-led orchestral mix,Stereo & Ensemble Miking Techniques,EXISTING,Batch 3
Main-to-spot ratio,Stereo & Ensemble Miking Techniques,EXISTING,Batch 3
Spot-to-main balance,Stereo & Ensemble Miking Techniques,EXISTING,Batch 3
Spot prominence,Stereo & Ensemble Miking Techniques,EXISTING,Batch 3
Spot exposure,Stereo & Ensemble Miking Techniques,EXISTING,Batch 3
Spotty orchestral image,Stereo & Ensemble Miking Techniques,EXISTING,Batch 3
Spot masking,Stereo & Ensemble Miking Techniques,EXISTING,Batch 3
Spot bloom,Stereo & Ensemble Miking Techniques,EXISTING,Batch 3
Spot spread,Stereo & Ensemble Miking Techniques,EXISTING,Batch 3
Spot anchoring,Stereo & Ensemble Miking Techniques,EXISTING,Batch 3
Spot localization pull,Stereo & Ensemble Miking Techniques,EXISTING,Batch 3
Image-width mismatch,Stereo & Ensemble Miking Techniques,EXISTING,Batch 3
Perspective mismatch,Stereo & Ensemble Miking Techniques,EXISTING,Batch 3
Depth-plane mismatch,Stereo & Ensemble Miking Techniques,EXISTING,Batch 3
Spot-to-hall mismatch,Stereo & Ensemble Miking Techniques,EXISTING,Batch 3
Spot-microphone delay,Stereo & Ensemble Miking Techniques,EXISTING,Batch 3
Acoustic-delay compensation,Stereo & Ensemble Miking Techniques,EXISTING,Batch 3
Main-array arrival reference,Stereo & Ensemble Miking Techniques,EXISTING,Batch 3
Center-microphone delay reference,Stereo & Ensemble Miking Techniques,EXISTING,Batch 3
Nearest-main delay reference,Stereo & Ensemble Miking Techniques,EXISTING,Batch 3
Geometric spot delay,Stereo & Ensemble Miking Techniques,EXISTING,Batch 3
Measured-arrival spot delay,Stereo & Ensemble Miking Techniques,EXISTING,Batch 3
Perceptual spot delay,Stereo & Ensemble Miking Techniques,EXISTING,Batch 3
Propagation-delay insertion,Stereo & Ensemble Miking Techniques,EXISTING,Batch 3
Distance-to-delay conversion,Stereo & Ensemble Miking Techniques,EXISTING,Batch 3
Spot pre-arrival,Stereo & Ensemble Miking Techniques,EXISTING,Batch 3
Main-array lag,Stereo & Ensemble Miking Techniques,EXISTING,Batch 3
Double-arrival artifact,Stereo & Ensemble Miking Techniques,EXISTING,Batch 3
Orchestral precedence shift,Stereo & Ensemble Miking Techniques,EXISTING,Batch 3
Spot-induced image collapse,Stereo & Ensemble Miking Techniques,EXISTING,Batch 3
Alignment-induced flattening,Stereo & Ensemble Miking Techniques,EXISTING,Batch 3
Natural-arrival preservation,Stereo & Ensemble Miking Techniques,EXISTING,Batch 3
Partial spot alignment,Stereo & Ensemble Miking Techniques,EXISTING,Batch 3
Frequency-dependent alignment,Stereo & Ensemble Miking Techniques,EXISTING,Batch 3
Correlation-based spot alignment,Stereo & Ensemble Miking Techniques,EXISTING,Batch 3
Transient-reference alignment,Stereo & Ensemble Miking Techniques,EXISTING,Batch 3
Sectional-delay grouping,Stereo & Ensemble Miking Techniques,EXISTING,Batch 3
Depth-preserving delay,Stereo & Ensemble Miking Techniques,EXISTING,Batch 3
Haas-window integration,Stereo & Ensemble Miking Techniques,EXISTING,Batch 3
Complementary equalization,Dynamics Processing,EXISTING,Batch 3
Reciprocal equalization,Dynamics Processing,EXISTING,Batch 3
Frequency-slotting,Dynamics Processing,EXISTING,Batch 3
Frequency carving,Dynamics Processing,EXISTING,Batch 3
Spectral pocketing,Dynamics Processing,EXISTING,Batch 3
Dynamic frequency pocketing,Dynamics Processing,EXISTING,Batch 3
Collision-frequency control,Dynamics Processing,EXISTING,Batch 3
Spectral masking control,Dynamics Processing,EXISTING,Batch 3
Masking-release processing,Dynamics Processing,EXISTING,Batch 3
Tonal tilt,Dynamics Processing,EXISTING,Batch 3
Pivot equalization,Dynamics Processing,EXISTING,Batch 3
Spectral centroid shifting,Dynamics Processing,EXISTING,Batch 3
Spectral weighting,Dynamics Processing,EXISTING,Batch 3
Broad-stroke equalization,Dynamics Processing,EXISTING,Batch 3
Micro-equalization,Dynamics Processing,EXISTING,Batch 3
Fine equalization,Dynamics Processing,EXISTING,Batch 3
Corrective equalization,Dynamics Processing,EXISTING,Batch 3
Character equalization,Dynamics Processing,EXISTING,Batch 3
Program equalization,Dynamics Processing,EXISTING,Batch 3
Contour equalization,Dynamics Processing,EXISTING,Batch 3
Resonance hunting,Dynamics Processing,EXISTING,Batch 3
Boost-and-sweep method,Dynamics Processing,EXISTING,Batch 3
Resonance suppression,Dynamics Processing,EXISTING,Batch 3
Resonance-dependent equalization,Dynamics Processing,EXISTING,Batch 3
Tonal anchoring,Dynamics Processing,EXISTING,Batch 3
Spectral balancing,Dynamics Processing,EXISTING,Batch 3
Tonal matching,Dynamics Processing,EXISTING,Batch 3
Match equalization,Dynamics Processing,EXISTING,Batch 3
Spectral target curve,Dynamics Processing,EXISTING,Batch 3
Descriptor-based equalization,Dynamics Processing,EXISTING,Batch 3
Mud,Dynamics Processing,EXISTING,Batch 3
Honk,Dynamics Processing,EXISTING,Batch 3
Nasality,Dynamics Processing,EXISTING,Batch 3
Woolliness,Dynamics Processing,EXISTING,Batch 3
Veil,Dynamics Processing,EXISTING,Batch 3
Papery tone,Dynamics Processing,EXISTING,Batch 3
Cardboard tone,Dynamics Processing,EXISTING,Batch 3
Bite,Dynamics Processing,EXISTING,Batch 3
Edge,Dynamics Processing,EXISTING,Batch 3
Glassiness,Dynamics Processing,EXISTING,Batch 3
Grain,Dynamics Processing,EXISTING,Batch 3
Chalkiness,Dynamics Processing,EXISTING,Batch 3
Smeared tone,Dynamics Processing,EXISTING,Batch 3
Program-dependent compression,Dynamics Processing,EXISTING,Batch 3
Program-adaptive compression,Dynamics Processing,EXISTING,Batch 3
Automatic-release compression,Dynamics Processing,EXISTING,Batch 3
Dual-time-constant release,Dynamics Processing,EXISTING,Batch 3
Multi-stage release,Dynamics Processing,EXISTING,Batch 3
Hold-and-release compression,Dynamics Processing,EXISTING,Batch 3
Level-dependent release,Dynamics Processing,EXISTING,Batch 3
Frequency-dependent compression,Dynamics Processing,EXISTING,Batch 3
Detector-weighted compression,Dynamics Processing,EXISTING,Batch 3
Sidechain emphasis,Dynamics Processing,EXISTING,Batch 3
Sidechain de-emphasis,Dynamics Processing,EXISTING,Batch 3
Sidechain high-pass filtering,Dynamics Processing,EXISTING,Batch 3
Sidechain low-pass filtering,Dynamics Processing,EXISTING,Batch 3
Sidechain band-pass filtering,Dynamics Processing,EXISTING,Batch 3
Sidechain tilt filtering,Dynamics Processing,EXISTING,Batch 3
Sidechain audition,Dynamics Processing,EXISTING,Batch 3
Detector signal,Dynamics Processing,EXISTING,Batch 3
Feed-forward compression,Dynamics Processing,EXISTING,Batch 3
Feedback compression,Dynamics Processing,EXISTING,Batch 3
Hinge-point compression,Dynamics Processing,EXISTING,Batch 3
Leveling amplification,Dynamics Processing,EXISTING,Batch 3
Compression riding,Dynamics Processing,EXISTING,Batch 3
Compression staging,Dynamics Processing,EXISTING,Batch 3
Serial compression,Dynamics Processing,EXISTING,Batch 3
Cascaded compression,Dynamics Processing,EXISTING,Batch 3
Multistage compression,Dynamics Processing,EXISTING,Batch 3
Peak-to-level compression chain,Dynamics Processing,EXISTING,Batch 3
Level-to-peak compression chain,Dynamics Processing,EXISTING,Batch 3
Compression handoff,Dynamics Processing,EXISTING,Batch 3
Gain-reduction sharing,Dynamics Processing,EXISTING,Batch 3
Low-ratio cascading,Dynamics Processing,EXISTING,Batch 3
Split-band compression,Dynamics Processing,EXISTING,Batch 3
Two-band compression,Dynamics Processing,EXISTING,Batch 3
Band coupling,Dynamics Processing,EXISTING,Batch 3
Band independence,Dynamics Processing,EXISTING,Batch 3
Crossover modulation artifact,Dynamics Processing,EXISTING,Batch 3
Spectral pumping,Dynamics Processing,EXISTING,Batch 3
Microdynamic compression,Dynamics Processing,EXISTING,Batch 3
Macrodynamic compression,Dynamics Processing,EXISTING,Batch 3
Crest-factor reduction,Dynamics Processing,EXISTING,Batch 3
Envelope-density increase,Dynamics Processing,EXISTING,Batch 3
Transient recovery,Dynamics Processing,EXISTING,Batch 3
Release pumping,Dynamics Processing,EXISTING,Batch 3
Gain-reduction chatter,Dynamics Processing,EXISTING,Batch 3
Detector ripple,Dynamics Processing,EXISTING,Batch 3
Keyed compression,Dynamics Processing,EXISTING,Batch 3
External-sidechain compression,Dynamics Processing,EXISTING,Batch 3
Self-sidechain compression,Dynamics Processing,EXISTING,Batch 3
Cross-source compression,Dynamics Processing,EXISTING,Batch 3
Interlocking compression,Dynamics Processing,EXISTING,Batch 3
Frequency-selective kick–bass ducking,Dynamics Processing,EXISTING,Batch 3
Fundamental-band ducking,Dynamics Processing,EXISTING,Batch 3
Transient-triggered ducking,Dynamics Processing,EXISTING,Batch 3
Envelope-followed ducking,Dynamics Processing,EXISTING,Batch 3
Lookahead ducking,Dynamics Processing,EXISTING,Batch 3
Anticipatory ducking,Dynamics Processing,EXISTING,Batch 3
Hold-time ducking,Dynamics Processing,EXISTING,Batch 3
Release-shaped ducking,Dynamics Processing,EXISTING,Batch 3
Negative ducking,Dynamics Processing,EXISTING,Batch 3
Inverse ducking,Dynamics Processing,EXISTING,Batch 3
Keyed expansion,Dynamics Processing,EXISTING,Batch 3
New York compression,Dynamics Processing,EXISTING,Batch 3
Manhattan compression,Dynamics Processing,EXISTING,Batch 3
Motown compression,Dynamics Processing,EXISTING,Batch 3
Parallel upward compression,Dynamics Processing,EXISTING,Batch 3
Parallel limiting,Dynamics Processing,EXISTING,Batch 3
Parallel saturation,Dynamics Processing,EXISTING,Batch 3
Parallel distortion,Dynamics Processing,EXISTING,Batch 3
Parallel transient processing,Dynamics Processing,EXISTING,Batch 3
Parallel spectral processing,Dynamics Processing,EXISTING,Batch 3
Exciter return,Dynamics Processing,EXISTING,Batch 3
Crush bus,Dynamics Processing,EXISTING,Batch 3
Dry-path latency mismatch,Dynamics Processing,EXISTING,Batch 3
Parallel-path comb filtering,Dynamics Processing,EXISTING,Batch 3
Wet-path phase rotation,Dynamics Processing,EXISTING,Batch 3
Parallel blend cancellation,Dynamics Processing,EXISTING,Batch 3
Processor ordering,Dynamics Processing,EXISTING,Batch 3
Order-dependent processing,Dynamics Processing,EXISTING,Batch 3
Noncommutative processing,Dynamics Processing,EXISTING,Batch 3
EQ-into-compression,Dynamics Processing,EXISTING,Batch 3
Compression-into-EQ,Dynamics Processing,EXISTING,Batch 3
Pre-dynamics equalization,Dynamics Processing,EXISTING,Batch 3
Post-dynamics equalization,Dynamics Processing,EXISTING,Batch 3
Corrective-before-character processing,Dynamics Processing,EXISTING,Batch 3
Character-before-control processing,Dynamics Processing,EXISTING,Batch 3
Control-before-character processing,Dynamics Processing,EXISTING,Batch 3
Saturation–compression interaction,Dynamics Processing,EXISTING,Batch 3
Pre-emphasis/de-emphasis processing,Dynamics Processing,EXISTING,Batch 3
Complementary pre/post equalization,Dynamics Processing,EXISTING,Batch 3
Emphasis-driven saturation,Dynamics Processing,EXISTING,Batch 3
De-emphasized distortion,Dynamics Processing,EXISTING,Batch 3
Spectral drive shaping,Dynamics Processing,EXISTING,Batch 3
Frequency-selective saturation,Dynamics Processing,EXISTING,Batch 3
Split-band saturation,Dynamics Processing,EXISTING,Batch 3
Multistage saturation,Dynamics Processing,EXISTING,Batch 3
Serial clipping,Dynamics Processing,EXISTING,Batch 3
Clip-to-limit chain,Dynamics Processing,EXISTING,Batch 3
Limit-to-clip chain,Dynamics Processing,EXISTING,Batch 3
Early-reflection reverb,Reverb & Delay,EXISTING,Batch 3
Ambience algorithm,Reverb & Delay,EXISTING,Batch 3
Gated room microphone,Reverb & Delay,EXISTING,Batch 3
Reverse-envelope reverb,Reverb & Delay,EXISTING,Batch 3
Printed reverse reverb,Reverb & Delay,EXISTING,Batch 3
Bloom reverb,Reverb & Delay,EXISTING,Batch 3
Reverb swell,Reverb & Delay,EXISTING,Batch 3
Reverb freeze,Reverb & Delay,EXISTING,Batch 3
Infinite reverb,Reverb & Delay,EXISTING,Batch 3
Reverb hold,Reverb & Delay,EXISTING,Batch 3
Reverb regeneration,Reverb & Delay,EXISTING,Batch 3
Reverb feedback loop,Reverb & Delay,EXISTING,Batch 3
Downward shimmer,Reverb & Delay,EXISTING,Batch 3
Interval shimmer,Reverb & Delay,EXISTING,Batch 3
Pitch-recursive reverb,Reverb & Delay,EXISTING,Batch 3
Reverb diffusion,Reverb & Delay,EXISTING,Batch 3
Input diffusion,Reverb & Delay,EXISTING,Batch 3
Reverb density,Reverb & Delay,EXISTING,Batch 3
Density buildup,Reverb & Delay,EXISTING,Batch 3
Echo density,Reverb & Delay,EXISTING,Batch 3
Reverb shape,Reverb & Delay,EXISTING,Batch 3
Reverb spread,Reverb & Delay,EXISTING,Batch 3
Reverb spin,Reverb & Delay,EXISTING,Batch 3
Reverb wander,Reverb & Delay,EXISTING,Batch 3
Modulated reverb,Reverb & Delay,EXISTING,Batch 3
Chorused reverb,Reverb & Delay,EXISTING,Batch 3
Detuned reverb,Reverb & Delay,EXISTING,Batch 3
Frequency-dependent decay,Reverb & Delay,EXISTING,Batch 3
Low-frequency decay multiplier,Reverb & Delay,EXISTING,Batch 3
High-frequency decay multiplier,Reverb & Delay,EXISTING,Batch 3
Reverb damping,Reverb & Delay,EXISTING,Batch 3
Reverb tail equalization,Reverb & Delay,EXISTING,Batch 3
Early-reflection equalization,Reverb & Delay,EXISTING,Batch 3
Split early/late processing,Reverb & Delay,EXISTING,Batch 3
Reverb predelay,Reverb & Delay,EXISTING,Batch 3
Tempo-synchronized predelay,Reverb & Delay,EXISTING,Batch 3
Reverb predelay offset,Reverb & Delay,EXISTING,Batch 3
Reverb onset shaping,Reverb & Delay,EXISTING,Batch 3
Reverb attack,Reverb & Delay,EXISTING,Batch 3
Reverb tail ducking,Reverb & Delay,EXISTING,Batch 3
Reverb input ducking,Reverb & Delay,EXISTING,Batch 3
Reverb return compression,Reverb & Delay,EXISTING,Batch 3
Reverb tail expansion,Reverb & Delay,EXISTING,Batch 3
Keyed reverb gating,Reverb & Delay,EXISTING,Batch 3
Level-dependent ambience,Reverb & Delay,EXISTING,Batch 3
Reverb stacking,Reverb & Delay,EXISTING,Batch 3
Layered reverb,Reverb & Delay,EXISTING,Batch 3
Short-long reverb layering,Reverb & Delay,EXISTING,Batch 3
Serial reverb,Reverb & Delay,EXISTING,Batch 3
Reverb-into-delay,Reverb & Delay,EXISTING,Batch 3
Delay-into-reverb,Reverb & Delay,EXISTING,Batch 3
Reverb return narrowing,Reverb & Delay,EXISTING,Batch 3
Frequency-dependent reverb width,Reverb & Delay,EXISTING,Batch 3
Mono-in/stereo-out reverb,Reverb & Delay,EXISTING,Batch 3
True-stereo reverb,Reverb & Delay,EXISTING,Batch 3
Crossfeed reverb,Reverb & Delay,EXISTING,Batch 3
Dual-mono reverb,Reverb & Delay,EXISTING,Batch 3
Decorrelated reverb,Reverb & Delay,EXISTING,Batch 3
Reverb return monoing,Reverb & Delay,EXISTING,Batch 3
Single-tap delay,Reverb & Delay,EXISTING,Batch 3
Tap spacing,Reverb & Delay,EXISTING,Batch 3
Tap pattern,Reverb & Delay,EXISTING,Batch 3
Tap density,Reverb & Delay,EXISTING,Batch 3
Diffused delay,Reverb & Delay,EXISTING,Batch 3
Slurred delay,Reverb & Delay,EXISTING,Batch 3
Random delay,Reverb & Delay,EXISTING,Batch 3
Modulated delay,Reverb & Delay,EXISTING,Batch 3
Level-modulated delay,Reverb & Delay,EXISTING,Batch 3
Envelope-controlled delay,Reverb & Delay,EXISTING,Batch 3
Ducked delay,Reverb & Delay,EXISTING,Batch 3
Input-ducked delay,Reverb & Delay,EXISTING,Batch 3
Output-ducked delay,Reverb & Delay,EXISTING,Batch 3
Inverse ducked delay,Reverb & Delay,EXISTING,Batch 3
Alternating reverse delay,Reverb & Delay,EXISTING,Batch 3
Cross-feedback delay,Reverb & Delay,EXISTING,Batch 3
Dual delay,Reverb & Delay,EXISTING,Batch 3
Stereo offset delay,Reverb & Delay,EXISTING,Batch 3
Haas delay,Reverb & Delay,EXISTING,Batch 3
Microdelay widening,Reverb & Delay,EXISTING,Batch 3
Delay decorrelation,Reverb & Delay,EXISTING,Batch 3
Feedback filtering,Reverb & Delay,EXISTING,Batch 3
Regenerative delay,Reverb & Delay,EXISTING,Batch 3
Runaway feedback,Reverb & Delay,EXISTING,Batch 3
Self-oscillating delay,Reverb & Delay,EXISTING,Batch 3
Feedback freeze,Reverb & Delay,EXISTING,Batch 3
Feedback ducking,Reverb & Delay,EXISTING,Batch 3
Feedback throw,Reverb & Delay,EXISTING,Batch 3
Regeneration throw,Reverb & Delay,EXISTING,Batch 3
Delay spill,Reverb & Delay,EXISTING,Batch 3
Spillover,Reverb & Delay,EXISTING,Batch 3
Delay capture,Reverb & Delay,EXISTING,Batch 3
Tempo-Synchronized Delay,Reverb & Delay,EXISTING,Batch 3
Duplet delay,Reverb & Delay,EXISTING,Batch 3
Quintuplet delay,Reverb & Delay,EXISTING,Batch 3
Septuplet delay,Reverb & Delay,EXISTING,Batch 3
Polyrhythmic delay,Reverb & Delay,EXISTING,Batch 3
Polymetric delay,Reverb & Delay,EXISTING,Batch 3
Euclidean delay pattern,Reverb & Delay,EXISTING,Batch 3
Golden-ratio delay,Reverb & Delay,EXISTING,Batch 3
Fibonacci delay pattern,Reverb & Delay,EXISTING,Batch 3
Prime-number delay spacing,Reverb & Delay,EXISTING,Batch 3
Non-repeating tap pattern,Reverb & Delay,EXISTING,Batch 3
Swing delay,Reverb & Delay,EXISTING,Batch 3
Groove-quantized delay,Reverb & Delay,EXISTING,Batch 3
Tempo-relative delay,Reverb & Delay,EXISTING,Batch 3
Free-time delay,Reverb & Delay,EXISTING,Batch 3
Audio surveillance,"Surveillance, Forensic & Covert Audio",NEW,Batch 4
Covert audio,"Surveillance, Forensic & Covert Audio",NEW,Batch 4
Covert recording,"Surveillance, Forensic & Covert Audio",NEW,Batch 4
Covert listening,"Surveillance, Forensic & Covert Audio",NEW,Batch 4
Covert microphone,"Surveillance, Forensic & Covert Audio",NEW,Batch 4
Concealed microphone,"Surveillance, Forensic & Covert Audio",NEW,Batch 4
Listening device,"Surveillance, Forensic & Covert Audio",NEW,Batch 4
Audio bug,"Surveillance, Forensic & Covert Audio",NEW,Batch 4
Bug,"Surveillance, Forensic & Covert Audio",NEW,Batch 4
Bugging,"Surveillance, Forensic & Covert Audio",NEW,Batch 4
Electronic eavesdropping,"Surveillance, Forensic & Covert Audio",NEW,Batch 4
Room monitoring,"Surveillance, Forensic & Covert Audio",NEW,Batch 4
Ambient recording,"Surveillance, Forensic & Covert Audio",NEW,Batch 4
Audio interception,"Surveillance, Forensic & Covert Audio",NEW,Batch 4
Remote audio monitoring,"Surveillance, Forensic & Covert Audio",NEW,Batch 4
Remote listening device,"Surveillance, Forensic & Covert Audio",NEW,Batch 4
Live monitoring,"Surveillance, Forensic & Covert Audio",NEW,Batch 4
Audio intelligence,"Surveillance, Forensic & Covert Audio",NEW,Batch 4
Voice collection,"Surveillance, Forensic & Covert Audio",NEW,Batch 4
Voice interception,"Surveillance, Forensic & Covert Audio",NEW,Batch 4
Body wire microphone,"Surveillance, Forensic & Covert Audio",NEW,Batch 4
Pin microphone,"Surveillance, Forensic & Covert Audio",NEW,Batch 4
Through-wall microphone,"Surveillance, Forensic & Covert Audio",NEW,Batch 4
Beamforming microphone,"Surveillance, Forensic & Covert Audio",NEW,Batch 4
Array microphone,"Surveillance, Forensic & Covert Audio",NEW,Batch 4
Long-range pickup,"Surveillance, Forensic & Covert Audio",NEW,Batch 4
Far-field microphone,"Surveillance, Forensic & Covert Audio",NEW,Batch 4
Near-field microphone,"Surveillance, Forensic & Covert Audio",NEW,Batch 4
Acoustic zoom,"Surveillance, Forensic & Covert Audio",NEW,Batch 4
Acoustic focus,"Surveillance, Forensic & Covert Audio",NEW,Batch 4
Directional pickup,"Surveillance, Forensic & Covert Audio",NEW,Batch 4
Omnidirectional pickup,"Surveillance, Forensic & Covert Audio",NEW,Batch 4
Beam steering,"Surveillance, Forensic & Covert Audio",NEW,Batch 4
Acoustic gain,"Surveillance, Forensic & Covert Audio",NEW,Batch 4
Target isolation,"Surveillance, Forensic & Covert Audio",NEW,Batch 4
Miniature recorder,"Surveillance, Forensic & Covert Audio",NEW,Batch 4
Pocket recorder,"Surveillance, Forensic & Covert Audio",NEW,Batch 4
Wearable recorder,"Surveillance, Forensic & Covert Audio",NEW,Batch 4
Digital voice recorder,"Surveillance, Forensic & Covert Audio",NEW,Batch 4
Solid-state recorder,"Surveillance, Forensic & Covert Audio",NEW,Batch 4
Flash recorder,"Surveillance, Forensic & Covert Audio",NEW,Batch 4
Body recorder,"Surveillance, Forensic & Covert Audio",NEW,Batch 4
Evidence recorder,"Surveillance, Forensic & Covert Audio",NEW,Batch 4
Continuous recorder,"Surveillance, Forensic & Covert Audio",NEW,Batch 4
Event-triggered recorder,"Surveillance, Forensic & Covert Audio",NEW,Batch 4
Voice-activated recorder (VOX),"Surveillance, Forensic & Covert Audio",NEW,Batch 4
Buffered recording,"Surveillance, Forensic & Covert Audio",NEW,Batch 4
Time-stamped recording,"Surveillance, Forensic & Covert Audio",NEW,Batch 4
Audio transmitter,"Surveillance, Forensic & Covert Audio",NEW,Batch 4
RF transmitter,"Surveillance, Forensic & Covert Audio",NEW,Batch 4
Digital transmitter,"Surveillance, Forensic & Covert Audio",NEW,Batch 4
Analog transmitter,"Surveillance, Forensic & Covert Audio",NEW,Batch 4
Encrypted transmitter,"Surveillance, Forensic & Covert Audio",NEW,Batch 4
Low-power transmitter,"Surveillance, Forensic & Covert Audio",NEW,Batch 4
Burst transmitter,"Surveillance, Forensic & Covert Audio",NEW,Batch 4
Frequency hopping,"Surveillance, Forensic & Covert Audio",NEW,Batch 4
Spread spectrum,"Surveillance, Forensic & Covert Audio",NEW,Batch 4
Narrowband transmission,"Surveillance, Forensic & Covert Audio",NEW,Batch 4
UHF transmitter,"Surveillance, Forensic & Covert Audio",NEW,Batch 4
VHF transmitter,"Surveillance, Forensic & Covert Audio",NEW,Batch 4
ISM-band transmitter,"Surveillance, Forensic & Covert Audio",NEW,Batch 4
Bluetooth audio,"Surveillance, Forensic & Covert Audio",NEW,Batch 4
Wi-Fi audio transmission,"Surveillance, Forensic & Covert Audio",NEW,Batch 4
Cellular audio transmitter,"Surveillance, Forensic & Covert Audio",NEW,Batch 4
GSM audio transmitter,"Surveillance, Forensic & Covert Audio",NEW,Batch 4
LTE transmitter,"Surveillance, Forensic & Covert Audio",NEW,Batch 4
Audio link,"Surveillance, Forensic & Covert Audio",NEW,Batch 4
RF link,"Surveillance, Forensic & Covert Audio",NEW,Batch 4
Audio relay,"Surveillance, Forensic & Covert Audio",NEW,Batch 4
Remote receiver,"Surveillance, Forensic & Covert Audio",NEW,Batch 4
Listening post,"Surveillance, Forensic & Covert Audio",NEW,Batch 4
Monitoring station,"Surveillance, Forensic & Covert Audio",NEW,Batch 4
Base station,"Surveillance, Forensic & Covert Audio",NEW,Batch 4
Relay station,"Surveillance, Forensic & Covert Audio",NEW,Batch 4
Audio downlink,"Surveillance, Forensic & Covert Audio",NEW,Batch 4
Audio uplink,"Surveillance, Forensic & Covert Audio",NEW,Batch 4
Voice enhancement,"Surveillance, Forensic & Covert Audio",NEW,Batch 4
Adaptive filtering,"Surveillance, Forensic & Covert Audio",NEW,Batch 4
Wind filtering,"Surveillance, Forensic & Covert Audio",NEW,Batch 4
Voice isolation,"Surveillance, Forensic & Covert Audio",NEW,Batch 4
Speech extraction,"Surveillance, Forensic & Covert Audio",NEW,Batch 4
Target voice enhancement,"Surveillance, Forensic & Covert Audio",NEW,Batch 4
Speaker recognition,"Surveillance, Forensic & Covert Audio",NEW,Batch 4
Voiceprint,"Surveillance, Forensic & Covert Audio",NEW,Batch 4
Voice signature,"Surveillance, Forensic & Covert Audio",NEW,Batch 4
Formant analysis,"Surveillance, Forensic & Covert Audio",NEW,Batch 4
Pitch analysis,"Surveillance, Forensic & Covert Audio",NEW,Batch 4
Harmonic analysis,"Surveillance, Forensic & Covert Audio",NEW,Batch 4
Phonetic analysis,"Surveillance, Forensic & Covert Audio",NEW,Batch 4
Acoustic shadow,"Surveillance, Forensic & Covert Audio",NEW,Batch 4
Audio monitoring,"Surveillance, Forensic & Covert Audio",NEW,Batch 4
Continuous monitoring,"Surveillance, Forensic & Covert Audio",NEW,Batch 4
Remote monitoring,"Surveillance, Forensic & Covert Audio",NEW,Batch 4
Passive monitoring,"Surveillance, Forensic & Covert Audio",NEW,Batch 4
Active monitoring,"Surveillance, Forensic & Covert Audio",NEW,Batch 4
Audio surveillance network,"Surveillance, Forensic & Covert Audio",NEW,Batch 4
Multi-channel recorder,"Surveillance, Forensic & Covert Audio",NEW,Batch 4
Channel synchronization,"Surveillance, Forensic & Covert Audio",NEW,Batch 4
Time synchronization,"Surveillance, Forensic & Covert Audio",NEW,Batch 4
Forensic audio,"Surveillance, Forensic & Covert Audio",NEW,Batch 4
Evidence recording,"Surveillance, Forensic & Covert Audio",NEW,Batch 4
Audio authentication,"Surveillance, Forensic & Covert Audio",NEW,Batch 4
Recording authentication,"Surveillance, Forensic & Covert Audio",NEW,Batch 4
Audio integrity,"Surveillance, Forensic & Covert Audio",NEW,Batch 4
Waveform comparison,"Surveillance, Forensic & Covert Audio",NEW,Batch 4
Spectral comparison,"Surveillance, Forensic & Covert Audio",NEW,Batch 4
Recording continuity,"Surveillance, Forensic & Covert Audio",NEW,Batch 4
Tamper detection,"Surveillance, Forensic & Covert Audio",NEW,Batch 4
TSCM,"Surveillance, Forensic & Covert Audio",NEW,Batch 4
Bug sweep,"Surveillance, Forensic & Covert Audio",NEW,Batch 4
Electronic sweep,"Surveillance, Forensic & Covert Audio",NEW,Batch 4
RF detector,"Surveillance, Forensic & Covert Audio",NEW,Batch 4
RF spectrum analyzer,"Surveillance, Forensic & Covert Audio",NEW,Batch 4
Broadband detector,"Surveillance, Forensic & Covert Audio",NEW,Batch 4
Nonlinear junction detector (NLJD),"Surveillance, Forensic & Covert Audio",NEW,Batch 4
Signal detector,"Surveillance, Forensic & Covert Audio",NEW,Batch 4
Carrier detection,"Surveillance, Forensic & Covert Audio",NEW,Batch 4
RF leakage,"Surveillance, Forensic & Covert Audio",NEW,Batch 4
Hidden microphone detection,"Surveillance, Forensic & Covert Audio",NEW,Batch 4
Hidden transmitter detection,"Surveillance, Forensic & Covert Audio",NEW,Batch 4
Counter-surveillance,"Surveillance, Forensic & Covert Audio",NEW,Batch 4
Electronic countermeasures,"Surveillance, Forensic & Covert Audio",NEW,Batch 4
Electronic surveillance countermeasures (ESCM),"Surveillance, Forensic & Covert Audio",NEW,Batch 4
Parabolic reflector,"Surveillance, Forensic & Covert Audio",NEW,Batch 4
Acoustic reflector,"Surveillance, Forensic & Covert Audio",NEW,Batch 4
Beamforming array,"Surveillance, Forensic & Covert Audio",NEW,Batch 4
Laser Doppler microphone,"Surveillance, Forensic & Covert Audio",NEW,Batch 4
Laser vibrometer,"Surveillance, Forensic & Covert Audio",NEW,Batch 4
Fiber optic microphone,"Surveillance, Forensic & Covert Audio",NEW,Batch 4
MEMS microphone array,"Surveillance, Forensic & Covert Audio",NEW,Batch 4
Acoustic camera,"Surveillance, Forensic & Covert Audio",NEW,Batch 4
Acoustic imaging,"Surveillance, Forensic & Covert Audio",NEW,Batch 4
Acoustic localization,"Surveillance, Forensic & Covert Audio",NEW,Batch 4
Sound source localization,"Surveillance, Forensic & Covert Audio",NEW,Batch 4
Articulation index,"Surveillance, Forensic & Covert Audio",NEW,Batch 4
Technical surveillance,"Surveillance, Forensic & Covert Audio",NEW,Batch 4
Technical surveillance counter-measures (TSCM),"Surveillance, Forensic & Covert Audio",NEW,Batch 4
Electronic surveillance,"Surveillance, Forensic & Covert Audio",NEW,Batch 4
Acoustic surveillance,"Surveillance, Forensic & Covert Audio",NEW,Batch 4
Audio forensics,"Surveillance, Forensic & Covert Audio",NEW,Batch 4
Forensic acoustics,"Surveillance, Forensic & Covert Audio",NEW,Batch 4
Speech intelligence,"Surveillance, Forensic & Covert Audio",NEW,Batch 4
Signals intelligence (SIGINT),"Surveillance, Forensic & Covert Audio",NEW,Batch 4
Communications intelligence (COMINT),"Surveillance, Forensic & Covert Audio",NEW,Batch 4
Acoustic intelligence (ACINT),"Surveillance, Forensic & Covert Audio",NEW,Batch 4
Vibroacoustics,Advanced & Physical Acoustics (Nonlinear/Structural/Aero/Materials),NEW,Batch 4
Aeroacoustics,Advanced & Physical Acoustics (Nonlinear/Structural/Aero/Materials),NEW,Batch 4
Underwater acoustics,Sound & Acoustics,EXISTING,Batch 4
Physical acoustics,Sound & Acoustics,EXISTING,Batch 4
Nonlinear acoustics,Advanced & Physical Acoustics (Nonlinear/Structural/Aero/Materials),NEW,Batch 4
Ultrasonics,Sound & Acoustics,EXISTING,Batch 4
Infrasonics,Sound & Acoustics,EXISTING,Batch 4
Sonic,Sound & Acoustics,EXISTING,Batch 4
Audible spectrum,Sound & Acoustics,EXISTING,Batch 4
Sound field,Sound & Acoustics,EXISTING,Batch 4
Acoustic field,Sound & Acoustics,EXISTING,Batch 4
Compression wave,Sound & Acoustics,EXISTING,Batch 4
Evanescent wave,Sound & Acoustics,EXISTING,Batch 4
Anti-resonance,Sound & Acoustics,EXISTING,Batch 4
Sound pressure,Sound & Acoustics,EXISTING,Batch 4
RMS SPL,Sound & Acoustics,EXISTING,Batch 4
Characteristic impedance,Sound & Acoustics,EXISTING,Batch 4
Acoustic intensity,Sound & Acoustics,EXISTING,Batch 4
Sound energy,Sound & Acoustics,EXISTING,Batch 4
Specific acoustic impedance,Sound & Acoustics,EXISTING,Batch 4
Acoustic mobility,Advanced & Physical Acoustics (Nonlinear/Structural/Aero/Materials),NEW,Batch 4
Acoustic resistance,Sound & Acoustics,EXISTING,Batch 4
Modal behavior,Sound & Acoustics,EXISTING,Batch 4
Eigenmode,Sound & Acoustics,EXISTING,Batch 4
Overtone,Sound & Acoustics,EXISTING,Batch 4
Mode shape,Sound & Acoustics,EXISTING,Batch 4
Resonant frequency,Sound & Acoustics,EXISTING,Batch 4
Natural frequency,Sound & Acoustics,EXISTING,Batch 4
Quarter-wave resonance,Sound & Acoustics,EXISTING,Batch 4
Half-wave resonance,Sound & Acoustics,EXISTING,Batch 4
Spatial hearing,Sound & Acoustics,EXISTING,Batch 4
Monaural hearing,Sound & Acoustics,EXISTING,Batch 4
Transduction,Microphones,EXISTING,Batch 4
Electromechanical transducer,Microphones,EXISTING,Batch 4
Acoustic transducer,Microphones,EXISTING,Batch 4
Pressure transducer,Microphones,EXISTING,Batch 4
Pressure-gradient transducer,Microphones,EXISTING,Batch 4
Velocity microphone,Microphones,EXISTING,Batch 4
Ribbon velocity microphone,Microphones,EXISTING,Batch 4
Condenser capsule,Microphones,EXISTING,Batch 4
Electret capsule,Microphones,EXISTING,Batch 4
Ceramic microphone,Microphones,EXISTING,Batch 4
Membrane,Microphones,EXISTING,Batch 4
Air gap,Microphones,EXISTING,Batch 4
Gold sputtering,Microphones,EXISTING,Batch 4
Dual diaphragm,Microphones,EXISTING,Batch 4
Single diaphragm,Microphones,EXISTING,Batch 4
Capsule resonance,Microphones,EXISTING,Batch 4
Acoustic labyrinth,Microphones,EXISTING,Batch 4
Equalization port,Microphones,EXISTING,Batch 4
Rear chamber,Microphones,EXISTING,Batch 4
Acoustic vent,Microphones,EXISTING,Batch 4
Open-circuit sensitivity,Microphones,EXISTING,Batch 4
Free-field response,Microphones,EXISTING,Batch 4
Diffuse-field response,Microphones,EXISTING,Batch 4
Pressure response,Microphones,EXISTING,Batch 4
Acoustic overload point,Microphones,EXISTING,Batch 4
Electroacoustic driver,Loudspeaker / Transducer Engineering,EXISTING,Batch 4
Dynamic driver,Loudspeaker / Transducer Engineering,EXISTING,Batch 4
Moving-coil driver,Loudspeaker / Transducer Engineering,EXISTING,Batch 4
Ribbon driver,Loudspeaker / Transducer Engineering,EXISTING,Batch 4
Balanced armature,Loudspeaker / Transducer Engineering,EXISTING,Batch 4
Piezoelectric driver,Loudspeaker / Transducer Engineering,EXISTING,Batch 4
Magnetostrictive driver,Loudspeaker Types & Drivers,EXISTING,Batch 4
Bending-wave driver,Loudspeaker / Transducer Engineering,EXISTING,Batch 4
Surface exciter,Loudspeaker / Transducer Engineering,EXISTING,Batch 4
Spider,Loudspeaker Types & Drivers,EXISTING,Batch 4
Surround,Loudspeaker Types & Drivers,EXISTING,Batch 4
Dome,Loudspeaker Types & Drivers,EXISTING,Batch 4
Top plate,Loudspeaker / Transducer Engineering,EXISTING,Batch 4
Magnet gap,Loudspeaker Types & Drivers,EXISTING,Batch 4
Ferrite magnet,Loudspeaker Types & Drivers,EXISTING,Batch 4
Demodulation ring,Loudspeaker Types & Drivers,EXISTING,Batch 4
Acoustic suspension,Loudspeaker Types & Drivers,EXISTING,Batch 4
Front-loaded horn,"Loudspeaker Enclosures, Horns & Radiation",NEW,Batch 4
Rear-loaded horn,"Loudspeaker Enclosures, Horns & Radiation",NEW,Batch 4
Isobaric enclosure,"Loudspeaker Enclosures, Horns & Radiation",NEW,Batch 4
Dipole enclosure,"Loudspeaker Enclosures, Horns & Radiation",NEW,Batch 4
Bipole enclosure,"Loudspeaker Enclosures, Horns & Radiation",NEW,Batch 4
Open baffle,"Loudspeaker Enclosures, Horns & Radiation",NEW,Batch 4
Polypropylene cone,Loudspeaker Types & Drivers,EXISTING,Batch 4
Paper cone,Loudspeaker Types & Drivers,EXISTING,Batch 4
Kevlar cone,Loudspeaker Types & Drivers,EXISTING,Batch 4
Carbon fiber cone,Loudspeaker Types & Drivers,EXISTING,Batch 4
Aluminum cone,Loudspeaker Types & Drivers,EXISTING,Batch 4
Magnesium cone,Loudspeaker Types & Drivers,EXISTING,Batch 4
Titanium diaphragm,Loudspeaker Types & Drivers,EXISTING,Batch 4
Beryllium diaphragm,Loudspeaker Types & Drivers,EXISTING,Batch 4
Diamond diaphragm,Loudspeaker Types & Drivers,EXISTING,Batch 4
Graphene diaphragm,Loudspeaker Types & Drivers,EXISTING,Batch 4
Silk dome,Loudspeaker Types & Drivers,EXISTING,Batch 4
Fabric dome,Loudspeaker Types & Drivers,EXISTING,Batch 4
Composite cone,Loudspeaker Types & Drivers,EXISTING,Batch 4
Nomex former,Loudspeaker / Transducer Engineering,EXISTING,Batch 4
Kapton former,Loudspeaker / Transducer Engineering,EXISTING,Batch 4
Magnetic flux,Loudspeaker Types & Drivers,EXISTING,Batch 4
Magnetic circuit,Loudspeaker Types & Drivers,EXISTING,Batch 4
BL product,Loudspeaker Types & Drivers,EXISTING,Batch 4
Motor strength,Loudspeaker Types & Drivers,EXISTING,Batch 4
Permeability,Loudspeaker / Transducer Engineering,EXISTING,Batch 4
Eddy current,Loudspeaker Types & Drivers,EXISTING,Batch 4
Demagnetization,Loudspeaker Types & Drivers,EXISTING,Batch 4
Flux modulation,Loudspeaker Types & Drivers,EXISTING,Batch 4
Reactance,Signal Analysis & Test Equipment,EXISTING,Batch 4
Complex impedance,Signal Analysis & Test Equipment,EXISTING,Batch 4
Resonant circuit,Signal Analysis & Test Equipment,EXISTING,Batch 4
Q factor,Signal Analysis & Test Equipment,EXISTING,Batch 4
Sampling theorem,Signal Analysis & Test Equipment,EXISTING,Batch 4
FIR filter,Signal Analysis & Test Equipment,EXISTING,Batch 4
IIR filter,Signal Analysis & Test Equipment,EXISTING,Batch 4
FFT,Signal Analysis & Test Equipment,EXISTING,Batch 4
DFT,Signal Analysis & Test Equipment,EXISTING,Batch 4
Hamming window,Signal Analysis & Test Equipment,EXISTING,Batch 4
Blackman window,Signal Analysis & Test Equipment,EXISTING,Batch 4
Waterfall plot,Signal Analysis & Test Equipment,EXISTING,Batch 4
Cumulative spectral decay,Signal Analysis & Test Equipment,EXISTING,Batch 4
Step response,Signal Analysis & Test Equipment,EXISTING,Batch 4
Distortion spectrum,Measurement Fundamentals & Metering,EXISTING,Batch 4
Thermal compression,Signal Analysis & Test Equipment,EXISTING,Batch 4
Excursion distortion,Measurement Fundamentals & Metering,EXISTING,Batch 4
Flux modulation distortion,Measurement Fundamentals & Metering,EXISTING,Batch 4
Rocking mode,Signal Analysis & Test Equipment,EXISTING,Batch 4
Modal distortion,Measurement Fundamentals & Metering,EXISTING,Batch 4
Xmech,Signal Analysis & Test Equipment,EXISTING,Batch 4
Compliance,Signal Analysis & Test Equipment,EXISTING,Batch 4
Suspension stiffness,Signal Analysis & Test Equipment,EXISTING,Batch 4
Moving mass,Signal Analysis & Test Equipment,EXISTING,Batch 4
Mechanical damping,Signal Analysis & Test Equipment,EXISTING,Batch 4
Mechanical resonance,Signal Analysis & Test Equipment,EXISTING,Batch 4
Cms,Signal Analysis & Test Equipment,EXISTING,Batch 4
Mms,Signal Analysis & Test Equipment,EXISTING,Batch 4
Fs,Signal Analysis & Test Equipment,EXISTING,Batch 4
Qms,Signal Analysis & Test Equipment,EXISTING,Batch 4
Qes,Signal Analysis & Test Equipment,EXISTING,Batch 4
Qts,Signal Analysis & Test Equipment,EXISTING,Batch 4
BL,Signal Analysis & Test Equipment,EXISTING,Batch 4
Le,Signal Analysis & Test Equipment,EXISTING,Batch 4
Re,Signal Analysis & Test Equipment,EXISTING,Batch 4
Sd,Signal Analysis & Test Equipment,EXISTING,Batch 4
Xlim,Signal Analysis & Test Equipment,EXISTING,Batch 4
Efficiency bandwidth product,Signal Analysis & Test Equipment,EXISTING,Batch 4
Sensitivity,Signal Analysis & Test Equipment,EXISTING,Batch 4
Reference efficiency,Signal Analysis & Test Equipment,EXISTING,Batch 4
Laser Doppler vibrometer,Signal Analysis & Test Equipment,EXISTING,Batch 4
Vibrometer,Signal Analysis & Test Equipment,EXISTING,Batch 4
Accelerometer,Signal Analysis & Test Equipment,EXISTING,Batch 4
Hydrophone,Signal Analysis & Test Equipment,EXISTING,Batch 4
Geophone,Signal Analysis & Test Equipment,EXISTING,Batch 4
Sound level meter,Signal Analysis & Test Equipment,EXISTING,Batch 4
Precision microphone,Signal Analysis & Test Equipment,EXISTING,Batch 4
Artificial ear,Signal Analysis & Test Equipment,EXISTING,Batch 4
Artificial mouth,Signal Analysis & Test Equipment,EXISTING,Batch 4
Head and torso simulator (HATS),Signal Analysis & Test Equipment,EXISTING,Batch 4
Ultrasonic transducer,Signal Analysis & Test Equipment,EXISTING,Batch 4
Piezoelectric crystal,Signal Analysis & Test Equipment,EXISTING,Batch 4
Acoustic emission,Signal Analysis & Test Equipment,EXISTING,Batch 4
Sonar,Signal Analysis & Test Equipment,EXISTING,Batch 4
Medical ultrasound,Signal Analysis & Test Equipment,EXISTING,Batch 4
Ultrasonic imaging,Signal Analysis & Test Equipment,EXISTING,Batch 4
Time-of-flight,Signal Analysis & Test Equipment,EXISTING,Batch 4
Pulse-echo,Signal Analysis & Test Equipment,EXISTING,Batch 4
Doppler ultrasound,Signal Analysis & Test Equipment,EXISTING,Batch 4
Phased array ultrasound,Signal Analysis & Test Equipment,EXISTING,Batch 4
IEC 60268,Signal Analysis & Test Equipment,EXISTING,Batch 4
IEC 61094,Signal Analysis & Test Equipment,EXISTING,Batch 4
IEC 61672,Signal Analysis & Test Equipment,EXISTING,Batch 4
ANSI S1 series,Signal Analysis & Test Equipment,EXISTING,Batch 4
AES17,Signal Analysis & Test Equipment,EXISTING,Batch 4
AES75,Signal Analysis & Test Equipment,EXISTING,Batch 4
ISO 3740 series,Signal Analysis & Test Equipment,EXISTING,Batch 4
ISO 9613,Signal Analysis & Test Equipment,EXISTING,Batch 4
Acoustic wavelength,Sound & Acoustics,EXISTING,Batch 4
Acoustic wavenumber,Sound & Acoustics,EXISTING,Batch 4
Angular wavenumber,Sound & Acoustics,EXISTING,Batch 4
Wave equation,Sound & Acoustics,EXISTING,Batch 4
Inhomogeneous wave equation,Sound & Acoustics,EXISTING,Batch 4
Homogeneous wave equation,Sound & Acoustics,EXISTING,Batch 4
Helmholtz equation,Sound & Acoustics,EXISTING,Batch 4
Acoustic velocity potential,Sound & Acoustics,EXISTING,Batch 4
Scalar potential,Sound & Acoustics,EXISTING,Batch 4
Instantaneous sound pressure,Sound & Acoustics,EXISTING,Batch 4
Root-mean-square sound pressure,Sound & Acoustics,EXISTING,Batch 4
Reference sound pressure,Sound & Acoustics,EXISTING,Batch 4
Peak particle velocity,Sound & Acoustics,EXISTING,Batch 4
Acoustic energy density,Sound & Acoustics,EXISTING,Batch 4
Potential energy density,Sound & Acoustics,EXISTING,Batch 4
Kinetic energy density,Sound & Acoustics,EXISTING,Batch 4
Acoustic energy flux,Sound & Acoustics,EXISTING,Batch 4
Acoustic power density,Sound & Acoustics,EXISTING,Batch 4
Acoustic momentum,Sound & Acoustics,EXISTING,Batch 4
Radiation pressure,Sound & Acoustics,EXISTING,Batch 4
Sound-speed gradient,Sound & Acoustics,EXISTING,Batch 4
Acoustic refractive index,Sound & Acoustics,EXISTING,Batch 4
Ray acoustics,Sound & Acoustics,EXISTING,Batch 4
Geometrical acoustics,Sound & Acoustics,EXISTING,Batch 4
Wave acoustics,Sound & Acoustics,EXISTING,Batch 4
Paraxial approximation,Sound & Acoustics,EXISTING,Batch 4
Far-field approximation,Sound & Acoustics,EXISTING,Batch 4
Near-field approximation,Sound & Acoustics,EXISTING,Batch 4
Fraunhofer region,Sound & Acoustics,EXISTING,Batch 4
Fresnel region,Sound & Acoustics,EXISTING,Batch 4
Reactive near field,Sound & Acoustics,EXISTING,Batch 4
Radiating near field,Sound & Acoustics,EXISTING,Batch 4
Acoustic singularity,Sound & Acoustics,EXISTING,Batch 4
Acoustic vortex,Advanced & Physical Acoustics (Nonlinear/Structural/Aero/Materials),NEW,Batch 4
Orbital angular momentum of sound,Sound & Acoustics,EXISTING,Batch 4
Phase singularity,Sound & Acoustics,EXISTING,Batch 4
Nodal plane,Sound & Acoustics,EXISTING,Batch 4
Wave impedance,Sound & Acoustics,EXISTING,Batch 4
Transfer impedance,Sound & Acoustics,EXISTING,Batch 4
Acoustic impedance mismatch,Sound & Acoustics,EXISTING,Batch 4
Impedance boundary condition,Sound & Acoustics,EXISTING,Batch 4
Radiation boundary condition,Sound & Acoustics,EXISTING,Batch 4
Sommerfeld radiation condition,Sound & Acoustics,EXISTING,Batch 4
Spherical spreading loss,Sound & Acoustics,EXISTING,Batch 4
Cylindrical spreading loss,Sound & Acoustics,EXISTING,Batch 4
Molecular relaxation,Sound & Acoustics,EXISTING,Batch 4
Oxygen relaxation,Sound & Acoustics,EXISTING,Batch 4
Nitrogen relaxation,Sound & Acoustics,EXISTING,Batch 4
Thermoviscous loss,Sound & Acoustics,EXISTING,Batch 4
Viscous attenuation,Sound & Acoustics,EXISTING,Batch 4
Thermal attenuation,Sound & Acoustics,EXISTING,Batch 4
Boundary-layer attenuation,Sound & Acoustics,EXISTING,Batch 4
Insertion loss,Sound & Acoustics,EXISTING,Batch 4
Propagation loss,Sound & Acoustics,EXISTING,Batch 4
Acoustic extinction,Sound & Acoustics,EXISTING,Batch 4
Acoustic absorption coefficient,Sound & Acoustics,EXISTING,Batch 4
Energy absorption coefficient,Sound & Acoustics,EXISTING,Batch 4
Pressure reflection coefficient,Sound & Acoustics,EXISTING,Batch 4
Intensity reflection coefficient,Sound & Acoustics,EXISTING,Batch 4
Acoustic transmissivity,Sound & Acoustics,EXISTING,Batch 4
Acoustic reflectivity,Sound & Acoustics,EXISTING,Batch 4
Acoustic absorptivity,Sound & Acoustics,EXISTING,Batch 4
Normal-incidence absorption,Sound & Acoustics,EXISTING,Batch 4
Random-incidence absorption,Sound & Acoustics,EXISTING,Batch 4
Grazing incidence,Sound & Acoustics,EXISTING,Batch 4
Critical angle,Sound & Acoustics,EXISTING,Batch 4
Total internal reflection,Sound & Acoustics,EXISTING,Batch 4
Acoustic tunneling,Sound & Acoustics,EXISTING,Batch 4
Mode conversion,Sound & Acoustics,EXISTING,Batch 4
Guided-wave propagation,Sound & Acoustics,EXISTING,Batch 4
Leaky wave,Sound & Acoustics,EXISTING,Batch 4
Surface acoustic wave,Sound & Acoustics,EXISTING,Batch 4
Lamb wave,Sound & Acoustics,EXISTING,Batch 4
Love wave,Sound & Acoustics,EXISTING,Batch 4
Scholte wave,Sound & Acoustics,EXISTING,Batch 4
Stoneley wave,Sound & Acoustics,EXISTING,Batch 4
Rayleigh wave,Sound & Acoustics,EXISTING,Batch 4
Bulk acoustic wave,Sound & Acoustics,EXISTING,Batch 4
Shear wave,Sound & Acoustics,EXISTING,Batch 4
Torsional wave,Advanced & Physical Acoustics (Nonlinear/Structural/Aero/Materials),NEW,Batch 4
Linear acoustics,Sound & Acoustics,EXISTING,Batch 4
Weakly nonlinear acoustics,Advanced & Physical Acoustics (Nonlinear/Structural/Aero/Materials),NEW,Batch 4
Finite-amplitude acoustics,Sound & Acoustics,EXISTING,Batch 4
Nonlinear propagation,Advanced & Physical Acoustics (Nonlinear/Structural/Aero/Materials),NEW,Batch 4
Acoustic nonlinearity parameter,Advanced & Physical Acoustics (Nonlinear/Structural/Aero/Materials),NEW,Batch 4
Parameter of nonlinearity,Advanced & Physical Acoustics (Nonlinear/Structural/Aero/Materials),NEW,Batch 4
B/A parameter,Advanced & Physical Acoustics (Nonlinear/Structural/Aero/Materials),NEW,Batch 4
Wave steepening,Advanced & Physical Acoustics (Nonlinear/Structural/Aero/Materials),NEW,Batch 4
Shock formation,Advanced & Physical Acoustics (Nonlinear/Structural/Aero/Materials),NEW,Batch 4
Acoustic shock,Advanced & Physical Acoustics (Nonlinear/Structural/Aero/Materials),NEW,Batch 4
Sawtooth wave formation,Advanced & Physical Acoustics (Nonlinear/Structural/Aero/Materials),NEW,Batch 4
Harmonic generation,Advanced & Physical Acoustics (Nonlinear/Structural/Aero/Materials),NEW,Batch 4
Subharmonic generation,Advanced & Physical Acoustics (Nonlinear/Structural/Aero/Materials),NEW,Batch 4
Difference-frequency generation,Advanced & Physical Acoustics (Nonlinear/Structural/Aero/Materials),NEW,Batch 4
Sum-frequency generation,Advanced & Physical Acoustics (Nonlinear/Structural/Aero/Materials),NEW,Batch 4
Parametric interaction,Advanced & Physical Acoustics (Nonlinear/Structural/Aero/Materials),NEW,Batch 4
Parametric acoustic array,Advanced & Physical Acoustics (Nonlinear/Structural/Aero/Materials),NEW,Batch 4
Parametric loudspeaker,Advanced & Physical Acoustics (Nonlinear/Structural/Aero/Materials),NEW,Batch 4
Self-demodulation,Sound & Acoustics,EXISTING,Batch 4
Acoustic rectification,Advanced & Physical Acoustics (Nonlinear/Structural/Aero/Materials),NEW,Batch 4
Nonlinear absorption,Advanced & Physical Acoustics (Nonlinear/Structural/Aero/Materials),NEW,Batch 4
Nonlinear resonance,Advanced & Physical Acoustics (Nonlinear/Structural/Aero/Materials),NEW,Batch 4
Mode coupling,Sound & Acoustics,EXISTING,Batch 4
Internal resonance,Sound & Acoustics,EXISTING,Batch 4
Bifurcation,Advanced & Physical Acoustics (Nonlinear/Structural/Aero/Materials),NEW,Batch 4
Acoustic cavitation,Advanced & Physical Acoustics (Nonlinear/Structural/Aero/Materials),NEW,Batch 4
Stable cavitation,Advanced & Physical Acoustics (Nonlinear/Structural/Aero/Materials),NEW,Batch 4
Inertial cavitation,Advanced & Physical Acoustics (Nonlinear/Structural/Aero/Materials),NEW,Batch 4
Cavitation threshold,Advanced & Physical Acoustics (Nonlinear/Structural/Aero/Materials),NEW,Batch 4
Bubble resonance,Advanced & Physical Acoustics (Nonlinear/Structural/Aero/Materials),NEW,Batch 4
Minnaert resonance,Advanced & Physical Acoustics (Nonlinear/Structural/Aero/Materials),NEW,Batch 4
Sonoluminescence,Advanced & Physical Acoustics (Nonlinear/Structural/Aero/Materials),NEW,Batch 4
Acoustic levitation,Advanced & Physical Acoustics (Nonlinear/Structural/Aero/Materials),NEW,Batch 4
Acoustic trapping,Advanced & Physical Acoustics (Nonlinear/Structural/Aero/Materials),NEW,Batch 4
Acoustic tweezers,Advanced & Physical Acoustics (Nonlinear/Structural/Aero/Materials),NEW,Batch 4
Phononic crystal,Advanced & Physical Acoustics (Nonlinear/Structural/Aero/Materials),NEW,Batch 4
Acoustic metamaterial,Advanced & Physical Acoustics (Nonlinear/Structural/Aero/Materials),NEW,Batch 4
Locally resonant metamaterial,Advanced & Physical Acoustics (Nonlinear/Structural/Aero/Materials),NEW,Batch 4
Negative effective mass density,Advanced & Physical Acoustics (Nonlinear/Structural/Aero/Materials),NEW,Batch 4
Negative bulk modulus,Advanced & Physical Acoustics (Nonlinear/Structural/Aero/Materials),NEW,Batch 4
Acoustic cloaking,Advanced & Physical Acoustics (Nonlinear/Structural/Aero/Materials),NEW,Batch 4
Transformation acoustics,Sound & Acoustics,EXISTING,Batch 4
Topological acoustics,Advanced & Physical Acoustics (Nonlinear/Structural/Aero/Materials),NEW,Batch 4
Acoustic bandgap,Advanced & Physical Acoustics (Nonlinear/Structural/Aero/Materials),NEW,Batch 4
Bragg scattering,Advanced & Physical Acoustics (Nonlinear/Structural/Aero/Materials),NEW,Batch 4
Subwavelength resonator,Advanced & Physical Acoustics (Nonlinear/Structural/Aero/Materials),NEW,Batch 4
Flow-induced noise,Advanced & Physical Acoustics (Nonlinear/Structural/Aero/Materials),NEW,Batch 4
Turbulent boundary-layer noise,Advanced & Physical Acoustics (Nonlinear/Structural/Aero/Materials),NEW,Batch 4
Vortex shedding,Advanced & Physical Acoustics (Nonlinear/Structural/Aero/Materials),NEW,Batch 4
Aeolian tone,Advanced & Physical Acoustics (Nonlinear/Structural/Aero/Materials),NEW,Batch 4
Strouhal number,Advanced & Physical Acoustics (Nonlinear/Structural/Aero/Materials),NEW,Batch 4
Reynolds number,Advanced & Physical Acoustics (Nonlinear/Structural/Aero/Materials),NEW,Batch 4
Mach number,Advanced & Physical Acoustics (Nonlinear/Structural/Aero/Materials),NEW,Batch 4
Convective Mach number,Advanced & Physical Acoustics (Nonlinear/Structural/Aero/Materials),NEW,Batch 4
Lighthill analogy,Advanced & Physical Acoustics (Nonlinear/Structural/Aero/Materials),NEW,Batch 4
Lighthill stress tensor,Advanced & Physical Acoustics (Nonlinear/Structural/Aero/Materials),NEW,Batch 4
Ffowcs Williams–Hawkings equation,Advanced & Physical Acoustics (Nonlinear/Structural/Aero/Materials),NEW,Batch 4
Curle analogy,Advanced & Physical Acoustics (Nonlinear/Structural/Aero/Materials),NEW,Batch 4
Acoustic analogy,Sound & Acoustics,EXISTING,Batch 4
Quadrupole source,Advanced & Physical Acoustics (Nonlinear/Structural/Aero/Materials),NEW,Batch 4
Dipole source,Advanced & Physical Acoustics (Nonlinear/Structural/Aero/Materials),NEW,Batch 4
Monopole source,Advanced & Physical Acoustics (Nonlinear/Structural/Aero/Materials),NEW,Batch 4
Jet noise,Advanced & Physical Acoustics (Nonlinear/Structural/Aero/Materials),NEW,Batch 4
Mixing noise,Advanced & Physical Acoustics (Nonlinear/Structural/Aero/Materials),NEW,Batch 4
Shock-associated noise,Advanced & Physical Acoustics (Nonlinear/Structural/Aero/Materials),NEW,Batch 4
Broadband shock-associated noise,Advanced & Physical Acoustics (Nonlinear/Structural/Aero/Materials),NEW,Batch 4
Screech tone,Advanced & Physical Acoustics (Nonlinear/Structural/Aero/Materials),NEW,Batch 4
Blade-passing frequency,Advanced & Physical Acoustics (Nonlinear/Structural/Aero/Materials),NEW,Batch 4
Rotor–stator interaction,Advanced & Physical Acoustics (Nonlinear/Structural/Aero/Materials),NEW,Batch 4
Trailing-edge noise,Advanced & Physical Acoustics (Nonlinear/Structural/Aero/Materials),NEW,Batch 4
Leading-edge noise,Advanced & Physical Acoustics (Nonlinear/Structural/Aero/Materials),NEW,Batch 4
Airfoil self-noise,Advanced & Physical Acoustics (Nonlinear/Structural/Aero/Materials),NEW,Batch 4
Cavity tone,Advanced & Physical Acoustics (Nonlinear/Structural/Aero/Materials),NEW,Batch 4
Edge tone,Advanced & Physical Acoustics (Nonlinear/Structural/Aero/Materials),NEW,Batch 4
Flow separation noise,Advanced & Physical Acoustics (Nonlinear/Structural/Aero/Materials),NEW,Batch 4
Turbulence ingestion noise,Sound & Acoustics,EXISTING,Batch 4
Combustion noise,Advanced & Physical Acoustics (Nonlinear/Structural/Aero/Materials),NEW,Batch 4
Thermoacoustic instability,Advanced & Physical Acoustics (Nonlinear/Structural/Aero/Materials),NEW,Batch 4
Helmholtz instability,Advanced & Physical Acoustics (Nonlinear/Structural/Aero/Materials),NEW,Batch 4
Wind-induced microphone noise,Advanced & Physical Acoustics (Nonlinear/Structural/Aero/Materials),NEW,Batch 4
Pressure turbulence,Sound & Acoustics,EXISTING,Batch 4
Hydrodynamic pressure fluctuation,Advanced & Physical Acoustics (Nonlinear/Structural/Aero/Materials),NEW,Batch 4
Turbulent pressure spectrum,Advanced & Physical Acoustics (Nonlinear/Structural/Aero/Materials),NEW,Batch 4
Wind-noise susceptibility,Advanced & Physical Acoustics (Nonlinear/Structural/Aero/Materials),NEW,Batch 4
Structural acoustics,Advanced & Physical Acoustics (Nonlinear/Structural/Aero/Materials),NEW,Batch 4
Vibroacoustic coupling,Advanced & Physical Acoustics (Nonlinear/Structural/Aero/Materials),NEW,Batch 4
Fluid–structure interaction,Advanced & Physical Acoustics (Nonlinear/Structural/Aero/Materials),NEW,Batch 4
Mechanical mobility,Advanced & Physical Acoustics (Nonlinear/Structural/Aero/Materials),NEW,Batch 4
Driving-point mobility,Advanced & Physical Acoustics (Nonlinear/Structural/Aero/Materials),NEW,Batch 4
Transfer mobility,Advanced & Physical Acoustics (Nonlinear/Structural/Aero/Materials),NEW,Batch 4
Mechanical impedance,Advanced & Physical Acoustics (Nonlinear/Structural/Aero/Materials),NEW,Batch 4
Point impedance,Advanced & Physical Acoustics (Nonlinear/Structural/Aero/Materials),NEW,Batch 4
Dynamic stiffness,Advanced & Physical Acoustics (Nonlinear/Structural/Aero/Materials),NEW,Batch 4
Modal stiffness,Advanced & Physical Acoustics (Nonlinear/Structural/Aero/Materials),NEW,Batch 4
Modal mass,Advanced & Physical Acoustics (Nonlinear/Structural/Aero/Materials),NEW,Batch 4
Modal damping,Advanced & Physical Acoustics (Nonlinear/Structural/Aero/Materials),NEW,Batch 4
Loss factor,Advanced & Physical Acoustics (Nonlinear/Structural/Aero/Materials),NEW,Batch 4
Structural loss factor,Advanced & Physical Acoustics (Nonlinear/Structural/Aero/Materials),NEW,Batch 4
Damping ratio,Advanced & Physical Acoustics (Nonlinear/Structural/Aero/Materials),NEW,Batch 4
Critical damping,Advanced & Physical Acoustics (Nonlinear/Structural/Aero/Materials),NEW,Batch 4
Underdamping,Advanced & Physical Acoustics (Nonlinear/Structural/Aero/Materials),NEW,Batch 4
Overdamping,Advanced & Physical Acoustics (Nonlinear/Structural/Aero/Materials),NEW,Batch 4
Complex stiffness,Sound & Acoustics,EXISTING,Batch 4
Mechanical admittance,Advanced & Physical Acoustics (Nonlinear/Structural/Aero/Materials),NEW,Batch 4
Accelerance,Advanced & Physical Acoustics (Nonlinear/Structural/Aero/Materials),NEW,Batch 4
Inertance,Advanced & Physical Acoustics (Nonlinear/Structural/Aero/Materials),NEW,Batch 4
Receptance,Advanced & Physical Acoustics (Nonlinear/Structural/Aero/Materials),NEW,Batch 4
Frequency-response function,Sound & Acoustics,EXISTING,Batch 4
Operational deflection shape,Advanced & Physical Acoustics (Nonlinear/Structural/Aero/Materials),NEW,Batch 4
Modal overlap,Advanced & Physical Acoustics (Nonlinear/Structural/Aero/Materials),NEW,Batch 4
Modal participation factor,Advanced & Physical Acoustics (Nonlinear/Structural/Aero/Materials),NEW,Batch 4
Effective modal mass,Advanced & Physical Acoustics (Nonlinear/Structural/Aero/Materials),NEW,Batch 4
Eigenfrequency,Advanced & Physical Acoustics (Nonlinear/Structural/Aero/Materials),NEW,Batch 4
Normal mode,Advanced & Physical Acoustics (Nonlinear/Structural/Aero/Materials),NEW,Batch 4
Rigid-body mode,Advanced & Physical Acoustics (Nonlinear/Structural/Aero/Materials),NEW,Batch 4
Bending mode,Advanced & Physical Acoustics (Nonlinear/Structural/Aero/Materials),NEW,Batch 4
Torsional mode,Advanced & Physical Acoustics (Nonlinear/Structural/Aero/Materials),NEW,Batch 4
Breathing mode,Advanced & Physical Acoustics (Nonlinear/Structural/Aero/Materials),NEW,Batch 4
Breakup mode,Advanced & Physical Acoustics (Nonlinear/Structural/Aero/Materials),NEW,Batch 4
Critical frequency,Sound & Acoustics,EXISTING,Batch 4
Stiffness-controlled region,Sound & Acoustics,EXISTING,Batch 4
Mass-controlled region,Sound & Acoustics,EXISTING,Batch 4
Damping-controlled region,Advanced & Physical Acoustics (Nonlinear/Structural/Aero/Materials),NEW,Batch 4
Radiation efficiency,Advanced & Physical Acoustics (Nonlinear/Structural/Aero/Materials),NEW,Batch 4
Radiation ratio,Advanced & Physical Acoustics (Nonlinear/Structural/Aero/Materials),NEW,Batch 4
Structural wave impedance,Advanced & Physical Acoustics (Nonlinear/Structural/Aero/Materials),NEW,Batch 4
Reciprocity transducer,Microphone Types & Transducers,EXISTING,Batch 4
Reciprocal microphone,Microphones,EXISTING,Batch 4
Nonreciprocal transducer,Microphones,EXISTING,Batch 4
Electrostatic transduction,Microphones,EXISTING,Batch 4
Electrodynamic transduction,Microphones,EXISTING,Batch 4
Electromagnetic induction,Microphones,EXISTING,Batch 4
Piezoelectric transduction,Microphones,EXISTING,Batch 4
Piezoresistive transduction,Microphones,EXISTING,Batch 4
Capacitive sensing,Microphones,EXISTING,Batch 4
Optical interferometric sensing,Microphone Types & Transducers,EXISTING,Batch 4
Fiber Bragg grating microphone,Microphone Types & Transducers,EXISTING,Batch 4
Magnetostrictive sensing,Microphones,EXISTING,Batch 4
Thermoacoustic sensing,Microphones,EXISTING,Batch 4
Photoacoustic microphone,Microphone Types & Transducers,EXISTING,Batch 4
Optoacoustic microphone,Microphone Types & Transducers,EXISTING,Batch 4
Ionophone microphone,Microphone Types & Transducers,EXISTING,Batch 4
Plasma microphone,Microphone Types & Transducers,EXISTING,Batch 4
Microflown sensor,Microphone Types & Transducers,EXISTING,Batch 4
Particle-velocity sensor,Microphones,EXISTING,Batch 4
Pressure–velocity probe,Microphones,EXISTING,Batch 4
Sound-intensity probe,Microphones,EXISTING,Batch 4
Differential-pressure microphone,Microphones,EXISTING,Batch 4
Pressure-gradient receiver,Microphones,EXISTING,Batch 4
First-order gradient microphone,Microphones,EXISTING,Batch 4
Second-order gradient microphone,Microphones,EXISTING,Batch 4
Zero-order microphone,Microphones,EXISTING,Batch 4
Higher-order microphone,Microphones,EXISTING,Batch 4
Coincident microphone array,Microphone Types & Transducers,EXISTING,Batch 4
Distributed microphone array,Microphone Types & Transducers,EXISTING,Batch 4
Sparse microphone array,Microphone Types & Transducers,EXISTING,Batch 4
Conformal microphone array,Microphone Types & Transducers,EXISTING,Batch 4
Spherical microphone array,Microphone Types & Transducers,EXISTING,Batch 4
Circular microphone array,Microphone Types & Transducers,EXISTING,Batch 4
Planar microphone array,Microphone Types & Transducers,EXISTING,Batch 4
Volumetric microphone array,Microphone Types & Transducers,EXISTING,Batch 4
Externally polarized condenser microphone,Microphone Types & Transducers,EXISTING,Batch 4
Prepolarized condenser microphone,Microphone Types & Transducers,EXISTING,Batch 4
Permanently polarized microphone,Microphone Types & Transducers,EXISTING,Batch 4
Electret polarization,Microphone Types & Transducers,EXISTING,Batch 4
Back-electret microphone,Microphones,EXISTING,Batch 4
Front-electret microphone,Microphones,EXISTING,Batch 4
Foil-electret microphone,Microphones,EXISTING,Batch 4
Surface potential,Microphones,EXISTING,Batch 4
Polarization voltage,Microphone Types & Transducers,EXISTING,Batch 4
Bias voltage,Microphones,EXISTING,Batch 4
Diaphragm–backplate capacitance,Microphone Types & Transducers,EXISTING,Batch 4
Static capacitance,Microphone Types & Transducers,EXISTING,Batch 4
Capacitance variation,Microphone Types & Transducers,EXISTING,Batch 4
Electrostatic attraction,Microphone Types & Transducers,EXISTING,Batch 4
Diaphragm collapse,Microphone Types & Transducers,EXISTING,Batch 4
Pull-in voltage,Microphone Types & Transducers,EXISTING,Batch 4
Backplate perforation,Microphone Types & Transducers,EXISTING,Batch 4
Venting time constant,Microphone Types & Transducers,EXISTING,Batch 4
Pressure equalization vent,Microphones,EXISTING,Batch 4
Barometric pressure coefficient,Microphone Types & Transducers,EXISTING,Batch 4
Static-pressure coefficient,Microphone Types & Transducers,EXISTING,Batch 4
Temperature coefficient,Microphone Types & Transducers,EXISTING,Batch 4
Humidity coefficient,Microphone Types & Transducers,EXISTING,Batch 4
Environmental sensitivity,Microphones,EXISTING,Batch 4
Diaphragm resonance,Microphones,EXISTING,Batch 4
Cavity resonance,Microphones,EXISTING,Batch 4
Back-volume compliance,Microphone Types & Transducers,EXISTING,Batch 4
Vent resistance,Microphone Types & Transducers,EXISTING,Batch 4
Acoustic leakage,Microphones,EXISTING,Batch 4
Protection-grid correction,Microphone Types & Transducers,EXISTING,Batch 4
Grid diffraction,Microphone Types & Transducers,EXISTING,Batch 4
Incidence correction,Microphone Types & Transducers,EXISTING,Batch 4
Pressure-field correction,Microphone Types & Transducers,EXISTING,Batch 4
Diffuse-field correction,Microphone Types & Transducers,EXISTING,Batch 4
Random-incidence correction,Microphone Types & Transducers,EXISTING,Batch 4
Laboratory standard microphone,Microphone Types & Transducers,EXISTING,Batch 4
Working standard microphone,Microphone Types & Transducers,EXISTING,Batch 4
Transfer standard microphone,Microphone Types & Transducers,EXISTING,Batch 4
Sound-level-meter microphone,Microphones,EXISTING,Batch 4
Half-inch measurement microphone,Microphones,EXISTING,Batch 4
Quarter-inch measurement microphone,Microphones,EXISTING,Batch 4
One-inch measurement microphone,Microphones,EXISTING,Batch 4
Free-field microphone,Microphones,EXISTING,Batch 4
Diffuse-field microphone,Microphones,EXISTING,Batch 4
Low-frequency microphone,Microphones,EXISTING,Batch 4
High-level microphone,Microphones,EXISTING,Batch 4
Infrasonic microphone,Microphones,EXISTING,Batch 4
Ultrasonic microphone,Microphones,EXISTING,Batch 4
Complex sensitivity,Microphone Types & Transducers,EXISTING,Batch 4
Pressure sensitivity,Microphone Types & Transducers,EXISTING,Batch 4
Loaded sensitivity,Microphones,EXISTING,Batch 4
Sensitivity level,Microphone Types & Transducers,EXISTING,Batch 4
Phase sensitivity,Microphones,EXISTING,Batch 4
Magnitude sensitivity,Microphones,EXISTING,Batch 4
Reciprocity calibration,Microphone Types & Transducers,EXISTING,Batch 4
Primary calibration,Microphone Types & Transducers,EXISTING,Batch 4
Secondary calibration,Microphone Types & Transducers,EXISTING,Batch 4
Comparison calibration,Microphone Types & Transducers,EXISTING,Batch 4
Substitution calibration,Microphone Types & Transducers,EXISTING,Batch 4
Simultaneous comparison,Microphones,EXISTING,Batch 4
Electrostatic actuator calibration,Microphone Types & Transducers,EXISTING,Batch 4
Pistonphone calibration,Microphone Types & Transducers,EXISTING,Batch 4
Sound-calibrator verification,Microphones,EXISTING,Batch 4
Insert-voltage technique,Microphone Types & Transducers,EXISTING,Batch 4
Microphone reciprocity,Microphone Types & Transducers,EXISTING,Batch 4
Reciprocity parameter,Microphone Types & Transducers,EXISTING,Batch 4
Coupler reciprocity,Microphone Types & Transducers,EXISTING,Batch 4
Free-field reciprocity,Microphone Types & Transducers,EXISTING,Batch 4
Pressure reciprocity,Microphone Types & Transducers,EXISTING,Batch 4
Calibration uncertainty,Microphone Types & Transducers,EXISTING,Batch 4
Expanded uncertainty,Microphones,EXISTING,Batch 4
Traceability chain,Microphones,EXISTING,Batch 4
Reference environmental conditions,Microphones,EXISTING,Batch 4
Calibration drift,Microphone Types & Transducers,EXISTING,Batch 4
Equivalent acoustic noise,Microphone Types & Transducers,EXISTING,Batch 4
Brownian noise,Microphone Types & Transducers,EXISTING,Batch 4
Thermal noise,Microphone Types & Transducers,EXISTING,Batch 4
Johnson–Nyquist noise,Microphone Types & Transducers,EXISTING,Batch 4
Shot noise,Microphone Types & Transducers,EXISTING,Batch 4
Flicker noise,Microphone Types & Transducers,EXISTING,Batch 4
1/f noise,Microphone Types & Transducers,EXISTING,Batch 4
Dielectric noise,Microphone Types & Transducers,EXISTING,Batch 4
Preamplifier voltage noise,Microphone Types & Transducers,EXISTING,Batch 4
Preamplifier current noise,Microphone Types & Transducers,EXISTING,Batch 4
Noise spectral density,Microphone Types & Transducers,EXISTING,Batch 4
Voltage-noise density,Microphone Types & Transducers,EXISTING,Batch 4
Current-noise density,Microphone Types & Transducers,EXISTING,Batch 4
Acoustic noise floor,Microphone Types & Transducers,EXISTING,Batch 4
Integrated noise,Microphone Types & Transducers,EXISTING,Batch 4
A-weighted self-noise,Microphone Types & Transducers,EXISTING,Batch 4
Z-weighted self-noise,Microphone Types & Transducers,EXISTING,Batch 4
Noise-equivalent pressure,Microphone Types & Transducers,EXISTING,Batch 4
Minimum detectable pressure,Microphone Types & Transducers,EXISTING,Batch 4
Minimum detectable signal,Microphone Types & Transducers,EXISTING,Batch 4
Electrical clipping point,Microphones,EXISTING,Batch 4
Total dynamic range,Microphones,EXISTING,Batch 4
Inherent dynamic range,Microphones,EXISTING,Batch 4
Maximum undistorted output,Microphones,EXISTING,Batch 4
Source impedance,Microphone Types & Transducers,EXISTING,Batch 4
Capacitive loading,Microphones,EXISTING,Batch 4
Microphone preamplifier,Microphone Types & Transducers,EXISTING,Batch 4
Junction field-effect transistor,Microphone Types & Transducers,EXISTING,Batch 4
Bootstrapped input,Microphone Types & Transducers,EXISTING,Batch 4
Constant-current powering,Microphone Types & Transducers,EXISTING,Batch 4
Integrated Electronics Piezo-Electric,Microphones,EXISTING,Batch 4
Integrated Circuit Piezoelectric,Microphones,EXISTING,Batch 4
IEPE sensor,Microphone Types & Transducers,EXISTING,Batch 4
Constant-current line drive,Microphone Types & Transducers,EXISTING,Batch 4
Phantom powering,Microphone Types & Transducers,EXISTING,Batch 4
Tonader powering,Microphone Types & Transducers,EXISTING,Batch 4
Digital microphone interface,Microphones,EXISTING,Batch 4
Pulse-density modulation microphone,Microphone Types & Transducers,EXISTING,Batch 4
I2S microphone,Microphones,EXISTING,Batch 4
Microelectromechanical microphone,Microphones,EXISTING,Batch 4
MEMS diaphragm,Microphone Types & Transducers,EXISTING,Batch 4
MEMS backplate,Microphone Types & Transducers,EXISTING,Batch 4
Capacitive MEMS microphone,Microphone Types & Transducers,EXISTING,Batch 4
Piezoelectric MEMS microphone,Microphone Types & Transducers,EXISTING,Batch 4
Optical MEMS microphone,Microphone Types & Transducers,EXISTING,Batch 4
Surface micromachining,Microphone Types & Transducers,EXISTING,Batch 4
Bulk micromachining,Microphone Types & Transducers,EXISTING,Batch 4
Deep reactive-ion etching,Microphone Types & Transducers,EXISTING,Batch 4
Sacrificial layer,Microphone Types & Transducers,EXISTING,Batch 4
Silicon-on-insulator,Microphone Types & Transducers,EXISTING,Batch 4
Wafer-level packaging,Microphone Types & Transducers,EXISTING,Batch 4
Acoustic port,Microphones,EXISTING,Batch 4
Top-port microphone,Microphones,EXISTING,Batch 4
Bottom-port microphone,Microphones,EXISTING,Batch 4
Package cavity,Microphones,EXISTING,Batch 4
Package leakage,Microphones,EXISTING,Batch 4
MEMS ASIC,Microphone Types & Transducers,EXISTING,Batch 4
Application-specific integrated circuit,Microphones,EXISTING,Batch 4
Charge amplifier,Microphone Types & Transducers,EXISTING,Batch 4
Sigma-delta modulator,Microphone Types & Transducers,EXISTING,Batch 4
Pulse-density modulation,Microphone Types & Transducers,EXISTING,Batch 4
Digital decimation,Microphone Types & Transducers,EXISTING,Batch 4
Sensitivity tolerance,Microphones,EXISTING,Batch 4
Part-to-part matching,Microphone Types & Transducers,EXISTING,Batch 4
Phase matching,Microphones,EXISTING,Batch 4
Array matching,Microphone Types & Transducers,EXISTING,Batch 4
Radio-frequency immunity,Microphones,EXISTING,Batch 4
Acoustic-overload recovery,Microphones,EXISTING,Batch 4
Pop-noise suppression,Microphone Types & Transducers,EXISTING,Batch 4
Wake-on-sound,Microphone Types & Transducers,EXISTING,Batch 4
Always-on microphone,Microphone Types & Transducers,EXISTING,Batch 4
Ultrasonic-band response,Microphones,EXISTING,Batch 4
Dust ingress,Microphone Types & Transducers,EXISTING,Batch 4
Particle ingress protection,Microphone Types & Transducers,EXISTING,Batch 4
Hydrophobic acoustic membrane,Microphone Types & Transducers,EXISTING,Batch 4
Acoustic mesh,Microphone Types & Transducers,EXISTING,Batch 4
Waterproof acoustic vent,Microphone Types & Transducers,EXISTING,Batch 4
Pressure-event robustness,Microphones,EXISTING,Batch 4
Directivity pattern,Microphones,EXISTING,Batch 4
Angular response,Microphones,EXISTING,Batch 4
Azimuth response,Microphones,EXISTING,Batch 4
Elevation response,Microphones,EXISTING,Batch 4
Three-dimensional directivity,Microphones,EXISTING,Batch 4
Front-to-back ratio,Microphones,EXISTING,Batch 4
Front-to-random ratio,Microphones,EXISTING,Batch 4
Null depth,Microphones,EXISTING,Batch 4
Null angle,Microphones,EXISTING,Batch 4
Acceptance angle,Microphones,EXISTING,Batch 4
Half-power angle,Microphones,EXISTING,Batch 4
Main lobe,Microphones,EXISTING,Batch 4
Side lobe,Microphones,EXISTING,Batch 4
Rear lobe,Microphones,EXISTING,Batch 4
Grating lobe,Microphones,EXISTING,Batch 4
Spatial aliasing,Microphones,EXISTING,Batch 4
Beam squint,Microphones,EXISTING,Batch 4
Frequency-invariant beamforming,Microphone Types & Transducers,EXISTING,Batch 4
Pattern consistency,Microphones,EXISTING,Batch 4
Polar-pattern invariance,Microphones,EXISTING,Batch 4
Polar narrowing,Microphones,EXISTING,Batch 4
Superdirectivity,Microphone Types & Transducers,EXISTING,Batch 4
Directivity order,Microphones,EXISTING,Batch 4
Spherical harmonic order,Microphones,EXISTING,Batch 4
Legendre polynomial,Microphones,EXISTING,Batch 4
Cardioid family,Microphones,EXISTING,Batch 4
Bidirectional response,Microphones,EXISTING,Batch 4
Figure-eight response,Microphones,EXISTING,Batch 4
Shotgun interference tube,Microphone Types & Transducers,EXISTING,Batch 4
Interference-tube slot,Microphones,EXISTING,Batch 4
Line-gradient microphone,Microphones,EXISTING,Batch 4
Differential array,Microphone Types & Transducers,EXISTING,Batch 4
Filter-and-sum beamformer,Microphone Types & Transducers,EXISTING,Batch 4
Minimum-variance distortionless response,Microphones,EXISTING,Batch 4
MVDR beamformer,Microphone Types & Transducers,EXISTING,Batch 4
Capon beamformer,Microphone Types & Transducers,EXISTING,Batch 4
Frost beamformer,Microphone Types & Transducers,EXISTING,Batch 4
Linearly constrained minimum-variance beamformer,Microphone Types & Transducers,EXISTING,Batch 4
Adaptive beamformer,Microphone Types & Transducers,EXISTING,Batch 4
Fixed beamformer,Microphone Types & Transducers,EXISTING,Batch 4
Broadband beamformer,Microphone Types & Transducers,EXISTING,Batch 4
Narrowband beamformer,Microphone Types & Transducers,EXISTING,Batch 4
Frequency-domain beamforming,Microphone Types & Transducers,EXISTING,Batch 4
Time-domain beamforming,Microphone Types & Transducers,EXISTING,Batch 4
Subband beamforming,Microphone Types & Transducers,EXISTING,Batch 4
Differential beamforming,Microphone Types & Transducers,EXISTING,Batch 4
Robust beamforming,Microphone Types & Transducers,EXISTING,Batch 4
Blind beamforming,Microphone Types & Transducers,EXISTING,Batch 4
Neural beamforming,Microphone Types & Transducers,EXISTING,Batch 4
Steering vector,Microphone Types & Transducers,EXISTING,Batch 4
Array aperture,Microphone Types & Transducers,EXISTING,Batch 4
Effective aperture,Microphone Types & Transducers,EXISTING,Batch 4
Element spacing,Microphone Types & Transducers,EXISTING,Batch 4
Spatial covariance matrix,Microphone Types & Transducers,EXISTING,Batch 4
Cross-spectral matrix,Microphones,EXISTING,Batch 4
Coherence matrix,Microphones,EXISTING,Batch 4
Diagonal loading,Microphone Types & Transducers,EXISTING,Batch 4
Spatial whitening,Microphone Types & Transducers,EXISTING,Batch 4
Beamformer weight,Microphone Types & Transducers,EXISTING,Batch 4
Complex weighting,Microphones,EXISTING,Batch 4
Phase shading,Microphone Types & Transducers,EXISTING,Batch 4
Amplitude shading,Microphone Types & Transducers,EXISTING,Batch 4
Tapering function,Microphone Types & Transducers,EXISTING,Batch 4
Dolph–Chebyshev weighting,Microphone Types & Transducers,EXISTING,Batch 4
Delay estimation,Microphones,EXISTING,Batch 4
Time difference of arrival,Microphone Types & Transducers,EXISTING,Batch 4
Phase-transform weighting,Microphones,EXISTING,Batch 4
GCC-PHAT,Microphone Types & Transducers,EXISTING,Batch 4
Direction of arrival,Microphone Types & Transducers,EXISTING,Batch 4
Source localization,Microphones,EXISTING,Batch 4
Multiple signal classification,Microphones,EXISTING,Batch 4
MUSIC algorithm,Microphone Types & Transducers,EXISTING,Batch 4
ESPRIT algorithm,Microphone Types & Transducers,EXISTING,Batch 4
Electrodynamic motor,Loudspeaker Types & Drivers,EXISTING,Batch 4
Moving-coil motor,Loudspeaker Types & Drivers,EXISTING,Batch 4
Moving-magnet motor,Loudspeaker Types & Drivers,EXISTING,Batch 4
Underhung voice coil,Loudspeaker Types & Drivers,EXISTING,Batch 4
Overhung voice coil,Loudspeaker Types & Drivers,EXISTING,Batch 4
Equal-hung voice coil,Loudspeaker Types & Drivers,EXISTING,Batch 4
Short-coil motor,Loudspeaker Types & Drivers,EXISTING,Batch 4
Long-coil motor,Loudspeaker Types & Drivers,EXISTING,Batch 4
Differential-drive motor,Loudspeaker Types & Drivers,EXISTING,Batch 4
Dual-gap motor,Loudspeaker Types & Drivers,EXISTING,Batch 4
Push-pull motor,Loudspeaker Types & Drivers,EXISTING,Batch 4
Symmetric magnetic circuit,Loudspeaker Types & Drivers,EXISTING,Batch 4
Asymmetric magnetic circuit,Loudspeaker Types & Drivers,EXISTING,Batch 4
Magnetic return path,Loudspeaker Types & Drivers,EXISTING,Batch 4
Pole vent,"Loudspeaker Enclosures, Horns & Radiation",NEW,Batch 4
Backplate vent,"Loudspeaker Enclosures, Horns & Radiation",NEW,Batch 4
Under-spider vent,"Loudspeaker Enclosures, Horns & Radiation",NEW,Batch 4
Air-gap flux density,Loudspeaker Types & Drivers,EXISTING,Batch 4
Flux density distribution,Loudspeaker Types & Drivers,EXISTING,Batch 4
Force factor,Loudspeaker Types & Drivers,EXISTING,Batch 4
Position-dependent force factor,Loudspeaker Types & Drivers,EXISTING,Batch 4
BL(x),Loudspeaker Types & Drivers,EXISTING,Batch 4
Current-dependent force factor,Loudspeaker Types & Drivers,EXISTING,Batch 4
BL(i),Loudspeaker Types & Drivers,EXISTING,Batch 4
Flux stabilization,Loudspeaker Types & Drivers,EXISTING,Batch 4
Faraday ring,Loudspeaker Types & Drivers,EXISTING,Batch 4
Eddy-current brake,Loudspeaker Types & Drivers,EXISTING,Batch 4
Voice-coil inductance,Loudspeaker Types & Drivers,EXISTING,Batch 4
Position-dependent inductance,Loudspeaker Types & Drivers,EXISTING,Batch 4
Le(x),Loudspeaker / Transducer Engineering,EXISTING,Batch 4
Current-dependent inductance,Loudspeaker Types & Drivers,EXISTING,Batch 4
Le(i),Loudspeaker / Transducer Engineering,EXISTING,Batch 4
Semi-inductance,Loudspeaker Types & Drivers,EXISTING,Batch 4
Reluctance force,Loudspeaker Types & Drivers,EXISTING,Batch 4
Magnetic saturation,Loudspeaker Types & Drivers,EXISTING,Batch 4
Hysteresis distortion,Loudspeaker / Transducer Engineering,EXISTING,Batch 4
Motor asymmetry,Loudspeaker Types & Drivers,EXISTING,Batch 4
Force-factor asymmetry,Loudspeaker / Transducer Engineering,EXISTING,Batch 4
Inductance asymmetry,Loudspeaker Types & Drivers,EXISTING,Batch 4
Rest-position offset,Loudspeaker / Transducer Engineering,EXISTING,Batch 4
Mechanical compliance,Loudspeaker Types & Drivers,EXISTING,Batch 4
Kms,Loudspeaker Types & Drivers,EXISTING,Batch 4
Position-dependent stiffness,Loudspeaker Types & Drivers,EXISTING,Batch 4
Kms(x),Loudspeaker Types & Drivers,EXISTING,Batch 4
Compliance nonlinearity,Loudspeaker Types & Drivers,EXISTING,Batch 4
Progressive suspension,Loudspeaker Types & Drivers,EXISTING,Batch 4
Regressive suspension,Loudspeaker Types & Drivers,EXISTING,Batch 4
Spider linearity,Loudspeaker Types & Drivers,EXISTING,Batch 4
Surround linearity,Loudspeaker Types & Drivers,EXISTING,Batch 4
Suspension symmetry,Loudspeaker Types & Drivers,EXISTING,Batch 4
Suspension creep,Loudspeaker Types & Drivers,EXISTING,Batch 4
Viscoelastic creep,Loudspeaker Types & Drivers,EXISTING,Batch 4
Stress relaxation,Loudspeaker Types & Drivers,EXISTING,Batch 4
Hysteretic damping,Loudspeaker / Transducer Engineering,EXISTING,Batch 4
Mechanical hysteresis,Loudspeaker / Transducer Engineering,EXISTING,Batch 4
Suspension aging,Loudspeaker Types & Drivers,EXISTING,Batch 4
Break-in effect,Loudspeaker / Transducer Engineering,EXISTING,Batch 4
Fatigue life,Loudspeaker Types & Drivers,EXISTING,Batch 4
Mechanical fatigue,Loudspeaker Types & Drivers,EXISTING,Batch 4
Buckling,Loudspeaker Types & Drivers,EXISTING,Batch 4
Rocking instability,Loudspeaker Types & Drivers,EXISTING,Batch 4
Voice-coil rubbing,Loudspeaker Types & Drivers,EXISTING,Batch 4
Bottoming,Loudspeaker Types & Drivers,EXISTING,Batch 4
Mechanical overtravel,Loudspeaker Types & Drivers,EXISTING,Batch 4
Maximum linear excursion,Loudspeaker Types & Drivers,EXISTING,Batch 4
Peak displacement,Loudspeaker Types & Drivers,EXISTING,Batch 4
Peak-to-peak excursion,Loudspeaker Types & Drivers,EXISTING,Batch 4
Displacement limit,Loudspeaker Types & Drivers,EXISTING,Batch 4
Damage limit,Loudspeaker / Transducer Engineering,EXISTING,Batch 4
Suspension-limited excursion,Loudspeaker Types & Drivers,EXISTING,Batch 4
Motor-limited excursion,Loudspeaker Types & Drivers,EXISTING,Batch 4
Thermal-limited output,Loudspeaker / Transducer Engineering,EXISTING,Batch 4
Displacement-limited output,Loudspeaker Types & Drivers,EXISTING,Batch 4
Air-noise-limited output,Loudspeaker / Transducer Engineering,EXISTING,Batch 4
Diaphragm piston region,Loudspeaker Types & Drivers,EXISTING,Batch 4
Piston band,Loudspeaker Types & Drivers,EXISTING,Batch 4
Piston diameter,Loudspeaker Types & Drivers,EXISTING,Batch 4
Effective radiating diameter,Loudspeaker Types & Drivers,EXISTING,Batch 4
Effective radiating area,Loudspeaker Types & Drivers,EXISTING,Batch 4
Breakup frequency,Loudspeaker Types & Drivers,EXISTING,Batch 4
Partial vibration,Loudspeaker / Transducer Engineering,EXISTING,Batch 4
Distributed-mode behavior,Loudspeaker / Transducer Engineering,EXISTING,Batch 4
Modal diaphragm,Loudspeaker Types & Drivers,EXISTING,Batch 4
Bending-wave radiator,Loudspeaker / Transducer Engineering,EXISTING,Batch 4
Flexural radiator,Loudspeaker / Transducer Engineering,EXISTING,Batch 4
Ring radiator,Loudspeaker Types & Drivers,EXISTING,Batch 4
Annular diaphragm,Loudspeaker Types & Drivers,EXISTING,Batch 4
Inverted dome,Loudspeaker Types & Drivers,EXISTING,Batch 4
Balanced dome,Loudspeaker Types & Drivers,EXISTING,Batch 4
Compression diaphragm,Loudspeaker Types & Drivers,EXISTING,Batch 4
Tangential surround,Loudspeaker Types & Drivers,EXISTING,Batch 4
Radial mode,Loudspeaker / Transducer Engineering,EXISTING,Batch 4
Circumferential mode,Loudspeaker / Transducer Engineering,EXISTING,Batch 4
Nodal circle,Loudspeaker Types & Drivers,EXISTING,Batch 4
Nodal diameter,Loudspeaker Types & Drivers,EXISTING,Batch 4
Bell mode,Loudspeaker Types & Drivers,EXISTING,Batch 4
Oil-canning mode,Loudspeaker Types & Drivers,EXISTING,Batch 4
Diaphragm rocking,Loudspeaker Types & Drivers,EXISTING,Batch 4
Constrained-layer damping,Loudspeaker / Transducer Engineering,EXISTING,Batch 4
Lossy coating,Loudspeaker Types & Drivers,EXISTING,Batch 4
Cone treatment,Loudspeaker Types & Drivers,EXISTING,Batch 4
Diaphragm anisotropy,Loudspeaker Types & Drivers,EXISTING,Batch 4
Orthotropic diaphragm,Loudspeaker Types & Drivers,EXISTING,Batch 4
Young's modulus,Loudspeaker Types & Drivers,EXISTING,Batch 4
Specific modulus,Loudspeaker Types & Drivers,EXISTING,Batch 4
Tensile strength,Loudspeaker / Transducer Engineering,EXISTING,Batch 4
Internal damping,Loudspeaker / Transducer Engineering,EXISTING,Batch 4
Loss tangent,Loudspeaker / Transducer Engineering,EXISTING,Batch 4
Poisson's ratio,Loudspeaker Types & Drivers,EXISTING,Batch 4
Areal mass,Loudspeaker Types & Drivers,EXISTING,Batch 4
Bending stiffness,Loudspeaker Types & Drivers,EXISTING,Batch 4
Flexural rigidity,Loudspeaker Types & Drivers,EXISTING,Batch 4
Sandwich composite,Loudspeaker Types & Drivers,EXISTING,Batch 4
Honeycomb core,Loudspeaker Types & Drivers,EXISTING,Batch 4
Rohacell core,Loudspeaker Types & Drivers,EXISTING,Batch 4
Vapor-deposited diaphragm,Loudspeaker Types & Drivers,EXISTING,Batch 4
Diamond-like carbon coating,Loudspeaker Types & Drivers,EXISTING,Batch 4
Ceramic-metal composite,Loudspeaker Types & Drivers,EXISTING,Batch 4
Compression ratio,"Loudspeaker Enclosures, Horns & Radiation",NEW,Batch 4
Compression chamber,"Loudspeaker Enclosures, Horns & Radiation",NEW,Batch 4
Annular phase plug,"Loudspeaker Enclosures, Horns & Radiation",NEW,Batch 4
Radial phase plug,"Loudspeaker Enclosures, Horns & Radiation",NEW,Batch 4
Circumferential phase plug,"Loudspeaker Enclosures, Horns & Radiation",NEW,Batch 4
Coherent wavefront,Loudspeaker / Transducer Engineering,EXISTING,Batch 4
Exit aperture,Loudspeaker / Transducer Engineering,EXISTING,Batch 4
Throat aperture,"Loudspeaker Enclosures, Horns & Radiation",NEW,Batch 4
Throat impedance,"Loudspeaker Enclosures, Horns & Radiation",NEW,Batch 4
Throat reactance,"Loudspeaker Enclosures, Horns & Radiation",NEW,Batch 4
Throat resistance,"Loudspeaker Enclosures, Horns & Radiation",NEW,Batch 4
Throat distortion,"Loudspeaker Enclosures, Horns & Radiation",NEW,Batch 4
Horn throat,"Loudspeaker Enclosures, Horns & Radiation",NEW,Batch 4
Horn mouth,"Loudspeaker Enclosures, Horns & Radiation",NEW,Batch 4
Mouth circumference,"Loudspeaker Enclosures, Horns & Radiation",NEW,Batch 4
Mouth termination,"Loudspeaker Enclosures, Horns & Radiation",NEW,Batch 4
Mouth reflection,"Loudspeaker Enclosures, Horns & Radiation",NEW,Batch 4
Horn cutoff frequency,"Loudspeaker Enclosures, Horns & Radiation",NEW,Batch 4
Acoustic cutoff,Loudspeaker / Transducer Engineering,EXISTING,Batch 4
Flare constant,"Loudspeaker Enclosures, Horns & Radiation",NEW,Batch 4
Flare rate,"Loudspeaker Enclosures, Horns & Radiation",NEW,Batch 4
Exponential horn,"Loudspeaker Enclosures, Horns & Radiation",NEW,Batch 4
Conical horn,"Loudspeaker Enclosures, Horns & Radiation",NEW,Batch 4
Hyperbolic horn,"Loudspeaker Enclosures, Horns & Radiation",NEW,Batch 4
Hyperbolic-exponential horn,"Loudspeaker Enclosures, Horns & Radiation",NEW,Batch 4
Tractrix horn,"Loudspeaker Enclosures, Horns & Radiation",NEW,Batch 4
Oblate spheroidal waveguide,"Loudspeaker Enclosures, Horns & Radiation",NEW,Batch 4
Bi-radial horn,"Loudspeaker Enclosures, Horns & Radiation",NEW,Batch 4
Multicellular horn,"Loudspeaker Enclosures, Horns & Radiation",NEW,Batch 4
Diffraction horn,"Loudspeaker Enclosures, Horns & Radiation",NEW,Batch 4
Mantaray horn,"Loudspeaker Enclosures, Horns & Radiation",NEW,Batch 4
Acoustic lens,"Loudspeaker Enclosures, Horns & Radiation",NEW,Batch 4
Waveguide loading,"Loudspeaker Enclosures, Horns & Radiation",NEW,Batch 4
Wavefront curvature,Loudspeaker / Transducer Engineering,EXISTING,Batch 4
Pattern flip,Loudspeaker / Transducer Engineering,EXISTING,Batch 4
Pattern collapse,Loudspeaker / Transducer Engineering,EXISTING,Batch 4
Coverage balloon,"Loudspeaker Enclosures, Horns & Radiation",NEW,Batch 4
Higher-order horn mode,"Loudspeaker Enclosures, Horns & Radiation",NEW,Batch 4
Mouth diffraction,"Loudspeaker Enclosures, Horns & Radiation",NEW,Batch 4
Throat reflection,"Loudspeaker Enclosures, Horns & Radiation",NEW,Batch 4
Horn honk,"Loudspeaker Enclosures, Horns & Radiation",NEW,Batch 4
Air nonlinearity,Loudspeaker / Transducer Engineering,EXISTING,Batch 4
Compression nonlinearity,Loudspeaker / Transducer Engineering,EXISTING,Batch 4
Acoustic compliance of enclosure,"Loudspeaker Enclosures, Horns & Radiation",NEW,Batch 4
Enclosure compliance,"Loudspeaker Enclosures, Horns & Radiation",NEW,Batch 4
Box compliance,"Loudspeaker Enclosures, Horns & Radiation",NEW,Batch 4
Enclosed-air stiffness,Loudspeaker Types & Drivers,EXISTING,Batch 4
Box loss,"Loudspeaker Enclosures, Horns & Radiation",NEW,Batch 4
Leakage loss,Loudspeaker / Transducer Engineering,EXISTING,Batch 4
Qa,Loudspeaker / Transducer Engineering,EXISTING,Batch 4
Ql,Loudspeaker / Transducer Engineering,EXISTING,Batch 4
Qp,Loudspeaker / Transducer Engineering,EXISTING,Batch 4
Total enclosure Q,"Loudspeaker Enclosures, Horns & Radiation",NEW,Batch 4
System resonance,Loudspeaker / Transducer Engineering,EXISTING,Batch 4
Closed-box resonance,"Loudspeaker Enclosures, Horns & Radiation",NEW,Batch 4
Fc,Loudspeaker / Transducer Engineering,EXISTING,Batch 4
Closed-box Q,"Loudspeaker Enclosures, Horns & Radiation",NEW,Batch 4
Qtc,"Loudspeaker Enclosures, Horns & Radiation",NEW,Batch 4
Compliance ratio,Loudspeaker Types & Drivers,EXISTING,Batch 4
Alpha ratio,Loudspeaker / Transducer Engineering,EXISTING,Batch 4
Butterworth alignment,"Loudspeaker Enclosures, Horns & Radiation",NEW,Batch 4
Bessel alignment,"Loudspeaker Enclosures, Horns & Radiation",NEW,Batch 4
Chebyshev alignment,"Loudspeaker Enclosures, Horns & Radiation",NEW,Batch 4
Linkwitz transform,"Loudspeaker Enclosures, Horns & Radiation",NEW,Batch 4
Extended bass shelf,Loudspeaker / Transducer Engineering,EXISTING,Batch 4
Quasi-Butterworth alignment,"Loudspeaker Enclosures, Horns & Radiation",NEW,Batch 4
SBB4 alignment,"Loudspeaker Enclosures, Horns & Radiation",NEW,Batch 4
QB3 alignment,"Loudspeaker Enclosures, Horns & Radiation",NEW,Batch 4
C4 alignment,"Loudspeaker Enclosures, Horns & Radiation",NEW,Batch 4
Passive-radiator alignment,"Loudspeaker Enclosures, Horns & Radiation",NEW,Batch 4
Vented-box alignment,"Loudspeaker Enclosures, Horns & Radiation",NEW,Batch 4
Box tuning frequency,"Loudspeaker Enclosures, Horns & Radiation",NEW,Batch 4
Fb,Loudspeaker / Transducer Engineering,EXISTING,Batch 4
Port air mass,"Loudspeaker Enclosures, Horns & Radiation",NEW,Batch 4
Port end correction,"Loudspeaker Enclosures, Horns & Radiation",NEW,Batch 4
Port acoustic resistance,"Loudspeaker Enclosures, Horns & Radiation",NEW,Batch 4
Port compression,"Loudspeaker Enclosures, Horns & Radiation",NEW,Batch 4
Port turbulence,"Loudspeaker Enclosures, Horns & Radiation",NEW,Batch 4
Port Mach number,"Loudspeaker Enclosures, Horns & Radiation",NEW,Batch 4
Port chuffing,"Loudspeaker Enclosures, Horns & Radiation",NEW,Batch 4
Organ-pipe resonance,"Loudspeaker Enclosures, Horns & Radiation",NEW,Batch 4
Pipe resonance,"Loudspeaker Enclosures, Horns & Radiation",NEW,Batch 4
Vent resonance,"Loudspeaker Enclosures, Horns & Radiation",NEW,Batch 4
Passive-radiator mass,"Loudspeaker Enclosures, Horns & Radiation",NEW,Batch 4
Passive-radiator compliance,"Loudspeaker Enclosures, Horns & Radiation",NEW,Batch 4
Passive-radiator excursion,"Loudspeaker Enclosures, Horns & Radiation",NEW,Batch 4
Transmission-line terminus,Loudspeaker / Transducer Engineering,EXISTING,Batch 4
Line taper,Loudspeaker / Transducer Engineering,EXISTING,Batch 4
Line stuffing,Loudspeaker / Transducer Engineering,EXISTING,Batch 4
Quarter-wave enclosure,"Loudspeaker Enclosures, Horns & Radiation",NEW,Batch 4
Mass-loaded transmission line,"Loudspeaker Enclosures, Horns & Radiation",NEW,Batch 4
Tapered quarter-wave tube,Loudspeaker / Transducer Engineering,EXISTING,Batch 4
Voigt pipe,"Loudspeaker Enclosures, Horns & Radiation",NEW,Batch 4
Aperiodic enclosure,"Loudspeaker Enclosures, Horns & Radiation",NEW,Batch 4
Resistive vent,"Loudspeaker Enclosures, Horns & Radiation",NEW,Batch 4
Variovent,"Loudspeaker Enclosures, Horns & Radiation",NEW,Batch 4
Lumped-parameter model,Loudspeaker / Transducer Engineering,EXISTING,Batch 4
Small-signal model,Loudspeaker / Transducer Engineering,EXISTING,Batch 4
Large-signal model,Loudspeaker / Transducer Engineering,EXISTING,Batch 4
Electro-mechano-acoustic equivalent circuit,Loudspeaker / Transducer Engineering,EXISTING,Batch 4
Mechanical equivalent circuit,Loudspeaker / Transducer Engineering,EXISTING,Batch 4
Mobility analogy,Loudspeaker / Transducer Engineering,EXISTING,Batch 4
Impedance analogy,Loudspeaker / Transducer Engineering,EXISTING,Batch 4
Electrical quality factor,Loudspeaker / Transducer Engineering,EXISTING,Batch 4
Mechanical quality factor,Loudspeaker / Transducer Engineering,EXISTING,Batch 4
Total quality factor,Loudspeaker / Transducer Engineering,EXISTING,Batch 4
Resonance frequency,Loudspeaker / Transducer Engineering,EXISTING,Batch 4
Equivalent compliance volume,Loudspeaker Types & Drivers,EXISTING,Batch 4
DC resistance,Loudspeaker / Transducer Engineering,EXISTING,Batch 4
Mechanical resistance,Loudspeaker / Transducer Engineering,EXISTING,Batch 4
Diaphragm mass,Loudspeaker Types & Drivers,EXISTING,Batch 4
Mmd,Loudspeaker / Transducer Engineering,EXISTING,Batch 4
Radiation mass,Loudspeaker / Transducer Engineering,EXISTING,Batch 4
Acoustic mass loading,Loudspeaker / Transducer Engineering,EXISTING,Batch 4
EBP,Loudspeaker / Transducer Engineering,EXISTING,Batch 4
Electrical damping,Loudspeaker / Transducer Engineering,EXISTING,Batch 4
Acoustic damping,Loudspeaker / Transducer Engineering,EXISTING,Batch 4
Mass corner,Loudspeaker / Transducer Engineering,EXISTING,Batch 4
Compliance corner,Loudspeaker Types & Drivers,EXISTING,Batch 4
Impedance peak,Loudspeaker / Transducer Engineering,EXISTING,Batch 4
Motional impedance,Loudspeaker / Transducer Engineering,EXISTING,Batch 4
Blocked impedance,Loudspeaker / Transducer Engineering,EXISTING,Batch 4
Motional branch,Loudspeaker / Transducer Engineering,EXISTING,Batch 4
Electrical branch,Loudspeaker / Transducer Engineering,EXISTING,Batch 4
Large-signal identification,Loudspeaker / Transducer Engineering,EXISTING,Batch 4
Nonlinear parameter identification,Loudspeaker / Transducer Engineering,EXISTING,Batch 4
Dynamic parameter measurement,Loudspeaker / Transducer Engineering,EXISTING,Batch 4
Quasi-static measurement,Loudspeaker / Transducer Engineering,EXISTING,Batch 4
Dynamic voice-coil position,Loudspeaker Types & Drivers,EXISTING,Batch 4
Instantaneous displacement,Loudspeaker Types & Drivers,EXISTING,Batch 4
Voice-coil current,Loudspeaker Types & Drivers,EXISTING,Batch 4
Voice-coil temperature,Loudspeaker Types & Drivers,EXISTING,Batch 4
Thermal state variable,Loudspeaker / Transducer Engineering,EXISTING,Batch 4
Nonlinear state-space model,Loudspeaker / Transducer Engineering,EXISTING,Batch 4
Lumped nonlinear model,Loudspeaker / Transducer Engineering,EXISTING,Batch 4
Parameter trajectory,Loudspeaker / Transducer Engineering,EXISTING,Batch 4
Working-point shift,Loudspeaker / Transducer Engineering,EXISTING,Batch 4
Dynamic DC displacement,Loudspeaker Types & Drivers,EXISTING,Batch 4
Rectified displacement,Loudspeaker Types & Drivers,EXISTING,Batch 4
Force-factor modulation,Loudspeaker / Transducer Engineering,EXISTING,Batch 4
Compliance modulation,Loudspeaker Types & Drivers,EXISTING,Batch 4
Inductance modulation,Loudspeaker Types & Drivers,EXISTING,Batch 4
Doppler modulation,Loudspeaker / Transducer Engineering,EXISTING,Batch 4
Amplitude modulation distortion,Loudspeaker / Transducer Engineering,EXISTING,Batch 4
Multitone distortion,Loudspeaker / Transducer Engineering,EXISTING,Batch 4
Rub-and-buzz distortion,Loudspeaker / Transducer Engineering,EXISTING,Batch 4
Loose-particle noise,Loudspeaker / Transducer Engineering,EXISTING,Batch 4
Air-leak noise,Loudspeaker / Transducer Engineering,EXISTING,Batch 4
Suspension noise,Loudspeaker Types & Drivers,EXISTING,Batch 4
Rocking-mode distortion,Loudspeaker Types & Drivers,EXISTING,Batch 4
Motor instability,Loudspeaker Types & Drivers,EXISTING,Batch 4
Thermal modulation,Loudspeaker / Transducer Engineering,EXISTING,Batch 4
Dynamic compression,Loudspeaker / Transducer Engineering,EXISTING,Batch 4
Instantaneous compression,Loudspeaker / Transducer Engineering,EXISTING,Batch 4
Sensitivity compression,Loudspeaker / Transducer Engineering,EXISTING,Batch 4
Thermal time constant,Loudspeaker / Transducer Engineering,EXISTING,Batch 4
Fast thermal time constant,Loudspeaker / Transducer Engineering,EXISTING,Batch 4
Slow thermal time constant,Loudspeaker / Transducer Engineering,EXISTING,Batch 4
Voice-coil thermal resistance,Loudspeaker Types & Drivers,EXISTING,Batch 4
Magnet thermal resistance,Loudspeaker Types & Drivers,EXISTING,Batch 4
Thermal capacitance,Loudspeaker / Transducer Engineering,EXISTING,Batch 4
Thermal runaway,Loudspeaker / Transducer Engineering,EXISTING,Batch 4
Balloon plot,"Loudspeaker Enclosures, Horns & Radiation",NEW,Batch 4
Polar map,"Loudspeaker Enclosures, Horns & Radiation",NEW,Batch 4
Directivity sonogram,"Loudspeaker Enclosures, Horns & Radiation",NEW,Batch 4
Directivity spectrogram,"Loudspeaker Enclosures, Horns & Radiation",NEW,Batch 4
Early-reflections curve,Loudspeaker / Transducer Engineering,EXISTING,Batch 4
Sound-power response,Loudspeaker / Transducer Engineering,EXISTING,Batch 4
Horizontal off-axis response,Loudspeaker / Transducer Engineering,EXISTING,Batch 4
Vertical off-axis response,Loudspeaker / Transducer Engineering,EXISTING,Batch 4
Constant directivity,"Loudspeaker Enclosures, Horns & Radiation",NEW,Batch 4
Directivity narrowing,"Loudspeaker Enclosures, Horns & Radiation",NEW,Batch 4
Directivity discontinuity,"Loudspeaker Enclosures, Horns & Radiation",NEW,Batch 4
Directivity mismatch,"Loudspeaker Enclosures, Horns & Radiation",NEW,Batch 4
Crossover lobing,"Loudspeaker Enclosures, Horns & Radiation",NEW,Batch 4
Vertical lobing,"Loudspeaker Enclosures, Horns & Radiation",NEW,Batch 4
Apparent acoustic center,"Loudspeaker Enclosures, Horns & Radiation",NEW,Batch 4
Phase center,"Loudspeaker Enclosures, Horns & Radiation",NEW,Batch 4
Virtual source,"Loudspeaker Enclosures, Horns & Radiation",NEW,Batch 4
Effective source size,Loudspeaker / Transducer Engineering,EXISTING,Batch 4
Piston directivity,Loudspeaker Types & Drivers,EXISTING,Batch 4
Baffle diffraction,"Loudspeaker Enclosures, Horns & Radiation",NEW,Batch 4
Edge diffraction,Loudspeaker / Transducer Engineering,EXISTING,Batch 4
Floor bounce,Loudspeaker / Transducer Engineering,EXISTING,Batch 4
Ceiling bounce,Loudspeaker / Transducer Engineering,EXISTING,Batch 4
SBIR,"Loudspeaker Enclosures, Horns & Radiation",NEW,Batch 4
Dipole null,Loudspeaker Types & Drivers,EXISTING,Batch 4
Dipole peak,Loudspeaker Types & Drivers,EXISTING,Batch 4
Dipole cancellation,Loudspeaker Types & Drivers,EXISTING,Batch 4
Cardioid radiation,"Loudspeaker Enclosures, Horns & Radiation",NEW,Batch 4
Gradient loudspeaker,"Loudspeaker Enclosures, Horns & Radiation",NEW,Batch 4
Acoustic resistance enclosure,"Loudspeaker Enclosures, Horns & Radiation",NEW,Batch 4
End-fire subwoofer array,"Loudspeaker Enclosures, Horns & Radiation",NEW,Batch 4
Broadside subwoofer array,"Loudspeaker Enclosures, Horns & Radiation",NEW,Batch 4
Gradient subwoofer array,Loudspeaker / Transducer Engineering,EXISTING,Batch 4
Steered array,"Loudspeaker Enclosures, Horns & Radiation",NEW,Batch 4
Shaded array,"Loudspeaker Enclosures, Horns & Radiation",NEW,Batch 4
Constant-beamwidth transducer,"Loudspeaker Enclosures, Horns & Radiation",NEW,Batch 4
Anechoic measurement,Measurement Fundamentals & Metering,EXISTING,Batch 4
Half-space measurement,Measurement Fundamentals & Metering,EXISTING,Batch 4
Full-space measurement,Measurement Fundamentals & Metering,EXISTING,Batch 4
Hemispherical measurement,Measurement Fundamentals & Metering,EXISTING,Batch 4
Far-field measurement,Measurement Fundamentals & Metering,EXISTING,Batch 4
Near-field–far-field splice,Measurement Fundamentals & Metering,EXISTING,Batch 4
Near-field scanner,Measurement Fundamentals & Metering,EXISTING,Batch 4
Klippel near-field scanner,Measurement Fundamentals & Metering,EXISTING,Batch 4
Holographic measurement,Measurement Fundamentals & Metering,EXISTING,Batch 4
Acoustic holography,Measurement Fundamentals & Metering,EXISTING,Batch 4
Near-field acoustic holography,Measurement Fundamentals & Metering,EXISTING,Batch 4
Finite-element method,Signal Analysis & Test Equipment,EXISTING,Batch 4
Finite-difference time-domain,Signal Analysis & Test Equipment,EXISTING,Batch 4
FDTD acoustics,Signal Analysis & Test Equipment,EXISTING,Batch 4
Boundary-condition model,Signal Analysis & Test Equipment,EXISTING,Batch 4
Reciprocity measurement,Signal Analysis & Test Equipment,EXISTING,Batch 4
Dual-channel measurement,Measurement Fundamentals & Metering,EXISTING,Batch 4
Reference-channel measurement,Measurement Fundamentals & Metering,EXISTING,Batch 4
Logarithmic sine sweep,Measurement Fundamentals & Metering,EXISTING,Batch 4
Time-delay spectrometry,Measurement Fundamentals & Metering,EXISTING,Batch 4
Time-windowed response,Signal Analysis & Test Equipment,EXISTING,Batch 4
Gated measurement,Measurement Fundamentals & Metering,EXISTING,Batch 4
Reflection-free window,Measurement Fundamentals & Metering,EXISTING,Batch 4
Time resolution,Measurement Fundamentals & Metering,EXISTING,Batch 4
Window leakage,Measurement Fundamentals & Metering,EXISTING,Batch 4
Transfer-function estimator,Measurement Fundamentals & Metering,EXISTING,Batch 4
H1 estimator,Measurement Fundamentals & Metering,EXISTING,Batch 4
H2 estimator,Measurement Fundamentals & Metering,EXISTING,Batch 4
Hv estimator,Measurement Fundamentals & Metering,EXISTING,Batch 4
Complex frequency response,Measurement Fundamentals & Metering,EXISTING,Batch 4
Excess-phase response,Measurement Fundamentals & Metering,EXISTING,Batch 4
Unwrapped phase,Measurement Fundamentals & Metering,EXISTING,Batch 4
Acoustic delay,Signal Analysis & Test Equipment,EXISTING,Batch 4
Excess group delay,Measurement Fundamentals & Metering,EXISTING,Batch 4
Harmonic distortion profile,Measurement Fundamentals & Metering,EXISTING,Batch 4
Second-harmonic distortion,Measurement Fundamentals & Metering,EXISTING,Batch 4
Third-harmonic distortion,Measurement Fundamentals & Metering,EXISTING,Batch 4
Higher-order harmonic distortion,Measurement Fundamentals & Metering,EXISTING,Batch 4
Difference-frequency distortion,Measurement Fundamentals & Metering,EXISTING,Batch 4
Modulation distortion,Measurement Fundamentals & Metering,EXISTING,Batch 4
Dynamic intermodulation distortion,Measurement Fundamentals & Metering,EXISTING,Batch 4
Transient intermodulation distortion,Measurement Fundamentals & Metering,EXISTING,Batch 4
Perceptual rub and buzz,Measurement Fundamentals & Metering,EXISTING,Batch 4
Crest-factor degradation,Measurement Fundamentals & Metering,EXISTING,Batch 4
Noncoherent distortion,Measurement Fundamentals & Metering,EXISTING,Batch 4
Coherent distortion,Measurement Fundamentals & Metering,EXISTING,Batch 4
Residual distortion,Measurement Fundamentals & Metering,EXISTING,Batch 4
Distortion residue,Measurement Fundamentals & Metering,EXISTING,Batch 4
Nonlinear impulse response,Measurement Fundamentals & Metering,EXISTING,Batch 4
Higher-order impulse response,Measurement Fundamentals & Metering,EXISTING,Batch 4
Volterra series,Measurement Fundamentals & Metering,EXISTING,Batch 4
Hammerstein model,Measurement Fundamentals & Metering,EXISTING,Batch 4
Wiener model,Measurement Fundamentals & Metering,EXISTING,Batch 4
Wiener–Hammerstein model,Measurement Fundamentals & Metering,EXISTING,Batch 4
Farina harmonic separation,Measurement Fundamentals & Metering,EXISTING,Batch 4
Linearity threshold,Measurement Fundamentals & Metering,EXISTING,Batch 4
Maximum linear SPL,Measurement Fundamentals & Metering,EXISTING,Batch 4
Maximum usable SPL,Measurement Fundamentals & Metering,EXISTING,Batch 4
Multitone coherence,Measurement Fundamentals & Metering,EXISTING,Batch 4
Spectral contamination,Signal Analysis & Test Equipment,EXISTING,Batch 4
Spurious-free dynamic range,Measurement Fundamentals & Metering,EXISTING,Batch 4
Maximum linear output,Measurement Fundamentals & Metering,EXISTING,Batch 4
Maximum acoustic output,Measurement Fundamentals & Metering,EXISTING,Batch 4
Maximum continuous SPL,Measurement Fundamentals & Metering,EXISTING,Batch 4
Maximum peak SPL,Measurement Fundamentals & Metering,EXISTING,Batch 4
Short-term maximum SPL,Measurement Fundamentals & Metering,EXISTING,Batch 4
Long-term maximum SPL,Measurement Fundamentals & Metering,EXISTING,Batch 4
Burst SPL,Measurement Fundamentals & Metering,EXISTING,Batch 4
Peak-to-average ratio,Measurement Fundamentals & Metering,EXISTING,Batch 4
Compression-limited output,Measurement Fundamentals & Metering,EXISTING,Batch 4
Distortion-limited output,Measurement Fundamentals & Metering,EXISTING,Batch 4
Excursion-limited output,Measurement Fundamentals & Metering,EXISTING,Batch 4
Voltage-limited output,Measurement Fundamentals & Metering,EXISTING,Batch 4
Current-limited output,Measurement Fundamentals & Metering,EXISTING,Batch 4
Continuous power handling,Measurement Fundamentals & Metering,EXISTING,Batch 4
Peak power,Measurement Fundamentals & Metering,EXISTING,Batch 4
Short-term power,Signal Analysis & Test Equipment,EXISTING,Batch 4
Long-term power,Signal Analysis & Test Equipment,EXISTING,Batch 4
Power-test noise,Measurement Fundamentals & Metering,EXISTING,Batch 4
Pink-noise power test,Measurement Fundamentals & Metering,EXISTING,Batch 4
Shaped-noise test,Measurement Fundamentals & Metering,EXISTING,Batch 4
IEC noise,Measurement Fundamentals & Metering,EXISTING,Batch 4
M-Noise,Measurement Fundamentals & Metering,EXISTING,Batch 4
Maximum linear sound level,Measurement Fundamentals & Metering,EXISTING,Batch 4
Acoustic compression,Measurement Fundamentals & Metering,EXISTING,Batch 4
Magnitude linearity,Measurement Fundamentals & Metering,EXISTING,Batch 4
Coherence degradation,Measurement Fundamentals & Metering,EXISTING,Batch 4
Test-signal spectrum,Measurement Fundamentals & Metering,EXISTING,Batch 4
Spectral crest factor,Measurement Fundamentals & Metering,EXISTING,Batch 4
Integrating sound-level meter,Measurement Fundamentals & Metering,EXISTING,Batch 4
Integrating-averaging sound-level meter,Measurement Fundamentals & Metering,EXISTING,Batch 4
Time-weighting sound-level meter,Measurement Fundamentals & Metering,EXISTING,Batch 4
Exponential time weighting,Measurement Fundamentals & Metering,EXISTING,Batch 4
Slow time weighting,Measurement Fundamentals & Metering,EXISTING,Batch 4
Impulse time weighting,Measurement Fundamentals & Metering,EXISTING,Batch 4
Sound exposure,Signal Analysis & Test Equipment,EXISTING,Batch 4
Time-average sound level,Signal Analysis & Test Equipment,EXISTING,Batch 4
LZeq,Measurement Fundamentals & Metering,EXISTING,Batch 4
Maximum sound level,Signal Analysis & Test Equipment,EXISTING,Batch 4
Minimum sound level,Signal Analysis & Test Equipment,EXISTING,Batch 4
LAFmax,Measurement Fundamentals & Metering,EXISTING,Batch 4
LASmax,Measurement Fundamentals & Metering,EXISTING,Batch 4
LCFmax,Measurement Fundamentals & Metering,EXISTING,Batch 4
Peak C-weighted level,Signal Analysis & Test Equipment,EXISTING,Batch 4
Statistical sound level,Signal Analysis & Test Equipment,EXISTING,Batch 4
Exceedance level,Measurement Fundamentals & Metering,EXISTING,Batch 4
Percentile level,Measurement Fundamentals & Metering,EXISTING,Batch 4
Day–night average sound level,Measurement Fundamentals & Metering,EXISTING,Batch 4
Community-noise equivalent level,Measurement Fundamentals & Metering,EXISTING,Batch 4
Noise dose,Measurement Fundamentals & Metering,EXISTING,Batch 4
Exchange rate,Measurement Fundamentals & Metering,EXISTING,Batch 4
Criterion level,Measurement Fundamentals & Metering,EXISTING,Batch 4
Threshold level,Measurement Fundamentals & Metering,EXISTING,Batch 4
Octave-band level,Measurement Fundamentals & Metering,EXISTING,Batch 4
Fractional-octave-band level,Measurement Fundamentals & Metering,EXISTING,Batch 4
One-third-octave analysis,Signal Analysis & Test Equipment,EXISTING,Batch 4
Tonality,Measurement Fundamentals & Metering,EXISTING,Batch 4
Prominent discrete tone,Measurement Fundamentals & Metering,EXISTING,Batch 4
Impulsiveness,Measurement Fundamentals & Metering,EXISTING,Batch 4
Event sound level,Measurement Fundamentals & Metering,EXISTING,Batch 4
Maximum-event level,Signal Analysis & Test Equipment,EXISTING,Batch 4
Background sound level,Signal Analysis & Test Equipment,EXISTING,Batch 4
Residual sound level,Signal Analysis & Test Equipment,EXISTING,Batch 4
Specific sound level,Signal Analysis & Test Equipment,EXISTING,Batch 4
Rating level,Measurement Fundamentals & Metering,EXISTING,Batch 4
Active intensity,Measurement Fundamentals & Metering,EXISTING,Batch 4
Reactive intensity,Measurement Fundamentals & Metering,EXISTING,Batch 4
Instantaneous intensity,Signal Analysis & Test Equipment,EXISTING,Batch 4
Time-averaged intensity,Signal Analysis & Test Equipment,EXISTING,Batch 4
Intensity vector,Measurement Fundamentals & Metering,EXISTING,Batch 4
Intensity probe,Measurement Fundamentals & Metering,EXISTING,Batch 4
Pressure–pressure intensity probe,Measurement Fundamentals & Metering,EXISTING,Batch 4
Pressure–velocity intensity probe,Measurement Fundamentals & Metering,EXISTING,Batch 4
Phase mismatch,Signal Analysis & Test Equipment,EXISTING,Batch 4
Residual intensity,Measurement Fundamentals & Metering,EXISTING,Batch 4
Pressure–intensity index,Measurement Fundamentals & Metering,EXISTING,Batch 4
Field reactivity,Measurement Fundamentals & Metering,EXISTING,Batch 4
Dynamic capability,Signal Analysis & Test Equipment,EXISTING,Batch 4
Spacer distance,Measurement Fundamentals & Metering,EXISTING,Batch 4
Probe orientation,Signal Analysis & Test Equipment,EXISTING,Batch 4
Surface scanning,Measurement Fundamentals & Metering,EXISTING,Batch 4
Discrete-point measurement,Signal Analysis & Test Equipment,EXISTING,Batch 4
Measurement surface,Signal Analysis & Test Equipment,EXISTING,Batch 4
Enveloping surface,Measurement Fundamentals & Metering,EXISTING,Batch 4
Acoustic-power determination,Measurement Fundamentals & Metering,EXISTING,Batch 4
Sound-power source,Measurement Fundamentals & Metering,EXISTING,Batch 4
Reference sound source,Measurement Fundamentals & Metering,EXISTING,Batch 4
Comparison method,Measurement Fundamentals & Metering,EXISTING,Batch 4
Reverberation-room method,Measurement Fundamentals & Metering,EXISTING,Batch 4
Anechoic-room method,Measurement Fundamentals & Metering,EXISTING,Batch 4
Intensity method,Measurement Fundamentals & Metering,EXISTING,Batch 4
Engineering-grade measurement,Signal Analysis & Test Equipment,EXISTING,Batch 4
Precision-grade measurement,Signal Analysis & Test Equipment,EXISTING,Batch 4
Survey-grade measurement,Signal Analysis & Test Equipment,EXISTING,Batch 4
Directivity correction,Signal Analysis & Test Equipment,EXISTING,Batch 4
Environmental correction,Signal Analysis & Test Equipment,EXISTING,Batch 4
Background-noise correction,Signal Analysis & Test Equipment,EXISTING,Batch 4
Near-field correction,Measurement Fundamentals & Metering,EXISTING,Batch 4
Modal region,Room Acoustics,EXISTING,Batch 4
Transition region,Sound & Acoustics,EXISTING,Batch 4
Statistical region,Room Acoustics,EXISTING,Batch 4
Modal spacing,Sound & Acoustics,EXISTING,Batch 4
Mean absorption coefficient,Sound & Acoustics,EXISTING,Batch 4
Eyring absorption,Room Acoustics,EXISTING,Batch 4
Non-diffuse sound field,Room Acoustics,EXISTING,Batch 4
Sound-field diffuseness,Room Acoustics,EXISTING,Batch 4
Spatial variance,Sound & Acoustics,EXISTING,Batch 4
Energy decay curve,Room Acoustics,EXISTING,Batch 4
Reverse-time integration,Sound & Acoustics,EXISTING,Batch 4
Interrupted-noise method,Sound & Acoustics,EXISTING,Batch 4
Integrated impulse-response method,Sound & Acoustics,EXISTING,Batch 4
T10,Room Acoustics,EXISTING,Batch 4
Center time,Room Acoustics,EXISTING,Batch 4
Ts,Sound & Acoustics,EXISTING,Batch 4
Definition,Room Acoustics,EXISTING,Batch 4
C50,Room Acoustics,EXISTING,Batch 4
C80,Room Acoustics,EXISTING,Batch 4
Strength,Sound & Acoustics,EXISTING,Batch 4
Bass ratio,Sound & Acoustics,EXISTING,Batch 4
Brilliance,Sound & Acoustics,EXISTING,Batch 4
Late lateral sound level,Sound & Acoustics,EXISTING,Batch 4
Binaural quality index,Sound & Acoustics,EXISTING,Batch 4
Stage support,Room Acoustics,EXISTING,Batch 4
STearly,Sound & Acoustics,EXISTING,Batch 4
STlate,Sound & Acoustics,EXISTING,Batch 4
Echo criterion,Room Acoustics,EXISTING,Batch 4
Speech clarity,Room Acoustics,EXISTING,Batch 4
Musical clarity,Room Acoustics,EXISTING,Batch 4
Finite-element analysis,Advanced & Physical Acoustics (Nonlinear/Structural/Aero/Materials),NEW,Batch 4
Boundary-element analysis,Advanced & Physical Acoustics (Nonlinear/Structural/Aero/Materials),NEW,Batch 4
Finite-difference method,Advanced & Physical Acoustics (Nonlinear/Structural/Aero/Materials),NEW,Batch 4
Discontinuous Galerkin method,Advanced & Physical Acoustics (Nonlinear/Structural/Aero/Materials),NEW,Batch 4
Spectral-element method,Advanced & Physical Acoustics (Nonlinear/Structural/Aero/Materials),NEW,Batch 4
Wave-based method,Advanced & Physical Acoustics (Nonlinear/Structural/Aero/Materials),NEW,Batch 4
Ray tracing,Advanced & Physical Acoustics (Nonlinear/Structural/Aero/Materials),NEW,Batch 4
Image-source method,Advanced & Physical Acoustics (Nonlinear/Structural/Aero/Materials),NEW,Batch 4
Beam tracing,Advanced & Physical Acoustics (Nonlinear/Structural/Aero/Materials),NEW,Batch 4
Phonon tracing,Advanced & Physical Acoustics (Nonlinear/Structural/Aero/Materials),NEW,Batch 4
Geometrical-acoustics simulation,Advanced & Physical Acoustics (Nonlinear/Structural/Aero/Materials),NEW,Batch 4
Hybrid acoustic simulation,Advanced & Physical Acoustics (Nonlinear/Structural/Aero/Materials),NEW,Batch 4
Statistical energy analysis,Advanced & Physical Acoustics (Nonlinear/Structural/Aero/Materials),NEW,Batch 4
SEA,Advanced & Physical Acoustics (Nonlinear/Structural/Aero/Materials),NEW,Batch 4
Energy finite-element analysis,Advanced & Physical Acoustics (Nonlinear/Structural/Aero/Materials),NEW,Batch 4
Transfer-matrix method,Advanced & Physical Acoustics (Nonlinear/Structural/Aero/Materials),NEW,Batch 4
Transmission-line matrix,Advanced & Physical Acoustics (Nonlinear/Structural/Aero/Materials),NEW,Batch 4
Equivalent-fluid model,Advanced & Physical Acoustics (Nonlinear/Structural/Aero/Materials),NEW,Batch 4
Johnson–Champoux–Allard model,Advanced & Physical Acoustics (Nonlinear/Structural/Aero/Materials),NEW,Batch 4
Biot theory,Advanced & Physical Acoustics (Nonlinear/Structural/Aero/Materials),NEW,Batch 4
Poroelastic model,Advanced & Physical Acoustics (Nonlinear/Structural/Aero/Materials),NEW,Batch 4
Perfectly matched layer,Advanced & Physical Acoustics (Nonlinear/Structural/Aero/Materials),NEW,Batch 4
Absorbing boundary condition,Advanced & Physical Acoustics (Nonlinear/Structural/Aero/Materials),NEW,Batch 4
Mesh convergence,Advanced & Physical Acoustics (Nonlinear/Structural/Aero/Materials),NEW,Batch 4
Element order,Sound & Acoustics,EXISTING,Batch 4
Numerical dispersion,Advanced & Physical Acoustics (Nonlinear/Structural/Aero/Materials),NEW,Batch 4
Numerical dissipation,Advanced & Physical Acoustics (Nonlinear/Structural/Aero/Materials),NEW,Batch 4
Courant condition,Advanced & Physical Acoustics (Nonlinear/Structural/Aero/Materials),NEW,Batch 4
Spatial discretization,Advanced & Physical Acoustics (Nonlinear/Structural/Aero/Materials),NEW,Batch 4
Temporal discretization,Advanced & Physical Acoustics (Nonlinear/Structural/Aero/Materials),NEW,Batch 4
Model-order reduction,Advanced & Physical Acoustics (Nonlinear/Structural/Aero/Materials),NEW,Batch 4
Reduced-order model,Advanced & Physical Acoustics (Nonlinear/Structural/Aero/Materials),NEW,Batch 4
Lumped-element approximation,Sound & Acoustics,EXISTING,Batch 4
Distributed-parameter model,Sound & Acoustics,EXISTING,Batch 4
Coupled-field simulation,Advanced & Physical Acoustics (Nonlinear/Structural/Aero/Materials),NEW,Batch 4
Multiphysics simulation,Advanced & Physical Acoustics (Nonlinear/Structural/Aero/Materials),NEW,Batch 4
Fibrous absorber,Room Acoustics,EXISTING,Batch 4
Open-cell foam,Advanced & Physical Acoustics (Nonlinear/Structural/Aero/Materials),NEW,Batch 4
Closed-cell foam,Advanced & Physical Acoustics (Nonlinear/Structural/Aero/Materials),NEW,Batch 4
Flow resistivity,Advanced & Physical Acoustics (Nonlinear/Structural/Aero/Materials),NEW,Batch 4
Tortuosity,Advanced & Physical Acoustics (Nonlinear/Structural/Aero/Materials),NEW,Batch 4
Porosity,Advanced & Physical Acoustics (Nonlinear/Structural/Aero/Materials),NEW,Batch 4
Viscous characteristic length,Advanced & Physical Acoustics (Nonlinear/Structural/Aero/Materials),NEW,Batch 4
Thermal characteristic length,Advanced & Physical Acoustics (Nonlinear/Structural/Aero/Materials),NEW,Batch 4
Bulk density,Sound & Acoustics,EXISTING,Batch 4
Complex bulk modulus,Advanced & Physical Acoustics (Nonlinear/Structural/Aero/Materials),NEW,Batch 4
Complex density,Advanced & Physical Acoustics (Nonlinear/Structural/Aero/Materials),NEW,Batch 4
Propagation constant,Sound & Acoustics,EXISTING,Batch 4
Normal-incidence impedance,Sound & Acoustics,EXISTING,Batch 4
Surface impedance,Sound & Acoustics,EXISTING,Batch 4
Slotted-panel absorber,Room Acoustics,EXISTING,Batch 4
Distributed Helmholtz resonator,Sound & Acoustics,EXISTING,Batch 4
Quarter-wave absorber,Room Acoustics,EXISTING,Batch 4
Locally reacting absorber,Room Acoustics,EXISTING,Batch 4
Nonlocally reacting absorber,Room Acoustics,EXISTING,Batch 4
Sonic crystal,Advanced & Physical Acoustics (Nonlinear/Structural/Aero/Materials),NEW,Batch 4
Phononic bandgap,Advanced & Physical Acoustics (Nonlinear/Structural/Aero/Materials),NEW,Batch 4
Coiled-space resonator,Advanced & Physical Acoustics (Nonlinear/Structural/Aero/Materials),NEW,Batch 4
Space-coiling metamaterial,Advanced & Physical Acoustics (Nonlinear/Structural/Aero/Materials),NEW,Batch 4
Labyrinthine metamaterial,Advanced & Physical Acoustics (Nonlinear/Structural/Aero/Materials),NEW,Batch 4
Acoustic metasurface,Advanced & Physical Acoustics (Nonlinear/Structural/Aero/Materials),NEW,Batch 4
Gradient-index acoustic material,Advanced & Physical Acoustics (Nonlinear/Structural/Aero/Materials),NEW,Batch 4
Acoustic impedance matching layer,Advanced & Physical Acoustics (Nonlinear/Structural/Aero/Materials),NEW,Batch 4
Anechoic coating,Advanced & Physical Acoustics (Nonlinear/Structural/Aero/Materials),NEW,Batch 4
Constrained-layer damping material,Advanced & Physical Acoustics (Nonlinear/Structural/Aero/Materials),NEW,Batch 4
Piezoelectric element,"Ultrasonics, Underwater & Spatial-Audio Science",NEW,Batch 4
Piezoelectric stack,"Ultrasonics, Underwater & Spatial-Audio Science",NEW,Batch 4
Langevin transducer,"Ultrasonics, Underwater & Spatial-Audio Science",NEW,Batch 4
Tonpilz transducer,"Ultrasonics, Underwater & Spatial-Audio Science",NEW,Batch 4
Flextensional transducer,"Ultrasonics, Underwater & Spatial-Audio Science",NEW,Batch 4
Cymbal transducer,"Ultrasonics, Underwater & Spatial-Audio Science",NEW,Batch 4
Capacitive micromachined ultrasonic transducer,"Ultrasonics, Underwater & Spatial-Audio Science",NEW,Batch 4
CMUT,"Ultrasonics, Underwater & Spatial-Audio Science",NEW,Batch 4
Piezoelectric micromachined ultrasonic transducer,"Ultrasonics, Underwater & Spatial-Audio Science",NEW,Batch 4
PMUT,"Ultrasonics, Underwater & Spatial-Audio Science",NEW,Batch 4
Ultrasonic horn,"Ultrasonics, Underwater & Spatial-Audio Science",NEW,Batch 4
Sonotrode,"Ultrasonics, Underwater & Spatial-Audio Science",NEW,Batch 4
Acoustic matching layer,"Ultrasonics, Underwater & Spatial-Audio Science",NEW,Batch 4
Backing layer,"Ultrasonics, Underwater & Spatial-Audio Science",NEW,Batch 4
Quarter-wave matching layer,"Ultrasonics, Underwater & Spatial-Audio Science",NEW,Batch 4
Electromechanical coupling coefficient,"Ultrasonics, Underwater & Spatial-Audio Science",NEW,Batch 4
Thickness mode,"Ultrasonics, Underwater & Spatial-Audio Science",NEW,Batch 4
Lateral mode,"Ultrasonics, Underwater & Spatial-Audio Science",NEW,Batch 4
Shear mode,"Ultrasonics, Underwater & Spatial-Audio Science",NEW,Batch 4
Pulse-echo mode,"Ultrasonics, Underwater & Spatial-Audio Science",NEW,Batch 4
Through-transmission mode,"Ultrasonics, Underwater & Spatial-Audio Science",NEW,Batch 4
Time-of-flight diffraction,"Ultrasonics, Underwater & Spatial-Audio Science",NEW,Batch 4
Ultrasonic attenuation,"Ultrasonics, Underwater & Spatial-Audio Science",NEW,Batch 4
Acoustic-emission sensor,"Ultrasonics, Underwater & Spatial-Audio Science",NEW,Batch 4
Guided-wave inspection,"Ultrasonics, Underwater & Spatial-Audio Science",NEW,Batch 4
Phased-array ultrasonics,"Ultrasonics, Underwater & Spatial-Audio Science",NEW,Batch 4
Electronic focusing,"Ultrasonics, Underwater & Spatial-Audio Science",NEW,Batch 4
Focal law,"Ultrasonics, Underwater & Spatial-Audio Science",NEW,Batch 4
Near-field length,"Ultrasonics, Underwater & Spatial-Audio Science",NEW,Batch 4
Dead zone,"Ultrasonics, Underwater & Spatial-Audio Science",NEW,Batch 4
Axial resolution,"Ultrasonics, Underwater & Spatial-Audio Science",NEW,Batch 4
Lateral resolution,"Ultrasonics, Underwater & Spatial-Audio Science",NEW,Batch 4
Doppler shift,"Ultrasonics, Underwater & Spatial-Audio Science",NEW,Batch 4
Continuous-wave Doppler,"Ultrasonics, Underwater & Spatial-Audio Science",NEW,Batch 4
Pulsed-wave Doppler,"Ultrasonics, Underwater & Spatial-Audio Science",NEW,Batch 4
Acoustic radiation-force impulse,"Ultrasonics, Underwater & Spatial-Audio Science",NEW,Batch 4
Shear-wave elastography,"Ultrasonics, Underwater & Spatial-Audio Science",NEW,Batch 4
Vector hydrophone,"Ultrasonics, Underwater & Spatial-Audio Science",NEW,Batch 4
Pressure hydrophone,"Ultrasonics, Underwater & Spatial-Audio Science",NEW,Batch 4
Particle-velocity hydrophone,"Ultrasonics, Underwater & Spatial-Audio Science",NEW,Batch 4
Sonobuoy,"Ultrasonics, Underwater & Spatial-Audio Science",NEW,Batch 4
Towed array,"Ultrasonics, Underwater & Spatial-Audio Science",NEW,Batch 4
Hull-mounted array,"Ultrasonics, Underwater & Spatial-Audio Science",NEW,Batch 4
Flank array,"Ultrasonics, Underwater & Spatial-Audio Science",NEW,Batch 4
Planar sonar array,"Ultrasonics, Underwater & Spatial-Audio Science",NEW,Batch 4
Spherical sonar array,"Ultrasonics, Underwater & Spatial-Audio Science",NEW,Batch 4
Beamformed sonar,"Ultrasonics, Underwater & Spatial-Audio Science",NEW,Batch 4
Active sonar,"Ultrasonics, Underwater & Spatial-Audio Science",NEW,Batch 4
Passive sonar,"Ultrasonics, Underwater & Spatial-Audio Science",NEW,Batch 4
Multibeam sonar,"Ultrasonics, Underwater & Spatial-Audio Science",NEW,Batch 4
Side-scan sonar,"Ultrasonics, Underwater & Spatial-Audio Science",NEW,Batch 4
Synthetic-aperture sonar,"Ultrasonics, Underwater & Spatial-Audio Science",NEW,Batch 4
Forward-looking sonar,"Ultrasonics, Underwater & Spatial-Audio Science",NEW,Batch 4
Echo sounder,"Ultrasonics, Underwater & Spatial-Audio Science",NEW,Batch 4
Pinger,"Ultrasonics, Underwater & Spatial-Audio Science",NEW,Batch 4
Transponder,"Ultrasonics, Underwater & Spatial-Audio Science",NEW,Batch 4
Underwater acoustic modem,"Ultrasonics, Underwater & Spatial-Audio Science",NEW,Batch 4
Sound-speed profile,"Ultrasonics, Underwater & Spatial-Audio Science",NEW,Batch 4
Thermocline,"Ultrasonics, Underwater & Spatial-Audio Science",NEW,Batch 4
SOFAR channel,"Ultrasonics, Underwater & Spatial-Audio Science",NEW,Batch 4
Deep sound channel,"Ultrasonics, Underwater & Spatial-Audio Science",NEW,Batch 4
Surface duct,"Ultrasonics, Underwater & Spatial-Audio Science",NEW,Batch 4
Bottom bounce,"Ultrasonics, Underwater & Spatial-Audio Science",NEW,Batch 4
Convergence zone,"Ultrasonics, Underwater & Spatial-Audio Science",NEW,Batch 4
Multipath propagation,"Ultrasonics, Underwater & Spatial-Audio Science",NEW,Batch 4
Reverberation level,"Ultrasonics, Underwater & Spatial-Audio Science",NEW,Batch 4
Target strength,"Ultrasonics, Underwater & Spatial-Audio Science",NEW,Batch 4
Source level,"Ultrasonics, Underwater & Spatial-Audio Science",NEW,Batch 4
Detection threshold,"Ultrasonics, Underwater & Spatial-Audio Science",NEW,Batch 4
Ambient-noise level,"Ultrasonics, Underwater & Spatial-Audio Science",NEW,Batch 4
Cavitation noise,"Ultrasonics, Underwater & Spatial-Audio Science",NEW,Batch 4
Array gain,"Ultrasonics, Underwater & Spatial-Audio Science",NEW,Batch 4
Directivity gain,"Ultrasonics, Underwater & Spatial-Audio Science",NEW,Batch 4
Processing gain,"Ultrasonics, Underwater & Spatial-Audio Science",NEW,Batch 4
Matched-field processing,"Ultrasonics, Underwater & Spatial-Audio Science",NEW,Batch 4
Photoacoustic effect,Microphone Types & Transducers,EXISTING,Batch 4
Optoacoustic effect,Microphone Types & Transducers,EXISTING,Batch 4
Photoacoustic spectroscopy,Microphone Types & Transducers,EXISTING,Batch 4
Photoacoustic cell,Microphone Types & Transducers,EXISTING,Batch 4
Resonant photoacoustic cell,Microphone Types & Transducers,EXISTING,Batch 4
Nonresonant photoacoustic cell,Microphone Types & Transducers,EXISTING,Batch 4
Laser Doppler vibrometry,Microphone Types & Transducers,EXISTING,Batch 4
Scanning laser Doppler vibrometry,Microphone Types & Transducers,EXISTING,Batch 4
Heterodyne interferometry,Microphone Types & Transducers,EXISTING,Batch 4
Homodyne interferometry,Microphone Types & Transducers,EXISTING,Batch 4
Optical microphone,Microphones,EXISTING,Batch 4
Fabry–Pérot microphone,Microphone Types & Transducers,EXISTING,Batch 4
Mach–Zehnder interferometer,Microphone Types & Transducers,EXISTING,Batch 4
Michelson interferometer,Microphone Types & Transducers,EXISTING,Batch 4
Optical phase modulation,Microphone Types & Transducers,EXISTING,Batch 4
Optical intensity modulation,Microphone Types & Transducers,EXISTING,Batch 4
Speckle interferometry,Microphone Types & Transducers,EXISTING,Batch 4
Remote vibrometry,Microphone Types & Transducers,EXISTING,Batch 4
Surface-velocity measurement,Microphones,EXISTING,Batch 4
Noncontact vibration measurement,Microphones,EXISTING,Batch 4
Photothermal excitation,Microphone Types & Transducers,EXISTING,Batch 4
Photoacoustic imaging,Microphone Types & Transducers,EXISTING,Batch 4
Optoacoustic tomography,Microphone Types & Transducers,EXISTING,Batch 4
Laser ultrasonics,Microphone Types & Transducers,EXISTING,Batch 4
Interferometric displacement sensitivity,Microphone Types & Transducers,EXISTING,Batch 4
Auditory filter,"Ultrasonics, Underwater & Spatial-Audio Science",NEW,Batch 4
ERB,"Ultrasonics, Underwater & Spatial-Audio Science",NEW,Batch 4
Critical-band rate,"Ultrasonics, Underwater & Spatial-Audio Science",NEW,Batch 4
Mel scale,"Ultrasonics, Underwater & Spatial-Audio Science",NEW,Batch 4
Auditory excitation pattern,"Ultrasonics, Underwater & Spatial-Audio Science",NEW,Batch 4
Specific loudness,"Ultrasonics, Underwater & Spatial-Audio Science",NEW,Batch 4
Loudness level,"Ultrasonics, Underwater & Spatial-Audio Science",NEW,Batch 4
Binaural loudness,"Ultrasonics, Underwater & Spatial-Audio Science",NEW,Batch 4
Loudness summation,"Ultrasonics, Underwater & Spatial-Audio Science",NEW,Batch 4
Spectral loudness summation,"Ultrasonics, Underwater & Spatial-Audio Science",NEW,Batch 4
Auditory compression,"Ultrasonics, Underwater & Spatial-Audio Science",NEW,Batch 4
Cochlear compression,"Ultrasonics, Underwater & Spatial-Audio Science",NEW,Batch 4
Simultaneous masking,"Ultrasonics, Underwater & Spatial-Audio Science",NEW,Batch 4
Forward masking,"Ultrasonics, Underwater & Spatial-Audio Science",NEW,Batch 4
Energetic masking,"Ultrasonics, Underwater & Spatial-Audio Science",NEW,Batch 4
Equalization-cancellation model,"Ultrasonics, Underwater & Spatial-Audio Science",NEW,Batch 4
Residue pitch,"Ultrasonics, Underwater & Spatial-Audio Science",NEW,Batch 4
Spectral pitch,"Ultrasonics, Underwater & Spatial-Audio Science",NEW,Batch 4
Temporal pitch,"Ultrasonics, Underwater & Spatial-Audio Science",NEW,Batch 4
Roughness,"Ultrasonics, Underwater & Spatial-Audio Science",NEW,Batch 4
Fluctuation strength,"Ultrasonics, Underwater & Spatial-Audio Science",NEW,Batch 4
Sensory pleasantness,"Ultrasonics, Underwater & Spatial-Audio Science",NEW,Batch 4
Stream segregation,"Ultrasonics, Underwater & Spatial-Audio Science",NEW,Batch 4
Auditory object,"Ultrasonics, Underwater & Spatial-Audio Science",NEW,Batch 4
Common-fate grouping,"Ultrasonics, Underwater & Spatial-Audio Science",NEW,Batch 4
Harmonicity cue,"Ultrasonics, Underwater & Spatial-Audio Science",NEW,Batch 4
Onset synchrony,"Ultrasonics, Underwater & Spatial-Audio Science",NEW,Batch 4
Spectral spread,"Ultrasonics, Underwater & Spatial-Audio Science",NEW,Batch 4
Temporal envelope,"Ultrasonics, Underwater & Spatial-Audio Science",NEW,Batch 4
HRTF,"Ultrasonics, Underwater & Spatial-Audio Science",NEW,Batch 4
HRIR,"Ultrasonics, Underwater & Spatial-Audio Science",NEW,Batch 4
Interaural cross-correlation,"Ultrasonics, Underwater & Spatial-Audio Science",NEW,Batch 4
Front–back reversal,"Ultrasonics, Underwater & Spatial-Audio Science",NEW,Batch 4
Externalization,"Ultrasonics, Underwater & Spatial-Audio Science",NEW,Batch 4
Intracranial localization,"Ultrasonics, Underwater & Spatial-Audio Science",NEW,Batch 4
Auditory parallax,"Ultrasonics, Underwater & Spatial-Audio Science",NEW,Batch 4
Dynamic localization cue,"Ultrasonics, Underwater & Spatial-Audio Science",NEW,Batch 4
Head-motion cue,"Ultrasonics, Underwater & Spatial-Audio Science",NEW,Batch 4
Spectral notch,"Ultrasonics, Underwater & Spatial-Audio Science",NEW,Batch 4
BRIR,"Ultrasonics, Underwater & Spatial-Audio Science",NEW,Batch 4
Binaural synthesis,"Ultrasonics, Underwater & Spatial-Audio Science",NEW,Batch 4
Crosstalk cancellation,"Ultrasonics, Underwater & Spatial-Audio Science",NEW,Batch 4
Ambisonics,"Ultrasonics, Underwater & Spatial-Audio Science",NEW,Batch 4
Spherical harmonic decomposition,"Ultrasonics, Underwater & Spatial-Audio Science",NEW,Batch 4
Ambisonic order,"Ultrasonics, Underwater & Spatial-Audio Science",NEW,Batch 4
Ambisonic normalization,"Ultrasonics, Underwater & Spatial-Audio Science",NEW,Batch 4
Near-field compensation,"Ultrasonics, Underwater & Spatial-Audio Science",NEW,Batch 4
Radial filter,"Ultrasonics, Underwater & Spatial-Audio Science",NEW,Batch 4
Kirchhoff–Helmholtz integral,"Ultrasonics, Underwater & Spatial-Audio Science",NEW,Batch 4
Huygens principle,"Ultrasonics, Underwater & Spatial-Audio Science",NEW,Batch 4
Sound-field synthesis,"Ultrasonics, Underwater & Spatial-Audio Science",NEW,Batch 4
Sound-zone control,"Ultrasonics, Underwater & Spatial-Audio Science",NEW,Batch 4
Personal sound zone,"Ultrasonics, Underwater & Spatial-Audio Science",NEW,Batch 4
Acoustic contrast control,"Ultrasonics, Underwater & Spatial-Audio Science",NEW,Batch 4
Pressure matching,"Ultrasonics, Underwater & Spatial-Audio Science",NEW,Batch 4
Multizone reproduction,"Ultrasonics, Underwater & Spatial-Audio Science",NEW,Batch 4
Instantaneous amplitude,Signal Analysis & Test Equipment,EXISTING,Batch 4
Instantaneous phase,Signal Analysis & Test Equipment,EXISTING,Batch 4
Complex envelope,Signal Analysis & Test Equipment,EXISTING,Batch 4
Quadrature signal,Signal Analysis & Test Equipment,EXISTING,Batch 4
Time–frequency representation,Signal Analysis & Test Equipment,EXISTING,Batch 4
Continuous wavelet transform,Signal Analysis & Test Equipment,EXISTING,Batch 4
Discrete wavelet transform,Signal Analysis & Test Equipment,EXISTING,Batch 4
Wigner–Ville distribution,Signal Analysis & Test Equipment,EXISTING,Batch 4
Cohen's class,Signal Analysis & Test Equipment,EXISTING,Batch 4
Reassigned spectrogram,Signal Analysis & Test Equipment,EXISTING,Batch 4
Synchrosqueezing,Signal Analysis & Test Equipment,EXISTING,Batch 4
Constant-Q transform,Signal Analysis & Test Equipment,EXISTING,Batch 4
Gammatone transform,Signal Analysis & Test Equipment,EXISTING,Batch 4
Auditory filterbank,Signal Analysis & Test Equipment,EXISTING,Batch 4
Mel-frequency spectrum,Signal Analysis & Test Equipment,EXISTING,Batch 4
Real cepstrum,Signal Analysis & Test Equipment,EXISTING,Batch 4
Complex cepstrum,Signal Analysis & Test Equipment,EXISTING,Batch 4
Power cepstrum,Signal Analysis & Test Equipment,EXISTING,Batch 4
Liftering,Signal Analysis & Test Equipment,EXISTING,Batch 4
Homomorphic analysis,Signal Analysis & Test Equipment,EXISTING,Batch 4
Bispectrum,Signal Analysis & Test Equipment,EXISTING,Batch 4
Bicoherence,Measurement Fundamentals & Metering,EXISTING,Batch 4
Higher-order spectrum,Signal Analysis & Test Equipment,EXISTING,Batch 4
Cyclostationary analysis,Signal Analysis & Test Equipment,EXISTING,Batch 4
Order tracking,Signal Analysis & Test Equipment,EXISTING,Batch 4
Synchronous averaging,Signal Analysis & Test Equipment,EXISTING,Batch 4
Envelope analysis,Signal Analysis & Test Equipment,EXISTING,Batch 4
Spectral kurtosis,Signal Analysis & Test Equipment,EXISTING,Batch 4
Kurtogram,Signal Analysis & Test Equipment,EXISTING,Batch 4
Partial coherence,Measurement Fundamentals & Metering,EXISTING,Batch 4
Multiple coherence,Measurement Fundamentals & Metering,EXISTING,Batch 4
Operational transfer-path analysis,Signal Analysis & Test Equipment,EXISTING,Batch 4
Independent-component analysis,Signal Analysis & Test Equipment,EXISTING,Batch 4
Metrology,Measurement Fundamentals & Metering,EXISTING,Batch 4
Acoustical metrology,Measurement Fundamentals & Metering,EXISTING,Batch 4
Measurand,Measurement Fundamentals & Metering,EXISTING,Batch 4
Measurement model,Measurement Fundamentals & Metering,EXISTING,Batch 4
Measurement function,Measurement Fundamentals & Metering,EXISTING,Batch 4
Indication,Signal Analysis & Test Equipment,EXISTING,Batch 4
Measurement result,Measurement Fundamentals & Metering,EXISTING,Batch 4
Adjustment,Signal Analysis & Test Equipment,EXISTING,Batch 4
Validation,Signal Analysis & Test Equipment,EXISTING,Batch 4
Traceability,Measurement Fundamentals & Metering,EXISTING,Batch 4
Metrological traceability,Measurement Fundamentals & Metering,EXISTING,Batch 4
Reference standard,Measurement Fundamentals & Metering,EXISTING,Batch 4
Primary standard,Measurement Fundamentals & Metering,EXISTING,Batch 4
Secondary standard,Measurement Fundamentals & Metering,EXISTING,Batch 4
Working standard,Measurement Fundamentals & Metering,EXISTING,Batch 4
Transfer standard,Measurement Fundamentals & Metering,EXISTING,Batch 4
Calibration hierarchy,Measurement Fundamentals & Metering,EXISTING,Batch 4
Standard uncertainty,Measurement Fundamentals & Metering,EXISTING,Batch 4
Combined standard uncertainty,Measurement Fundamentals & Metering,EXISTING,Batch 4
Coverage factor,Measurement Fundamentals & Metering,EXISTING,Batch 4
Coverage probability,Measurement Fundamentals & Metering,EXISTING,Batch 4
Type A evaluation,Measurement Fundamentals & Metering,EXISTING,Batch 4
Type B evaluation,Measurement Fundamentals & Metering,EXISTING,Batch 4
Uncertainty budget,Measurement Fundamentals & Metering,EXISTING,Batch 4
Sensitivity coefficient,Signal Analysis & Test Equipment,EXISTING,Batch 4
Error distribution,Signal Analysis & Test Equipment,EXISTING,Batch 4
Repeatability,Measurement Fundamentals & Metering,EXISTING,Batch 4
Reproducibility,Measurement Fundamentals & Metering,EXISTING,Batch 4
Intermediate precision,Measurement Fundamentals & Metering,EXISTING,Batch 4
Resolution,Signal Analysis & Test Equipment,EXISTING,Batch 4
Accuracy,Signal Analysis & Test Equipment,EXISTING,Batch 4
Precision,Signal Analysis & Test Equipment,EXISTING,Batch 4
Systematic error,Measurement Fundamentals & Metering,EXISTING,Batch 4
Random error,Measurement Fundamentals & Metering,EXISTING,Batch 4
Linearity error,Measurement Fundamentals & Metering,EXISTING,Batch 4
Hysteresis error,Measurement Fundamentals & Metering,EXISTING,Batch 4
Long-term stability,Signal Analysis & Test Equipment,EXISTING,Batch 4
Short-term stability,Signal Analysis & Test Equipment,EXISTING,Batch 4
Calibration correction,Measurement Fundamentals & Metering,EXISTING,Batch 4
Influence quantity,Measurement Fundamentals & Metering,EXISTING,Batch 4
Guard band,Measurement Fundamentals & Metering,EXISTING,Batch 4
Decision rule,Measurement Fundamentals & Metering,EXISTING,Batch 4
Measurement tolerance,Measurement Fundamentals & Metering,EXISTING,Batch 4
Sound as mechanical energy rather than an object,"Foundations — Sound, Waveform, Level & Phase",NEW,Batch 5
Sound as pressure variation,"Foundations — Sound, Waveform, Level & Phase",NEW,Batch 5
Sound as particle motion,"Foundations — Sound, Waveform, Level & Phase",NEW,Batch 5
Difference between particle motion and wave propagation,"Foundations — Sound, Waveform, Level & Phase",NEW,Batch 5
Compression and rarefaction,"Foundations — Sound, Waveform, Level & Phase",NEW,Batch 5
Longitudinal wave motion,"Foundations — Sound, Waveform, Level & Phase",NEW,Batch 5
Transverse-wave diagrams used to represent longitudinal sound,"Foundations — Sound, Waveform, Level & Phase",NEW,Batch 5
Equilibrium pressure,"Foundations — Sound, Waveform, Level & Phase",NEW,Batch 5
Atmospheric pressure versus acoustic pressure,"Foundations — Sound, Waveform, Level & Phase",NEW,Batch 5
Instantaneous acoustic pressure,"Foundations — Sound, Waveform, Level & Phase",NEW,Batch 5
Positive and negative pressure deviation,"Foundations — Sound, Waveform, Level & Phase",NEW,Batch 5
Acoustic pressure versus electrical voltage,"Foundations — Sound, Waveform, Level & Phase",NEW,Batch 5
Energy transfer without bulk transport of matter,"Foundations — Sound, Waveform, Level & Phase",NEW,Batch 5
Sound requiring a transmission medium,"Foundations — Sound, Waveform, Level & Phase",NEW,Batch 5
"Sound propagation in gases, liquids, and solids","Foundations — Sound, Waveform, Level & Phase",NEW,Batch 5
Propagation speed versus particle velocity,"Foundations — Sound, Waveform, Level & Phase",NEW,Batch 5
Wavefronts,"Foundations — Sound, Waveform, Level & Phase",NEW,Batch 5
Rays as simplified models of propagation,"Foundations — Sound, Waveform, Level & Phase",NEW,Batch 5
Plane waves,"Foundations — Sound, Waveform, Level & Phase",NEW,Batch 5
Spherical waves,"Foundations — Sound, Waveform, Level & Phase",NEW,Batch 5
Cylindrical waves,"Foundations — Sound, Waveform, Level & Phase",NEW,Batch 5
Near-field versus far-field behavior,"Foundations — Sound, Waveform, Level & Phase",NEW,Batch 5
Free-field conditions,"Foundations — Sound, Waveform, Level & Phase",NEW,Batch 5
Diffuse-field conditions,"Foundations — Sound, Waveform, Level & Phase",NEW,Batch 5
Steady-state versus transient sound,"Foundations — Sound, Waveform, Level & Phase",NEW,Batch 5
Deterministic versus random signals,"Foundations — Sound, Waveform, Level & Phase",NEW,Batch 5
Periodic versus aperiodic signals,"Foundations — Sound, Waveform, Level & Phase",NEW,Batch 5
Coherent versus incoherent sound,"Foundations — Sound, Waveform, Level & Phase",NEW,Batch 5
Correlated versus uncorrelated signals,"Foundations — Sound, Waveform, Level & Phase",NEW,Batch 5
Linear versus nonlinear acoustic behavior,"Foundations — Sound, Waveform, Level & Phase",NEW,Batch 5
Polarity,"Foundations — Sound, Waveform, Level & Phase",NEW,Batch 5
Phase versus polarity,"Foundations — Sound, Waveform, Level & Phase",NEW,Batch 5
Peak amplitude,"Foundations — Sound, Waveform, Level & Phase",NEW,Batch 5
Peak-to-peak amplitude,"Foundations — Sound, Waveform, Level & Phase",NEW,Batch 5
RMS amplitude,"Foundations — Sound, Waveform, Level & Phase",NEW,Batch 5
Average amplitude,"Foundations — Sound, Waveform, Level & Phase",NEW,Batch 5
Duty cycle,"Foundations — Sound, Waveform, Level & Phase",NEW,Batch 5
Waveform symmetry,"Foundations — Sound, Waveform, Level & Phase",NEW,Batch 5
Waveform offset,"Foundations — Sound, Waveform, Level & Phase",NEW,Batch 5
Direct-current offset,"Foundations — Sound, Waveform, Level & Phase",NEW,Batch 5
Time-domain representation,"Foundations — Sound, Waveform, Level & Phase",NEW,Batch 5
Frequency-domain representation,"Foundations — Sound, Waveform, Level & Phase",NEW,Batch 5
Phase-domain representation,"Foundations — Sound, Waveform, Level & Phase",NEW,Batch 5
Complex-number representation of waves,"Foundations — Sound, Waveform, Level & Phase",NEW,Batch 5
Real and imaginary signal components,"Foundations — Sound, Waveform, Level & Phase",NEW,Batch 5
Sinusoidal motion,"Foundations — Sound, Waveform, Level & Phase",NEW,Batch 5
Initial phase,"Foundations — Sound, Waveform, Level & Phase",NEW,Batch 5
Phase accumulation,"Foundations — Sound, Waveform, Level & Phase",NEW,Batch 5
Phase delay,"Foundations — Sound, Waveform, Level & Phase",NEW,Batch 5
Carrier,"Foundations — Sound, Waveform, Level & Phase",NEW,Batch 5
Sidebands,"Foundations — Sound, Waveform, Level & Phase",NEW,Batch 5
Beats,"Foundations — Sound, Waveform, Level & Phase",NEW,Batch 5
Amplitude envelope versus waveform cycles,"Foundations — Sound, Waveform, Level & Phase",NEW,Batch 5
Frequency versus perceived pitch,"Foundations — Sound, Waveform, Level & Phase",NEW,Batch 5
Harmonic versus inharmonic partials,"Foundations — Sound, Waveform, Level & Phase",NEW,Batch 5
Missing fundamental perception,"Foundations — Sound, Waveform, Level & Phase",NEW,Batch 5
Pitch ambiguity,"Foundations — Sound, Waveform, Level & Phase",NEW,Batch 5
Pitch class,"Foundations — Sound, Waveform, Level & Phase",NEW,Batch 5
Octave equivalence,"Foundations — Sound, Waveform, Level & Phase",NEW,Batch 5
Octave frequency ratios,"Foundations — Sound, Waveform, Level & Phase",NEW,Batch 5
Semitone frequency ratios,"Foundations — Sound, Waveform, Level & Phase",NEW,Batch 5
Equal temperament,"Foundations — Sound, Waveform, Level & Phase",NEW,Batch 5
Just intonation,"Foundations — Sound, Waveform, Level & Phase",NEW,Batch 5
Musical intervals as ratios,"Foundations — Sound, Waveform, Level & Phase",NEW,Batch 5
Frequency-to-note conversion,"Foundations — Sound, Waveform, Level & Phase",NEW,Batch 5
Critical bands,"Foundations — Sound, Waveform, Level & Phase",NEW,Batch 5
Auditory filters,"Foundations — Sound, Waveform, Level & Phase",NEW,Batch 5
Place theory of pitch,"Foundations — Sound, Waveform, Level & Phase",NEW,Batch 5
Temporal theory of pitch,"Foundations — Sound, Waveform, Level & Phase",NEW,Batch 5
Phase locking in hearing,"Foundations — Sound, Waveform, Level & Phase",NEW,Batch 5
Pitch perception of complex tones,"Foundations — Sound, Waveform, Level & Phase",NEW,Batch 5
Pitch perception of noise,"Foundations — Sound, Waveform, Level & Phase",NEW,Batch 5
Linear amplitude versus logarithmic level,"Foundations — Sound, Waveform, Level & Phase",NEW,Batch 5
Why decibels are ratios,"Foundations — Sound, Waveform, Level & Phase",NEW,Batch 5
Power ratio versus amplitude ratio,"Foundations — Sound, Waveform, Level & Phase",NEW,Batch 5
10 log versus 20 log calculations,"Foundations — Sound, Waveform, Level & Phase",NEW,Batch 5
Reference quantities,"Foundations — Sound, Waveform, Level & Phase",NEW,Batch 5
Absolute versus relative decibels,"Foundations — Sound, Waveform, Level & Phase",NEW,Batch 5
dBW,"Foundations — Sound, Waveform, Level & Phase",NEW,Batch 5
dBA,"Foundations — Sound, Waveform, Level & Phase",NEW,Batch 5
dBC,"Foundations — Sound, Waveform, Level & Phase",NEW,Batch 5
dBZ,"Foundations — Sound, Waveform, Level & Phase",NEW,Batch 5
LKFS,"Foundations — Sound, Waveform, Level & Phase",NEW,Batch 5
Equivalent continuous level,"Foundations — Sound, Waveform, Level & Phase",NEW,Batch 5
Peak level versus RMS level,"Foundations — Sound, Waveform, Level & Phase",NEW,Batch 5
Average level versus perceived loudness,"Foundations — Sound, Waveform, Level & Phase",NEW,Batch 5
Addition of decibel values,"Foundations — Sound, Waveform, Level & Phase",NEW,Batch 5
Subtraction of decibel values,"Foundations — Sound, Waveform, Level & Phase",NEW,Batch 5
Doubling power versus doubling amplitude,"Foundations — Sound, Waveform, Level & Phase",NEW,Batch 5
Doubling distance versus level change,"Foundations — Sound, Waveform, Level & Phase",NEW,Batch 5
Doubling sources versus level change,"Foundations — Sound, Waveform, Level & Phase",NEW,Batch 5
Power gain,"Foundations — Sound, Waveform, Level & Phase",NEW,Batch 5
Nominal operating level,"Foundations — Sound, Waveform, Level & Phase",NEW,Batch 5
Maximum operating level,"Foundations — Sound, Waveform, Level & Phase",NEW,Batch 5
Signal-to-distortion ratio,"Foundations — Sound, Waveform, Level & Phase",NEW,Batch 5
Effective dynamic range,"Foundations — Sound, Waveform, Level & Phase",NEW,Batch 5
Meter integration time,"Foundations — Sound, Waveform, Level & Phase",NEW,Batch 5
Crest-factor implications,"Foundations — Sound, Waveform, Level & Phase",NEW,Batch 5
Loudness versus level,"Foundations — Sound, Waveform, Level & Phase",NEW,Batch 5
Loudness adaptation,"Foundations — Sound, Waveform, Level & Phase",NEW,Batch 5
Temporal integration of loudness,"Foundations — Sound, Waveform, Level & Phase",NEW,Batch 5
Phase as a relative measurement,"Foundations — Sound, Waveform, Level & Phase",NEW,Batch 5
Phase shift versus time delay,"Foundations — Sound, Waveform, Level & Phase",NEW,Batch 5
Frequency-dependent phase shift,"Foundations — Sound, Waveform, Level & Phase",NEW,Batch 5
Constant time delay producing different phase shifts by frequency,"Foundations — Sound, Waveform, Level & Phase",NEW,Batch 5
Partial interference,"Foundations — Sound, Waveform, Level & Phase",NEW,Batch 5
Cancellation,"Foundations — Sound, Waveform, Level & Phase",NEW,Batch 5
Why cancellation is rarely complete,"Foundations — Sound, Waveform, Level & Phase",NEW,Batch 5
Comb-filter spacing,"Foundations — Sound, Waveform, Level & Phase",NEW,Batch 5
First cancellation frequency,"Foundations — Sound, Waveform, Level & Phase",NEW,Batch 5
Phase inversion,"Foundations — Sound, Waveform, Level & Phase",NEW,Batch 5
All-pass behavior,"Foundations — Sound, Waveform, Level & Phase",NEW,Batch 5
Minimum-phase systems,"Foundations — Sound, Waveform, Level & Phase",NEW,Batch 5
Linear-phase systems,"Foundations — Sound, Waveform, Level & Phase",NEW,Batch 5
Nonminimum-phase systems,"Foundations — Sound, Waveform, Level & Phase",NEW,Batch 5
Excess phase,"Foundations — Sound, Waveform, Level & Phase",NEW,Batch 5
Group-delay distortion,"Foundations — Sound, Waveform, Level & Phase",NEW,Batch 5
Interchannel phase difference,"Foundations — Sound, Waveform, Level & Phase",NEW,Batch 5
Delay versus latency,"Foundations — Sound, Waveform, Level & Phase",NEW,Batch 5
Processing delay,"Foundations — Sound, Waveform, Level & Phase",NEW,Batch 5
Buffering delay,"Foundations — Sound, Waveform, Level & Phase",NEW,Batch 5
Alignment delay,"Foundations — Sound, Waveform, Level & Phase",NEW,Batch 5
Localization dominance,"Foundations — Sound, Waveform, Level & Phase",NEW,Batch 5
Fusion threshold,"Foundations — Sound, Waveform, Level & Phase",NEW,Batch 5
"Relationship among frequency, wavelength, and sound speed",Sound & Acoustics,EXISTING,Batch 5
Why low frequencies have long wavelengths,Sound & Acoustics,EXISTING,Batch 5
Why wavelength affects room behavior,Sound & Acoustics,EXISTING,Batch 5
Quarter-wavelength relationships,Sound & Acoustics,EXISTING,Batch 5
Half-wavelength relationships,Sound & Acoustics,EXISTING,Batch 5
Boundary spacing and cancellation,Sound & Acoustics,EXISTING,Batch 5
Loudspeaker spacing and interference,Sound & Acoustics,EXISTING,Batch 5
Microphone spacing and phase interaction,Sound & Acoustics,EXISTING,Batch 5
Driver spacing and lobing,Sound & Acoustics,EXISTING,Batch 5
Acoustic path-length difference,Sound & Acoustics,EXISTING,Batch 5
Distance-to-phase conversion,Sound & Acoustics,EXISTING,Batch 5
Frequency-dependent directionality,Sound & Acoustics,EXISTING,Batch 5
Object size relative to wavelength,Sound & Acoustics,EXISTING,Batch 5
Diffraction around obstacles,Sound & Acoustics,EXISTING,Batch 5
Shadow zones,Sound & Acoustics,EXISTING,Batch 5
Acoustic aperture,Sound & Acoustics,EXISTING,Batch 5
Effective radiating size,Sound & Acoustics,EXISTING,Batch 5
Conservation of acoustic energy,Room Acoustics,EXISTING,Batch 5
Angle of incidence,Room Acoustics,EXISTING,Batch 5
Angle of reflection,Room Acoustics,EXISTING,Batch 5
Boundary impedance,Room Acoustics,EXISTING,Batch 5
Sound-speed gradients,Room Acoustics,EXISTING,Batch 5
Temperature-gradient refraction,Room Acoustics,EXISTING,Batch 5
Wind-gradient refraction,Room Acoustics,EXISTING,Batch 5
Atmospheric sound bending,Room Acoustics,EXISTING,Batch 5
Aperture diffraction,Room Acoustics,EXISTING,Batch 5
Scattering,Room Acoustics,EXISTING,Batch 5
Surface roughness relative to wavelength,Room Acoustics,EXISTING,Batch 5
Scattering coefficient,Room Acoustics,EXISTING,Batch 5
Diffusion coefficient,Room Acoustics,EXISTING,Batch 5
Slapback reflection,Room Acoustics,EXISTING,Batch 5
Early reflections,Room Acoustics,EXISTING,Batch 5
Reflection density,Room Acoustics,EXISTING,Batch 5
Reflection order,Room Acoustics,EXISTING,Batch 5
Wave-based acoustics,Room Acoustics,EXISTING,Batch 5
Transition between modal and geometric behavior,Room Acoustics,EXISTING,Batch 5
T20 and T30 extrapolation,Room Acoustics,EXISTING,Batch 5
Sabine equation,Room Acoustics,EXISTING,Batch 5
Eyring equation,Room Acoustics,EXISTING,Batch 5
Room constant,Room Acoustics,EXISTING,Batch 5
Reflection density growth,Room Acoustics,EXISTING,Batch 5
Diffuse-field assumptions,Room Acoustics,EXISTING,Batch 5
Room modes,Room Acoustics,EXISTING,Batch 5
Axial modes,Room Acoustics,EXISTING,Batch 5
Tangential modes,Room Acoustics,EXISTING,Batch 5
Oblique modes,Room Acoustics,EXISTING,Batch 5
Modal frequency calculation,Room Acoustics,EXISTING,Batch 5
Modal degeneracy,Room Acoustics,EXISTING,Batch 5
Mode clustering,Room Acoustics,EXISTING,Batch 5
Mode spacing,Room Acoustics,EXISTING,Batch 5
Modal ringing,Room Acoustics,EXISTING,Batch 5
Standing waves,Room Acoustics,EXISTING,Batch 5
Pressure nodes,Room Acoustics,EXISTING,Batch 5
Pressure antinodes,Room Acoustics,EXISTING,Batch 5
Particle-velocity nodes,Room Acoustics,EXISTING,Batch 5
Particle-velocity antinodes,Room Acoustics,EXISTING,Batch 5
Listener-boundary interference response,Room Acoustics,EXISTING,Batch 5
Floor-bounce cancellation,Room Acoustics,EXISTING,Batch 5
Ceiling-bounce cancellation,Room Acoustics,EXISTING,Batch 5
Desk reflection,Room Acoustics,EXISTING,Batch 5
Front-wall cancellation,Room Acoustics,EXISTING,Batch 5
Rear-wall interference,Room Acoustics,EXISTING,Batch 5
Room gain,Room Acoustics,EXISTING,Batch 5
Porous absorption,Room Acoustics,EXISTING,Batch 5
Membrane absorption,Room Acoustics,EXISTING,Batch 5
Diaphragmatic absorption,Room Acoustics,EXISTING,Batch 5
Panel absorbers,Room Acoustics,EXISTING,Batch 5
Slat and perforated absorbers,Room Acoustics,EXISTING,Batch 5
Pressure-based absorbers,Room Acoustics,EXISTING,Batch 5
Velocity-based absorbers,Room Acoustics,EXISTING,Batch 5
Air-gap effects behind absorbers,Room Acoustics,EXISTING,Batch 5
Absorber thickness versus frequency,Room Acoustics,EXISTING,Batch 5
Quarter-wavelength absorber placement,Room Acoustics,EXISTING,Batch 5
Diffuser design,Room Acoustics,EXISTING,Batch 5
Quadratic-residue diffusion,Room Acoustics,EXISTING,Batch 5
Primitive-root diffusion,Room Acoustics,EXISTING,Batch 5
Skyline diffusion,Room Acoustics,EXISTING,Batch 5
Temporal diffusion,Room Acoustics,EXISTING,Batch 5
Spatial diffusion,Room Acoustics,EXISTING,Batch 5
Room symmetry,Room Acoustics,EXISTING,Batch 5
Live-end/dead-end design,Room Acoustics,EXISTING,Batch 5
Initial time-delay gap,Room Acoustics,EXISTING,Batch 5
Clarity metrics,Room Acoustics,EXISTING,Batch 5
Definition metrics,Room Acoustics,EXISTING,Batch 5
Articulation loss of consonants,Room Acoustics,EXISTING,Batch 5
Intelligibility versus reverberation,Room Acoustics,EXISTING,Batch 5
Intelligibility versus noise,Room Acoustics,EXISTING,Batch 5
Intelligibility versus directivity,Room Acoustics,EXISTING,Batch 5
Forced resonance,Room Acoustics,EXISTING,Batch 5
Acoustic resonance,Room Acoustics,EXISTING,Batch 5
Electrical resonance,Room Acoustics,EXISTING,Batch 5
Resonant modes,Room Acoustics,EXISTING,Batch 5
Resonance buildup,Room Acoustics,EXISTING,Batch 5
Resonance decay,Room Acoustics,EXISTING,Batch 5
Quality factor,Room Acoustics,EXISTING,Batch 5
Bandwidth versus Q,Room Acoustics,EXISTING,Batch 5
Resonant frequency versus center frequency,Room Acoustics,EXISTING,Batch 5
Coupled resonances,Room Acoustics,EXISTING,Batch 5
Open-pipe modes,Room Acoustics,EXISTING,Batch 5
Closed-pipe modes,Room Acoustics,EXISTING,Batch 5
Stored energy in resonant systems,Room Acoustics,EXISTING,Batch 5
Transient response of resonant systems,Room Acoustics,EXISTING,Batch 5
Filter cutoff frequency,"Signal Processing Concepts (Filters, Dynamics, FX & Noise)",NEW,Batch 5
Poles and zeros,"Signal Processing Concepts (Filters, Dynamics, FX & Noise)",NEW,Batch 5
Magnitude response,"Signal Processing Concepts (Filters, Dynamics, FX & Noise)",NEW,Batch 5
Band-reject filter,"Signal Processing Concepts (Filters, Dynamics, FX & Noise)",NEW,Batch 5
Parametric equalization,"Signal Processing Concepts (Filters, Dynamics, FX & Noise)",NEW,Batch 5
Semiparametric equalization,"Signal Processing Concepts (Filters, Dynamics, FX & Noise)",NEW,Batch 5
Graphic equalization,"Signal Processing Concepts (Filters, Dynamics, FX & Noise)",NEW,Batch 5
Constant-Q equalizers,"Signal Processing Concepts (Filters, Dynamics, FX & Noise)",NEW,Batch 5
Proportional-Q equalizers,"Signal Processing Concepts (Filters, Dynamics, FX & Noise)",NEW,Batch 5
Variable-Q equalizers,"Signal Processing Concepts (Filters, Dynamics, FX & Noise)",NEW,Batch 5
Minimum-phase equalization,"Signal Processing Concepts (Filters, Dynamics, FX & Noise)",NEW,Batch 5
Linear-phase equalization,"Signal Processing Concepts (Filters, Dynamics, FX & Noise)",NEW,Batch 5
Mixed-phase equalization,"Signal Processing Concepts (Filters, Dynamics, FX & Noise)",NEW,Batch 5
Finite impulse response filters,"Signal Processing Concepts (Filters, Dynamics, FX & Noise)",NEW,Batch 5
Infinite impulse response filters,"Signal Processing Concepts (Filters, Dynamics, FX & Noise)",NEW,Batch 5
Filter ringing,"Signal Processing Concepts (Filters, Dynamics, FX & Noise)",NEW,Batch 5
Post-ringing,"Signal Processing Concepts (Filters, Dynamics, FX & Noise)",NEW,Batch 5
Passband ripple,"Signal Processing Concepts (Filters, Dynamics, FX & Noise)",NEW,Batch 5
Stopband ripple,"Signal Processing Concepts (Filters, Dynamics, FX & Noise)",NEW,Batch 5
Stopband attenuation,"Signal Processing Concepts (Filters, Dynamics, FX & Noise)",NEW,Batch 5
Butterworth response,"Signal Processing Concepts (Filters, Dynamics, FX & Noise)",NEW,Batch 5
Bessel response,"Signal Processing Concepts (Filters, Dynamics, FX & Noise)",NEW,Batch 5
Linkwitz–Riley response,"Signal Processing Concepts (Filters, Dynamics, FX & Noise)",NEW,Batch 5
Chebyshev response,"Signal Processing Concepts (Filters, Dynamics, FX & Noise)",NEW,Batch 5
Elliptic response,"Signal Processing Concepts (Filters, Dynamics, FX & Noise)",NEW,Batch 5
Acoustic versus electrical crossover slopes,"Signal Processing Concepts (Filters, Dynamics, FX & Noise)",NEW,Batch 5
Driver offset and crossover phase,"Signal Processing Concepts (Filters, Dynamics, FX & Noise)",NEW,Batch 5
Filter interaction,"Signal Processing Concepts (Filters, Dynamics, FX & Noise)",NEW,Batch 5
Cascaded filters,"Signal Processing Concepts (Filters, Dynamics, FX & Noise)",NEW,Batch 5
Equivalent combined slope,"Signal Processing Concepts (Filters, Dynamics, FX & Noise)",NEW,Batch 5
Bilinear transformation,"Signal Processing Concepts (Filters, Dynamics, FX & Noise)",NEW,Batch 5
Equalizer interaction between adjacent bands,"Signal Processing Concepts (Filters, Dynamics, FX & Noise)",NEW,Batch 5
Graphic-EQ ripple between filters,"Signal Processing Concepts (Filters, Dynamics, FX & Noise)",NEW,Batch 5
Boost and cut asymmetry,"Signal Processing Concepts (Filters, Dynamics, FX & Noise)",NEW,Batch 5
Equalization versus resonance control,"Signal Processing Concepts (Filters, Dynamics, FX & Noise)",NEW,Batch 5
Corrective versus creative equalization,"Signal Processing Concepts (Filters, Dynamics, FX & Noise)",NEW,Batch 5
Dynamic range compression,"Signal Processing Concepts (Filters, Dynamics, FX & Noise)",NEW,Batch 5
Detector circuit,"Signal Processing Concepts (Filters, Dynamics, FX & Noise)",NEW,Batch 5
Averaging detection,"Signal Processing Concepts (Filters, Dynamics, FX & Noise)",NEW,Batch 5
Hard-knee versus soft-knee behavior,"Signal Processing Concepts (Filters, Dynamics, FX & Noise)",NEW,Batch 5
Time constants,"Signal Processing Concepts (Filters, Dynamics, FX & Noise)",NEW,Batch 5
Automatic release,"Signal Processing Concepts (Filters, Dynamics, FX & Noise)",NEW,Batch 5
Sidechain filtering,"Signal Processing Concepts (Filters, Dynamics, FX & Noise)",NEW,Batch 5
Frequency-conscious compression,"Signal Processing Concepts (Filters, Dynamics, FX & Noise)",NEW,Batch 5
De-essing,"Signal Processing Concepts (Filters, Dynamics, FX & Noise)",NEW,Batch 5
Dynamic equalization,"Signal Processing Concepts (Filters, Dynamics, FX & Noise)",NEW,Batch 5
Compression-induced distortion,"Signal Processing Concepts (Filters, Dynamics, FX & Noise)",NEW,Batch 5
Gain modulation,"Signal Processing Concepts (Filters, Dynamics, FX & Noise)",NEW,Batch 5
Loudness maximization,"Signal Processing Concepts (Filters, Dynamics, FX & Noise)",NEW,Batch 5
Inter-sample overload,"Signal Processing Concepts (Filters, Dynamics, FX & Noise)",NEW,Batch 5
Clipping versus limiting,"Signal Processing Concepts (Filters, Dynamics, FX & Noise)",NEW,Batch 5
Dynamic-range processing in logarithmic versus linear domains,"Signal Processing Concepts (Filters, Dynamics, FX & Noise)",NEW,Batch 5
Sum-frequency distortion,"Signal Processing Concepts (Filters, Dynamics, FX & Noise)",NEW,Batch 5
Slew-induced distortion,"Signal Processing Concepts (Filters, Dynamics, FX & Noise)",NEW,Batch 5
Clipping distortion,"Signal Processing Concepts (Filters, Dynamics, FX & Noise)",NEW,Batch 5
Quantization distortion,"Signal Processing Concepts (Filters, Dynamics, FX & Noise)",NEW,Batch 5
Phase distortion,"Signal Processing Concepts (Filters, Dynamics, FX & Noise)",NEW,Batch 5
Frequency-response distortion,"Signal Processing Concepts (Filters, Dynamics, FX & Noise)",NEW,Batch 5
Nonlinear transfer functions,"Signal Processing Concepts (Filters, Dynamics, FX & Noise)",NEW,Batch 5
Even-order harmonics,"Signal Processing Concepts (Filters, Dynamics, FX & Noise)",NEW,Batch 5
Odd-order harmonics,"Signal Processing Concepts (Filters, Dynamics, FX & Noise)",NEW,Batch 5
Saturation curves,"Signal Processing Concepts (Filters, Dynamics, FX & Noise)",NEW,Batch 5
Soft saturation,"Signal Processing Concepts (Filters, Dynamics, FX & Noise)",NEW,Batch 5
Hard saturation,"Signal Processing Concepts (Filters, Dynamics, FX & Noise)",NEW,Batch 5
Tube nonlinearity,"Signal Processing Concepts (Filters, Dynamics, FX & Noise)",NEW,Batch 5
Semiconductor nonlinearity,"Signal Processing Concepts (Filters, Dynamics, FX & Noise)",NEW,Batch 5
Waveshaping,"Signal Processing Concepts (Filters, Dynamics, FX & Noise)",NEW,Batch 5
Foldback distortion,"Signal Processing Concepts (Filters, Dynamics, FX & Noise)",NEW,Batch 5
Aliasing from nonlinear processing,"Signal Processing Concepts (Filters, Dynamics, FX & Noise)",NEW,Batch 5
Oversampling in nonlinear processors,"Signal Processing Concepts (Filters, Dynamics, FX & Noise)",NEW,Batch 5
Memory effects in nonlinear systems,"Signal Processing Concepts (Filters, Dynamics, FX & Noise)",NEW,Batch 5
Dynamic nonlinearities,"Signal Processing Concepts (Filters, Dynamics, FX & Noise)",NEW,Batch 5
Static nonlinearities,"Signal Processing Concepts (Filters, Dynamics, FX & Noise)",NEW,Batch 5
Distortion audibility,"Signal Processing Concepts (Filters, Dynamics, FX & Noise)",NEW,Batch 5
Masking of distortion products,"Signal Processing Concepts (Filters, Dynamics, FX & Noise)",NEW,Batch 5
Distortion versus coloration,"Signal Processing Concepts (Filters, Dynamics, FX & Noise)",NEW,Batch 5
Random noise,"Signal Processing Concepts (Filters, Dynamics, FX & Noise)",NEW,Batch 5
Brown noise,"Signal Processing Concepts (Filters, Dynamics, FX & Noise)",NEW,Batch 5
Blue noise,"Signal Processing Concepts (Filters, Dynamics, FX & Noise)",NEW,Batch 5
Violet noise,"Signal Processing Concepts (Filters, Dynamics, FX & Noise)",NEW,Batch 5
Gray noise,"Signal Processing Concepts (Filters, Dynamics, FX & Noise)",NEW,Batch 5
Gaussian noise,"Signal Processing Concepts (Filters, Dynamics, FX & Noise)",NEW,Batch 5
Uniform noise,"Signal Processing Concepts (Filters, Dynamics, FX & Noise)",NEW,Batch 5
Dither noise,"Signal Processing Concepts (Filters, Dynamics, FX & Noise)",NEW,Batch 5
Clock noise,"Signal Processing Concepts (Filters, Dynamics, FX & Noise)",NEW,Batch 5
Power-supply noise,"Signal Processing Concepts (Filters, Dynamics, FX & Noise)",NEW,Batch 5
Ground noise,"Signal Processing Concepts (Filters, Dynamics, FX & Noise)",NEW,Batch 5
Common-mode noise,"Signal Processing Concepts (Filters, Dynamics, FX & Noise)",NEW,Batch 5
Differential-mode noise,"Signal Processing Concepts (Filters, Dynamics, FX & Noise)",NEW,Batch 5
Noise spectrum,"Signal Processing Concepts (Filters, Dynamics, FX & Noise)",NEW,Batch 5
Noise density,"Signal Processing Concepts (Filters, Dynamics, FX & Noise)",NEW,Batch 5
Noise figure,"Signal Processing Concepts (Filters, Dynamics, FX & Noise)",NEW,Batch 5
Noise correlation,"Signal Processing Concepts (Filters, Dynamics, FX & Noise)",NEW,Batch 5
Correlated noise,"Signal Processing Concepts (Filters, Dynamics, FX & Noise)",NEW,Batch 5
Uncorrelated noise,"Signal Processing Concepts (Filters, Dynamics, FX & Noise)",NEW,Batch 5
Noise summation,"Signal Processing Concepts (Filters, Dynamics, FX & Noise)",NEW,Batch 5
Noise gating artifacts,"Signal Processing Concepts (Filters, Dynamics, FX & Noise)",NEW,Batch 5
Noise masking,"Signal Processing Concepts (Filters, Dynamics, FX & Noise)",NEW,Batch 5
Denoising artifacts,"Signal Processing Concepts (Filters, Dynamics, FX & Noise)",NEW,Batch 5
Musical noise,"Signal Processing Concepts (Filters, Dynamics, FX & Noise)",NEW,Batch 5
Analog-to-digital conversion,"Digital Audio — Sampling, Quantization & Formats",NEW,Batch 5
Digital-to-analog conversion,"Digital Audio — Sampling, Quantization & Formats",NEW,Batch 5
Sample clock,"Digital Audio — Sampling, Quantization & Formats",NEW,Batch 5
Nyquist–Shannon sampling theorem,"Digital Audio — Sampling, Quantization & Formats",NEW,Batch 5
Band-limited signals,"Digital Audio — Sampling, Quantization & Formats",NEW,Batch 5
Foldover,"Digital Audio — Sampling, Quantization & Formats",NEW,Batch 5
Anti-aliasing filtering,"Digital Audio — Sampling, Quantization & Formats",NEW,Batch 5
Reconstruction filtering,"Digital Audio — Sampling, Quantization & Formats",NEW,Batch 5
Zero-order hold,"Digital Audio — Sampling, Quantization & Formats",NEW,Batch 5
Spectral images,"Digital Audio — Sampling, Quantization & Formats",NEW,Batch 5
Sinc interpolation,"Digital Audio — Sampling, Quantization & Formats",NEW,Batch 5
Band-limited interpolation,"Digital Audio — Sampling, Quantization & Formats",NEW,Batch 5
Why digital audio is not simply a staircase,"Digital Audio — Sampling, Quantization & Formats",NEW,Batch 5
Samples per cycle,"Digital Audio — Sampling, Quantization & Formats",NEW,Batch 5
Frequency ambiguity near Nyquist,"Digital Audio — Sampling, Quantization & Formats",NEW,Batch 5
Sample phase,"Digital Audio — Sampling, Quantization & Formats",NEW,Batch 5
Polyphase filtering,"Digital Audio — Sampling, Quantization & Formats",NEW,Batch 5
Integer-ratio conversion,"Digital Audio — Sampling, Quantization & Formats",NEW,Batch 5
Fractional-ratio conversion,"Digital Audio — Sampling, Quantization & Formats",NEW,Batch 5
Conversion filter quality,"Digital Audio — Sampling, Quantization & Formats",NEW,Batch 5
Sample-rate conversion artifacts,"Digital Audio — Sampling, Quantization & Formats",NEW,Batch 5
Periodic jitter,"Digital Audio — Sampling, Quantization & Formats",NEW,Batch 5
Random jitter,"Digital Audio — Sampling, Quantization & Formats",NEW,Batch 5
Jitter spectrum,"Digital Audio — Sampling, Quantization & Formats",NEW,Batch 5
Aperture uncertainty,"Digital Audio — Sampling, Quantization & Formats",NEW,Batch 5
Reclocking,"Digital Audio — Sampling, Quantization & Formats",NEW,Batch 5
Master and slave clocking,"Digital Audio — Sampling, Quantization & Formats",NEW,Batch 5
Sample slips,"Digital Audio — Sampling, Quantization & Formats",NEW,Batch 5
Buffer underflow,"Digital Audio — Sampling, Quantization & Formats",NEW,Batch 5
Buffer overflow,"Digital Audio — Sampling, Quantization & Formats",NEW,Batch 5
Asynchronous sample-rate conversion,"Digital Audio — Sampling, Quantization & Formats",NEW,Batch 5
Converter noise and distortion limits,"Digital Audio — Sampling, Quantization & Formats",NEW,Batch 5
Quantization levels,"Digital Audio — Sampling, Quantization & Formats",NEW,Batch 5
Quantization step size,"Digital Audio — Sampling, Quantization & Formats",NEW,Batch 5
Word length,"Digital Audio — Sampling, Quantization & Formats",NEW,Batch 5
Least significant bit,"Digital Audio — Sampling, Quantization & Formats",NEW,Batch 5
Most significant bit,"Digital Audio — Sampling, Quantization & Formats",NEW,Batch 5
Quantization error,"Digital Audio — Sampling, Quantization & Formats",NEW,Batch 5
Quantization noise model,"Digital Audio — Sampling, Quantization & Formats",NEW,Batch 5
Correlated quantization distortion,"Digital Audio — Sampling, Quantization & Formats",NEW,Batch 5
Rounding,"Digital Audio — Sampling, Quantization & Formats",NEW,Batch 5
Truncation,"Digital Audio — Sampling, Quantization & Formats",NEW,Batch 5
Requantization,"Digital Audio — Sampling, Quantization & Formats",NEW,Batch 5
Rectangular dither,"Digital Audio — Sampling, Quantization & Formats",NEW,Batch 5
Triangular dither,"Digital Audio — Sampling, Quantization & Formats",NEW,Batch 5
Noise-shaped dither,"Digital Audio — Sampling, Quantization & Formats",NEW,Batch 5
Subtractive dither,"Digital Audio — Sampling, Quantization & Formats",NEW,Batch 5
Dither decorrelation,"Digital Audio — Sampling, Quantization & Formats",NEW,Batch 5
Low-level signal preservation,"Digital Audio — Sampling, Quantization & Formats",NEW,Batch 5
Theoretical dynamic range,"Digital Audio — Sampling, Quantization & Formats",NEW,Batch 5
Integer PCM,"Digital Audio — Sampling, Quantization & Formats",NEW,Batch 5
Signed PCM,"Digital Audio — Sampling, Quantization & Formats",NEW,Batch 5
Unsigned PCM,"Digital Audio — Sampling, Quantization & Formats",NEW,Batch 5
Two's-complement representation,"Digital Audio — Sampling, Quantization & Formats",NEW,Batch 5
Fixed-point arithmetic,"Digital Audio — Sampling, Quantization & Formats",NEW,Batch 5
Floating-point arithmetic,"Digital Audio — Sampling, Quantization & Formats",NEW,Batch 5
Mantissa or significand,"Digital Audio — Sampling, Quantization & Formats",NEW,Batch 5
Exponent,"Digital Audio — Sampling, Quantization & Formats",NEW,Batch 5
Floating-point headroom,"Digital Audio — Sampling, Quantization & Formats",NEW,Batch 5
Floating-point precision,"Digital Audio — Sampling, Quantization & Formats",NEW,Batch 5
Denormal numbers,"Digital Audio — Sampling, Quantization & Formats",NEW,Batch 5
Numerical overflow,"Digital Audio — Sampling, Quantization & Formats",NEW,Batch 5
Numerical underflow,"Digital Audio — Sampling, Quantization & Formats",NEW,Batch 5
Accumulator precision,"Digital Audio — Sampling, Quantization & Formats",NEW,Batch 5
Rounding accumulation,"Digital Audio — Sampling, Quantization & Formats",NEW,Batch 5
Internal processing precision,"Digital Audio — Sampling, Quantization & Formats",NEW,Batch 5
Export bit depth versus processing bit depth,"Digital Audio — Sampling, Quantization & Formats",NEW,Batch 5
Why 32-bit float does not repair ADC clipping,"Digital Audio — Sampling, Quantization & Formats",NEW,Batch 5
Why nominal 24-bit recording does not provide 24 usable bits,"Digital Audio — Sampling, Quantization & Formats",NEW,Batch 5
Discrete-time signals,"Digital Audio — Sampling, Quantization & Formats",NEW,Batch 5
Discrete-valued signals,"Digital Audio — Sampling, Quantization & Formats",NEW,Batch 5
Difference equations,"Digital Audio — Sampling, Quantization & Formats",NEW,Batch 5
Linear convolution,"Digital Audio — Sampling, Quantization & Formats",NEW,Batch 5
Circular convolution,"Digital Audio — Sampling, Quantization & Formats",NEW,Batch 5
Unit impulse,"Digital Audio — Sampling, Quantization & Formats",NEW,Batch 5
System response,"Digital Audio — Sampling, Quantization & Formats",NEW,Batch 5
Time invariance,"Digital Audio — Sampling, Quantization & Formats",NEW,Batch 5
Causality,"Digital Audio — Sampling, Quantization & Formats",NEW,Batch 5
Stability,"Digital Audio — Sampling, Quantization & Formats",NEW,Batch 5
Finite impulse response,"Digital Audio — Sampling, Quantization & Formats",NEW,Batch 5
Infinite impulse response,"Digital Audio — Sampling, Quantization & Formats",NEW,Batch 5
Recursive processing,"Digital Audio — Sampling, Quantization & Formats",NEW,Batch 5
Feedback in digital filters,"Digital Audio — Sampling, Quantization & Formats",NEW,Batch 5
Delay elements,"Digital Audio — Sampling, Quantization & Formats",NEW,Batch 5
Z-plane,"Digital Audio — Sampling, Quantization & Formats",NEW,Batch 5
Stability regions,"Digital Audio — Sampling, Quantization & Formats",NEW,Batch 5
Inverse Fourier transform,"Digital Audio — Sampling, Quantization & Formats",NEW,Batch 5
Time-frequency duality,"Digital Audio — Sampling, Quantization & Formats",NEW,Batch 5
Frequency-bin spacing,"Digital Audio — Sampling, Quantization & Formats",NEW,Batch 5
FFT resolution,"Digital Audio — Sampling, Quantization & Formats",NEW,Batch 5
Time resolution versus frequency resolution,"Digital Audio — Sampling, Quantization & Formats",NEW,Batch 5
Window functions,"Digital Audio — Sampling, Quantization & Formats",NEW,Batch 5
Rectangular window,"Digital Audio — Sampling, Quantization & Formats",NEW,Batch 5
Side lobes,"Digital Audio — Sampling, Quantization & Formats",NEW,Batch 5
Scalloping loss,"Digital Audio — Sampling, Quantization & Formats",NEW,Batch 5
Coherent sampling,"Digital Audio — Sampling, Quantization & Formats",NEW,Batch 5
Overlap processing,"Digital Audio — Sampling, Quantization & Formats",NEW,Batch 5
Spectrogram interpretation,"Digital Audio — Sampling, Quantization & Formats",NEW,Batch 5
Wavelet analysis,"Digital Audio — Sampling, Quantization & Formats",NEW,Batch 5
Envelope extraction,"Digital Audio — Sampling, Quantization & Formats",NEW,Batch 5
Cross-spectrum,"Digital Audio — Sampling, Quantization & Formats",NEW,Batch 5
Auto-spectrum,"Digital Audio — Sampling, Quantization & Formats",NEW,Batch 5
Transfer-function estimation,"Digital Audio — Sampling, Quantization & Formats",NEW,Batch 5
System identification,"Digital Audio — Sampling, Quantization & Formats",NEW,Batch 5
Finite precision effects,"Digital Audio — Sampling, Quantization & Formats",NEW,Batch 5
Processing latency,"Digital Audio — Sampling, Quantization & Formats",NEW,Batch 5
Block processing,"Digital Audio — Sampling, Quantization & Formats",NEW,Batch 5
Real-time versus offline processing,"Digital Audio — Sampling, Quantization & Formats",NEW,Batch 5
Audio codec versus container,"Digital Audio — Sampling, Quantization & Formats",NEW,Batch 5
Uncompressed PCM,"Digital Audio — Sampling, Quantization & Formats",NEW,Batch 5
Lossless compression,"Digital Audio — Sampling, Quantization & Formats",NEW,Batch 5
Constant bit rate,"Digital Audio — Sampling, Quantization & Formats",NEW,Batch 5
Variable bit rate,"Digital Audio — Sampling, Quantization & Formats",NEW,Batch 5
Sample rate versus bit rate,"Digital Audio — Sampling, Quantization & Formats",NEW,Batch 5
Bit depth versus bit rate,"Digital Audio — Sampling, Quantization & Formats",NEW,Batch 5
Channel count and data rate,"Digital Audio — Sampling, Quantization & Formats",NEW,Batch 5
Interleaved versus planar audio,"Digital Audio — Sampling, Quantization & Formats",NEW,Batch 5
Byte order,"Digital Audio — Sampling, Quantization & Formats",NEW,Batch 5
Big-endian versus little-endian storage,"Digital Audio — Sampling, Quantization & Formats",NEW,Batch 5
File headers,"Digital Audio — Sampling, Quantization & Formats",NEW,Batch 5
Embedded loudness metadata,"Digital Audio — Sampling, Quantization & Formats",NEW,Batch 5
Psychoacoustic coding,"Digital Audio — Sampling, Quantization & Formats",NEW,Batch 5
Perceptual masking in codecs,"Digital Audio — Sampling, Quantization & Formats",NEW,Batch 5
Transform coding,"Digital Audio — Sampling, Quantization & Formats",NEW,Batch 5
Temporal masking in codecs,"Digital Audio — Sampling, Quantization & Formats",NEW,Batch 5
Pre-echo artifacts,"Digital Audio — Sampling, Quantization & Formats",NEW,Batch 5
Tonal noise artifacts,"Digital Audio — Sampling, Quantization & Formats",NEW,Batch 5
Stereo coupling,"Digital Audio — Sampling, Quantization & Formats",NEW,Batch 5
Mid/side coding,"Digital Audio — Sampling, Quantization & Formats",NEW,Batch 5
Codec generation loss,"Digital Audio — Sampling, Quantization & Formats",NEW,Batch 5
Transcoding loss,"Digital Audio — Sampling, Quantization & Formats",NEW,Batch 5
Normalization metadata,"Digital Audio — Sampling, Quantization & Formats",NEW,Batch 5
Gapless playback,"Digital Audio — Sampling, Quantization & Formats",NEW,Batch 5
Sample-accurate file boundaries,"Digital Audio — Sampling, Quantization & Formats",NEW,Batch 5
Inter-sample peaks after encoding,"Digital Audio — Sampling, Quantization & Formats",NEW,Batch 5
Dither during format conversion,"Digital Audio — Sampling, Quantization & Formats",NEW,Batch 5
File-size calculations,"Digital Audio — Sampling, Quantization & Formats",NEW,Batch 5
Pressure microphones,Microphones,EXISTING,Batch 5
Pressure-gradient microphones,Microphones,EXISTING,Batch 5
Velocity-sensitive microphones,Microphones,EXISTING,Batch 5
Omnidirectional behavior,Microphones,EXISTING,Batch 5
Directional behavior,Microphones,EXISTING,Batch 5
Polar patterns,Microphones,EXISTING,Batch 5
Cardioid formation,Microphones,EXISTING,Batch 5
Supercardioid pattern,Microphones,EXISTING,Batch 5
Hypercardioid pattern,Microphones,EXISTING,Batch 5
Figure-eight pattern,Microphones,EXISTING,Batch 5
Frequency-dependent polar response,Microphones,EXISTING,Batch 5
Pressure doubling at boundaries,Microphones,EXISTING,Batch 5
Diaphragm size versus behavior,Microphones,EXISTING,Batch 5
Transducer sensitivity,Microphones,EXISTING,Batch 5
Acoustic labyrinths,Microphones,EXISTING,Batch 5
Rear-port delay networks,Microphones,EXISTING,Batch 5
Interference tubes,Microphones,EXISTING,Batch 5
Condenser polarization,Microphones,EXISTING,Batch 5
Dynamic-microphone induction,Microphones,EXISTING,Batch 5
Ribbon-microphone operation,Microphones,EXISTING,Batch 5
Ribbon loading,Microphones,EXISTING,Batch 5
Transformer effects,Microphones,EXISTING,Batch 5
Balanced microphone lines,Microphones,EXISTING,Batch 5
Microphone preamplifier noise,Microphones,EXISTING,Batch 5
Critical distance and microphone placement,Microphones,EXISTING,Batch 5
Distance factor,Microphones,EXISTING,Batch 5
Phase interaction between microphones,Microphones,EXISTING,Batch 5
3:1 placement guideline,Microphones,EXISTING,Batch 5
Coincident stereo arrays,Microphones,EXISTING,Batch 5
Near-coincident arrays,Microphones,EXISTING,Batch 5
Spaced arrays,Microphones,EXISTING,Batch 5
Ambisonic microphones,Microphones,EXISTING,Batch 5
Mid/side recording,Microphones,EXISTING,Batch 5
Blumlein configuration,Microphones,EXISTING,Batch 5
Boundary microphones,Microphones,EXISTING,Batch 5
Moving-coil loudspeaker operation,Loudspeaker / Transducer Engineering,EXISTING,Batch 5
Electromagnetic force,Loudspeaker / Transducer Engineering,EXISTING,Batch 5
Cone motion,Loudspeaker / Transducer Engineering,EXISTING,Batch 5
Diaphragm breakup,Loudspeaker / Transducer Engineering,EXISTING,Batch 5
Piston-band operation,Loudspeaker / Transducer Engineering,EXISTING,Batch 5
Back electromotive force,Loudspeaker / Transducer Engineering,EXISTING,Batch 5
Loudspeaker impedance,Loudspeaker / Transducer Engineering,EXISTING,Batch 5
Nominal versus actual impedance,Loudspeaker / Transducer Engineering,EXISTING,Batch 5
Impedance curves,Loudspeaker / Transducer Engineering,EXISTING,Batch 5
Resonant impedance peak,Loudspeaker / Transducer Engineering,EXISTING,Batch 5
Sensitivity versus efficiency,Loudspeaker / Transducer Engineering,EXISTING,Batch 5
Excursion limits,Loudspeaker / Transducer Engineering,EXISTING,Batch 5
Linear excursion,Loudspeaker / Transducer Engineering,EXISTING,Batch 5
Mechanical excursion,Loudspeaker / Transducer Engineering,EXISTING,Batch 5
Cone displacement,Loudspeaker / Transducer Engineering,EXISTING,Batch 5
Beam narrowing,Loudspeaker / Transducer Engineering,EXISTING,Batch 5
Driver spacing,Loudspeaker / Transducer Engineering,EXISTING,Batch 5
Crossover interference,Loudspeaker / Transducer Engineering,EXISTING,Batch 5
Acoustic-center offset,Loudspeaker / Transducer Engineering,EXISTING,Batch 5
Coaxial loudspeakers,Loudspeaker / Transducer Engineering,EXISTING,Batch 5
Point-source approximation,Loudspeaker / Transducer Engineering,EXISTING,Batch 5
Line-source approximation,Loudspeaker / Transducer Engineering,EXISTING,Batch 5
Acoustic impedance transformation,Loudspeaker / Transducer Engineering,EXISTING,Batch 5
Horn directivity,Loudspeaker / Transducer Engineering,EXISTING,Batch 5
Constant-directivity horns,Loudspeaker / Transducer Engineering,EXISTING,Batch 5
Waveguides,Loudspeaker / Transducer Engineering,EXISTING,Batch 5
Compression drivers,Loudspeaker / Transducer Engineering,EXISTING,Batch 5
Phase plugs,Loudspeaker / Transducer Engineering,EXISTING,Batch 5
Ported enclosures,Loudspeaker / Transducer Engineering,EXISTING,Batch 5
Sealed enclosures,Loudspeaker / Transducer Engineering,EXISTING,Batch 5
Passive radiators,Loudspeaker / Transducer Engineering,EXISTING,Batch 5
Transmission lines,Loudspeaker / Transducer Engineering,EXISTING,Batch 5
Band-pass enclosures,Loudspeaker / Transducer Engineering,EXISTING,Batch 5
Port air velocity,Loudspeaker / Transducer Engineering,EXISTING,Batch 5
Group delay in loudspeaker systems,Loudspeaker / Transducer Engineering,EXISTING,Batch 5
Cardioid subwoofer arrays,Loudspeaker / Transducer Engineering,EXISTING,Batch 5
End-fire arrays,Loudspeaker / Transducer Engineering,EXISTING,Batch 5
Gradient arrays,Loudspeaker / Transducer Engineering,EXISTING,Batch 5
Broadside arrays,Loudspeaker / Transducer Engineering,EXISTING,Batch 5
Steering,Loudspeaker / Transducer Engineering,EXISTING,Batch 5
Electronic beamforming,Loudspeaker / Transducer Engineering,EXISTING,Batch 5
Line arrays,Loudspeaker / Transducer Engineering,EXISTING,Batch 5
Line-array curvature,Loudspeaker / Transducer Engineering,EXISTING,Batch 5
Cylindrical spreading assumptions,Loudspeaker / Transducer Engineering,EXISTING,Batch 5
Near-field and far-field transitions,Loudspeaker / Transducer Engineering,EXISTING,Batch 5
Splay angles,Loudspeaker / Transducer Engineering,EXISTING,Batch 5
Grating lobes,Loudspeaker / Transducer Engineering,EXISTING,Batch 5
Array coherence,Loudspeaker / Transducer Engineering,EXISTING,Batch 5
Acoustic crossover between array elements,Loudspeaker / Transducer Engineering,EXISTING,Batch 5
Capacitance,"Audio Electrical, Networking & Systems Concepts",NEW,Batch 5
Inductance,"Audio Electrical, Networking & Systems Concepts",NEW,Batch 5
Electrical power,"Audio Electrical, Networking & Systems Concepts",NEW,Batch 5
Alternating current,"Audio Electrical, Networking & Systems Concepts",NEW,Batch 5
Direct current,"Audio Electrical, Networking & Systems Concepts",NEW,Batch 5
Peak voltage,"Audio Electrical, Networking & Systems Concepts",NEW,Batch 5
Balanced signaling,"Audio Electrical, Networking & Systems Concepts",NEW,Batch 5
Unbalanced signaling,"Audio Electrical, Networking & Systems Concepts",NEW,Batch 5
Differential signaling,"Audio Electrical, Networking & Systems Concepts",NEW,Batch 5
Grounding,"Audio Electrical, Networking & Systems Concepts",NEW,Batch 5
Ground loops,"Audio Electrical, Networking & Systems Concepts",NEW,Batch 5
Signal ground versus safety ground,"Audio Electrical, Networking & Systems Concepts",NEW,Batch 5
Isolation transformers,"Audio Electrical, Networking & Systems Concepts",NEW,Batch 5
Input impedance,"Audio Electrical, Networking & Systems Concepts",NEW,Batch 5
Source-load interaction,"Audio Electrical, Networking & Systems Concepts",NEW,Batch 5
Maximum power transfer,"Audio Electrical, Networking & Systems Concepts",NEW,Batch 5
Voltage-divider effects,"Audio Electrical, Networking & Systems Concepts",NEW,Batch 5
Cable inductance,"Audio Electrical, Networking & Systems Concepts",NEW,Batch 5
Cable resistance,"Audio Electrical, Networking & Systems Concepts",NEW,Batch 5
Transmission-line behavior,"Audio Electrical, Networking & Systems Concepts",NEW,Batch 5
Reflections in digital cables,"Audio Electrical, Networking & Systems Concepts",NEW,Batch 5
Amplifier gain,"Audio Electrical, Networking & Systems Concepts",NEW,Batch 5
Voltage sensitivity,"Audio Electrical, Networking & Systems Concepts",NEW,Batch 5
Amplifier clipping,"Audio Electrical, Networking & Systems Concepts",NEW,Batch 5
Output-current limiting,"Audio Electrical, Networking & Systems Concepts",NEW,Batch 5
Thermal limiting,"Audio Electrical, Networking & Systems Concepts",NEW,Batch 5
Class A amplification,"Audio Electrical, Networking & Systems Concepts",NEW,Batch 5
Class B amplification,"Audio Electrical, Networking & Systems Concepts",NEW,Batch 5
Class AB amplification,"Audio Electrical, Networking & Systems Concepts",NEW,Batch 5
Class D amplification,"Audio Electrical, Networking & Systems Concepts",NEW,Batch 5
Feedback stability,"Audio Electrical, Networking & Systems Concepts",NEW,Batch 5
Bridged amplifier operation,"Audio Electrical, Networking & Systems Concepts",NEW,Batch 5
Parallel amplifier operation,"Audio Electrical, Networking & Systems Concepts",NEW,Batch 5
Constant-voltage distributed systems,"Audio Electrical, Networking & Systems Concepts",NEW,Batch 5
70-volt and 100-volt systems,"Audio Electrical, Networking & Systems Concepts",NEW,Batch 5
Transformer taps,"Audio Electrical, Networking & Systems Concepts",NEW,Batch 5
Loudspeaker load calculations,"Audio Electrical, Networking & Systems Concepts",NEW,Batch 5
Series and parallel loads,"Audio Electrical, Networking & Systems Concepts",NEW,Batch 5
Reactive loudspeaker loads,"Audio Electrical, Networking & Systems Concepts",NEW,Batch 5
Serial digital audio,"Audio Electrical, Networking & Systems Concepts",NEW,Batch 5
Parallel digital audio,"Audio Electrical, Networking & Systems Concepts",NEW,Batch 5
Bit clock,"Audio Electrical, Networking & Systems Concepts",NEW,Batch 5
Frame clock,"Audio Electrical, Networking & Systems Concepts",NEW,Batch 5
Embedded clocking,"Audio Electrical, Networking & Systems Concepts",NEW,Batch 5
Jitter accumulation,"Audio Electrical, Networking & Systems Concepts",NEW,Batch 5
Synchronization,"Audio Electrical, Networking & Systems Concepts",NEW,Batch 5
Sample-accurate synchronization,"Audio Electrical, Networking & Systems Concepts",NEW,Batch 5
Linear timecode,"Audio Electrical, Networking & Systems Concepts",NEW,Batch 5
MIDI timecode,"Audio Electrical, Networking & Systems Concepts",NEW,Batch 5
Precision Time Protocol,"Audio Electrical, Networking & Systems Concepts",NEW,Batch 5
Network clock domains,"Audio Electrical, Networking & Systems Concepts",NEW,Batch 5
Packetized audio,"Audio Electrical, Networking & Systems Concepts",NEW,Batch 5
Deterministic latency,"Audio Electrical, Networking & Systems Concepts",NEW,Batch 5
Variable latency,"Audio Electrical, Networking & Systems Concepts",NEW,Batch 5
Jitter buffers,"Audio Electrical, Networking & Systems Concepts",NEW,Batch 5
Packet reordering,"Audio Electrical, Networking & Systems Concepts",NEW,Batch 5
Error correction,"Audio Electrical, Networking & Systems Concepts",NEW,Batch 5
Redundant networking,"Audio Electrical, Networking & Systems Concepts",NEW,Batch 5
Multicast,"Audio Electrical, Networking & Systems Concepts",NEW,Batch 5
Unicast,"Audio Electrical, Networking & Systems Concepts",NEW,Batch 5
Quality of service,"Audio Electrical, Networking & Systems Concepts",NEW,Batch 5
Channel count calculations,"Audio Electrical, Networking & Systems Concepts",NEW,Batch 5
Sample-rate effects on network load,"Audio Electrical, Networking & Systems Concepts",NEW,Batch 5
Bit-depth effects on network load,"Audio Electrical, Networking & Systems Concepts",NEW,Batch 5
Discovery and subscription,"Audio Electrical, Networking & Systems Concepts",NEW,Batch 5
Clock-master election,"Audio Electrical, Networking & Systems Concepts",NEW,Batch 5
Boundary clocks,"Audio Electrical, Networking & Systems Concepts",NEW,Batch 5
Transparent clocks,"Audio Electrical, Networking & Systems Concepts",NEW,Batch 5
Network topology,"Audio Electrical, Networking & Systems Concepts",NEW,Batch 5
Layer 2 versus Layer 3 transport,"Audio Electrical, Networking & Systems Concepts",NEW,Batch 5
Virtual local area networks,"Audio Electrical, Networking & Systems Concepts",NEW,Batch 5
Spanning tree,"Audio Electrical, Networking & Systems Concepts",NEW,Batch 5
Link aggregation,"Audio Electrical, Networking & Systems Concepts",NEW,Batch 5
Sample-rate mismatch across devices,"Audio Electrical, Networking & Systems Concepts",NEW,Batch 5
Asynchronous endpoints,"Audio Electrical, Networking & Systems Concepts",NEW,Batch 5
Buffering and end-to-end latency,"Audio Electrical, Networking & Systems Concepts",NEW,Batch 5
Networked-audio troubleshooting,"Audio Electrical, Networking & Systems Concepts",NEW,Batch 5
Hearing threshold,Psychoacoustics,EXISTING,Batch 5
Audible frequency range,Psychoacoustics,EXISTING,Batch 5
Age-related high-frequency loss,Psychoacoustics,EXISTING,Batch 5
Outer-ear filtering,Psychoacoustics,EXISTING,Batch 5
Middle-ear transfer,Psychoacoustics,EXISTING,Batch 5
Cochlear mechanics,Psychoacoustics,EXISTING,Batch 5
Basilar-membrane frequency mapping,Psychoacoustics,EXISTING,Batch 5
Hair-cell transduction,Psychoacoustics,EXISTING,Batch 5
Auditory nerve firing,Psychoacoustics,EXISTING,Batch 5
Binaural summation,Psychoacoustics,EXISTING,Batch 5
Localization,Psychoacoustics,EXISTING,Batch 5
Head-related transfer functions,Psychoacoustics,EXISTING,Batch 5
Pinna cues,Psychoacoustics,EXISTING,Batch 5
Front-back confusion,Psychoacoustics,EXISTING,Batch 5
Elevation perception,Psychoacoustics,EXISTING,Batch 5
Harmonic grouping,Psychoacoustics,EXISTING,Batch 5
Temporal grouping,Psychoacoustics,EXISTING,Batch 5
Selective attention,Psychoacoustics,EXISTING,Batch 5
Auditory adaptation,Psychoacoustics,EXISTING,Batch 5
Auditory fatigue,Psychoacoustics,EXISTING,Batch 5
Diplacusis,Psychoacoustics,EXISTING,Batch 5
Occlusion effect,Psychoacoustics,EXISTING,Batch 5
Bone conduction,Psychoacoustics,EXISTING,Batch 5
Air conduction,Psychoacoustics,EXISTING,Batch 5
Binaural beats,Psychoacoustics,EXISTING,Batch 5
Combination tones,Psychoacoustics,EXISTING,Batch 5
Auditory illusions,Psychoacoustics,EXISTING,Batch 5
Phantom fundamental,Psychoacoustics,EXISTING,Batch 5
Shepard tones,Psychoacoustics,EXISTING,Batch 5
Tritone paradox,Psychoacoustics,EXISTING,Batch 5
McGurk-style audiovisual influence on speech,Psychoacoustics,EXISTING,Batch 5
Expectation bias,Psychoacoustics,EXISTING,Batch 5
Loudness bias,Psychoacoustics,EXISTING,Batch 5
Sighted versus blind listening,Psychoacoustics,EXISTING,Batch 5
Listener training and perceptual learning,Psychoacoustics,EXISTING,Batch 5
Intensity stereophony,Psychoacoustics,EXISTING,Batch 5
Time-difference stereophony,Psychoacoustics,EXISTING,Batch 5
Phase-difference stereophony,Psychoacoustics,EXISTING,Batch 5
Coincident stereo,Psychoacoustics,EXISTING,Batch 5
Near-coincident stereo,Psychoacoustics,EXISTING,Batch 5
Spaced-pair stereo,Psychoacoustics,EXISTING,Batch 5
Mid/side stereo,Psychoacoustics,EXISTING,Batch 5
Sum-and-difference matrices,Psychoacoustics,EXISTING,Batch 5
Interchannel correlation,Psychoacoustics,EXISTING,Batch 5
Negative correlation,Psychoacoustics,EXISTING,Batch 5
Phase-scope interpretation,Psychoacoustics,EXISTING,Batch 5
Image shift with listener movement,Psychoacoustics,EXISTING,Batch 5
Individualized HRTFs,Psychoacoustics,EXISTING,Batch 5
Head tracking,Psychoacoustics,EXISTING,Batch 5
Spherical harmonics,Psychoacoustics,EXISTING,Batch 5
Ambisonic encoding,Psychoacoustics,EXISTING,Batch 5
Ambisonic decoding,Psychoacoustics,EXISTING,Batch 5
Sound-field rotation,Psychoacoustics,EXISTING,Batch 5
Sound-field translation,Psychoacoustics,EXISTING,Batch 5
Scene-based audio,Psychoacoustics,EXISTING,Batch 5
Bed channels,Psychoacoustics,EXISTING,Batch 5
Audio objects,Psychoacoustics,EXISTING,Batch 5
Metadata-driven rendering,Psychoacoustics,EXISTING,Batch 5
Distance-based amplitude panning,Psychoacoustics,EXISTING,Batch 5
Higher-order spatial aliasing,Psychoacoustics,EXISTING,Batch 5
Elevation channels,Psychoacoustics,EXISTING,Batch 5
Height localization,Psychoacoustics,EXISTING,Batch 5
Downmixing,Psychoacoustics,EXISTING,Batch 5
Fold-down compatibility,Psychoacoustics,EXISTING,Batch 5
Binaural rendering of immersive mixes,Psychoacoustics,EXISTING,Batch 5
Measurement signal versus program material,"Audio Electrical, Networking & Systems Concepts",NEW,Batch 5
Reference calibration,"Audio Electrical, Networking & Systems Concepts",NEW,Batch 5
Accuracy versus precision,"Audio Electrical, Networking & Systems Concepts",NEW,Batch 5
Tolerance,"Audio Electrical, Networking & Systems Concepts",NEW,Batch 5
Measurement microphone calibration,"Audio Electrical, Networking & Systems Concepts",NEW,Batch 5
Random-incidence calibration,"Audio Electrical, Networking & Systems Concepts",NEW,Batch 5
Sound-level meter time weighting,"Audio Electrical, Networking & Systems Concepts",NEW,Batch 5
Fast weighting,"Audio Electrical, Networking & Systems Concepts",NEW,Batch 5
Slow weighting,"Audio Electrical, Networking & Systems Concepts",NEW,Batch 5
Impulse weighting,"Audio Electrical, Networking & Systems Concepts",NEW,Batch 5
Frequency weighting,"Audio Electrical, Networking & Systems Concepts",NEW,Batch 5
A weighting,"Audio Electrical, Networking & Systems Concepts",NEW,Batch 5
C weighting,"Audio Electrical, Networking & Systems Concepts",NEW,Batch 5
Peak sound pressure,"Audio Electrical, Networking & Systems Concepts",NEW,Batch 5
Dose,"Audio Electrical, Networking & Systems Concepts",NEW,Batch 5
Real-time analysis,"Audio Electrical, Networking & Systems Concepts",NEW,Batch 5
Fractional-octave analysis,"Audio Electrical, Networking & Systems Concepts",NEW,Batch 5
Constant-percentage bandwidth,"Audio Electrical, Networking & Systems Concepts",NEW,Batch 5
Constant-Hz bandwidth,"Audio Electrical, Networking & Systems Concepts",NEW,Batch 5
Fractional-octave smoothing,"Audio Electrical, Networking & Systems Concepts",NEW,Batch 5
Psychoacoustic smoothing,"Audio Electrical, Networking & Systems Concepts",NEW,Batch 5
Time averaging,"Audio Electrical, Networking & Systems Concepts",NEW,Batch 5
Frequency-response measurement,"Audio Electrical, Networking & Systems Concepts",NEW,Batch 5
Reference-channel delay,"Audio Electrical, Networking & Systems Concepts",NEW,Batch 5
Spectrograph,"Audio Electrical, Networking & Systems Concepts",NEW,Batch 5
Wavelet spectrogram,"Audio Electrical, Networking & Systems Concepts",NEW,Batch 5
Group-delay plot,"Audio Electrical, Networking & Systems Concepts",NEW,Batch 5
Excess-phase plot,"Audio Electrical, Networking & Systems Concepts",NEW,Batch 5
Minimum-phase derivation,"Audio Electrical, Networking & Systems Concepts",NEW,Batch 5
Windowing an impulse response,"Audio Electrical, Networking & Systems Concepts",NEW,Batch 5
Gating reflections,"Audio Electrical, Networking & Systems Concepts",NEW,Batch 5
Near-field loudspeaker measurement,"Audio Electrical, Networking & Systems Concepts",NEW,Batch 5
Merging near-field and far-field responses,"Audio Electrical, Networking & Systems Concepts",NEW,Batch 5
Polar measurement,"Audio Electrical, Networking & Systems Concepts",NEW,Batch 5
Directivity balloon,"Audio Electrical, Networking & Systems Concepts",NEW,Batch 5
Spinorama-style data,"Audio Electrical, Networking & Systems Concepts",NEW,Batch 5
Balloon interpolation,"Audio Electrical, Networking & Systems Concepts",NEW,Batch 5
Measurement noise floor,"Audio Electrical, Networking & Systems Concepts",NEW,Batch 5
Distortion measurement,"Audio Electrical, Networking & Systems Concepts",NEW,Batch 5
Multitone testing,"Audio Electrical, Networking & Systems Concepts",NEW,Batch 5
Maximum-length sequence measurement,"Audio Electrical, Networking & Systems Concepts",NEW,Batch 5
Transfer-function averaging,"Audio Electrical, Networking & Systems Concepts",NEW,Batch 5
Vector averaging,"Audio Electrical, Networking & Systems Concepts",NEW,Batch 5
Calibration offsets,"Audio Electrical, Networking & Systems Concepts",NEW,Batch 5
Measurement latency,"Audio Electrical, Networking & Systems Concepts",NEW,Batch 5
Clock mismatch during measurement,"Audio Electrical, Networking & Systems Concepts",NEW,Batch 5
Ringing out a system,"Audio Electrical, Networking & Systems Concepts",NEW,Batch 5
Feedback loop gain,"Audio Electrical, Networking & Systems Concepts",NEW,Batch 5
Feedback stability margin,"Audio Electrical, Networking & Systems Concepts",NEW,Batch 5
Open-loop versus closed-loop behavior,"Audio Electrical, Networking & Systems Concepts",NEW,Batch 5
Microphone-loudspeaker geometry,"Audio Electrical, Networking & Systems Concepts",NEW,Batch 5
Uniformity,"Audio Electrical, Networking & Systems Concepts",NEW,Batch 5
Directivity control,"Audio Electrical, Networking & Systems Concepts",NEW,Batch 5
Loudspeaker aiming,"Audio Electrical, Networking & Systems Concepts",NEW,Batch 5
Acoustic overlap,"Audio Electrical, Networking & Systems Concepts",NEW,Batch 5
Acoustic crossover zones,"Audio Electrical, Networking & Systems Concepts",NEW,Batch 5
Delay speakers,"Audio Electrical, Networking & Systems Concepts",NEW,Batch 5
Under-balcony fills,"Audio Electrical, Networking & Systems Concepts",NEW,Batch 5
Out fills,"Audio Electrical, Networking & Systems Concepts",NEW,Batch 5
Distributed systems,"Audio Electrical, Networking & Systems Concepts",NEW,Batch 5
Magnitude summation,"Audio Electrical, Networking & Systems Concepts",NEW,Batch 5
Main-to-sub timing,"Audio Electrical, Networking & Systems Concepts",NEW,Batch 5
Boundary interaction,"Audio Electrical, Networking & Systems Concepts",NEW,Batch 5
Stage spill,"Audio Electrical, Networking & Systems Concepts",NEW,Batch 5
Monitor gain before feedback,"Audio Electrical, Networking & Systems Concepts",NEW,Batch 5
In-ear monitor isolation,"Audio Electrical, Networking & Systems Concepts",NEW,Batch 5
Latency in monitoring systems,"Audio Electrical, Networking & Systems Concepts",NEW,Batch 5
Comb filtering from multiple loudspeakers,"Audio Electrical, Networking & Systems Concepts",NEW,Batch 5
Subwoofer lobing,"Audio Electrical, Networking & Systems Concepts",NEW,Batch 5
Array steering,"Audio Electrical, Networking & Systems Concepts",NEW,Batch 5
Delay shading,"Audio Electrical, Networking & Systems Concepts",NEW,Batch 5
Frequency shading,"Audio Electrical, Networking & Systems Concepts",NEW,Batch 5
Coverage versus throw,"Audio Electrical, Networking & Systems Concepts",NEW,Batch 5
Temperature and humidity effects,"Audio Electrical, Networking & Systems Concepts",NEW,Batch 5
Wind effects,"Audio Electrical, Networking & Systems Concepts",NEW,Batch 5
Outdoor propagation,"Audio Electrical, Networking & Systems Concepts",NEW,Batch 5
Empty-room versus occupied-room response,"Audio Electrical, Networking & Systems Concepts",NEW,Batch 5
System equalization versus room correction,"Audio Electrical, Networking & Systems Concepts",NEW,Batch 5
Measurement-position dependency,"Audio Electrical, Networking & Systems Concepts",NEW,Batch 5
Spatial averaging for system tuning,"Audio Electrical, Networking & Systems Concepts",NEW,Batch 5
Target curves,"Audio Electrical, Networking & Systems Concepts",NEW,Batch 5
House curves,"Audio Electrical, Networking & Systems Concepts",NEW,Batch 5
Tonal balance versus flatness,"Audio Electrical, Networking & Systems Concepts",NEW,Batch 5
System optimization under time constraints,"Audio Electrical, Networking & Systems Concepts",NEW,Batch 5
Gain staging through a recording chain,"Recording, Mixing & Troubleshooting Concepts",NEW,Batch 5
Microphone placement as spectral control,"Recording, Mixing & Troubleshooting Concepts",NEW,Batch 5
Room-to-direct balance,"Recording, Mixing & Troubleshooting Concepts",NEW,Batch 5
Early-reflection coloration,"Recording, Mixing & Troubleshooting Concepts",NEW,Batch 5
Multi-microphone time alignment,"Recording, Mixing & Troubleshooting Concepts",NEW,Batch 5
Polarity checking,"Recording, Mixing & Troubleshooting Concepts",NEW,Batch 5
Comb filtering in layered recordings,"Recording, Mixing & Troubleshooting Concepts",NEW,Batch 5
Transient capture,"Recording, Mixing & Troubleshooting Concepts",NEW,Batch 5
Source dynamics,"Recording, Mixing & Troubleshooting Concepts",NEW,Batch 5
Microphone overload,"Recording, Mixing & Troubleshooting Concepts",NEW,Batch 5
Preamplifier overload,"Recording, Mixing & Troubleshooting Concepts",NEW,Batch 5
Converter overload,"Recording, Mixing & Troubleshooting Concepts",NEW,Batch 5
Analog headroom versus digital headroom,"Recording, Mixing & Troubleshooting Concepts",NEW,Batch 5
Noise accumulation,"Recording, Mixing & Troubleshooting Concepts",NEW,Batch 5
Ground loops in recording systems,"Recording, Mixing & Troubleshooting Concepts",NEW,Batch 5
Cue-mix latency,"Recording, Mixing & Troubleshooting Concepts",NEW,Batch 5
Round-trip latency,"Recording, Mixing & Troubleshooting Concepts",NEW,Batch 5
Buffer-size tradeoffs,"Recording, Mixing & Troubleshooting Concepts",NEW,Batch 5
Sample-rate effects on latency,"Recording, Mixing & Troubleshooting Concepts",NEW,Batch 5
Editing at zero crossings,"Recording, Mixing & Troubleshooting Concepts",NEW,Batch 5
Crossfades,"Recording, Mixing & Troubleshooting Concepts",NEW,Batch 5
Phase-coherent editing,"Recording, Mixing & Troubleshooting Concepts",NEW,Batch 5
Elastic audio artifacts,"Recording, Mixing & Troubleshooting Concepts",NEW,Batch 5
Destructive versus nondestructive editing,"Recording, Mixing & Troubleshooting Concepts",NEW,Batch 5
Session sample-rate management,"Recording, Mixing & Troubleshooting Concepts",NEW,Batch 5
Clocking multiple digital devices,"Recording, Mixing & Troubleshooting Concepts",NEW,Batch 5
Impedance conversion,"Recording, Mixing & Troubleshooting Concepts",NEW,Batch 5
Direct injection,"Recording, Mixing & Troubleshooting Concepts",NEW,Batch 5
Instrument-level versus line-level signals,"Recording, Mixing & Troubleshooting Concepts",NEW,Batch 5
Ground lifting and electrical safety,"Recording, Mixing & Troubleshooting Concepts",NEW,Batch 5
Perspective,"Recording, Mixing & Troubleshooting Concepts",NEW,Batch 5
Height perception,"Recording, Mixing & Troubleshooting Concepts",NEW,Batch 5
Level masking,"Recording, Mixing & Troubleshooting Concepts",NEW,Batch 5
Arrangement masking,"Recording, Mixing & Troubleshooting Concepts",NEW,Batch 5
Tonal hierarchy,"Recording, Mixing & Troubleshooting Concepts",NEW,Batch 5
Dynamic hierarchy,"Recording, Mixing & Troubleshooting Concepts",NEW,Batch 5
Transient hierarchy,"Recording, Mixing & Troubleshooting Concepts",NEW,Batch 5
Center-image management,"Recording, Mixing & Troubleshooting Concepts",NEW,Batch 5
Low-frequency mono compatibility,"Recording, Mixing & Troubleshooting Concepts",NEW,Batch 5
Stereo decorrelation,"Recording, Mixing & Troubleshooting Concepts",NEW,Batch 5
Phase-based widening,"Recording, Mixing & Troubleshooting Concepts",NEW,Batch 5
Haas-based widening,"Recording, Mixing & Troubleshooting Concepts",NEW,Batch 5
Artificial double tracking,"Recording, Mixing & Troubleshooting Concepts",NEW,Batch 5
Mid/side equalization,"Recording, Mixing & Troubleshooting Concepts",NEW,Batch 5
Mid/side compression,"Recording, Mixing & Troubleshooting Concepts",NEW,Batch 5
Serial processing,"Recording, Mixing & Troubleshooting Concepts",NEW,Batch 5
Processor-order interaction,"Recording, Mixing & Troubleshooting Concepts",NEW,Batch 5
Pre-emphasis and de-emphasis,"Recording, Mixing & Troubleshooting Concepts",NEW,Batch 5
Sidechain routing,"Recording, Mixing & Troubleshooting Concepts",NEW,Batch 5
Bus compression,"Recording, Mixing & Troubleshooting Concepts",NEW,Batch 5
Mix-bus headroom,"Recording, Mixing & Troubleshooting Concepts",NEW,Batch 5
Summing,"Recording, Mixing & Troubleshooting Concepts",NEW,Batch 5
Relative versus absolute level,"Recording, Mixing & Troubleshooting Concepts",NEW,Batch 5
Loudness matching for comparison,"Recording, Mixing & Troubleshooting Concepts",NEW,Batch 5
Ear fatigue,"Recording, Mixing & Troubleshooting Concepts",NEW,Batch 5
Reference tracks,"Recording, Mixing & Troubleshooting Concepts",NEW,Batch 5
Monitoring level,"Recording, Mixing & Troubleshooting Concepts",NEW,Batch 5
Translation across playback systems,"Recording, Mixing & Troubleshooting Concepts",NEW,Batch 5
Room influence on mix decisions,"Recording, Mixing & Troubleshooting Concepts",NEW,Batch 5
Frequency balance versus perceived balance,"Recording, Mixing & Troubleshooting Concepts",NEW,Batch 5
Transient density,"Recording, Mixing & Troubleshooting Concepts",NEW,Batch 5
Reverberant density,"Recording, Mixing & Troubleshooting Concepts",NEW,Batch 5
Cohesion,"Recording, Mixing & Troubleshooting Concepts",NEW,Batch 5
Weight,"Recording, Mixing & Troubleshooting Concepts",NEW,Batch 5
Perceptual descriptors versus measurable properties,"Recording, Mixing & Troubleshooting Concepts",NEW,Batch 5
Room size as a perceptual parameter,"Signal Processing Concepts (Filters, Dynamics, FX & Noise)",NEW,Batch 5
Algorithmic reverberation,"Signal Processing Concepts (Filters, Dynamics, FX & Noise)",NEW,Batch 5
Convolution reverberation,"Signal Processing Concepts (Filters, Dynamics, FX & Noise)",NEW,Batch 5
Impulse-response capture,"Signal Processing Concepts (Filters, Dynamics, FX & Noise)",NEW,Batch 5
Time variance in natural spaces,"Signal Processing Concepts (Filters, Dynamics, FX & Noise)",NEW,Batch 5
Static versus modulated reverb,"Signal Processing Concepts (Filters, Dynamics, FX & Noise)",NEW,Batch 5
Plate-reverb behavior,"Signal Processing Concepts (Filters, Dynamics, FX & Noise)",NEW,Batch 5
Spring-reverb behavior,"Signal Processing Concepts (Filters, Dynamics, FX & Noise)",NEW,Batch 5
Chamber-reverb behavior,"Signal Processing Concepts (Filters, Dynamics, FX & Noise)",NEW,Batch 5
Reverb predelay and source distance,"Signal Processing Concepts (Filters, Dynamics, FX & Noise)",NEW,Batch 5
Reverb masking,"Signal Processing Concepts (Filters, Dynamics, FX & Noise)",NEW,Batch 5
Reverb ducking,"Signal Processing Concepts (Filters, Dynamics, FX & Noise)",NEW,Batch 5
Delay filtering,"Signal Processing Concepts (Filters, Dynamics, FX & Noise)",NEW,Batch 5
Note-value delay,"Signal Processing Concepts (Filters, Dynamics, FX & Noise)",NEW,Batch 5
Dotted and triplet delays,"Signal Processing Concepts (Filters, Dynamics, FX & Noise)",NEW,Batch 5
Slap delay,"Signal Processing Concepts (Filters, Dynamics, FX & Noise)",NEW,Batch 5
Comb filtering in short delays,"Signal Processing Concepts (Filters, Dynamics, FX & Noise)",NEW,Batch 5
Delay-line interpolation,"Signal Processing Concepts (Filters, Dynamics, FX & Noise)",NEW,Batch 5
Doppler effects during delay modulation,"Signal Processing Concepts (Filters, Dynamics, FX & Noise)",NEW,Batch 5
Feedback stability in delay networks,"Signal Processing Concepts (Filters, Dynamics, FX & Noise)",NEW,Batch 5
Low-frequency oscillation,"Signal Processing Concepts (Filters, Dynamics, FX & Noise)",NEW,Batch 5
Sideband formation,"Signal Processing Concepts (Filters, Dynamics, FX & Noise)",NEW,Batch 5
Carrier suppression,"Signal Processing Concepts (Filters, Dynamics, FX & Noise)",NEW,Batch 5
Through-zero modulation,"Signal Processing Concepts (Filters, Dynamics, FX & Noise)",NEW,Batch 5
Frequency-modulation index,"Signal Processing Concepts (Filters, Dynamics, FX & Noise)",NEW,Batch 5
Bessel-function sideband behavior,"Signal Processing Concepts (Filters, Dynamics, FX & Noise)",NEW,Batch 5
Modal synthesis,"Signal Processing Concepts (Filters, Dynamics, FX & Noise)",NEW,Batch 5
Vector synthesis,"Signal Processing Concepts (Filters, Dynamics, FX & Noise)",NEW,Batch 5
Spectral synthesis,"Signal Processing Concepts (Filters, Dynamics, FX & Noise)",NEW,Batch 5
Formant synthesis,"Signal Processing Concepts (Filters, Dynamics, FX & Noise)",NEW,Batch 5
Convolution synthesis,"Signal Processing Concepts (Filters, Dynamics, FX & Noise)",NEW,Batch 5
Phase-distortion synthesis,"Signal Processing Concepts (Filters, Dynamics, FX & Noise)",NEW,Batch 5
Aliasing in digital oscillators,"Signal Processing Concepts (Filters, Dynamics, FX & Noise)",NEW,Batch 5
Band-limited oscillator generation,"Signal Processing Concepts (Filters, Dynamics, FX & Noise)",NEW,Batch 5
Oscillator synchronization,"Signal Processing Concepts (Filters, Dynamics, FX & Noise)",NEW,Batch 5
Soft sync,"Signal Processing Concepts (Filters, Dynamics, FX & Noise)",NEW,Batch 5
Envelope generators,"Signal Processing Concepts (Filters, Dynamics, FX & Noise)",NEW,Batch 5
Attack-decay-sustain-release behavior,"Signal Processing Concepts (Filters, Dynamics, FX & Noise)",NEW,Batch 5
Control-rate versus audio-rate modulation,"Signal Processing Concepts (Filters, Dynamics, FX & Noise)",NEW,Batch 5
Tuning systems,"Signal Processing Concepts (Filters, Dynamics, FX & Noise)",NEW,Batch 5
Microtuning,"Signal Processing Concepts (Filters, Dynamics, FX & Noise)",NEW,Batch 5
Control smoothing,"Signal Processing Concepts (Filters, Dynamics, FX & Noise)",NEW,Batch 5
Parameter zipper noise,"Signal Processing Concepts (Filters, Dynamics, FX & Noise)",NEW,Batch 5
Harmonic excitation,Psychoacoustics,EXISTING,Batch 5
Resonating body,Psychoacoustics,EXISTING,Batch 5
Standing waves on strings,Psychoacoustics,EXISTING,Batch 5
Open-string and stopped-string behavior,Psychoacoustics,EXISTING,Batch 5
String modes,Psychoacoustics,EXISTING,Batch 5
String stiffness and inharmonicity,Psychoacoustics,EXISTING,Batch 5
Pluck position and harmonic content,Psychoacoustics,EXISTING,Batch 5
Bowing excitation,Psychoacoustics,EXISTING,Batch 5
Air-column resonance,Psychoacoustics,EXISTING,Batch 5
Open and closed pipes,Psychoacoustics,EXISTING,Batch 5
End correction,Psychoacoustics,EXISTING,Batch 5
Register changes,Psychoacoustics,EXISTING,Batch 5
Reed oscillation,Psychoacoustics,EXISTING,Batch 5
Lip-reed oscillation,Psychoacoustics,EXISTING,Batch 5
Bore shape,Psychoacoustics,EXISTING,Batch 5
Cylindrical versus conical bores,Psychoacoustics,EXISTING,Batch 5
Tone holes,Psychoacoustics,EXISTING,Batch 5
Bell radiation,Psychoacoustics,EXISTING,Batch 5
Brass directivity,Psychoacoustics,EXISTING,Batch 5
Woodwind directivity,Psychoacoustics,EXISTING,Batch 5
Membrane modes,Psychoacoustics,EXISTING,Batch 5
Drumhead overtones,Psychoacoustics,EXISTING,Batch 5
Coupled drumheads,Psychoacoustics,EXISTING,Batch 5
Snare-wire response,Psychoacoustics,EXISTING,Batch 5
Cymbal modes,Psychoacoustics,EXISTING,Batch 5
Inharmonic percussion spectra,Psychoacoustics,EXISTING,Batch 5
Piano-string inharmonicity,Psychoacoustics,EXISTING,Batch 5
Soundboard coupling,Psychoacoustics,EXISTING,Batch 5
Sympathetic string resonance,Psychoacoustics,EXISTING,Batch 5
Pickup placement,Psychoacoustics,EXISTING,Batch 5
Magnetic pickup aperture,Psychoacoustics,EXISTING,Batch 5
Instrument body modes,Psychoacoustics,EXISTING,Batch 5
Wolf tones,Psychoacoustics,EXISTING,Batch 5
Formants in musical instruments,Psychoacoustics,EXISTING,Batch 5
Vocal-fold vibration,Re-Recording & Final Mix,EXISTING,Batch 5
Source-filter theory,Re-Recording & Final Mix,EXISTING,Batch 5
Fundamental frequency of voice,Re-Recording & Final Mix,EXISTING,Batch 5
Vocal harmonics,Re-Recording & Final Mix,EXISTING,Batch 5
Formants,Re-Recording & Final Mix,EXISTING,Batch 5
Vocal-tract resonances,Re-Recording & Final Mix,EXISTING,Batch 5
Vowel formation,Re-Recording & Final Mix,EXISTING,Batch 5
Consonant formation,Re-Recording & Final Mix,EXISTING,Batch 5
Voiced versus unvoiced speech,Re-Recording & Final Mix,EXISTING,Batch 5
Plosives,Re-Recording & Final Mix,EXISTING,Batch 5
Fricatives,Re-Recording & Final Mix,EXISTING,Batch 5
Glottal pulse,Re-Recording & Final Mix,EXISTING,Batch 5
Pitch versus formant,Re-Recording & Final Mix,EXISTING,Batch 5
Pitch shifting without formant correction,Re-Recording & Final Mix,EXISTING,Batch 5
Vocal proximity effect,Re-Recording & Final Mix,EXISTING,Batch 5
Consonant-to-vowel balance,Re-Recording & Final Mix,EXISTING,Batch 5
Vocal dynamic range,Re-Recording & Final Mix,EXISTING,Batch 5
Voice onset,Re-Recording & Final Mix,EXISTING,Batch 5
Vocal fry,Re-Recording & Final Mix,EXISTING,Batch 5
Falsetto,Re-Recording & Final Mix,EXISTING,Batch 5
Chest and head registration,Re-Recording & Final Mix,EXISTING,Batch 5
Comb filtering from podium or desk reflections,Re-Recording & Final Mix,EXISTING,Batch 5
Plosive control,Re-Recording & Final Mix,EXISTING,Batch 5
Dialogue matching,Re-Recording & Final Mix,EXISTING,Batch 5
Room-tone continuity,Re-Recording & Final Mix,EXISTING,Batch 5
Frequency identification,Psychoacoustics,EXISTING,Batch 5
Level-difference identification,Psychoacoustics,EXISTING,Batch 5
Delay identification,Psychoacoustics,EXISTING,Batch 5
Phase-change audibility,Psychoacoustics,EXISTING,Batch 5
Distortion identification,Psychoacoustics,EXISTING,Batch 5
Compression identification,Psychoacoustics,EXISTING,Batch 5
Attack and release recognition,Psychoacoustics,EXISTING,Batch 5
Reverb-time recognition,Psychoacoustics,EXISTING,Batch 5
Predelay recognition,Psychoacoustics,EXISTING,Batch 5
Early-reflection recognition,Psychoacoustics,EXISTING,Batch 5
Noise-color identification,Psychoacoustics,EXISTING,Batch 5
Clipping recognition,Psychoacoustics,EXISTING,Batch 5
Aliasing recognition,Psychoacoustics,EXISTING,Batch 5
Quantization-distortion recognition,Psychoacoustics,EXISTING,Batch 5
Codec-artifact recognition,Psychoacoustics,EXISTING,Batch 5
Resonance identification,Psychoacoustics,EXISTING,Batch 5
Comb-filter identification,Psychoacoustics,EXISTING,Batch 5
Polarity-error recognition,Psychoacoustics,EXISTING,Batch 5
Spectral-tilt recognition,Psychoacoustics,EXISTING,Batch 5
Bandwidth limitation,Psychoacoustics,EXISTING,Batch 5
High-pass and low-pass recognition,Psychoacoustics,EXISTING,Batch 5
Bell-filter frequency recognition,Psychoacoustics,EXISTING,Batch 5
Q-factor recognition,Psychoacoustics,EXISTING,Batch 5
Masking recognition,Psychoacoustics,EXISTING,Batch 5
Stereo-width recognition,Psychoacoustics,EXISTING,Batch 5
Image-position recognition,Psychoacoustics,EXISTING,Batch 5
Depth recognition,Psychoacoustics,EXISTING,Batch 5
Room-size perception,Psychoacoustics,EXISTING,Batch 5
Direct-to-reverberant balance,Psychoacoustics,EXISTING,Batch 5
Loudness matching,Psychoacoustics,EXISTING,Batch 5
Anchoring bias,Psychoacoustics,EXISTING,Batch 5
Order effects in listening tests,Psychoacoustics,EXISTING,Batch 5
Memory limitations in audio comparison,Psychoacoustics,EXISTING,Batch 5
Training transfer,Psychoacoustics,EXISTING,Batch 5
Controlled listening-test design,Psychoacoustics,EXISTING,Batch 5
ABX testing,Psychoacoustics,EXISTING,Batch 5
Double-blind testing,Psychoacoustics,EXISTING,Batch 5
Statistical significance,Psychoacoustics,EXISTING,Batch 5
Practical significance,Psychoacoustics,EXISTING,Batch 5
Preference versus detection,Psychoacoustics,EXISTING,Batch 5
Sound-pressure exposure,"Recording, Mixing & Troubleshooting Concepts",NEW,Batch 5
Exposure duration,"Recording, Mixing & Troubleshooting Concepts",NEW,Batch 5
Dose calculation,"Recording, Mixing & Troubleshooting Concepts",NEW,Batch 5
Peak versus continuous exposure,"Recording, Mixing & Troubleshooting Concepts",NEW,Batch 5
Hidden hearing damage,"Recording, Mixing & Troubleshooting Concepts",NEW,Batch 5
Ototoxic exposure,"Recording, Mixing & Troubleshooting Concepts",NEW,Batch 5
Individual susceptibility,"Recording, Mixing & Troubleshooting Concepts",NEW,Batch 5
Earplug attenuation,"Recording, Mixing & Troubleshooting Concepts",NEW,Batch 5
Real-world versus labeled attenuation,"Recording, Mixing & Troubleshooting Concepts",NEW,Batch 5
Fit testing,"Recording, Mixing & Troubleshooting Concepts",NEW,Batch 5
Bone-conduction limits of hearing protection,"Recording, Mixing & Troubleshooting Concepts",NEW,Batch 5
In-ear-monitor exposure,"Recording, Mixing & Troubleshooting Concepts",NEW,Batch 5
Headphone-output uncertainty,"Recording, Mixing & Troubleshooting Concepts",NEW,Batch 5
Equal-loudness effects on monitoring decisions,"Recording, Mixing & Troubleshooting Concepts",NEW,Batch 5
Feedback hazards,"Recording, Mixing & Troubleshooting Concepts",NEW,Batch 5
Impulse-noise hazards,"Recording, Mixing & Troubleshooting Concepts",NEW,Batch 5
Electrical shock risk,"Recording, Mixing & Troubleshooting Concepts",NEW,Batch 5
Phantom-power hazards,"Recording, Mixing & Troubleshooting Concepts",NEW,Batch 5
Grounding safety,"Recording, Mixing & Troubleshooting Concepts",NEW,Batch 5
Mains isolation,"Recording, Mixing & Troubleshooting Concepts",NEW,Batch 5
Rigging and suspended-load safety,"Recording, Mixing & Troubleshooting Concepts",NEW,Batch 5
Loudspeaker tip-over risk,"Recording, Mixing & Troubleshooting Concepts",NEW,Batch 5
Cable-trip hazards,"Recording, Mixing & Troubleshooting Concepts",NEW,Batch 5
Battery thermal hazards,"Recording, Mixing & Troubleshooting Concepts",NEW,Batch 5
Laser and optical-audio-system hazards,"Recording, Mixing & Troubleshooting Concepts",NEW,Batch 5
Safe test-tone levels,"Recording, Mixing & Troubleshooting Concepts",NEW,Batch 5
Ultrasonic exposure considerations,"Recording, Mixing & Troubleshooting Concepts",NEW,Batch 5
Symptom versus cause,"Recording, Mixing & Troubleshooting Concepts",NEW,Batch 5
Signal-flow tracing,"Recording, Mixing & Troubleshooting Concepts",NEW,Batch 5
Divide-and-conquer troubleshooting,"Recording, Mixing & Troubleshooting Concepts",NEW,Batch 5
Substitution testing,"Recording, Mixing & Troubleshooting Concepts",NEW,Batch 5
Known-good references,"Recording, Mixing & Troubleshooting Concepts",NEW,Batch 5
Input versus output fault isolation,"Recording, Mixing & Troubleshooting Concepts",NEW,Batch 5
Intermittent faults,"Recording, Mixing & Troubleshooting Concepts",NEW,Batch 5
Thermal faults,"Recording, Mixing & Troubleshooting Concepts",NEW,Batch 5
Mechanical faults,"Recording, Mixing & Troubleshooting Concepts",NEW,Batch 5
Ground faults,"Recording, Mixing & Troubleshooting Concepts",NEW,Batch 5
Clocking faults,"Recording, Mixing & Troubleshooting Concepts",NEW,Batch 5
Polarity mismatch,"Recording, Mixing & Troubleshooting Concepts",NEW,Batch 5
Phase misalignment,"Recording, Mixing & Troubleshooting Concepts",NEW,Batch 5
Gain-structure faults,"Recording, Mixing & Troubleshooting Concepts",NEW,Batch 5
Clipping-point identification,"Recording, Mixing & Troubleshooting Concepts",NEW,Batch 5
Noise-source localization,"Recording, Mixing & Troubleshooting Concepts",NEW,Batch 5
Hum-frequency diagnosis,"Recording, Mixing & Troubleshooting Concepts",NEW,Batch 5
Buzz-harmonic diagnosis,"Recording, Mixing & Troubleshooting Concepts",NEW,Batch 5
Capacitive coupling,"Recording, Mixing & Troubleshooting Concepts",NEW,Batch 5
Inductive coupling,"Recording, Mixing & Troubleshooting Concepts",NEW,Batch 5
Ground-loop diagnosis,"Recording, Mixing & Troubleshooting Concepts",NEW,Batch 5
Shield-current problems,"Recording, Mixing & Troubleshooting Concepts",NEW,Batch 5
Pin-1 problems,"Recording, Mixing & Troubleshooting Concepts",NEW,Batch 5
Load instability,"Recording, Mixing & Troubleshooting Concepts",NEW,Batch 5
Amplifier protection modes,"Recording, Mixing & Troubleshooting Concepts",NEW,Batch 5
Loudspeaker polarity testing,"Recording, Mixing & Troubleshooting Concepts",NEW,Batch 5
Driver failure detection,"Recording, Mixing & Troubleshooting Concepts",NEW,Batch 5
Cable-continuity testing,"Recording, Mixing & Troubleshooting Concepts",NEW,Batch 5
Balanced-line testing,"Recording, Mixing & Troubleshooting Concepts",NEW,Batch 5
Network-audio packet loss,"Recording, Mixing & Troubleshooting Concepts",NEW,Batch 5
Clock-master conflict,"Recording, Mixing & Troubleshooting Concepts",NEW,Batch 5
Buffer and latency faults,"Recording, Mixing & Troubleshooting Concepts",NEW,Batch 5
Firmware and configuration mismatch,"Recording, Mixing & Troubleshooting Concepts",NEW,Batch 5
Measurement-tool misuse,"Recording, Mixing & Troubleshooting Concepts",NEW,Batch 5
Confirmation bias in troubleshooting,"Recording, Mixing & Troubleshooting Concepts",NEW,Batch 5
Logarithms,"Audio Electrical, Networking & Systems Concepts",NEW,Batch 5
Exponents,"Audio Electrical, Networking & Systems Concepts",NEW,Batch 5
Scientific notation,"Audio Electrical, Networking & Systems Concepts",NEW,Batch 5
Ratios,"Audio Electrical, Networking & Systems Concepts",NEW,Batch 5
Proportionality,"Audio Electrical, Networking & Systems Concepts",NEW,Batch 5
Inverse-square relationships,"Audio Electrical, Networking & Systems Concepts",NEW,Batch 5
Complex numbers,"Audio Electrical, Networking & Systems Concepts",NEW,Batch 5
Phasors,"Audio Electrical, Networking & Systems Concepts",NEW,Batch 5
Vectors,"Audio Electrical, Networking & Systems Concepts",NEW,Batch 5
Scalar versus vector quantities,"Audio Electrical, Networking & Systems Concepts",NEW,Batch 5
Dot products,"Audio Electrical, Networking & Systems Concepts",NEW,Batch 5
Cross products,"Audio Electrical, Networking & Systems Concepts",NEW,Batch 5
Coordinate systems,"Audio Electrical, Networking & Systems Concepts",NEW,Batch 5
Polar coordinates,"Audio Electrical, Networking & Systems Concepts",NEW,Batch 5
Spherical coordinates,"Audio Electrical, Networking & Systems Concepts",NEW,Batch 5
Trigonometric functions,"Audio Electrical, Networking & Systems Concepts",NEW,Batch 5
Sine and cosine relationships,"Audio Electrical, Networking & Systems Concepts",NEW,Batch 5
Radians versus degrees,"Audio Electrical, Networking & Systems Concepts",NEW,Batch 5
Differential equations,"Audio Electrical, Networking & Systems Concepts",NEW,Batch 5
Differentiation,"Audio Electrical, Networking & Systems Concepts",NEW,Batch 5
Fourier transforms,"Audio Electrical, Networking & Systems Concepts",NEW,Batch 5
Laplace transforms,"Audio Electrical, Networking & Systems Concepts",NEW,Batch 5
Z-transforms,"Audio Electrical, Networking & Systems Concepts",NEW,Batch 5
Probability distributions,"Audio Electrical, Networking & Systems Concepts",NEW,Batch 5
Statistical averages,"Audio Electrical, Networking & Systems Concepts",NEW,Batch 5
Variance,"Audio Electrical, Networking & Systems Concepts",NEW,Batch 5
Probability density,"Audio Electrical, Networking & Systems Concepts",NEW,Batch 5
Regression,"Audio Electrical, Networking & Systems Concepts",NEW,Batch 5
Confidence intervals,"Audio Electrical, Networking & Systems Concepts",NEW,Batch 5
Matrix operations,"Audio Electrical, Networking & Systems Concepts",NEW,Batch 5
Eigenvalues,"Audio Electrical, Networking & Systems Concepts",NEW,Batch 5
Eigenvectors,"Audio Electrical, Networking & Systems Concepts",NEW,Batch 5
Modal decomposition,"Audio Electrical, Networking & Systems Concepts",NEW,Batch 5
Boundary conditions,"Audio Electrical, Networking & Systems Concepts",NEW,Batch 5
Radiation resistance,"Audio Electrical, Networking & Systems Concepts",NEW,Batch 5
Radiation reactance,"Audio Electrical, Networking & Systems Concepts",NEW,Batch 5
