term,subject,landing_topic,status,source_batch
Absorbing boundary condition,Acoustics & Physics Science,Advanced & Physical Acoustics (Nonlinear/Structural/Aero/Materials),NEW,Batch 4
Accelerance,Acoustics & Physics Science,Advanced & Physical Acoustics (Nonlinear/Structural/Aero/Materials),NEW,Batch 4
Acoustic bandgap,Acoustics & Physics Science,Advanced & Physical Acoustics (Nonlinear/Structural/Aero/Materials),NEW,Batch 4
Acoustic cavitation,Acoustics & Physics Science,Advanced & Physical Acoustics (Nonlinear/Structural/Aero/Materials),NEW,Batch 4
Acoustic cloaking,Acoustics & Physics Science,Advanced & Physical Acoustics (Nonlinear/Structural/Aero/Materials),NEW,Batch 4
Acoustic impedance matching layer,Acoustics & Physics Science,Advanced & Physical Acoustics (Nonlinear/Structural/Aero/Materials),NEW,Batch 4
Acoustic levitation,Acoustics & Physics Science,Advanced & Physical Acoustics (Nonlinear/Structural/Aero/Materials),NEW,Batch 4
Acoustic metamaterial,Acoustics & Physics Science,Advanced & Physical Acoustics (Nonlinear/Structural/Aero/Materials),NEW,Batch 4
Acoustic metasurface,Acoustics & Physics Science,Advanced & Physical Acoustics (Nonlinear/Structural/Aero/Materials),NEW,Batch 4
Acoustic mobility,Acoustics & Physics Science,Advanced & Physical Acoustics (Nonlinear/Structural/Aero/Materials),NEW,Batch 4
Acoustic nonlinearity parameter,Acoustics & Physics Science,Advanced & Physical Acoustics (Nonlinear/Structural/Aero/Materials),NEW,Batch 4
Acoustic rectification,Acoustics & Physics Science,Advanced & Physical Acoustics (Nonlinear/Structural/Aero/Materials),NEW,Batch 4
Acoustic shock,Acoustics & Physics Science,Advanced & Physical Acoustics (Nonlinear/Structural/Aero/Materials),NEW,Batch 4
Acoustic trapping,Acoustics & Physics Science,Advanced & Physical Acoustics (Nonlinear/Structural/Aero/Materials),NEW,Batch 4
Acoustic tweezers,Acoustics & Physics Science,Advanced & Physical Acoustics (Nonlinear/Structural/Aero/Materials),NEW,Batch 4
Acoustic vortex,Acoustics & Physics Science,Advanced & Physical Acoustics (Nonlinear/Structural/Aero/Materials),NEW,Batch 4
Aeolian tone,Acoustics & Physics Science,Advanced & Physical Acoustics (Nonlinear/Structural/Aero/Materials),NEW,Batch 4
Aeroacoustics,Acoustics & Physics Science,Advanced & Physical Acoustics (Nonlinear/Structural/Aero/Materials),NEW,Batch 4
Airfoil self-noise,Acoustics & Physics Science,Advanced & Physical Acoustics (Nonlinear/Structural/Aero/Materials),NEW,Batch 4
Anechoic coating,Acoustics & Physics Science,Advanced & Physical Acoustics (Nonlinear/Structural/Aero/Materials),NEW,Batch 4
B/A parameter,Acoustics & Physics Science,Advanced & Physical Acoustics (Nonlinear/Structural/Aero/Materials),NEW,Batch 4
Beam tracing,Acoustics & Physics Science,Advanced & Physical Acoustics (Nonlinear/Structural/Aero/Materials),NEW,Batch 4
Bending mode,Acoustics & Physics Science,Advanced & Physical Acoustics (Nonlinear/Structural/Aero/Materials),NEW,Batch 4
Bifurcation,Acoustics & Physics Science,Advanced & Physical Acoustics (Nonlinear/Structural/Aero/Materials),NEW,Batch 4
Biot theory,Acoustics & Physics Science,Advanced & Physical Acoustics (Nonlinear/Structural/Aero/Materials),NEW,Batch 4
Blade-passing frequency,Acoustics & Physics Science,Advanced & Physical Acoustics (Nonlinear/Structural/Aero/Materials),NEW,Batch 4
Boundary-element analysis,Acoustics & Physics Science,Advanced & Physical Acoustics (Nonlinear/Structural/Aero/Materials),NEW,Batch 4
Bragg scattering,Acoustics & Physics Science,Advanced & Physical Acoustics (Nonlinear/Structural/Aero/Materials),NEW,Batch 4
Breakup mode,Acoustics & Physics Science,Advanced & Physical Acoustics (Nonlinear/Structural/Aero/Materials),NEW,Batch 4
Breathing mode,Acoustics & Physics Science,Advanced & Physical Acoustics (Nonlinear/Structural/Aero/Materials),NEW,Batch 4
Broadband shock-associated noise,Acoustics & Physics Science,Advanced & Physical Acoustics (Nonlinear/Structural/Aero/Materials),NEW,Batch 4
Bubble resonance,Acoustics & Physics Science,Advanced & Physical Acoustics (Nonlinear/Structural/Aero/Materials),NEW,Batch 4
Cavitation threshold,Acoustics & Physics Science,Advanced & Physical Acoustics (Nonlinear/Structural/Aero/Materials),NEW,Batch 4
Cavity tone,Acoustics & Physics Science,Advanced & Physical Acoustics (Nonlinear/Structural/Aero/Materials),NEW,Batch 4
Closed-cell foam,Acoustics & Physics Science,Advanced & Physical Acoustics (Nonlinear/Structural/Aero/Materials),NEW,Batch 4
Coiled-space resonator,Acoustics & Physics Science,Advanced & Physical Acoustics (Nonlinear/Structural/Aero/Materials),NEW,Batch 4
Combustion noise,Acoustics & Physics Science,Advanced & Physical Acoustics (Nonlinear/Structural/Aero/Materials),NEW,Batch 4
Complex bulk modulus,Acoustics & Physics Science,Advanced & Physical Acoustics (Nonlinear/Structural/Aero/Materials),NEW,Batch 4
Complex density,Acoustics & Physics Science,Advanced & Physical Acoustics (Nonlinear/Structural/Aero/Materials),NEW,Batch 4
Constrained-layer damping material,Acoustics & Physics Science,Advanced & Physical Acoustics (Nonlinear/Structural/Aero/Materials),NEW,Batch 4
Convective Mach number,Acoustics & Physics Science,Advanced & Physical Acoustics (Nonlinear/Structural/Aero/Materials),NEW,Batch 4
Coupled-field simulation,Acoustics & Physics Science,Advanced & Physical Acoustics (Nonlinear/Structural/Aero/Materials),NEW,Batch 4
Courant condition,Acoustics & Physics Science,Advanced & Physical Acoustics (Nonlinear/Structural/Aero/Materials),NEW,Batch 4
Critical damping,Acoustics & Physics Science,Advanced & Physical Acoustics (Nonlinear/Structural/Aero/Materials),NEW,Batch 4
Curle analogy,Acoustics & Physics Science,Advanced & Physical Acoustics (Nonlinear/Structural/Aero/Materials),NEW,Batch 4
Damping ratio,Acoustics & Physics Science,Advanced & Physical Acoustics (Nonlinear/Structural/Aero/Materials),NEW,Batch 4
Damping-controlled region,Acoustics & Physics Science,Advanced & Physical Acoustics (Nonlinear/Structural/Aero/Materials),NEW,Batch 4
Difference-frequency generation,Acoustics & Physics Science,Advanced & Physical Acoustics (Nonlinear/Structural/Aero/Materials),NEW,Batch 4
Dipole source,Acoustics & Physics Science,Advanced & Physical Acoustics (Nonlinear/Structural/Aero/Materials),NEW,Batch 4
Discontinuous Galerkin method,Acoustics & Physics Science,Advanced & Physical Acoustics (Nonlinear/Structural/Aero/Materials),NEW,Batch 4
Driving-point mobility,Acoustics & Physics Science,Advanced & Physical Acoustics (Nonlinear/Structural/Aero/Materials),NEW,Batch 4
Dynamic stiffness,Acoustics & Physics Science,Advanced & Physical Acoustics (Nonlinear/Structural/Aero/Materials),NEW,Batch 4
Edge tone,Acoustics & Physics Science,Advanced & Physical Acoustics (Nonlinear/Structural/Aero/Materials),NEW,Batch 4
Effective modal mass,Acoustics & Physics Science,Advanced & Physical Acoustics (Nonlinear/Structural/Aero/Materials),NEW,Batch 4
Eigenfrequency,Acoustics & Physics Science,Advanced & Physical Acoustics (Nonlinear/Structural/Aero/Materials),NEW,Batch 4
Energy finite-element analysis,Acoustics & Physics Science,Advanced & Physical Acoustics (Nonlinear/Structural/Aero/Materials),NEW,Batch 4
Equivalent-fluid model,Acoustics & Physics Science,Advanced & Physical Acoustics (Nonlinear/Structural/Aero/Materials),NEW,Batch 4
Ffowcs Williams–Hawkings equation,Acoustics & Physics Science,Advanced & Physical Acoustics (Nonlinear/Structural/Aero/Materials),NEW,Batch 4
Finite-difference method,Acoustics & Physics Science,Advanced & Physical Acoustics (Nonlinear/Structural/Aero/Materials),NEW,Batch 4
Finite-element analysis,Acoustics & Physics Science,Advanced & Physical Acoustics (Nonlinear/Structural/Aero/Materials),NEW,Batch 4
Flow resistivity,Acoustics & Physics Science,Advanced & Physical Acoustics (Nonlinear/Structural/Aero/Materials),NEW,Batch 4
Flow separation noise,Acoustics & Physics Science,Advanced & Physical Acoustics (Nonlinear/Structural/Aero/Materials),NEW,Batch 4
Flow-induced noise,Acoustics & Physics Science,Advanced & Physical Acoustics (Nonlinear/Structural/Aero/Materials),NEW,Batch 4
Fluid–structure interaction,Acoustics & Physics Science,Advanced & Physical Acoustics (Nonlinear/Structural/Aero/Materials),NEW,Batch 4
Geometrical-acoustics simulation,Acoustics & Physics Science,Advanced & Physical Acoustics (Nonlinear/Structural/Aero/Materials),NEW,Batch 4
Gradient-index acoustic material,Acoustics & Physics Science,Advanced & Physical Acoustics (Nonlinear/Structural/Aero/Materials),NEW,Batch 4
Harmonic generation,Acoustics & Physics Science,Advanced & Physical Acoustics (Nonlinear/Structural/Aero/Materials),NEW,Batch 4
Helmholtz instability,Acoustics & Physics Science,Advanced & Physical Acoustics (Nonlinear/Structural/Aero/Materials),NEW,Batch 4
Hybrid acoustic simulation,Acoustics & Physics Science,Advanced & Physical Acoustics (Nonlinear/Structural/Aero/Materials),NEW,Batch 4
Hydrodynamic pressure fluctuation,Acoustics & Physics Science,Advanced & Physical Acoustics (Nonlinear/Structural/Aero/Materials),NEW,Batch 4
Image-source method,Acoustics & Physics Science,Advanced & Physical Acoustics (Nonlinear/Structural/Aero/Materials),NEW,Batch 4
Inertance,Acoustics & Physics Science,Advanced & Physical Acoustics (Nonlinear/Structural/Aero/Materials),NEW,Batch 4
Inertial cavitation,Acoustics & Physics Science,Advanced & Physical Acoustics (Nonlinear/Structural/Aero/Materials),NEW,Batch 4
Jet noise,Acoustics & Physics Science,Advanced & Physical Acoustics (Nonlinear/Structural/Aero/Materials),NEW,Batch 4
Johnson–Champoux–Allard model,Acoustics & Physics Science,Advanced & Physical Acoustics (Nonlinear/Structural/Aero/Materials),NEW,Batch 4
Labyrinthine metamaterial,Acoustics & Physics Science,Advanced & Physical Acoustics (Nonlinear/Structural/Aero/Materials),NEW,Batch 4
Leading-edge noise,Acoustics & Physics Science,Advanced & Physical Acoustics (Nonlinear/Structural/Aero/Materials),NEW,Batch 4
Lighthill analogy,Acoustics & Physics Science,Advanced & Physical Acoustics (Nonlinear/Structural/Aero/Materials),NEW,Batch 4
Lighthill stress tensor,Acoustics & Physics Science,Advanced & Physical Acoustics (Nonlinear/Structural/Aero/Materials),NEW,Batch 4
Locally resonant metamaterial,Acoustics & Physics Science,Advanced & Physical Acoustics (Nonlinear/Structural/Aero/Materials),NEW,Batch 4
Loss factor,Acoustics & Physics Science,Advanced & Physical Acoustics (Nonlinear/Structural/Aero/Materials),NEW,Batch 4
Mach number,Acoustics & Physics Science,Advanced & Physical Acoustics (Nonlinear/Structural/Aero/Materials),NEW,Batch 4
Mechanical admittance,Acoustics & Physics Science,Advanced & Physical Acoustics (Nonlinear/Structural/Aero/Materials),NEW,Batch 4
Mechanical impedance,Acoustics & Physics Science,Advanced & Physical Acoustics (Nonlinear/Structural/Aero/Materials),NEW,Batch 4
Mechanical mobility,Acoustics & Physics Science,Advanced & Physical Acoustics (Nonlinear/Structural/Aero/Materials),NEW,Batch 4
Mesh convergence,Acoustics & Physics Science,Advanced & Physical Acoustics (Nonlinear/Structural/Aero/Materials),NEW,Batch 4
Minnaert resonance,Acoustics & Physics Science,Advanced & Physical Acoustics (Nonlinear/Structural/Aero/Materials),NEW,Batch 4
Mixing noise,Acoustics & Physics Science,Advanced & Physical Acoustics (Nonlinear/Structural/Aero/Materials),NEW,Batch 4
Modal damping,Acoustics & Physics Science,Advanced & Physical Acoustics (Nonlinear/Structural/Aero/Materials),NEW,Batch 4
Modal mass,Acoustics & Physics Science,Advanced & Physical Acoustics (Nonlinear/Structural/Aero/Materials),NEW,Batch 4
Modal overlap,Acoustics & Physics Science,Advanced & Physical Acoustics (Nonlinear/Structural/Aero/Materials),NEW,Batch 4
Modal participation factor,Acoustics & Physics Science,Advanced & Physical Acoustics (Nonlinear/Structural/Aero/Materials),NEW,Batch 4
Modal stiffness,Acoustics & Physics Science,Advanced & Physical Acoustics (Nonlinear/Structural/Aero/Materials),NEW,Batch 4
Model-order reduction,Acoustics & Physics Science,Advanced & Physical Acoustics (Nonlinear/Structural/Aero/Materials),NEW,Batch 4
Monopole source,Acoustics & Physics Science,Advanced & Physical Acoustics (Nonlinear/Structural/Aero/Materials),NEW,Batch 4
Multiphysics simulation,Acoustics & Physics Science,Advanced & Physical Acoustics (Nonlinear/Structural/Aero/Materials),NEW,Batch 4
Negative bulk modulus,Acoustics & Physics Science,Advanced & Physical Acoustics (Nonlinear/Structural/Aero/Materials),NEW,Batch 4
Negative effective mass density,Acoustics & Physics Science,Advanced & Physical Acoustics (Nonlinear/Structural/Aero/Materials),NEW,Batch 4
Nonlinear absorption,Acoustics & Physics Science,Advanced & Physical Acoustics (Nonlinear/Structural/Aero/Materials),NEW,Batch 4
Nonlinear acoustics,Acoustics & Physics Science,Advanced & Physical Acoustics (Nonlinear/Structural/Aero/Materials),NEW,Batch 4
Nonlinear propagation,Acoustics & Physics Science,Advanced & Physical Acoustics (Nonlinear/Structural/Aero/Materials),NEW,Batch 4
Nonlinear resonance,Acoustics & Physics Science,Advanced & Physical Acoustics (Nonlinear/Structural/Aero/Materials),NEW,Batch 4
Normal mode,Acoustics & Physics Science,Advanced & Physical Acoustics (Nonlinear/Structural/Aero/Materials),NEW,Batch 4
Numerical dispersion,Acoustics & Physics Science,Advanced & Physical Acoustics (Nonlinear/Structural/Aero/Materials),NEW,Batch 4
Numerical dissipation,Acoustics & Physics Science,Advanced & Physical Acoustics (Nonlinear/Structural/Aero/Materials),NEW,Batch 4
Open-cell foam,Acoustics & Physics Science,Advanced & Physical Acoustics (Nonlinear/Structural/Aero/Materials),NEW,Batch 4
Operational deflection shape,Acoustics & Physics Science,Advanced & Physical Acoustics (Nonlinear/Structural/Aero/Materials),NEW,Batch 4
Overdamping,Acoustics & Physics Science,Advanced & Physical Acoustics (Nonlinear/Structural/Aero/Materials),NEW,Batch 4
Parameter of nonlinearity,Acoustics & Physics Science,Advanced & Physical Acoustics (Nonlinear/Structural/Aero/Materials),NEW,Batch 4
Parametric acoustic array,Acoustics & Physics Science,Advanced & Physical Acoustics (Nonlinear/Structural/Aero/Materials),NEW,Batch 4
Parametric interaction,Acoustics & Physics Science,Advanced & Physical Acoustics (Nonlinear/Structural/Aero/Materials),NEW,Batch 4
Parametric loudspeaker,Acoustics & Physics Science,Advanced & Physical Acoustics (Nonlinear/Structural/Aero/Materials),NEW,Batch 4
Perfectly matched layer,Acoustics & Physics Science,Advanced & Physical Acoustics (Nonlinear/Structural/Aero/Materials),NEW,Batch 4
Phonon tracing,Acoustics & Physics Science,Advanced & Physical Acoustics (Nonlinear/Structural/Aero/Materials),NEW,Batch 4
Phononic bandgap,Acoustics & Physics Science,Advanced & Physical Acoustics (Nonlinear/Structural/Aero/Materials),NEW,Batch 4
Phononic crystal,Acoustics & Physics Science,Advanced & Physical Acoustics (Nonlinear/Structural/Aero/Materials),NEW,Batch 4
Point impedance,Acoustics & Physics Science,Advanced & Physical Acoustics (Nonlinear/Structural/Aero/Materials),NEW,Batch 4
Poroelastic model,Acoustics & Physics Science,Advanced & Physical Acoustics (Nonlinear/Structural/Aero/Materials),NEW,Batch 4
Porosity,Acoustics & Physics Science,Advanced & Physical Acoustics (Nonlinear/Structural/Aero/Materials),NEW,Batch 4
Quadrupole source,Acoustics & Physics Science,Advanced & Physical Acoustics (Nonlinear/Structural/Aero/Materials),NEW,Batch 4
Radiation efficiency,Acoustics & Physics Science,Advanced & Physical Acoustics (Nonlinear/Structural/Aero/Materials),NEW,Batch 4
Radiation ratio,Acoustics & Physics Science,Advanced & Physical Acoustics (Nonlinear/Structural/Aero/Materials),NEW,Batch 4
Ray tracing,Acoustics & Physics Science,Advanced & Physical Acoustics (Nonlinear/Structural/Aero/Materials),NEW,Batch 4
Receptance,Acoustics & Physics Science,Advanced & Physical Acoustics (Nonlinear/Structural/Aero/Materials),NEW,Batch 4
Reduced-order model,Acoustics & Physics Science,Advanced & Physical Acoustics (Nonlinear/Structural/Aero/Materials),NEW,Batch 4
Reynolds number,Acoustics & Physics Science,Advanced & Physical Acoustics (Nonlinear/Structural/Aero/Materials),NEW,Batch 4
Rigid-body mode,Acoustics & Physics Science,Advanced & Physical Acoustics (Nonlinear/Structural/Aero/Materials),NEW,Batch 4
Rotor–stator interaction,Acoustics & Physics Science,Advanced & Physical Acoustics (Nonlinear/Structural/Aero/Materials),NEW,Batch 4
SEA,Acoustics & Physics Science,Advanced & Physical Acoustics (Nonlinear/Structural/Aero/Materials),NEW,Batch 4
Sawtooth wave formation,Acoustics & Physics Science,Advanced & Physical Acoustics (Nonlinear/Structural/Aero/Materials),NEW,Batch 4
Screech tone,Acoustics & Physics Science,Advanced & Physical Acoustics (Nonlinear/Structural/Aero/Materials),NEW,Batch 4
Shock formation,Acoustics & Physics Science,Advanced & Physical Acoustics (Nonlinear/Structural/Aero/Materials),NEW,Batch 4
Shock-associated noise,Acoustics & Physics Science,Advanced & Physical Acoustics (Nonlinear/Structural/Aero/Materials),NEW,Batch 4
Sonic crystal,Acoustics & Physics Science,Advanced & Physical Acoustics (Nonlinear/Structural/Aero/Materials),NEW,Batch 4
Sonoluminescence,Acoustics & Physics Science,Advanced & Physical Acoustics (Nonlinear/Structural/Aero/Materials),NEW,Batch 4
Space-coiling metamaterial,Acoustics & Physics Science,Advanced & Physical Acoustics (Nonlinear/Structural/Aero/Materials),NEW,Batch 4
Spatial discretization,Acoustics & Physics Science,Advanced & Physical Acoustics (Nonlinear/Structural/Aero/Materials),NEW,Batch 4
Spectral-element method,Acoustics & Physics Science,Advanced & Physical Acoustics (Nonlinear/Structural/Aero/Materials),NEW,Batch 4
Stable cavitation,Acoustics & Physics Science,Advanced & Physical Acoustics (Nonlinear/Structural/Aero/Materials),NEW,Batch 4
Statistical energy analysis,Acoustics & Physics Science,Advanced & Physical Acoustics (Nonlinear/Structural/Aero/Materials),NEW,Batch 4
Strouhal number,Acoustics & Physics Science,Advanced & Physical Acoustics (Nonlinear/Structural/Aero/Materials),NEW,Batch 4
Structural acoustics,Acoustics & Physics Science,Advanced & Physical Acoustics (Nonlinear/Structural/Aero/Materials),NEW,Batch 4
Structural loss factor,Acoustics & Physics Science,Advanced & Physical Acoustics (Nonlinear/Structural/Aero/Materials),NEW,Batch 4
Structural wave impedance,Acoustics & Physics Science,Advanced & Physical Acoustics (Nonlinear/Structural/Aero/Materials),NEW,Batch 4
Subharmonic generation,Acoustics & Physics Science,Advanced & Physical Acoustics (Nonlinear/Structural/Aero/Materials),NEW,Batch 4
Subwavelength resonator,Acoustics & Physics Science,Advanced & Physical Acoustics (Nonlinear/Structural/Aero/Materials),NEW,Batch 4
Sum-frequency generation,Acoustics & Physics Science,Advanced & Physical Acoustics (Nonlinear/Structural/Aero/Materials),NEW,Batch 4
Temporal discretization,Acoustics & Physics Science,Advanced & Physical Acoustics (Nonlinear/Structural/Aero/Materials),NEW,Batch 4
Thermal characteristic length,Acoustics & Physics Science,Advanced & Physical Acoustics (Nonlinear/Structural/Aero/Materials),NEW,Batch 4
Thermoacoustic instability,Acoustics & Physics Science,Advanced & Physical Acoustics (Nonlinear/Structural/Aero/Materials),NEW,Batch 4
Topological acoustics,Acoustics & Physics Science,Advanced & Physical Acoustics (Nonlinear/Structural/Aero/Materials),NEW,Batch 4
Torsional mode,Acoustics & Physics Science,Advanced & Physical Acoustics (Nonlinear/Structural/Aero/Materials),NEW,Batch 4
Torsional wave,Acoustics & Physics Science,Advanced & Physical Acoustics (Nonlinear/Structural/Aero/Materials),NEW,Batch 4
Tortuosity,Acoustics & Physics Science,Advanced & Physical Acoustics (Nonlinear/Structural/Aero/Materials),NEW,Batch 4
Trailing-edge noise,Acoustics & Physics Science,Advanced & Physical Acoustics (Nonlinear/Structural/Aero/Materials),NEW,Batch 4
Transfer mobility,Acoustics & Physics Science,Advanced & Physical Acoustics (Nonlinear/Structural/Aero/Materials),NEW,Batch 4
Transfer-matrix method,Acoustics & Physics Science,Advanced & Physical Acoustics (Nonlinear/Structural/Aero/Materials),NEW,Batch 4
Transmission-line matrix,Acoustics & Physics Science,Advanced & Physical Acoustics (Nonlinear/Structural/Aero/Materials),NEW,Batch 4
Turbulent boundary-layer noise,Acoustics & Physics Science,Advanced & Physical Acoustics (Nonlinear/Structural/Aero/Materials),NEW,Batch 4
Turbulent pressure spectrum,Acoustics & Physics Science,Advanced & Physical Acoustics (Nonlinear/Structural/Aero/Materials),NEW,Batch 4
Underdamping,Acoustics & Physics Science,Advanced & Physical Acoustics (Nonlinear/Structural/Aero/Materials),NEW,Batch 4
Vibroacoustic coupling,Acoustics & Physics Science,Advanced & Physical Acoustics (Nonlinear/Structural/Aero/Materials),NEW,Batch 4
Vibroacoustics,Acoustics & Physics Science,Advanced & Physical Acoustics (Nonlinear/Structural/Aero/Materials),NEW,Batch 4
Viscous characteristic length,Acoustics & Physics Science,Advanced & Physical Acoustics (Nonlinear/Structural/Aero/Materials),NEW,Batch 4
Vortex shedding,Acoustics & Physics Science,Advanced & Physical Acoustics (Nonlinear/Structural/Aero/Materials),NEW,Batch 4
Wave steepening,Acoustics & Physics Science,Advanced & Physical Acoustics (Nonlinear/Structural/Aero/Materials),NEW,Batch 4
Wave-based method,Acoustics & Physics Science,Advanced & Physical Acoustics (Nonlinear/Structural/Aero/Materials),NEW,Batch 4
Weakly nonlinear acoustics,Acoustics & Physics Science,Advanced & Physical Acoustics (Nonlinear/Structural/Aero/Materials),NEW,Batch 4
Wind-induced microphone noise,Acoustics & Physics Science,Advanced & Physical Acoustics (Nonlinear/Structural/Aero/Materials),NEW,Batch 4
Wind-noise susceptibility,Acoustics & Physics Science,Advanced & Physical Acoustics (Nonlinear/Structural/Aero/Materials),NEW,Batch 4
Absorber thickness versus frequency,Acoustics & Physics Science,Room Acoustics,EXISTING,Batch 5
Acoustic resonance,Acoustics & Physics Science,Room Acoustics,EXISTING,Batch 5
Air-gap effects behind absorbers,Acoustics & Physics Science,Room Acoustics,EXISTING,Batch 5
Angle of incidence,Acoustics & Physics Science,Room Acoustics,EXISTING,Batch 5
Angle of reflection,Acoustics & Physics Science,Room Acoustics,EXISTING,Batch 5
Aperture diffraction,Acoustics & Physics Science,Room Acoustics,EXISTING,Batch 5
Articulation loss of consonants,Acoustics & Physics Science,Room Acoustics,EXISTING,Batch 5
Atmospheric sound bending,Acoustics & Physics Science,Room Acoustics,EXISTING,Batch 5
Axial modes,Acoustics & Physics Science,Room Acoustics,EXISTING,Batch 5
Bandwidth versus Q,Acoustics & Physics Science,Room Acoustics,EXISTING,Batch 5
Boundary impedance,Acoustics & Physics Science,Room Acoustics,EXISTING,Batch 5
C50,Acoustics & Physics Science,Room Acoustics,EXISTING,Batch 4
C80,Acoustics & Physics Science,Room Acoustics,EXISTING,Batch 4
Ceiling-bounce cancellation,Acoustics & Physics Science,Room Acoustics,EXISTING,Batch 5
Center time,Acoustics & Physics Science,Room Acoustics,EXISTING,Batch 4
Clarity metrics,Acoustics & Physics Science,Room Acoustics,EXISTING,Batch 5
Closed-pipe modes,Acoustics & Physics Science,Room Acoustics,EXISTING,Batch 5
Conservation of acoustic energy,Acoustics & Physics Science,Room Acoustics,EXISTING,Batch 5
Coupled resonances,Acoustics & Physics Science,Room Acoustics,EXISTING,Batch 5
Definition,Acoustics & Physics Science,Room Acoustics,EXISTING,Batch 4
Definition metrics,Acoustics & Physics Science,Room Acoustics,EXISTING,Batch 5
Desk reflection,Acoustics & Physics Science,Room Acoustics,EXISTING,Batch 5
Diaphragmatic absorption,Acoustics & Physics Science,Room Acoustics,EXISTING,Batch 5
Diffuse-field assumptions,Acoustics & Physics Science,Room Acoustics,EXISTING,Batch 5
Diffuser design,Acoustics & Physics Science,Room Acoustics,EXISTING,Batch 5
Diffusion coefficient,Acoustics & Physics Science,Room Acoustics,EXISTING,Batch 5
Early reflections,Acoustics & Physics Science,Room Acoustics,EXISTING,Batch 5
Echo criterion,Acoustics & Physics Science,Room Acoustics,EXISTING,Batch 4
Electrical resonance,Acoustics & Physics Science,Room Acoustics,EXISTING,Batch 5
Energy decay curve,Acoustics & Physics Science,Room Acoustics,EXISTING,Batch 4
Eyring absorption,Acoustics & Physics Science,Room Acoustics,EXISTING,Batch 4
Eyring equation,Acoustics & Physics Science,Room Acoustics,EXISTING,Batch 5
Fibrous absorber,Acoustics & Physics Science,Room Acoustics,EXISTING,Batch 4
Floor-bounce cancellation,Acoustics & Physics Science,Room Acoustics,EXISTING,Batch 5
Forced resonance,Acoustics & Physics Science,Room Acoustics,EXISTING,Batch 5
Front-wall cancellation,Acoustics & Physics Science,Room Acoustics,EXISTING,Batch 5
Initial time-delay gap,Acoustics & Physics Science,Room Acoustics,EXISTING,Batch 5
Intelligibility versus directivity,Acoustics & Physics Science,Room Acoustics,EXISTING,Batch 5
Intelligibility versus noise,Acoustics & Physics Science,Room Acoustics,EXISTING,Batch 5
Intelligibility versus reverberation,Acoustics & Physics Science,Room Acoustics,EXISTING,Batch 5
Listener-boundary interference response,Acoustics & Physics Science,Room Acoustics,EXISTING,Batch 5
Live-end/dead-end design,Acoustics & Physics Science,Room Acoustics,EXISTING,Batch 5
Locally reacting absorber,Acoustics & Physics Science,Room Acoustics,EXISTING,Batch 4
Membrane absorption,Acoustics & Physics Science,Room Acoustics,EXISTING,Batch 5
Modal degeneracy,Acoustics & Physics Science,Room Acoustics,EXISTING,Batch 5
Modal frequency calculation,Acoustics & Physics Science,Room Acoustics,EXISTING,Batch 5
Modal region,Acoustics & Physics Science,Room Acoustics,EXISTING,Batch 4
Modal ringing,Acoustics & Physics Science,Room Acoustics,EXISTING,Batch 5
Mode clustering,Acoustics & Physics Science,Room Acoustics,EXISTING,Batch 5
Mode spacing,Acoustics & Physics Science,Room Acoustics,EXISTING,Batch 5
Musical clarity,Acoustics & Physics Science,Room Acoustics,EXISTING,Batch 4
Non-diffuse sound field,Acoustics & Physics Science,Room Acoustics,EXISTING,Batch 4
Nonlocally reacting absorber,Acoustics & Physics Science,Room Acoustics,EXISTING,Batch 4
Oblique modes,Acoustics & Physics Science,Room Acoustics,EXISTING,Batch 5
Open-pipe modes,Acoustics & Physics Science,Room Acoustics,EXISTING,Batch 5
Panel absorbers,Acoustics & Physics Science,Room Acoustics,EXISTING,Batch 5
Particle-velocity antinodes,Acoustics & Physics Science,Room Acoustics,EXISTING,Batch 5
Particle-velocity nodes,Acoustics & Physics Science,Room Acoustics,EXISTING,Batch 5
Porous absorption,Acoustics & Physics Science,Room Acoustics,EXISTING,Batch 5
Pressure antinodes,Acoustics & Physics Science,Room Acoustics,EXISTING,Batch 5
Pressure nodes,Acoustics & Physics Science,Room Acoustics,EXISTING,Batch 5
Pressure-based absorbers,Acoustics & Physics Science,Room Acoustics,EXISTING,Batch 5
Primitive-root diffusion,Acoustics & Physics Science,Room Acoustics,EXISTING,Batch 5
Quadratic-residue diffusion,Acoustics & Physics Science,Room Acoustics,EXISTING,Batch 5
Quality factor,Acoustics & Physics Science,Room Acoustics,EXISTING,Batch 5
Quarter-wave absorber,Acoustics & Physics Science,Room Acoustics,EXISTING,Batch 4
Quarter-wavelength absorber placement,Acoustics & Physics Science,Room Acoustics,EXISTING,Batch 5
Rear-wall interference,Acoustics & Physics Science,Room Acoustics,EXISTING,Batch 5
Reflection density,Acoustics & Physics Science,Room Acoustics,EXISTING,Batch 5
Reflection density growth,Acoustics & Physics Science,Room Acoustics,EXISTING,Batch 5
Reflection order,Acoustics & Physics Science,Room Acoustics,EXISTING,Batch 5
Resonance buildup,Acoustics & Physics Science,Room Acoustics,EXISTING,Batch 5
Resonance decay,Acoustics & Physics Science,Room Acoustics,EXISTING,Batch 5
Resonant frequency versus center frequency,Acoustics & Physics Science,Room Acoustics,EXISTING,Batch 5
Resonant modes,Acoustics & Physics Science,Room Acoustics,EXISTING,Batch 5
Room constant,Acoustics & Physics Science,Room Acoustics,EXISTING,Batch 5
Room gain,Acoustics & Physics Science,Room Acoustics,EXISTING,Batch 5
Room modes,Acoustics & Physics Science,Room Acoustics,EXISTING,Batch 5
Room symmetry,Acoustics & Physics Science,Room Acoustics,EXISTING,Batch 5
Sabine equation,Acoustics & Physics Science,Room Acoustics,EXISTING,Batch 5
Scattering,Acoustics & Physics Science,Room Acoustics,EXISTING,Batch 5
Scattering coefficient,Acoustics & Physics Science,Room Acoustics,EXISTING,Batch 5
Skyline diffusion,Acoustics & Physics Science,Room Acoustics,EXISTING,Batch 5
Slapback reflection,Acoustics & Physics Science,Room Acoustics,EXISTING,Batch 5
Slat and perforated absorbers,Acoustics & Physics Science,Room Acoustics,EXISTING,Batch 5
Slotted-panel absorber,Acoustics & Physics Science,Room Acoustics,EXISTING,Batch 4
Sound-field diffuseness,Acoustics & Physics Science,Room Acoustics,EXISTING,Batch 4
Sound-speed gradients,Acoustics & Physics Science,Room Acoustics,EXISTING,Batch 5
Spatial diffusion,Acoustics & Physics Science,Room Acoustics,EXISTING,Batch 5
Speech clarity,Acoustics & Physics Science,Room Acoustics,EXISTING,Batch 4
Stage support,Acoustics & Physics Science,Room Acoustics,EXISTING,Batch 4
Standing waves,Acoustics & Physics Science,Room Acoustics,EXISTING,Batch 5
Statistical region,Acoustics & Physics Science,Room Acoustics,EXISTING,Batch 4
Stored energy in resonant systems,Acoustics & Physics Science,Room Acoustics,EXISTING,Batch 5
Surface roughness relative to wavelength,Acoustics & Physics Science,Room Acoustics,EXISTING,Batch 5
T10,Acoustics & Physics Science,Room Acoustics,EXISTING,Batch 4
T20 and T30 extrapolation,Acoustics & Physics Science,Room Acoustics,EXISTING,Batch 5
Tangential modes,Acoustics & Physics Science,Room Acoustics,EXISTING,Batch 5
Temperature-gradient refraction,Acoustics & Physics Science,Room Acoustics,EXISTING,Batch 5
Temporal diffusion,Acoustics & Physics Science,Room Acoustics,EXISTING,Batch 5
Transient response of resonant systems,Acoustics & Physics Science,Room Acoustics,EXISTING,Batch 5
Transition between modal and geometric behavior,Acoustics & Physics Science,Room Acoustics,EXISTING,Batch 5
Velocity-based absorbers,Acoustics & Physics Science,Room Acoustics,EXISTING,Batch 5
Wave-based acoustics,Acoustics & Physics Science,Room Acoustics,EXISTING,Batch 5
Wind-gradient refraction,Acoustics & Physics Science,Room Acoustics,EXISTING,Batch 5
Acoustic absorption coefficient,Acoustics & Physics Science,Sound & Acoustics,EXISTING,Batch 4
Acoustic absorptivity,Acoustics & Physics Science,Sound & Acoustics,EXISTING,Batch 4
Acoustic analogy,Acoustics & Physics Science,Sound & Acoustics,EXISTING,Batch 4
Acoustic aperture,Acoustics & Physics Science,Sound & Acoustics,EXISTING,Batch 5
Acoustic energy density,Acoustics & Physics Science,Sound & Acoustics,EXISTING,Batch 4
Acoustic energy flux,Acoustics & Physics Science,Sound & Acoustics,EXISTING,Batch 4
Acoustic extinction,Acoustics & Physics Science,Sound & Acoustics,EXISTING,Batch 4
Acoustic field,Acoustics & Physics Science,Sound & Acoustics,EXISTING,Batch 4
Acoustic impedance mismatch,Acoustics & Physics Science,Sound & Acoustics,EXISTING,Batch 4
Acoustic intensity,Acoustics & Physics Science,Sound & Acoustics,EXISTING,Batch 4
Acoustic momentum,Acoustics & Physics Science,Sound & Acoustics,EXISTING,Batch 4
Acoustic path-length difference,Acoustics & Physics Science,Sound & Acoustics,EXISTING,Batch 5
Acoustic power density,Acoustics & Physics Science,Sound & Acoustics,EXISTING,Batch 4
Acoustic reflectivity,Acoustics & Physics Science,Sound & Acoustics,EXISTING,Batch 4
Acoustic refractive index,Acoustics & Physics Science,Sound & Acoustics,EXISTING,Batch 4
Acoustic resistance,Acoustics & Physics Science,Sound & Acoustics,EXISTING,Batch 4
Acoustic singularity,Acoustics & Physics Science,Sound & Acoustics,EXISTING,Batch 4
Acoustic transmissivity,Acoustics & Physics Science,Sound & Acoustics,EXISTING,Batch 4
Acoustic tunneling,Acoustics & Physics Science,Sound & Acoustics,EXISTING,Batch 4
Acoustic velocity potential,Acoustics & Physics Science,Sound & Acoustics,EXISTING,Batch 4
Acoustic wavelength,Acoustics & Physics Science,Sound & Acoustics,EXISTING,Batch 4
Acoustic wavenumber,Acoustics & Physics Science,Sound & Acoustics,EXISTING,Batch 4
Angular wavenumber,Acoustics & Physics Science,Sound & Acoustics,EXISTING,Batch 4
Anti-resonance,Acoustics & Physics Science,Sound & Acoustics,EXISTING,Batch 4
Audible spectrum,Acoustics & Physics Science,Sound & Acoustics,EXISTING,Batch 4
Bass ratio,Acoustics & Physics Science,Sound & Acoustics,EXISTING,Batch 4
Binaural quality index,Acoustics & Physics Science,Sound & Acoustics,EXISTING,Batch 4
Boundary spacing and cancellation,Acoustics & Physics Science,Sound & Acoustics,EXISTING,Batch 5
Boundary-layer attenuation,Acoustics & Physics Science,Sound & Acoustics,EXISTING,Batch 4
Brilliance,Acoustics & Physics Science,Sound & Acoustics,EXISTING,Batch 4
Bulk acoustic wave,Acoustics & Physics Science,Sound & Acoustics,EXISTING,Batch 4
Bulk density,Acoustics & Physics Science,Sound & Acoustics,EXISTING,Batch 4
Characteristic impedance,Acoustics & Physics Science,Sound & Acoustics,EXISTING,Batch 4
Complex stiffness,Acoustics & Physics Science,Sound & Acoustics,EXISTING,Batch 4
Compression wave,Acoustics & Physics Science,Sound & Acoustics,EXISTING,Batch 4
Critical angle,Acoustics & Physics Science,Sound & Acoustics,EXISTING,Batch 4
Critical frequency,Acoustics & Physics Science,Sound & Acoustics,EXISTING,Batch 4
Cylindrical spreading loss,Acoustics & Physics Science,Sound & Acoustics,EXISTING,Batch 4
Diffraction around obstacles,Acoustics & Physics Science,Sound & Acoustics,EXISTING,Batch 5
Distance-to-phase conversion,Acoustics & Physics Science,Sound & Acoustics,EXISTING,Batch 5
Distributed Helmholtz resonator,Acoustics & Physics Science,Sound & Acoustics,EXISTING,Batch 4
Distributed-parameter model,Acoustics & Physics Science,Sound & Acoustics,EXISTING,Batch 4
Driver spacing and lobing,Acoustics & Physics Science,Sound & Acoustics,EXISTING,Batch 5
Effective radiating size,Acoustics & Physics Science,Sound & Acoustics,EXISTING,Batch 5
Eigenmode,Acoustics & Physics Science,Sound & Acoustics,EXISTING,Batch 4
Element order,Acoustics & Physics Science,Sound & Acoustics,EXISTING,Batch 4
Energy absorption coefficient,Acoustics & Physics Science,Sound & Acoustics,EXISTING,Batch 4
Evanescent wave,Acoustics & Physics Science,Sound & Acoustics,EXISTING,Batch 4
Far-field approximation,Acoustics & Physics Science,Sound & Acoustics,EXISTING,Batch 4
Finite-amplitude acoustics,Acoustics & Physics Science,Sound & Acoustics,EXISTING,Batch 4
Fraunhofer region,Acoustics & Physics Science,Sound & Acoustics,EXISTING,Batch 4
Frequency-dependent directionality,Acoustics & Physics Science,Sound & Acoustics,EXISTING,Batch 5
Frequency-response function,Acoustics & Physics Science,Sound & Acoustics,EXISTING,Batch 4
Fresnel region,Acoustics & Physics Science,Sound & Acoustics,EXISTING,Batch 4
Geometrical acoustics,Acoustics & Physics Science,Sound & Acoustics,EXISTING,Batch 4
Grazing incidence,Acoustics & Physics Science,Sound & Acoustics,EXISTING,Batch 4
Guided-wave propagation,Acoustics & Physics Science,Sound & Acoustics,EXISTING,Batch 4
Half-wave resonance,Acoustics & Physics Science,Sound & Acoustics,EXISTING,Batch 4
Half-wavelength relationships,Acoustics & Physics Science,Sound & Acoustics,EXISTING,Batch 5
Helmholtz equation,Acoustics & Physics Science,Sound & Acoustics,EXISTING,Batch 4
Homogeneous wave equation,Acoustics & Physics Science,Sound & Acoustics,EXISTING,Batch 4
Impedance boundary condition,Acoustics & Physics Science,Sound & Acoustics,EXISTING,Batch 4
Infrasonics,Acoustics & Physics Science,Sound & Acoustics,EXISTING,Batch 4
Inhomogeneous wave equation,Acoustics & Physics Science,Sound & Acoustics,EXISTING,Batch 4
Insertion loss,Acoustics & Physics Science,Sound & Acoustics,EXISTING,Batch 4
Instantaneous sound pressure,Acoustics & Physics Science,Sound & Acoustics,EXISTING,Batch 4
Integrated impulse-response method,Acoustics & Physics Science,Sound & Acoustics,EXISTING,Batch 4
Intensity reflection coefficient,Acoustics & Physics Science,Sound & Acoustics,EXISTING,Batch 4
Internal resonance,Acoustics & Physics Science,Sound & Acoustics,EXISTING,Batch 4
Interrupted-noise method,Acoustics & Physics Science,Sound & Acoustics,EXISTING,Batch 4
Kinetic energy density,Acoustics & Physics Science,Sound & Acoustics,EXISTING,Batch 4
Lamb wave,Acoustics & Physics Science,Sound & Acoustics,EXISTING,Batch 4
Late lateral sound level,Acoustics & Physics Science,Sound & Acoustics,EXISTING,Batch 4
Leaky wave,Acoustics & Physics Science,Sound & Acoustics,EXISTING,Batch 4
Linear acoustics,Acoustics & Physics Science,Sound & Acoustics,EXISTING,Batch 4
Loudspeaker spacing and interference,Acoustics & Physics Science,Sound & Acoustics,EXISTING,Batch 5
Love wave,Acoustics & Physics Science,Sound & Acoustics,EXISTING,Batch 4
Lumped-element approximation,Acoustics & Physics Science,Sound & Acoustics,EXISTING,Batch 4
Mass-controlled region,Acoustics & Physics Science,Sound & Acoustics,EXISTING,Batch 4
Mean absorption coefficient,Acoustics & Physics Science,Sound & Acoustics,EXISTING,Batch 4
Microphone spacing and phase interaction,Acoustics & Physics Science,Sound & Acoustics,EXISTING,Batch 5
Modal behavior,Acoustics & Physics Science,Sound & Acoustics,EXISTING,Batch 4
Modal spacing,Acoustics & Physics Science,Sound & Acoustics,EXISTING,Batch 4
Mode conversion,Acoustics & Physics Science,Sound & Acoustics,EXISTING,Batch 4
Mode coupling,Acoustics & Physics Science,Sound & Acoustics,EXISTING,Batch 4
Mode shape,Acoustics & Physics Science,Sound & Acoustics,EXISTING,Batch 4
Molecular relaxation,Acoustics & Physics Science,Sound & Acoustics,EXISTING,Batch 4
Monaural hearing,Acoustics & Physics Science,Sound & Acoustics,EXISTING,Batch 4
Natural frequency,Acoustics & Physics Science,Sound & Acoustics,EXISTING,Batch 4
Near-field approximation,Acoustics & Physics Science,Sound & Acoustics,EXISTING,Batch 4
Nitrogen relaxation,Acoustics & Physics Science,Sound & Acoustics,EXISTING,Batch 4
Nodal plane,Acoustics & Physics Science,Sound & Acoustics,EXISTING,Batch 4
Normal-incidence absorption,Acoustics & Physics Science,Sound & Acoustics,EXISTING,Batch 4
Normal-incidence impedance,Acoustics & Physics Science,Sound & Acoustics,EXISTING,Batch 4
Object size relative to wavelength,Acoustics & Physics Science,Sound & Acoustics,EXISTING,Batch 5
Orbital angular momentum of sound,Acoustics & Physics Science,Sound & Acoustics,EXISTING,Batch 4
Overtone,Acoustics & Physics Science,Sound & Acoustics,EXISTING,Batch 4
Oxygen relaxation,Acoustics & Physics Science,Sound & Acoustics,EXISTING,Batch 4
Paraxial approximation,Acoustics & Physics Science,Sound & Acoustics,EXISTING,Batch 4
Peak particle velocity,Acoustics & Physics Science,Sound & Acoustics,EXISTING,Batch 4
Phase singularity,Acoustics & Physics Science,Sound & Acoustics,EXISTING,Batch 4
Physical acoustics,Acoustics & Physics Science,Sound & Acoustics,EXISTING,Batch 4
Potential energy density,Acoustics & Physics Science,Sound & Acoustics,EXISTING,Batch 4
Pressure reflection coefficient,Acoustics & Physics Science,Sound & Acoustics,EXISTING,Batch 4
Pressure turbulence,Acoustics & Physics Science,Sound & Acoustics,EXISTING,Batch 4
Propagation constant,Acoustics & Physics Science,Sound & Acoustics,EXISTING,Batch 4
Propagation loss,Acoustics & Physics Science,Sound & Acoustics,EXISTING,Batch 4
Quarter-wave resonance,Acoustics & Physics Science,Sound & Acoustics,EXISTING,Batch 4
Quarter-wavelength relationships,Acoustics & Physics Science,Sound & Acoustics,EXISTING,Batch 5
RMS SPL,Acoustics & Physics Science,Sound & Acoustics,EXISTING,Batch 4
Radiating near field,Acoustics & Physics Science,Sound & Acoustics,EXISTING,Batch 4
Radiation boundary condition,Acoustics & Physics Science,Sound & Acoustics,EXISTING,Batch 4
Radiation pressure,Acoustics & Physics Science,Sound & Acoustics,EXISTING,Batch 4
Random-incidence absorption,Acoustics & Physics Science,Sound & Acoustics,EXISTING,Batch 4
Ray acoustics,Acoustics & Physics Science,Sound & Acoustics,EXISTING,Batch 4
Rayleigh wave,Acoustics & Physics Science,Sound & Acoustics,EXISTING,Batch 4
Reactive near field,Acoustics & Physics Science,Sound & Acoustics,EXISTING,Batch 4
Reference sound pressure,Acoustics & Physics Science,Sound & Acoustics,EXISTING,Batch 4
"Relationship among frequency, wavelength, and sound speed",Acoustics & Physics Science,Sound & Acoustics,EXISTING,Batch 5
Resonant frequency,Acoustics & Physics Science,Sound & Acoustics,EXISTING,Batch 4
Reverse-time integration,Acoustics & Physics Science,Sound & Acoustics,EXISTING,Batch 4
Root-mean-square sound pressure,Acoustics & Physics Science,Sound & Acoustics,EXISTING,Batch 4
STearly,Acoustics & Physics Science,Sound & Acoustics,EXISTING,Batch 4
STlate,Acoustics & Physics Science,Sound & Acoustics,EXISTING,Batch 4
Scalar potential,Acoustics & Physics Science,Sound & Acoustics,EXISTING,Batch 4
Scholte wave,Acoustics & Physics Science,Sound & Acoustics,EXISTING,Batch 4
Self-demodulation,Acoustics & Physics Science,Sound & Acoustics,EXISTING,Batch 4
Shadow zones,Acoustics & Physics Science,Sound & Acoustics,EXISTING,Batch 5
Shear wave,Acoustics & Physics Science,Sound & Acoustics,EXISTING,Batch 4
Sommerfeld radiation condition,Acoustics & Physics Science,Sound & Acoustics,EXISTING,Batch 4
Sonic,Acoustics & Physics Science,Sound & Acoustics,EXISTING,Batch 4
Sound energy,Acoustics & Physics Science,Sound & Acoustics,EXISTING,Batch 4
Sound field,Acoustics & Physics Science,Sound & Acoustics,EXISTING,Batch 4
Sound pressure,Acoustics & Physics Science,Sound & Acoustics,EXISTING,Batch 4
Sound-speed gradient,Acoustics & Physics Science,Sound & Acoustics,EXISTING,Batch 4
Spatial hearing,Acoustics & Physics Science,Sound & Acoustics,EXISTING,Batch 4
Spatial variance,Acoustics & Physics Science,Sound & Acoustics,EXISTING,Batch 4
Specific acoustic impedance,Acoustics & Physics Science,Sound & Acoustics,EXISTING,Batch 4
Spherical spreading loss,Acoustics & Physics Science,Sound & Acoustics,EXISTING,Batch 4
Stiffness-controlled region,Acoustics & Physics Science,Sound & Acoustics,EXISTING,Batch 4
Stoneley wave,Acoustics & Physics Science,Sound & Acoustics,EXISTING,Batch 4
Strength,Acoustics & Physics Science,Sound & Acoustics,EXISTING,Batch 4
Surface acoustic wave,Acoustics & Physics Science,Sound & Acoustics,EXISTING,Batch 4
Surface impedance,Acoustics & Physics Science,Sound & Acoustics,EXISTING,Batch 4
Thermal attenuation,Acoustics & Physics Science,Sound & Acoustics,EXISTING,Batch 4
Thermoviscous loss,Acoustics & Physics Science,Sound & Acoustics,EXISTING,Batch 4
Total internal reflection,Acoustics & Physics Science,Sound & Acoustics,EXISTING,Batch 4
Transfer impedance,Acoustics & Physics Science,Sound & Acoustics,EXISTING,Batch 4
Transformation acoustics,Acoustics & Physics Science,Sound & Acoustics,EXISTING,Batch 4
Transition region,Acoustics & Physics Science,Sound & Acoustics,EXISTING,Batch 4
Ts,Acoustics & Physics Science,Sound & Acoustics,EXISTING,Batch 4
Turbulence ingestion noise,Acoustics & Physics Science,Sound & Acoustics,EXISTING,Batch 4
Ultrasonics,Acoustics & Physics Science,Sound & Acoustics,EXISTING,Batch 4
Underwater acoustics,Acoustics & Physics Science,Sound & Acoustics,EXISTING,Batch 4
Viscous attenuation,Acoustics & Physics Science,Sound & Acoustics,EXISTING,Batch 4
Wave acoustics,Acoustics & Physics Science,Sound & Acoustics,EXISTING,Batch 4
Wave equation,Acoustics & Physics Science,Sound & Acoustics,EXISTING,Batch 4
Wave impedance,Acoustics & Physics Science,Sound & Acoustics,EXISTING,Batch 4
Why low frequencies have long wavelengths,Acoustics & Physics Science,Sound & Acoustics,EXISTING,Batch 5
Why wavelength affects room behavior,Acoustics & Physics Science,Sound & Acoustics,EXISTING,Batch 5
Acoustic contrast control,Acoustics & Physics Science,"Ultrasonics, Underwater & Spatial-Audio Science",NEW,Batch 4
Acoustic matching layer,Acoustics & Physics Science,"Ultrasonics, Underwater & Spatial-Audio Science",NEW,Batch 4
Acoustic radiation-force impulse,Acoustics & Physics Science,"Ultrasonics, Underwater & Spatial-Audio Science",NEW,Batch 4
Acoustic-emission sensor,Acoustics & Physics Science,"Ultrasonics, Underwater & Spatial-Audio Science",NEW,Batch 4
Active sonar,Acoustics & Physics Science,"Ultrasonics, Underwater & Spatial-Audio Science",NEW,Batch 4
Ambient-noise level,Acoustics & Physics Science,"Ultrasonics, Underwater & Spatial-Audio Science",NEW,Batch 4
Ambisonic normalization,Acoustics & Physics Science,"Ultrasonics, Underwater & Spatial-Audio Science",NEW,Batch 4
Ambisonic order,Acoustics & Physics Science,"Ultrasonics, Underwater & Spatial-Audio Science",NEW,Batch 4
Ambisonics,Acoustics & Physics Science,"Ultrasonics, Underwater & Spatial-Audio Science",NEW,Batch 4
Array gain,Acoustics & Physics Science,"Ultrasonics, Underwater & Spatial-Audio Science",NEW,Batch 4
Auditory compression,Acoustics & Physics Science,"Ultrasonics, Underwater & Spatial-Audio Science",NEW,Batch 4
Auditory excitation pattern,Acoustics & Physics Science,"Ultrasonics, Underwater & Spatial-Audio Science",NEW,Batch 4
Auditory filter,Acoustics & Physics Science,"Ultrasonics, Underwater & Spatial-Audio Science",NEW,Batch 4
Auditory object,Acoustics & Physics Science,"Ultrasonics, Underwater & Spatial-Audio Science",NEW,Batch 4
Auditory parallax,Acoustics & Physics Science,"Ultrasonics, Underwater & Spatial-Audio Science",NEW,Batch 4
Axial resolution,Acoustics & Physics Science,"Ultrasonics, Underwater & Spatial-Audio Science",NEW,Batch 4
BRIR,Acoustics & Physics Science,"Ultrasonics, Underwater & Spatial-Audio Science",NEW,Batch 4
Backing layer,Acoustics & Physics Science,"Ultrasonics, Underwater & Spatial-Audio Science",NEW,Batch 4
Beamformed sonar,Acoustics & Physics Science,"Ultrasonics, Underwater & Spatial-Audio Science",NEW,Batch 4
Binaural loudness,Acoustics & Physics Science,"Ultrasonics, Underwater & Spatial-Audio Science",NEW,Batch 4
Binaural synthesis,Acoustics & Physics Science,"Ultrasonics, Underwater & Spatial-Audio Science",NEW,Batch 4
Bottom bounce,Acoustics & Physics Science,"Ultrasonics, Underwater & Spatial-Audio Science",NEW,Batch 4
CMUT,Acoustics & Physics Science,"Ultrasonics, Underwater & Spatial-Audio Science",NEW,Batch 4
Capacitive micromachined ultrasonic transducer,Acoustics & Physics Science,"Ultrasonics, Underwater & Spatial-Audio Science",NEW,Batch 4
Cavitation noise,Acoustics & Physics Science,"Ultrasonics, Underwater & Spatial-Audio Science",NEW,Batch 4
Cochlear compression,Acoustics & Physics Science,"Ultrasonics, Underwater & Spatial-Audio Science",NEW,Batch 4
Common-fate grouping,Acoustics & Physics Science,"Ultrasonics, Underwater & Spatial-Audio Science",NEW,Batch 4
Continuous-wave Doppler,Acoustics & Physics Science,"Ultrasonics, Underwater & Spatial-Audio Science",NEW,Batch 4
Convergence zone,Acoustics & Physics Science,"Ultrasonics, Underwater & Spatial-Audio Science",NEW,Batch 4
Critical-band rate,Acoustics & Physics Science,"Ultrasonics, Underwater & Spatial-Audio Science",NEW,Batch 4
Crosstalk cancellation,Acoustics & Physics Science,"Ultrasonics, Underwater & Spatial-Audio Science",NEW,Batch 4
Cymbal transducer,Acoustics & Physics Science,"Ultrasonics, Underwater & Spatial-Audio Science",NEW,Batch 4
Dead zone,Acoustics & Physics Science,"Ultrasonics, Underwater & Spatial-Audio Science",NEW,Batch 4
Deep sound channel,Acoustics & Physics Science,"Ultrasonics, Underwater & Spatial-Audio Science",NEW,Batch 4
Detection threshold,Acoustics & Physics Science,"Ultrasonics, Underwater & Spatial-Audio Science",NEW,Batch 4
Directivity gain,Acoustics & Physics Science,"Ultrasonics, Underwater & Spatial-Audio Science",NEW,Batch 4
Doppler shift,Acoustics & Physics Science,"Ultrasonics, Underwater & Spatial-Audio Science",NEW,Batch 4
Dynamic localization cue,Acoustics & Physics Science,"Ultrasonics, Underwater & Spatial-Audio Science",NEW,Batch 4
ERB,Acoustics & Physics Science,"Ultrasonics, Underwater & Spatial-Audio Science",NEW,Batch 4
Echo sounder,Acoustics & Physics Science,"Ultrasonics, Underwater & Spatial-Audio Science",NEW,Batch 4
Electromechanical coupling coefficient,Acoustics & Physics Science,"Ultrasonics, Underwater & Spatial-Audio Science",NEW,Batch 4
Electronic focusing,Acoustics & Physics Science,"Ultrasonics, Underwater & Spatial-Audio Science",NEW,Batch 4
Energetic masking,Acoustics & Physics Science,"Ultrasonics, Underwater & Spatial-Audio Science",NEW,Batch 4
Equalization-cancellation model,Acoustics & Physics Science,"Ultrasonics, Underwater & Spatial-Audio Science",NEW,Batch 4
Externalization,Acoustics & Physics Science,"Ultrasonics, Underwater & Spatial-Audio Science",NEW,Batch 4
Flank array,Acoustics & Physics Science,"Ultrasonics, Underwater & Spatial-Audio Science",NEW,Batch 4
Flextensional transducer,Acoustics & Physics Science,"Ultrasonics, Underwater & Spatial-Audio Science",NEW,Batch 4
Fluctuation strength,Acoustics & Physics Science,"Ultrasonics, Underwater & Spatial-Audio Science",NEW,Batch 4
Focal law,Acoustics & Physics Science,"Ultrasonics, Underwater & Spatial-Audio Science",NEW,Batch 4
Forward masking,Acoustics & Physics Science,"Ultrasonics, Underwater & Spatial-Audio Science",NEW,Batch 4
Forward-looking sonar,Acoustics & Physics Science,"Ultrasonics, Underwater & Spatial-Audio Science",NEW,Batch 4
Front–back reversal,Acoustics & Physics Science,"Ultrasonics, Underwater & Spatial-Audio Science",NEW,Batch 4
Guided-wave inspection,Acoustics & Physics Science,"Ultrasonics, Underwater & Spatial-Audio Science",NEW,Batch 4
HRIR,Acoustics & Physics Science,"Ultrasonics, Underwater & Spatial-Audio Science",NEW,Batch 4
HRTF,Acoustics & Physics Science,"Ultrasonics, Underwater & Spatial-Audio Science",NEW,Batch 4
Harmonicity cue,Acoustics & Physics Science,"Ultrasonics, Underwater & Spatial-Audio Science",NEW,Batch 4
Head-motion cue,Acoustics & Physics Science,"Ultrasonics, Underwater & Spatial-Audio Science",NEW,Batch 4
Hull-mounted array,Acoustics & Physics Science,"Ultrasonics, Underwater & Spatial-Audio Science",NEW,Batch 4
Huygens principle,Acoustics & Physics Science,"Ultrasonics, Underwater & Spatial-Audio Science",NEW,Batch 4
Interaural cross-correlation,Acoustics & Physics Science,"Ultrasonics, Underwater & Spatial-Audio Science",NEW,Batch 4
Intracranial localization,Acoustics & Physics Science,"Ultrasonics, Underwater & Spatial-Audio Science",NEW,Batch 4
Kirchhoff–Helmholtz integral,Acoustics & Physics Science,"Ultrasonics, Underwater & Spatial-Audio Science",NEW,Batch 4
Langevin transducer,Acoustics & Physics Science,"Ultrasonics, Underwater & Spatial-Audio Science",NEW,Batch 4
Lateral mode,Acoustics & Physics Science,"Ultrasonics, Underwater & Spatial-Audio Science",NEW,Batch 4
Lateral resolution,Acoustics & Physics Science,"Ultrasonics, Underwater & Spatial-Audio Science",NEW,Batch 4
Loudness level,Acoustics & Physics Science,"Ultrasonics, Underwater & Spatial-Audio Science",NEW,Batch 4
Loudness summation,Acoustics & Physics Science,"Ultrasonics, Underwater & Spatial-Audio Science",NEW,Batch 4
Matched-field processing,Acoustics & Physics Science,"Ultrasonics, Underwater & Spatial-Audio Science",NEW,Batch 4
Mel scale,Acoustics & Physics Science,"Ultrasonics, Underwater & Spatial-Audio Science",NEW,Batch 4
Multibeam sonar,Acoustics & Physics Science,"Ultrasonics, Underwater & Spatial-Audio Science",NEW,Batch 4
Multipath propagation,Acoustics & Physics Science,"Ultrasonics, Underwater & Spatial-Audio Science",NEW,Batch 4
Multizone reproduction,Acoustics & Physics Science,"Ultrasonics, Underwater & Spatial-Audio Science",NEW,Batch 4
Near-field compensation,Acoustics & Physics Science,"Ultrasonics, Underwater & Spatial-Audio Science",NEW,Batch 4
Near-field length,Acoustics & Physics Science,"Ultrasonics, Underwater & Spatial-Audio Science",NEW,Batch 4
Onset synchrony,Acoustics & Physics Science,"Ultrasonics, Underwater & Spatial-Audio Science",NEW,Batch 4
PMUT,Acoustics & Physics Science,"Ultrasonics, Underwater & Spatial-Audio Science",NEW,Batch 4
Particle-velocity hydrophone,Acoustics & Physics Science,"Ultrasonics, Underwater & Spatial-Audio Science",NEW,Batch 4
Passive sonar,Acoustics & Physics Science,"Ultrasonics, Underwater & Spatial-Audio Science",NEW,Batch 4
Personal sound zone,Acoustics & Physics Science,"Ultrasonics, Underwater & Spatial-Audio Science",NEW,Batch 4
Phased-array ultrasonics,Acoustics & Physics Science,"Ultrasonics, Underwater & Spatial-Audio Science",NEW,Batch 4
Piezoelectric element,Acoustics & Physics Science,"Ultrasonics, Underwater & Spatial-Audio Science",NEW,Batch 4
Piezoelectric micromachined ultrasonic transducer,Acoustics & Physics Science,"Ultrasonics, Underwater & Spatial-Audio Science",NEW,Batch 4
Piezoelectric stack,Acoustics & Physics Science,"Ultrasonics, Underwater & Spatial-Audio Science",NEW,Batch 4
Pinger,Acoustics & Physics Science,"Ultrasonics, Underwater & Spatial-Audio Science",NEW,Batch 4
Planar sonar array,Acoustics & Physics Science,"Ultrasonics, Underwater & Spatial-Audio Science",NEW,Batch 4
Pressure hydrophone,Acoustics & Physics Science,"Ultrasonics, Underwater & Spatial-Audio Science",NEW,Batch 4
Pressure matching,Acoustics & Physics Science,"Ultrasonics, Underwater & Spatial-Audio Science",NEW,Batch 4
Processing gain,Acoustics & Physics Science,"Ultrasonics, Underwater & Spatial-Audio Science",NEW,Batch 4
Pulse-echo mode,Acoustics & Physics Science,"Ultrasonics, Underwater & Spatial-Audio Science",NEW,Batch 4
Pulsed-wave Doppler,Acoustics & Physics Science,"Ultrasonics, Underwater & Spatial-Audio Science",NEW,Batch 4
Quarter-wave matching layer,Acoustics & Physics Science,"Ultrasonics, Underwater & Spatial-Audio Science",NEW,Batch 4
Radial filter,Acoustics & Physics Science,"Ultrasonics, Underwater & Spatial-Audio Science",NEW,Batch 4
Residue pitch,Acoustics & Physics Science,"Ultrasonics, Underwater & Spatial-Audio Science",NEW,Batch 4
Reverberation level,Acoustics & Physics Science,"Ultrasonics, Underwater & Spatial-Audio Science",NEW,Batch 4
Roughness,Acoustics & Physics Science,"Ultrasonics, Underwater & Spatial-Audio Science",NEW,Batch 4
SOFAR channel,Acoustics & Physics Science,"Ultrasonics, Underwater & Spatial-Audio Science",NEW,Batch 4
Sensory pleasantness,Acoustics & Physics Science,"Ultrasonics, Underwater & Spatial-Audio Science",NEW,Batch 4
Shear mode,Acoustics & Physics Science,"Ultrasonics, Underwater & Spatial-Audio Science",NEW,Batch 4
Shear-wave elastography,Acoustics & Physics Science,"Ultrasonics, Underwater & Spatial-Audio Science",NEW,Batch 4
Side-scan sonar,Acoustics & Physics Science,"Ultrasonics, Underwater & Spatial-Audio Science",NEW,Batch 4
Simultaneous masking,Acoustics & Physics Science,"Ultrasonics, Underwater & Spatial-Audio Science",NEW,Batch 4
Sonobuoy,Acoustics & Physics Science,"Ultrasonics, Underwater & Spatial-Audio Science",NEW,Batch 4
Sonotrode,Acoustics & Physics Science,"Ultrasonics, Underwater & Spatial-Audio Science",NEW,Batch 4
Sound-field synthesis,Acoustics & Physics Science,"Ultrasonics, Underwater & Spatial-Audio Science",NEW,Batch 4
Sound-speed profile,Acoustics & Physics Science,"Ultrasonics, Underwater & Spatial-Audio Science",NEW,Batch 4
Sound-zone control,Acoustics & Physics Science,"Ultrasonics, Underwater & Spatial-Audio Science",NEW,Batch 4
Source level,Acoustics & Physics Science,"Ultrasonics, Underwater & Spatial-Audio Science",NEW,Batch 4
Specific loudness,Acoustics & Physics Science,"Ultrasonics, Underwater & Spatial-Audio Science",NEW,Batch 4
Spectral loudness summation,Acoustics & Physics Science,"Ultrasonics, Underwater & Spatial-Audio Science",NEW,Batch 4
Spectral notch,Acoustics & Physics Science,"Ultrasonics, Underwater & Spatial-Audio Science",NEW,Batch 4
Spectral pitch,Acoustics & Physics Science,"Ultrasonics, Underwater & Spatial-Audio Science",NEW,Batch 4
Spectral spread,Acoustics & Physics Science,"Ultrasonics, Underwater & Spatial-Audio Science",NEW,Batch 4
Spherical harmonic decomposition,Acoustics & Physics Science,"Ultrasonics, Underwater & Spatial-Audio Science",NEW,Batch 4
Spherical sonar array,Acoustics & Physics Science,"Ultrasonics, Underwater & Spatial-Audio Science",NEW,Batch 4
Stream segregation,Acoustics & Physics Science,"Ultrasonics, Underwater & Spatial-Audio Science",NEW,Batch 4
Surface duct,Acoustics & Physics Science,"Ultrasonics, Underwater & Spatial-Audio Science",NEW,Batch 4
Synthetic-aperture sonar,Acoustics & Physics Science,"Ultrasonics, Underwater & Spatial-Audio Science",NEW,Batch 4
Target strength,Acoustics & Physics Science,"Ultrasonics, Underwater & Spatial-Audio Science",NEW,Batch 4
Temporal envelope,Acoustics & Physics Science,"Ultrasonics, Underwater & Spatial-Audio Science",NEW,Batch 4
Temporal pitch,Acoustics & Physics Science,"Ultrasonics, Underwater & Spatial-Audio Science",NEW,Batch 4
Thermocline,Acoustics & Physics Science,"Ultrasonics, Underwater & Spatial-Audio Science",NEW,Batch 4
Thickness mode,Acoustics & Physics Science,"Ultrasonics, Underwater & Spatial-Audio Science",NEW,Batch 4
Through-transmission mode,Acoustics & Physics Science,"Ultrasonics, Underwater & Spatial-Audio Science",NEW,Batch 4
Time-of-flight diffraction,Acoustics & Physics Science,"Ultrasonics, Underwater & Spatial-Audio Science",NEW,Batch 4
Tonpilz transducer,Acoustics & Physics Science,"Ultrasonics, Underwater & Spatial-Audio Science",NEW,Batch 4
Towed array,Acoustics & Physics Science,"Ultrasonics, Underwater & Spatial-Audio Science",NEW,Batch 4
Transponder,Acoustics & Physics Science,"Ultrasonics, Underwater & Spatial-Audio Science",NEW,Batch 4
Ultrasonic attenuation,Acoustics & Physics Science,"Ultrasonics, Underwater & Spatial-Audio Science",NEW,Batch 4
Ultrasonic horn,Acoustics & Physics Science,"Ultrasonics, Underwater & Spatial-Audio Science",NEW,Batch 4
Underwater acoustic modem,Acoustics & Physics Science,"Ultrasonics, Underwater & Spatial-Audio Science",NEW,Batch 4
Vector hydrophone,Acoustics & Physics Science,"Ultrasonics, Underwater & Spatial-Audio Science",NEW,Batch 4
70-volt and 100-volt systems,"Electronics, DSP & Measurement","Audio Electrical, Networking & Systems Concepts",NEW,Batch 5
A weighting,"Electronics, DSP & Measurement","Audio Electrical, Networking & Systems Concepts",NEW,Batch 5
Accuracy versus precision,"Electronics, DSP & Measurement","Audio Electrical, Networking & Systems Concepts",NEW,Batch 5
Acoustic crossover zones,"Electronics, DSP & Measurement","Audio Electrical, Networking & Systems Concepts",NEW,Batch 5
Acoustic overlap,"Electronics, DSP & Measurement","Audio Electrical, Networking & Systems Concepts",NEW,Batch 5
Alternating current,"Electronics, DSP & Measurement","Audio Electrical, Networking & Systems Concepts",NEW,Batch 5
Amplifier clipping,"Electronics, DSP & Measurement","Audio Electrical, Networking & Systems Concepts",NEW,Batch 5
Amplifier gain,"Electronics, DSP & Measurement","Audio Electrical, Networking & Systems Concepts",NEW,Batch 5
Array steering,"Electronics, DSP & Measurement","Audio Electrical, Networking & Systems Concepts",NEW,Batch 5
Asynchronous endpoints,"Electronics, DSP & Measurement","Audio Electrical, Networking & Systems Concepts",NEW,Batch 5
Balanced signaling,"Electronics, DSP & Measurement","Audio Electrical, Networking & Systems Concepts",NEW,Batch 5
Balloon interpolation,"Electronics, DSP & Measurement","Audio Electrical, Networking & Systems Concepts",NEW,Batch 5
Bit clock,"Electronics, DSP & Measurement","Audio Electrical, Networking & Systems Concepts",NEW,Batch 5
Bit-depth effects on network load,"Electronics, DSP & Measurement","Audio Electrical, Networking & Systems Concepts",NEW,Batch 5
Boundary clocks,"Electronics, DSP & Measurement","Audio Electrical, Networking & Systems Concepts",NEW,Batch 5
Boundary conditions,"Electronics, DSP & Measurement","Audio Electrical, Networking & Systems Concepts",NEW,Batch 5
Boundary interaction,"Electronics, DSP & Measurement","Audio Electrical, Networking & Systems Concepts",NEW,Batch 5
Bridged amplifier operation,"Electronics, DSP & Measurement","Audio Electrical, Networking & Systems Concepts",NEW,Batch 5
Buffering and end-to-end latency,"Electronics, DSP & Measurement","Audio Electrical, Networking & Systems Concepts",NEW,Batch 5
C weighting,"Electronics, DSP & Measurement","Audio Electrical, Networking & Systems Concepts",NEW,Batch 5
Cable inductance,"Electronics, DSP & Measurement","Audio Electrical, Networking & Systems Concepts",NEW,Batch 5
Cable resistance,"Electronics, DSP & Measurement","Audio Electrical, Networking & Systems Concepts",NEW,Batch 5
Calibration offsets,"Electronics, DSP & Measurement","Audio Electrical, Networking & Systems Concepts",NEW,Batch 5
Capacitance,"Electronics, DSP & Measurement","Audio Electrical, Networking & Systems Concepts",NEW,Batch 5
Channel count calculations,"Electronics, DSP & Measurement","Audio Electrical, Networking & Systems Concepts",NEW,Batch 5
Class A amplification,"Electronics, DSP & Measurement","Audio Electrical, Networking & Systems Concepts",NEW,Batch 5
Class AB amplification,"Electronics, DSP & Measurement","Audio Electrical, Networking & Systems Concepts",NEW,Batch 5
Class B amplification,"Electronics, DSP & Measurement","Audio Electrical, Networking & Systems Concepts",NEW,Batch 5
Class D amplification,"Electronics, DSP & Measurement","Audio Electrical, Networking & Systems Concepts",NEW,Batch 5
Clock mismatch during measurement,"Electronics, DSP & Measurement","Audio Electrical, Networking & Systems Concepts",NEW,Batch 5
Clock-master election,"Electronics, DSP & Measurement","Audio Electrical, Networking & Systems Concepts",NEW,Batch 5
Comb filtering from multiple loudspeakers,"Electronics, DSP & Measurement","Audio Electrical, Networking & Systems Concepts",NEW,Batch 5
Complex numbers,"Electronics, DSP & Measurement","Audio Electrical, Networking & Systems Concepts",NEW,Batch 5
Confidence intervals,"Electronics, DSP & Measurement","Audio Electrical, Networking & Systems Concepts",NEW,Batch 5
Constant-Hz bandwidth,"Electronics, DSP & Measurement","Audio Electrical, Networking & Systems Concepts",NEW,Batch 5
Constant-percentage bandwidth,"Electronics, DSP & Measurement","Audio Electrical, Networking & Systems Concepts",NEW,Batch 5
Constant-voltage distributed systems,"Electronics, DSP & Measurement","Audio Electrical, Networking & Systems Concepts",NEW,Batch 5
Coordinate systems,"Electronics, DSP & Measurement","Audio Electrical, Networking & Systems Concepts",NEW,Batch 5
Coverage versus throw,"Electronics, DSP & Measurement","Audio Electrical, Networking & Systems Concepts",NEW,Batch 5
Cross products,"Electronics, DSP & Measurement","Audio Electrical, Networking & Systems Concepts",NEW,Batch 5
Delay shading,"Electronics, DSP & Measurement","Audio Electrical, Networking & Systems Concepts",NEW,Batch 5
Delay speakers,"Electronics, DSP & Measurement","Audio Electrical, Networking & Systems Concepts",NEW,Batch 5
Deterministic latency,"Electronics, DSP & Measurement","Audio Electrical, Networking & Systems Concepts",NEW,Batch 5
Differential equations,"Electronics, DSP & Measurement","Audio Electrical, Networking & Systems Concepts",NEW,Batch 5
Differential signaling,"Electronics, DSP & Measurement","Audio Electrical, Networking & Systems Concepts",NEW,Batch 5
Differentiation,"Electronics, DSP & Measurement","Audio Electrical, Networking & Systems Concepts",NEW,Batch 5
Direct current,"Electronics, DSP & Measurement","Audio Electrical, Networking & Systems Concepts",NEW,Batch 5
Directivity balloon,"Electronics, DSP & Measurement","Audio Electrical, Networking & Systems Concepts",NEW,Batch 5
Directivity control,"Electronics, DSP & Measurement","Audio Electrical, Networking & Systems Concepts",NEW,Batch 5
Discovery and subscription,"Electronics, DSP & Measurement","Audio Electrical, Networking & Systems Concepts",NEW,Batch 5
Distortion measurement,"Electronics, DSP & Measurement","Audio Electrical, Networking & Systems Concepts",NEW,Batch 5
Distributed systems,"Electronics, DSP & Measurement","Audio Electrical, Networking & Systems Concepts",NEW,Batch 5
Dose,"Electronics, DSP & Measurement","Audio Electrical, Networking & Systems Concepts",NEW,Batch 5
Dot products,"Electronics, DSP & Measurement","Audio Electrical, Networking & Systems Concepts",NEW,Batch 5
Eigenvalues,"Electronics, DSP & Measurement","Audio Electrical, Networking & Systems Concepts",NEW,Batch 5
Eigenvectors,"Electronics, DSP & Measurement","Audio Electrical, Networking & Systems Concepts",NEW,Batch 5
Electrical power,"Electronics, DSP & Measurement","Audio Electrical, Networking & Systems Concepts",NEW,Batch 5
Embedded clocking,"Electronics, DSP & Measurement","Audio Electrical, Networking & Systems Concepts",NEW,Batch 5
Empty-room versus occupied-room response,"Electronics, DSP & Measurement","Audio Electrical, Networking & Systems Concepts",NEW,Batch 5
Error correction,"Electronics, DSP & Measurement","Audio Electrical, Networking & Systems Concepts",NEW,Batch 5
Excess-phase plot,"Electronics, DSP & Measurement","Audio Electrical, Networking & Systems Concepts",NEW,Batch 5
Exponents,"Electronics, DSP & Measurement","Audio Electrical, Networking & Systems Concepts",NEW,Batch 5
Fast weighting,"Electronics, DSP & Measurement","Audio Electrical, Networking & Systems Concepts",NEW,Batch 5
Feedback loop gain,"Electronics, DSP & Measurement","Audio Electrical, Networking & Systems Concepts",NEW,Batch 5
Feedback stability,"Electronics, DSP & Measurement","Audio Electrical, Networking & Systems Concepts",NEW,Batch 5
Feedback stability margin,"Electronics, DSP & Measurement","Audio Electrical, Networking & Systems Concepts",NEW,Batch 5
Fourier transforms,"Electronics, DSP & Measurement","Audio Electrical, Networking & Systems Concepts",NEW,Batch 5
Fractional-octave analysis,"Electronics, DSP & Measurement","Audio Electrical, Networking & Systems Concepts",NEW,Batch 5
Fractional-octave smoothing,"Electronics, DSP & Measurement","Audio Electrical, Networking & Systems Concepts",NEW,Batch 5
Frame clock,"Electronics, DSP & Measurement","Audio Electrical, Networking & Systems Concepts",NEW,Batch 5
Frequency shading,"Electronics, DSP & Measurement","Audio Electrical, Networking & Systems Concepts",NEW,Batch 5
Frequency weighting,"Electronics, DSP & Measurement","Audio Electrical, Networking & Systems Concepts",NEW,Batch 5
Frequency-response measurement,"Electronics, DSP & Measurement","Audio Electrical, Networking & Systems Concepts",NEW,Batch 5
Gating reflections,"Electronics, DSP & Measurement","Audio Electrical, Networking & Systems Concepts",NEW,Batch 5
Ground loops,"Electronics, DSP & Measurement","Audio Electrical, Networking & Systems Concepts",NEW,Batch 5
Grounding,"Electronics, DSP & Measurement","Audio Electrical, Networking & Systems Concepts",NEW,Batch 5
Group-delay plot,"Electronics, DSP & Measurement","Audio Electrical, Networking & Systems Concepts",NEW,Batch 5
House curves,"Electronics, DSP & Measurement","Audio Electrical, Networking & Systems Concepts",NEW,Batch 5
Impulse weighting,"Electronics, DSP & Measurement","Audio Electrical, Networking & Systems Concepts",NEW,Batch 5
In-ear monitor isolation,"Electronics, DSP & Measurement","Audio Electrical, Networking & Systems Concepts",NEW,Batch 5
Inductance,"Electronics, DSP & Measurement","Audio Electrical, Networking & Systems Concepts",NEW,Batch 5
Input impedance,"Electronics, DSP & Measurement","Audio Electrical, Networking & Systems Concepts",NEW,Batch 5
Inverse-square relationships,"Electronics, DSP & Measurement","Audio Electrical, Networking & Systems Concepts",NEW,Batch 5
Isolation transformers,"Electronics, DSP & Measurement","Audio Electrical, Networking & Systems Concepts",NEW,Batch 5
Jitter accumulation,"Electronics, DSP & Measurement","Audio Electrical, Networking & Systems Concepts",NEW,Batch 5
Jitter buffers,"Electronics, DSP & Measurement","Audio Electrical, Networking & Systems Concepts",NEW,Batch 5
Laplace transforms,"Electronics, DSP & Measurement","Audio Electrical, Networking & Systems Concepts",NEW,Batch 5
Latency in monitoring systems,"Electronics, DSP & Measurement","Audio Electrical, Networking & Systems Concepts",NEW,Batch 5
Layer 2 versus Layer 3 transport,"Electronics, DSP & Measurement","Audio Electrical, Networking & Systems Concepts",NEW,Batch 5
Linear timecode,"Electronics, DSP & Measurement","Audio Electrical, Networking & Systems Concepts",NEW,Batch 5
Link aggregation,"Electronics, DSP & Measurement","Audio Electrical, Networking & Systems Concepts",NEW,Batch 5
Logarithms,"Electronics, DSP & Measurement","Audio Electrical, Networking & Systems Concepts",NEW,Batch 5
Loudspeaker aiming,"Electronics, DSP & Measurement","Audio Electrical, Networking & Systems Concepts",NEW,Batch 5
Loudspeaker load calculations,"Electronics, DSP & Measurement","Audio Electrical, Networking & Systems Concepts",NEW,Batch 5
MIDI timecode,"Electronics, DSP & Measurement","Audio Electrical, Networking & Systems Concepts",NEW,Batch 5
Magnitude summation,"Electronics, DSP & Measurement","Audio Electrical, Networking & Systems Concepts",NEW,Batch 5
Main-to-sub timing,"Electronics, DSP & Measurement","Audio Electrical, Networking & Systems Concepts",NEW,Batch 5
Matrix operations,"Electronics, DSP & Measurement","Audio Electrical, Networking & Systems Concepts",NEW,Batch 5
Maximum power transfer,"Electronics, DSP & Measurement","Audio Electrical, Networking & Systems Concepts",NEW,Batch 5
Maximum-length sequence measurement,"Electronics, DSP & Measurement","Audio Electrical, Networking & Systems Concepts",NEW,Batch 5
Measurement latency,"Electronics, DSP & Measurement","Audio Electrical, Networking & Systems Concepts",NEW,Batch 5
Measurement microphone calibration,"Electronics, DSP & Measurement","Audio Electrical, Networking & Systems Concepts",NEW,Batch 5
Measurement noise floor,"Electronics, DSP & Measurement","Audio Electrical, Networking & Systems Concepts",NEW,Batch 5
Measurement signal versus program material,"Electronics, DSP & Measurement","Audio Electrical, Networking & Systems Concepts",NEW,Batch 5
Measurement-position dependency,"Electronics, DSP & Measurement","Audio Electrical, Networking & Systems Concepts",NEW,Batch 5
Merging near-field and far-field responses,"Electronics, DSP & Measurement","Audio Electrical, Networking & Systems Concepts",NEW,Batch 5
Microphone-loudspeaker geometry,"Electronics, DSP & Measurement","Audio Electrical, Networking & Systems Concepts",NEW,Batch 5
Minimum-phase derivation,"Electronics, DSP & Measurement","Audio Electrical, Networking & Systems Concepts",NEW,Batch 5
Modal decomposition,"Electronics, DSP & Measurement","Audio Electrical, Networking & Systems Concepts",NEW,Batch 5
Monitor gain before feedback,"Electronics, DSP & Measurement","Audio Electrical, Networking & Systems Concepts",NEW,Batch 5
Multicast,"Electronics, DSP & Measurement","Audio Electrical, Networking & Systems Concepts",NEW,Batch 5
Multitone testing,"Electronics, DSP & Measurement","Audio Electrical, Networking & Systems Concepts",NEW,Batch 5
Near-field loudspeaker measurement,"Electronics, DSP & Measurement","Audio Electrical, Networking & Systems Concepts",NEW,Batch 5
Network clock domains,"Electronics, DSP & Measurement","Audio Electrical, Networking & Systems Concepts",NEW,Batch 5
Network topology,"Electronics, DSP & Measurement","Audio Electrical, Networking & Systems Concepts",NEW,Batch 5
Networked-audio troubleshooting,"Electronics, DSP & Measurement","Audio Electrical, Networking & Systems Concepts",NEW,Batch 5
Open-loop versus closed-loop behavior,"Electronics, DSP & Measurement","Audio Electrical, Networking & Systems Concepts",NEW,Batch 5
Out fills,"Electronics, DSP & Measurement","Audio Electrical, Networking & Systems Concepts",NEW,Batch 5
Outdoor propagation,"Electronics, DSP & Measurement","Audio Electrical, Networking & Systems Concepts",NEW,Batch 5
Output-current limiting,"Electronics, DSP & Measurement","Audio Electrical, Networking & Systems Concepts",NEW,Batch 5
Packet reordering,"Electronics, DSP & Measurement","Audio Electrical, Networking & Systems Concepts",NEW,Batch 5
Packetized audio,"Electronics, DSP & Measurement","Audio Electrical, Networking & Systems Concepts",NEW,Batch 5
Parallel amplifier operation,"Electronics, DSP & Measurement","Audio Electrical, Networking & Systems Concepts",NEW,Batch 5
Parallel digital audio,"Electronics, DSP & Measurement","Audio Electrical, Networking & Systems Concepts",NEW,Batch 5
Peak sound pressure,"Electronics, DSP & Measurement","Audio Electrical, Networking & Systems Concepts",NEW,Batch 5
Peak voltage,"Electronics, DSP & Measurement","Audio Electrical, Networking & Systems Concepts",NEW,Batch 5
Phasors,"Electronics, DSP & Measurement","Audio Electrical, Networking & Systems Concepts",NEW,Batch 5
Polar coordinates,"Electronics, DSP & Measurement","Audio Electrical, Networking & Systems Concepts",NEW,Batch 5
Polar measurement,"Electronics, DSP & Measurement","Audio Electrical, Networking & Systems Concepts",NEW,Batch 5
Precision Time Protocol,"Electronics, DSP & Measurement","Audio Electrical, Networking & Systems Concepts",NEW,Batch 5
Probability density,"Electronics, DSP & Measurement","Audio Electrical, Networking & Systems Concepts",NEW,Batch 5
Probability distributions,"Electronics, DSP & Measurement","Audio Electrical, Networking & Systems Concepts",NEW,Batch 5
Proportionality,"Electronics, DSP & Measurement","Audio Electrical, Networking & Systems Concepts",NEW,Batch 5
Psychoacoustic smoothing,"Electronics, DSP & Measurement","Audio Electrical, Networking & Systems Concepts",NEW,Batch 5
Quality of service,"Electronics, DSP & Measurement","Audio Electrical, Networking & Systems Concepts",NEW,Batch 5
Radians versus degrees,"Electronics, DSP & Measurement","Audio Electrical, Networking & Systems Concepts",NEW,Batch 5
Radiation reactance,"Electronics, DSP & Measurement","Audio Electrical, Networking & Systems Concepts",NEW,Batch 5
Radiation resistance,"Electronics, DSP & Measurement","Audio Electrical, Networking & Systems Concepts",NEW,Batch 5
Random-incidence calibration,"Electronics, DSP & Measurement","Audio Electrical, Networking & Systems Concepts",NEW,Batch 5
Ratios,"Electronics, DSP & Measurement","Audio Electrical, Networking & Systems Concepts",NEW,Batch 5
Reactive loudspeaker loads,"Electronics, DSP & Measurement","Audio Electrical, Networking & Systems Concepts",NEW,Batch 5
Real-time analysis,"Electronics, DSP & Measurement","Audio Electrical, Networking & Systems Concepts",NEW,Batch 5
Redundant networking,"Electronics, DSP & Measurement","Audio Electrical, Networking & Systems Concepts",NEW,Batch 5
Reference calibration,"Electronics, DSP & Measurement","Audio Electrical, Networking & Systems Concepts",NEW,Batch 5
Reference-channel delay,"Electronics, DSP & Measurement","Audio Electrical, Networking & Systems Concepts",NEW,Batch 5
Reflections in digital cables,"Electronics, DSP & Measurement","Audio Electrical, Networking & Systems Concepts",NEW,Batch 5
Regression,"Electronics, DSP & Measurement","Audio Electrical, Networking & Systems Concepts",NEW,Batch 5
Ringing out a system,"Electronics, DSP & Measurement","Audio Electrical, Networking & Systems Concepts",NEW,Batch 5
Sample-accurate synchronization,"Electronics, DSP & Measurement","Audio Electrical, Networking & Systems Concepts",NEW,Batch 5
Sample-rate effects on network load,"Electronics, DSP & Measurement","Audio Electrical, Networking & Systems Concepts",NEW,Batch 5
Sample-rate mismatch across devices,"Electronics, DSP & Measurement","Audio Electrical, Networking & Systems Concepts",NEW,Batch 5
Scalar versus vector quantities,"Electronics, DSP & Measurement","Audio Electrical, Networking & Systems Concepts",NEW,Batch 5
Scientific notation,"Electronics, DSP & Measurement","Audio Electrical, Networking & Systems Concepts",NEW,Batch 5
Serial digital audio,"Electronics, DSP & Measurement","Audio Electrical, Networking & Systems Concepts",NEW,Batch 5
Series and parallel loads,"Electronics, DSP & Measurement","Audio Electrical, Networking & Systems Concepts",NEW,Batch 5
Signal ground versus safety ground,"Electronics, DSP & Measurement","Audio Electrical, Networking & Systems Concepts",NEW,Batch 5
Sine and cosine relationships,"Electronics, DSP & Measurement","Audio Electrical, Networking & Systems Concepts",NEW,Batch 5
Slow weighting,"Electronics, DSP & Measurement","Audio Electrical, Networking & Systems Concepts",NEW,Batch 5
Sound-level meter time weighting,"Electronics, DSP & Measurement","Audio Electrical, Networking & Systems Concepts",NEW,Batch 5
Source-load interaction,"Electronics, DSP & Measurement","Audio Electrical, Networking & Systems Concepts",NEW,Batch 5
Spanning tree,"Electronics, DSP & Measurement","Audio Electrical, Networking & Systems Concepts",NEW,Batch 5
Spatial averaging for system tuning,"Electronics, DSP & Measurement","Audio Electrical, Networking & Systems Concepts",NEW,Batch 5
Spectrograph,"Electronics, DSP & Measurement","Audio Electrical, Networking & Systems Concepts",NEW,Batch 5
Spherical coordinates,"Electronics, DSP & Measurement","Audio Electrical, Networking & Systems Concepts",NEW,Batch 5
Spinorama-style data,"Electronics, DSP & Measurement","Audio Electrical, Networking & Systems Concepts",NEW,Batch 5
Stage spill,"Electronics, DSP & Measurement","Audio Electrical, Networking & Systems Concepts",NEW,Batch 5
Statistical averages,"Electronics, DSP & Measurement","Audio Electrical, Networking & Systems Concepts",NEW,Batch 5
Subwoofer lobing,"Electronics, DSP & Measurement","Audio Electrical, Networking & Systems Concepts",NEW,Batch 5
Synchronization,"Electronics, DSP & Measurement","Audio Electrical, Networking & Systems Concepts",NEW,Batch 5
System equalization versus room correction,"Electronics, DSP & Measurement","Audio Electrical, Networking & Systems Concepts",NEW,Batch 5
System optimization under time constraints,"Electronics, DSP & Measurement","Audio Electrical, Networking & Systems Concepts",NEW,Batch 5
Target curves,"Electronics, DSP & Measurement","Audio Electrical, Networking & Systems Concepts",NEW,Batch 5
Temperature and humidity effects,"Electronics, DSP & Measurement","Audio Electrical, Networking & Systems Concepts",NEW,Batch 5
Thermal limiting,"Electronics, DSP & Measurement","Audio Electrical, Networking & Systems Concepts",NEW,Batch 5
Time averaging,"Electronics, DSP & Measurement","Audio Electrical, Networking & Systems Concepts",NEW,Batch 5
Tolerance,"Electronics, DSP & Measurement","Audio Electrical, Networking & Systems Concepts",NEW,Batch 5
Tonal balance versus flatness,"Electronics, DSP & Measurement","Audio Electrical, Networking & Systems Concepts",NEW,Batch 5
Transfer-function averaging,"Electronics, DSP & Measurement","Audio Electrical, Networking & Systems Concepts",NEW,Batch 5
Transformer taps,"Electronics, DSP & Measurement","Audio Electrical, Networking & Systems Concepts",NEW,Batch 5
Transmission-line behavior,"Electronics, DSP & Measurement","Audio Electrical, Networking & Systems Concepts",NEW,Batch 5
Transparent clocks,"Electronics, DSP & Measurement","Audio Electrical, Networking & Systems Concepts",NEW,Batch 5
Trigonometric functions,"Electronics, DSP & Measurement","Audio Electrical, Networking & Systems Concepts",NEW,Batch 5
Unbalanced signaling,"Electronics, DSP & Measurement","Audio Electrical, Networking & Systems Concepts",NEW,Batch 5
Under-balcony fills,"Electronics, DSP & Measurement","Audio Electrical, Networking & Systems Concepts",NEW,Batch 5
Unicast,"Electronics, DSP & Measurement","Audio Electrical, Networking & Systems Concepts",NEW,Batch 5
Uniformity,"Electronics, DSP & Measurement","Audio Electrical, Networking & Systems Concepts",NEW,Batch 5
Variable latency,"Electronics, DSP & Measurement","Audio Electrical, Networking & Systems Concepts",NEW,Batch 5
Variance,"Electronics, DSP & Measurement","Audio Electrical, Networking & Systems Concepts",NEW,Batch 5
Vector averaging,"Electronics, DSP & Measurement","Audio Electrical, Networking & Systems Concepts",NEW,Batch 5
Vectors,"Electronics, DSP & Measurement","Audio Electrical, Networking & Systems Concepts",NEW,Batch 5
Virtual local area networks,"Electronics, DSP & Measurement","Audio Electrical, Networking & Systems Concepts",NEW,Batch 5
Voltage sensitivity,"Electronics, DSP & Measurement","Audio Electrical, Networking & Systems Concepts",NEW,Batch 5
Voltage-divider effects,"Electronics, DSP & Measurement","Audio Electrical, Networking & Systems Concepts",NEW,Batch 5
Wavelet spectrogram,"Electronics, DSP & Measurement","Audio Electrical, Networking & Systems Concepts",NEW,Batch 5
Wind effects,"Electronics, DSP & Measurement","Audio Electrical, Networking & Systems Concepts",NEW,Batch 5
Windowing an impulse response,"Electronics, DSP & Measurement","Audio Electrical, Networking & Systems Concepts",NEW,Batch 5
Z-transforms,"Electronics, DSP & Measurement","Audio Electrical, Networking & Systems Concepts",NEW,Batch 5
Acoustic compression,"Electronics, DSP & Measurement",Measurement Fundamentals & Metering,EXISTING,Batch 4
Acoustic holography,"Electronics, DSP & Measurement",Measurement Fundamentals & Metering,EXISTING,Batch 4
Acoustic-power determination,"Electronics, DSP & Measurement",Measurement Fundamentals & Metering,EXISTING,Batch 4
Acoustical metrology,"Electronics, DSP & Measurement",Measurement Fundamentals & Metering,EXISTING,Batch 4
Active intensity,"Electronics, DSP & Measurement",Measurement Fundamentals & Metering,EXISTING,Batch 4
Anechoic measurement,"Electronics, DSP & Measurement",Measurement Fundamentals & Metering,EXISTING,Batch 4
Anechoic-room method,"Electronics, DSP & Measurement",Measurement Fundamentals & Metering,EXISTING,Batch 4
Bicoherence,"Electronics, DSP & Measurement",Measurement Fundamentals & Metering,EXISTING,Batch 4
Burst SPL,"Electronics, DSP & Measurement",Measurement Fundamentals & Metering,EXISTING,Batch 4
Calibration correction,"Electronics, DSP & Measurement",Measurement Fundamentals & Metering,EXISTING,Batch 4
Calibration hierarchy,"Electronics, DSP & Measurement",Measurement Fundamentals & Metering,EXISTING,Batch 4
Coherence degradation,"Electronics, DSP & Measurement",Measurement Fundamentals & Metering,EXISTING,Batch 4
Coherent distortion,"Electronics, DSP & Measurement",Measurement Fundamentals & Metering,EXISTING,Batch 4
Combined standard uncertainty,"Electronics, DSP & Measurement",Measurement Fundamentals & Metering,EXISTING,Batch 4
Community-noise equivalent level,"Electronics, DSP & Measurement",Measurement Fundamentals & Metering,EXISTING,Batch 4
Comparison method,"Electronics, DSP & Measurement",Measurement Fundamentals & Metering,EXISTING,Batch 4
Complex frequency response,"Electronics, DSP & Measurement",Measurement Fundamentals & Metering,EXISTING,Batch 4
Compression-limited output,"Electronics, DSP & Measurement",Measurement Fundamentals & Metering,EXISTING,Batch 4
Continuous power handling,"Electronics, DSP & Measurement",Measurement Fundamentals & Metering,EXISTING,Batch 4
Coverage factor,"Electronics, DSP & Measurement",Measurement Fundamentals & Metering,EXISTING,Batch 4
Coverage probability,"Electronics, DSP & Measurement",Measurement Fundamentals & Metering,EXISTING,Batch 4
Crest-factor degradation,"Electronics, DSP & Measurement",Measurement Fundamentals & Metering,EXISTING,Batch 4
Criterion level,"Electronics, DSP & Measurement",Measurement Fundamentals & Metering,EXISTING,Batch 4
Current-limited output,"Electronics, DSP & Measurement",Measurement Fundamentals & Metering,EXISTING,Batch 4
Day–night average sound level,"Electronics, DSP & Measurement",Measurement Fundamentals & Metering,EXISTING,Batch 4
Decision rule,"Electronics, DSP & Measurement",Measurement Fundamentals & Metering,EXISTING,Batch 4
Difference-frequency distortion,"Electronics, DSP & Measurement",Measurement Fundamentals & Metering,EXISTING,Batch 4
Distortion residue,"Electronics, DSP & Measurement",Measurement Fundamentals & Metering,EXISTING,Batch 4
Distortion spectrum,"Electronics, DSP & Measurement",Measurement Fundamentals & Metering,EXISTING,Batch 4
Distortion-limited output,"Electronics, DSP & Measurement",Measurement Fundamentals & Metering,EXISTING,Batch 4
Dual-channel measurement,"Electronics, DSP & Measurement",Measurement Fundamentals & Metering,EXISTING,Batch 4
Dynamic intermodulation distortion,"Electronics, DSP & Measurement",Measurement Fundamentals & Metering,EXISTING,Batch 4
Enveloping surface,"Electronics, DSP & Measurement",Measurement Fundamentals & Metering,EXISTING,Batch 4
Event sound level,"Electronics, DSP & Measurement",Measurement Fundamentals & Metering,EXISTING,Batch 4
Exceedance level,"Electronics, DSP & Measurement",Measurement Fundamentals & Metering,EXISTING,Batch 4
Excess group delay,"Electronics, DSP & Measurement",Measurement Fundamentals & Metering,EXISTING,Batch 4
Excess-phase response,"Electronics, DSP & Measurement",Measurement Fundamentals & Metering,EXISTING,Batch 4
Exchange rate,"Electronics, DSP & Measurement",Measurement Fundamentals & Metering,EXISTING,Batch 4
Excursion distortion,"Electronics, DSP & Measurement",Measurement Fundamentals & Metering,EXISTING,Batch 4
Excursion-limited output,"Electronics, DSP & Measurement",Measurement Fundamentals & Metering,EXISTING,Batch 4
Exponential time weighting,"Electronics, DSP & Measurement",Measurement Fundamentals & Metering,EXISTING,Batch 4
Far-field measurement,"Electronics, DSP & Measurement",Measurement Fundamentals & Metering,EXISTING,Batch 4
Farina harmonic separation,"Electronics, DSP & Measurement",Measurement Fundamentals & Metering,EXISTING,Batch 4
Field reactivity,"Electronics, DSP & Measurement",Measurement Fundamentals & Metering,EXISTING,Batch 4
Flux modulation distortion,"Electronics, DSP & Measurement",Measurement Fundamentals & Metering,EXISTING,Batch 4
Fractional-octave-band level,"Electronics, DSP & Measurement",Measurement Fundamentals & Metering,EXISTING,Batch 4
Full-space measurement,"Electronics, DSP & Measurement",Measurement Fundamentals & Metering,EXISTING,Batch 4
Gated measurement,"Electronics, DSP & Measurement",Measurement Fundamentals & Metering,EXISTING,Batch 4
Guard band,"Electronics, DSP & Measurement",Measurement Fundamentals & Metering,EXISTING,Batch 4
H1 estimator,"Electronics, DSP & Measurement",Measurement Fundamentals & Metering,EXISTING,Batch 4
H2 estimator,"Electronics, DSP & Measurement",Measurement Fundamentals & Metering,EXISTING,Batch 4
Half-space measurement,"Electronics, DSP & Measurement",Measurement Fundamentals & Metering,EXISTING,Batch 4
Hammerstein model,"Electronics, DSP & Measurement",Measurement Fundamentals & Metering,EXISTING,Batch 4
Harmonic distortion profile,"Electronics, DSP & Measurement",Measurement Fundamentals & Metering,EXISTING,Batch 4
Hemispherical measurement,"Electronics, DSP & Measurement",Measurement Fundamentals & Metering,EXISTING,Batch 4
Higher-order harmonic distortion,"Electronics, DSP & Measurement",Measurement Fundamentals & Metering,EXISTING,Batch 4
Higher-order impulse response,"Electronics, DSP & Measurement",Measurement Fundamentals & Metering,EXISTING,Batch 4
Holographic measurement,"Electronics, DSP & Measurement",Measurement Fundamentals & Metering,EXISTING,Batch 4
Hv estimator,"Electronics, DSP & Measurement",Measurement Fundamentals & Metering,EXISTING,Batch 4
Hysteresis error,"Electronics, DSP & Measurement",Measurement Fundamentals & Metering,EXISTING,Batch 4
IEC noise,"Electronics, DSP & Measurement",Measurement Fundamentals & Metering,EXISTING,Batch 4
Impulse time weighting,"Electronics, DSP & Measurement",Measurement Fundamentals & Metering,EXISTING,Batch 4
Impulsiveness,"Electronics, DSP & Measurement",Measurement Fundamentals & Metering,EXISTING,Batch 4
Influence quantity,"Electronics, DSP & Measurement",Measurement Fundamentals & Metering,EXISTING,Batch 4
Integrating sound-level meter,"Electronics, DSP & Measurement",Measurement Fundamentals & Metering,EXISTING,Batch 4
Integrating-averaging sound-level meter,"Electronics, DSP & Measurement",Measurement Fundamentals & Metering,EXISTING,Batch 4
Intensity method,"Electronics, DSP & Measurement",Measurement Fundamentals & Metering,EXISTING,Batch 4
Intensity probe,"Electronics, DSP & Measurement",Measurement Fundamentals & Metering,EXISTING,Batch 4
Intensity vector,"Electronics, DSP & Measurement",Measurement Fundamentals & Metering,EXISTING,Batch 4
Intermediate precision,"Electronics, DSP & Measurement",Measurement Fundamentals & Metering,EXISTING,Batch 4
Klippel near-field scanner,"Electronics, DSP & Measurement",Measurement Fundamentals & Metering,EXISTING,Batch 4
LAFmax,"Electronics, DSP & Measurement",Measurement Fundamentals & Metering,EXISTING,Batch 4
LASmax,"Electronics, DSP & Measurement",Measurement Fundamentals & Metering,EXISTING,Batch 4
LCFmax,"Electronics, DSP & Measurement",Measurement Fundamentals & Metering,EXISTING,Batch 4
LZeq,"Electronics, DSP & Measurement",Measurement Fundamentals & Metering,EXISTING,Batch 4
Linearity error,"Electronics, DSP & Measurement",Measurement Fundamentals & Metering,EXISTING,Batch 4
Linearity threshold,"Electronics, DSP & Measurement",Measurement Fundamentals & Metering,EXISTING,Batch 4
Logarithmic sine sweep,"Electronics, DSP & Measurement",Measurement Fundamentals & Metering,EXISTING,Batch 4
Long-term maximum SPL,"Electronics, DSP & Measurement",Measurement Fundamentals & Metering,EXISTING,Batch 4
M-Noise,"Electronics, DSP & Measurement",Measurement Fundamentals & Metering,EXISTING,Batch 4
Magnitude linearity,"Electronics, DSP & Measurement",Measurement Fundamentals & Metering,EXISTING,Batch 4
Maximum acoustic output,"Electronics, DSP & Measurement",Measurement Fundamentals & Metering,EXISTING,Batch 4
Maximum continuous SPL,"Electronics, DSP & Measurement",Measurement Fundamentals & Metering,EXISTING,Batch 4
Maximum linear SPL,"Electronics, DSP & Measurement",Measurement Fundamentals & Metering,EXISTING,Batch 4
Maximum linear output,"Electronics, DSP & Measurement",Measurement Fundamentals & Metering,EXISTING,Batch 4
Maximum linear sound level,"Electronics, DSP & Measurement",Measurement Fundamentals & Metering,EXISTING,Batch 4
Maximum peak SPL,"Electronics, DSP & Measurement",Measurement Fundamentals & Metering,EXISTING,Batch 4
Maximum usable SPL,"Electronics, DSP & Measurement",Measurement Fundamentals & Metering,EXISTING,Batch 4
Measurand,"Electronics, DSP & Measurement",Measurement Fundamentals & Metering,EXISTING,Batch 4
Measurement function,"Electronics, DSP & Measurement",Measurement Fundamentals & Metering,EXISTING,Batch 4
Measurement model,"Electronics, DSP & Measurement",Measurement Fundamentals & Metering,EXISTING,Batch 4
Measurement result,"Electronics, DSP & Measurement",Measurement Fundamentals & Metering,EXISTING,Batch 4
Measurement tolerance,"Electronics, DSP & Measurement",Measurement Fundamentals & Metering,EXISTING,Batch 4
Metrological traceability,"Electronics, DSP & Measurement",Measurement Fundamentals & Metering,EXISTING,Batch 4
Metrology,"Electronics, DSP & Measurement",Measurement Fundamentals & Metering,EXISTING,Batch 4
Modal distortion,"Electronics, DSP & Measurement",Measurement Fundamentals & Metering,EXISTING,Batch 4
Modulation distortion,"Electronics, DSP & Measurement",Measurement Fundamentals & Metering,EXISTING,Batch 4
Multiple coherence,"Electronics, DSP & Measurement",Measurement Fundamentals & Metering,EXISTING,Batch 4
Multitone coherence,"Electronics, DSP & Measurement",Measurement Fundamentals & Metering,EXISTING,Batch 4
Near-field acoustic holography,"Electronics, DSP & Measurement",Measurement Fundamentals & Metering,EXISTING,Batch 4
Near-field correction,"Electronics, DSP & Measurement",Measurement Fundamentals & Metering,EXISTING,Batch 4
Near-field scanner,"Electronics, DSP & Measurement",Measurement Fundamentals & Metering,EXISTING,Batch 4
Near-field–far-field splice,"Electronics, DSP & Measurement",Measurement Fundamentals & Metering,EXISTING,Batch 4
Noise dose,"Electronics, DSP & Measurement",Measurement Fundamentals & Metering,EXISTING,Batch 4
Noncoherent distortion,"Electronics, DSP & Measurement",Measurement Fundamentals & Metering,EXISTING,Batch 4
Nonlinear impulse response,"Electronics, DSP & Measurement",Measurement Fundamentals & Metering,EXISTING,Batch 4
Octave-band level,"Electronics, DSP & Measurement",Measurement Fundamentals & Metering,EXISTING,Batch 4
Partial coherence,"Electronics, DSP & Measurement",Measurement Fundamentals & Metering,EXISTING,Batch 4
Peak power,"Electronics, DSP & Measurement",Measurement Fundamentals & Metering,EXISTING,Batch 4
Peak-to-average ratio,"Electronics, DSP & Measurement",Measurement Fundamentals & Metering,EXISTING,Batch 4
Percentile level,"Electronics, DSP & Measurement",Measurement Fundamentals & Metering,EXISTING,Batch 4
Perceptual rub and buzz,"Electronics, DSP & Measurement",Measurement Fundamentals & Metering,EXISTING,Batch 4
Pink-noise power test,"Electronics, DSP & Measurement",Measurement Fundamentals & Metering,EXISTING,Batch 4
Power-test noise,"Electronics, DSP & Measurement",Measurement Fundamentals & Metering,EXISTING,Batch 4
Pressure–intensity index,"Electronics, DSP & Measurement",Measurement Fundamentals & Metering,EXISTING,Batch 4
Pressure–pressure intensity probe,"Electronics, DSP & Measurement",Measurement Fundamentals & Metering,EXISTING,Batch 4
Pressure–velocity intensity probe,"Electronics, DSP & Measurement",Measurement Fundamentals & Metering,EXISTING,Batch 4
Primary standard,"Electronics, DSP & Measurement",Measurement Fundamentals & Metering,EXISTING,Batch 4
Prominent discrete tone,"Electronics, DSP & Measurement",Measurement Fundamentals & Metering,EXISTING,Batch 4
Random error,"Electronics, DSP & Measurement",Measurement Fundamentals & Metering,EXISTING,Batch 4
Rating level,"Electronics, DSP & Measurement",Measurement Fundamentals & Metering,EXISTING,Batch 4
Reactive intensity,"Electronics, DSP & Measurement",Measurement Fundamentals & Metering,EXISTING,Batch 4
Reference sound source,"Electronics, DSP & Measurement",Measurement Fundamentals & Metering,EXISTING,Batch 4
Reference standard,"Electronics, DSP & Measurement",Measurement Fundamentals & Metering,EXISTING,Batch 4
Reference-channel measurement,"Electronics, DSP & Measurement",Measurement Fundamentals & Metering,EXISTING,Batch 4
Reflection-free window,"Electronics, DSP & Measurement",Measurement Fundamentals & Metering,EXISTING,Batch 4
Repeatability,"Electronics, DSP & Measurement",Measurement Fundamentals & Metering,EXISTING,Batch 4
Reproducibility,"Electronics, DSP & Measurement",Measurement Fundamentals & Metering,EXISTING,Batch 4
Residual distortion,"Electronics, DSP & Measurement",Measurement Fundamentals & Metering,EXISTING,Batch 4
Residual intensity,"Electronics, DSP & Measurement",Measurement Fundamentals & Metering,EXISTING,Batch 4
Reverberation-room method,"Electronics, DSP & Measurement",Measurement Fundamentals & Metering,EXISTING,Batch 4
Second-harmonic distortion,"Electronics, DSP & Measurement",Measurement Fundamentals & Metering,EXISTING,Batch 4
Secondary standard,"Electronics, DSP & Measurement",Measurement Fundamentals & Metering,EXISTING,Batch 4
Shaped-noise test,"Electronics, DSP & Measurement",Measurement Fundamentals & Metering,EXISTING,Batch 4
Short-term maximum SPL,"Electronics, DSP & Measurement",Measurement Fundamentals & Metering,EXISTING,Batch 4
Slow time weighting,"Electronics, DSP & Measurement",Measurement Fundamentals & Metering,EXISTING,Batch 4
Sound-power source,"Electronics, DSP & Measurement",Measurement Fundamentals & Metering,EXISTING,Batch 4
Spacer distance,"Electronics, DSP & Measurement",Measurement Fundamentals & Metering,EXISTING,Batch 4
Spectral crest factor,"Electronics, DSP & Measurement",Measurement Fundamentals & Metering,EXISTING,Batch 4
Spurious-free dynamic range,"Electronics, DSP & Measurement",Measurement Fundamentals & Metering,EXISTING,Batch 4
Standard uncertainty,"Electronics, DSP & Measurement",Measurement Fundamentals & Metering,EXISTING,Batch 4
Surface scanning,"Electronics, DSP & Measurement",Measurement Fundamentals & Metering,EXISTING,Batch 4
Systematic error,"Electronics, DSP & Measurement",Measurement Fundamentals & Metering,EXISTING,Batch 4
Test-signal spectrum,"Electronics, DSP & Measurement",Measurement Fundamentals & Metering,EXISTING,Batch 4
Third-harmonic distortion,"Electronics, DSP & Measurement",Measurement Fundamentals & Metering,EXISTING,Batch 4
Threshold level,"Electronics, DSP & Measurement",Measurement Fundamentals & Metering,EXISTING,Batch 4
Time resolution,"Electronics, DSP & Measurement",Measurement Fundamentals & Metering,EXISTING,Batch 4
Time-delay spectrometry,"Electronics, DSP & Measurement",Measurement Fundamentals & Metering,EXISTING,Batch 4
Time-weighting sound-level meter,"Electronics, DSP & Measurement",Measurement Fundamentals & Metering,EXISTING,Batch 4
Tonality,"Electronics, DSP & Measurement",Measurement Fundamentals & Metering,EXISTING,Batch 4
Traceability,"Electronics, DSP & Measurement",Measurement Fundamentals & Metering,EXISTING,Batch 4
Transfer standard,"Electronics, DSP & Measurement",Measurement Fundamentals & Metering,EXISTING,Batch 4
Transfer-function estimator,"Electronics, DSP & Measurement",Measurement Fundamentals & Metering,EXISTING,Batch 4
Transient intermodulation distortion,"Electronics, DSP & Measurement",Measurement Fundamentals & Metering,EXISTING,Batch 4
Type A evaluation,"Electronics, DSP & Measurement",Measurement Fundamentals & Metering,EXISTING,Batch 4
Type B evaluation,"Electronics, DSP & Measurement",Measurement Fundamentals & Metering,EXISTING,Batch 4
Uncertainty budget,"Electronics, DSP & Measurement",Measurement Fundamentals & Metering,EXISTING,Batch 4
Unwrapped phase,"Electronics, DSP & Measurement",Measurement Fundamentals & Metering,EXISTING,Batch 4
Voltage-limited output,"Electronics, DSP & Measurement",Measurement Fundamentals & Metering,EXISTING,Batch 4
Volterra series,"Electronics, DSP & Measurement",Measurement Fundamentals & Metering,EXISTING,Batch 4
Wiener model,"Electronics, DSP & Measurement",Measurement Fundamentals & Metering,EXISTING,Batch 4
Wiener–Hammerstein model,"Electronics, DSP & Measurement",Measurement Fundamentals & Metering,EXISTING,Batch 4
Window leakage,"Electronics, DSP & Measurement",Measurement Fundamentals & Metering,EXISTING,Batch 4
Working standard,"Electronics, DSP & Measurement",Measurement Fundamentals & Metering,EXISTING,Batch 4
AES17,"Electronics, DSP & Measurement",Signal Analysis & Test Equipment,EXISTING,Batch 4
AES75,"Electronics, DSP & Measurement",Signal Analysis & Test Equipment,EXISTING,Batch 4
ANSI S1 series,"Electronics, DSP & Measurement",Signal Analysis & Test Equipment,EXISTING,Batch 4
Accelerometer,"Electronics, DSP & Measurement",Signal Analysis & Test Equipment,EXISTING,Batch 4
Accuracy,"Electronics, DSP & Measurement",Signal Analysis & Test Equipment,EXISTING,Batch 4
Acoustic delay,"Electronics, DSP & Measurement",Signal Analysis & Test Equipment,EXISTING,Batch 4
Acoustic emission,"Electronics, DSP & Measurement",Signal Analysis & Test Equipment,EXISTING,Batch 4
Adjustment,"Electronics, DSP & Measurement",Signal Analysis & Test Equipment,EXISTING,Batch 4
Artificial ear,"Electronics, DSP & Measurement",Signal Analysis & Test Equipment,EXISTING,Batch 4
Artificial mouth,"Electronics, DSP & Measurement",Signal Analysis & Test Equipment,EXISTING,Batch 4
Auditory filterbank,"Electronics, DSP & Measurement",Signal Analysis & Test Equipment,EXISTING,Batch 4
BL,"Electronics, DSP & Measurement",Signal Analysis & Test Equipment,EXISTING,Batch 4
Background sound level,"Electronics, DSP & Measurement",Signal Analysis & Test Equipment,EXISTING,Batch 4
Background-noise correction,"Electronics, DSP & Measurement",Signal Analysis & Test Equipment,EXISTING,Batch 4
Bispectrum,"Electronics, DSP & Measurement",Signal Analysis & Test Equipment,EXISTING,Batch 4
Blackman window,"Electronics, DSP & Measurement",Signal Analysis & Test Equipment,EXISTING,Batch 4
Boundary-condition model,"Electronics, DSP & Measurement",Signal Analysis & Test Equipment,EXISTING,Batch 4
Cms,"Electronics, DSP & Measurement",Signal Analysis & Test Equipment,EXISTING,Batch 4
Cohen's class,"Electronics, DSP & Measurement",Signal Analysis & Test Equipment,EXISTING,Batch 4
Complex cepstrum,"Electronics, DSP & Measurement",Signal Analysis & Test Equipment,EXISTING,Batch 4
Complex envelope,"Electronics, DSP & Measurement",Signal Analysis & Test Equipment,EXISTING,Batch 4
Complex impedance,"Electronics, DSP & Measurement",Signal Analysis & Test Equipment,EXISTING,Batch 4
Compliance,"Electronics, DSP & Measurement",Signal Analysis & Test Equipment,EXISTING,Batch 4
Constant-Q transform,"Electronics, DSP & Measurement",Signal Analysis & Test Equipment,EXISTING,Batch 4
Continuous wavelet transform,"Electronics, DSP & Measurement",Signal Analysis & Test Equipment,EXISTING,Batch 4
Cumulative spectral decay,"Electronics, DSP & Measurement",Signal Analysis & Test Equipment,EXISTING,Batch 4
Cyclostationary analysis,"Electronics, DSP & Measurement",Signal Analysis & Test Equipment,EXISTING,Batch 4
DFT,"Electronics, DSP & Measurement",Signal Analysis & Test Equipment,EXISTING,Batch 4
Directivity correction,"Electronics, DSP & Measurement",Signal Analysis & Test Equipment,EXISTING,Batch 4
Discrete wavelet transform,"Electronics, DSP & Measurement",Signal Analysis & Test Equipment,EXISTING,Batch 4
Discrete-point measurement,"Electronics, DSP & Measurement",Signal Analysis & Test Equipment,EXISTING,Batch 4
Doppler ultrasound,"Electronics, DSP & Measurement",Signal Analysis & Test Equipment,EXISTING,Batch 4
Dynamic capability,"Electronics, DSP & Measurement",Signal Analysis & Test Equipment,EXISTING,Batch 4
Efficiency bandwidth product,"Electronics, DSP & Measurement",Signal Analysis & Test Equipment,EXISTING,Batch 4
Engineering-grade measurement,"Electronics, DSP & Measurement",Signal Analysis & Test Equipment,EXISTING,Batch 4
Envelope analysis,"Electronics, DSP & Measurement",Signal Analysis & Test Equipment,EXISTING,Batch 4
Environmental correction,"Electronics, DSP & Measurement",Signal Analysis & Test Equipment,EXISTING,Batch 4
Error distribution,"Electronics, DSP & Measurement",Signal Analysis & Test Equipment,EXISTING,Batch 4
FDTD acoustics,"Electronics, DSP & Measurement",Signal Analysis & Test Equipment,EXISTING,Batch 4
FFT,"Electronics, DSP & Measurement",Signal Analysis & Test Equipment,EXISTING,Batch 4
FIR filter,"Electronics, DSP & Measurement",Signal Analysis & Test Equipment,EXISTING,Batch 4
Finite-difference time-domain,"Electronics, DSP & Measurement",Signal Analysis & Test Equipment,EXISTING,Batch 4
Finite-element method,"Electronics, DSP & Measurement",Signal Analysis & Test Equipment,EXISTING,Batch 4
Fs,"Electronics, DSP & Measurement",Signal Analysis & Test Equipment,EXISTING,Batch 4
Gammatone transform,"Electronics, DSP & Measurement",Signal Analysis & Test Equipment,EXISTING,Batch 4
Geophone,"Electronics, DSP & Measurement",Signal Analysis & Test Equipment,EXISTING,Batch 4
Hamming window,"Electronics, DSP & Measurement",Signal Analysis & Test Equipment,EXISTING,Batch 4
Head and torso simulator (HATS),"Electronics, DSP & Measurement",Signal Analysis & Test Equipment,EXISTING,Batch 4
Higher-order spectrum,"Electronics, DSP & Measurement",Signal Analysis & Test Equipment,EXISTING,Batch 4
Homomorphic analysis,"Electronics, DSP & Measurement",Signal Analysis & Test Equipment,EXISTING,Batch 4
Hydrophone,"Electronics, DSP & Measurement",Signal Analysis & Test Equipment,EXISTING,Batch 4
IEC 60268,"Electronics, DSP & Measurement",Signal Analysis & Test Equipment,EXISTING,Batch 4
IEC 61094,"Electronics, DSP & Measurement",Signal Analysis & Test Equipment,EXISTING,Batch 4
IEC 61672,"Electronics, DSP & Measurement",Signal Analysis & Test Equipment,EXISTING,Batch 4
IIR filter,"Electronics, DSP & Measurement",Signal Analysis & Test Equipment,EXISTING,Batch 4
ISO 3740 series,"Electronics, DSP & Measurement",Signal Analysis & Test Equipment,EXISTING,Batch 4
ISO 9613,"Electronics, DSP & Measurement",Signal Analysis & Test Equipment,EXISTING,Batch 4
Independent-component analysis,"Electronics, DSP & Measurement",Signal Analysis & Test Equipment,EXISTING,Batch 4
Indication,"Electronics, DSP & Measurement",Signal Analysis & Test Equipment,EXISTING,Batch 4
Instantaneous amplitude,"Electronics, DSP & Measurement",Signal Analysis & Test Equipment,EXISTING,Batch 4
Instantaneous intensity,"Electronics, DSP & Measurement",Signal Analysis & Test Equipment,EXISTING,Batch 4
Instantaneous phase,"Electronics, DSP & Measurement",Signal Analysis & Test Equipment,EXISTING,Batch 4
Kurtogram,"Electronics, DSP & Measurement",Signal Analysis & Test Equipment,EXISTING,Batch 4
Laser Doppler vibrometer,"Electronics, DSP & Measurement",Signal Analysis & Test Equipment,EXISTING,Batch 4
Le,"Electronics, DSP & Measurement",Signal Analysis & Test Equipment,EXISTING,Batch 4
Liftering,"Electronics, DSP & Measurement",Signal Analysis & Test Equipment,EXISTING,Batch 4
Long-term power,"Electronics, DSP & Measurement",Signal Analysis & Test Equipment,EXISTING,Batch 4
Long-term stability,"Electronics, DSP & Measurement",Signal Analysis & Test Equipment,EXISTING,Batch 4
Maximum sound level,"Electronics, DSP & Measurement",Signal Analysis & Test Equipment,EXISTING,Batch 4
Maximum-event level,"Electronics, DSP & Measurement",Signal Analysis & Test Equipment,EXISTING,Batch 4
Measurement surface,"Electronics, DSP & Measurement",Signal Analysis & Test Equipment,EXISTING,Batch 4
Mechanical damping,"Electronics, DSP & Measurement",Signal Analysis & Test Equipment,EXISTING,Batch 4
Mechanical resonance,"Electronics, DSP & Measurement",Signal Analysis & Test Equipment,EXISTING,Batch 4
Medical ultrasound,"Electronics, DSP & Measurement",Signal Analysis & Test Equipment,EXISTING,Batch 4
Mel-frequency spectrum,"Electronics, DSP & Measurement",Signal Analysis & Test Equipment,EXISTING,Batch 4
Minimum sound level,"Electronics, DSP & Measurement",Signal Analysis & Test Equipment,EXISTING,Batch 4
Mms,"Electronics, DSP & Measurement",Signal Analysis & Test Equipment,EXISTING,Batch 4
Moving mass,"Electronics, DSP & Measurement",Signal Analysis & Test Equipment,EXISTING,Batch 4
One-third-octave analysis,"Electronics, DSP & Measurement",Signal Analysis & Test Equipment,EXISTING,Batch 4
Operational transfer-path analysis,"Electronics, DSP & Measurement",Signal Analysis & Test Equipment,EXISTING,Batch 4
Order tracking,"Electronics, DSP & Measurement",Signal Analysis & Test Equipment,EXISTING,Batch 4
Peak C-weighted level,"Electronics, DSP & Measurement",Signal Analysis & Test Equipment,EXISTING,Batch 4
Phase mismatch,"Electronics, DSP & Measurement",Signal Analysis & Test Equipment,EXISTING,Batch 4
Phased array ultrasound,"Electronics, DSP & Measurement",Signal Analysis & Test Equipment,EXISTING,Batch 4
Piezoelectric crystal,"Electronics, DSP & Measurement",Signal Analysis & Test Equipment,EXISTING,Batch 4
Power cepstrum,"Electronics, DSP & Measurement",Signal Analysis & Test Equipment,EXISTING,Batch 4
Precision,"Electronics, DSP & Measurement",Signal Analysis & Test Equipment,EXISTING,Batch 4
Precision microphone,"Electronics, DSP & Measurement",Signal Analysis & Test Equipment,EXISTING,Batch 4
Precision-grade measurement,"Electronics, DSP & Measurement",Signal Analysis & Test Equipment,EXISTING,Batch 4
Probe orientation,"Electronics, DSP & Measurement",Signal Analysis & Test Equipment,EXISTING,Batch 4
Pulse-echo,"Electronics, DSP & Measurement",Signal Analysis & Test Equipment,EXISTING,Batch 4
Q factor,"Electronics, DSP & Measurement",Signal Analysis & Test Equipment,EXISTING,Batch 4
Qes,"Electronics, DSP & Measurement",Signal Analysis & Test Equipment,EXISTING,Batch 4
Qms,"Electronics, DSP & Measurement",Signal Analysis & Test Equipment,EXISTING,Batch 4
Qts,"Electronics, DSP & Measurement",Signal Analysis & Test Equipment,EXISTING,Batch 4
Quadrature signal,"Electronics, DSP & Measurement",Signal Analysis & Test Equipment,EXISTING,Batch 4
Re,"Electronics, DSP & Measurement",Signal Analysis & Test Equipment,EXISTING,Batch 4
Reactance,"Electronics, DSP & Measurement",Signal Analysis & Test Equipment,EXISTING,Batch 4
Real cepstrum,"Electronics, DSP & Measurement",Signal Analysis & Test Equipment,EXISTING,Batch 4
Reassigned spectrogram,"Electronics, DSP & Measurement",Signal Analysis & Test Equipment,EXISTING,Batch 4
Reciprocity measurement,"Electronics, DSP & Measurement",Signal Analysis & Test Equipment,EXISTING,Batch 4
Reference efficiency,"Electronics, DSP & Measurement",Signal Analysis & Test Equipment,EXISTING,Batch 4
Residual sound level,"Electronics, DSP & Measurement",Signal Analysis & Test Equipment,EXISTING,Batch 4
Resolution,"Electronics, DSP & Measurement",Signal Analysis & Test Equipment,EXISTING,Batch 4
Resonant circuit,"Electronics, DSP & Measurement",Signal Analysis & Test Equipment,EXISTING,Batch 4
Rocking mode,"Electronics, DSP & Measurement",Signal Analysis & Test Equipment,EXISTING,Batch 4
Sampling theorem,"Electronics, DSP & Measurement",Signal Analysis & Test Equipment,EXISTING,Batch 4
Sd,"Electronics, DSP & Measurement",Signal Analysis & Test Equipment,EXISTING,Batch 4
Sensitivity,"Electronics, DSP & Measurement",Signal Analysis & Test Equipment,EXISTING,Batch 4
Sensitivity coefficient,"Electronics, DSP & Measurement",Signal Analysis & Test Equipment,EXISTING,Batch 4
Short-term power,"Electronics, DSP & Measurement",Signal Analysis & Test Equipment,EXISTING,Batch 4
Short-term stability,"Electronics, DSP & Measurement",Signal Analysis & Test Equipment,EXISTING,Batch 4
Sonar,"Electronics, DSP & Measurement",Signal Analysis & Test Equipment,EXISTING,Batch 4
Sound exposure,"Electronics, DSP & Measurement",Signal Analysis & Test Equipment,EXISTING,Batch 4
Sound level meter,"Electronics, DSP & Measurement",Signal Analysis & Test Equipment,EXISTING,Batch 4
Specific sound level,"Electronics, DSP & Measurement",Signal Analysis & Test Equipment,EXISTING,Batch 4
Spectral contamination,"Electronics, DSP & Measurement",Signal Analysis & Test Equipment,EXISTING,Batch 4
Spectral kurtosis,"Electronics, DSP & Measurement",Signal Analysis & Test Equipment,EXISTING,Batch 4
Statistical sound level,"Electronics, DSP & Measurement",Signal Analysis & Test Equipment,EXISTING,Batch 4
Step response,"Electronics, DSP & Measurement",Signal Analysis & Test Equipment,EXISTING,Batch 4
Survey-grade measurement,"Electronics, DSP & Measurement",Signal Analysis & Test Equipment,EXISTING,Batch 4
Suspension stiffness,"Electronics, DSP & Measurement",Signal Analysis & Test Equipment,EXISTING,Batch 4
Synchronous averaging,"Electronics, DSP & Measurement",Signal Analysis & Test Equipment,EXISTING,Batch 4
Synchrosqueezing,"Electronics, DSP & Measurement",Signal Analysis & Test Equipment,EXISTING,Batch 4
Thermal compression,"Electronics, DSP & Measurement",Signal Analysis & Test Equipment,EXISTING,Batch 4
Time-average sound level,"Electronics, DSP & Measurement",Signal Analysis & Test Equipment,EXISTING,Batch 4
Time-averaged intensity,"Electronics, DSP & Measurement",Signal Analysis & Test Equipment,EXISTING,Batch 4
Time-of-flight,"Electronics, DSP & Measurement",Signal Analysis & Test Equipment,EXISTING,Batch 4
Time-windowed response,"Electronics, DSP & Measurement",Signal Analysis & Test Equipment,EXISTING,Batch 4
Time–frequency representation,"Electronics, DSP & Measurement",Signal Analysis & Test Equipment,EXISTING,Batch 4
Ultrasonic imaging,"Electronics, DSP & Measurement",Signal Analysis & Test Equipment,EXISTING,Batch 4
Ultrasonic transducer,"Electronics, DSP & Measurement",Signal Analysis & Test Equipment,EXISTING,Batch 4
Validation,"Electronics, DSP & Measurement",Signal Analysis & Test Equipment,EXISTING,Batch 4
Vibrometer,"Electronics, DSP & Measurement",Signal Analysis & Test Equipment,EXISTING,Batch 4
Waterfall plot,"Electronics, DSP & Measurement",Signal Analysis & Test Equipment,EXISTING,Batch 4
Wigner–Ville distribution,"Electronics, DSP & Measurement",Signal Analysis & Test Equipment,EXISTING,Batch 4
Xlim,"Electronics, DSP & Measurement",Signal Analysis & Test Equipment,EXISTING,Batch 4
Xmech,"Electronics, DSP & Measurement",Signal Analysis & Test Equipment,EXISTING,Batch 4
Accumulator precision,Foundational & Educational Concepts,"Digital Audio — Sampling, Quantization & Formats",NEW,Batch 5
Analog-to-digital conversion,Foundational & Educational Concepts,"Digital Audio — Sampling, Quantization & Formats",NEW,Batch 5
Anti-aliasing filtering,Foundational & Educational Concepts,"Digital Audio — Sampling, Quantization & Formats",NEW,Batch 5
Aperture uncertainty,Foundational & Educational Concepts,"Digital Audio — Sampling, Quantization & Formats",NEW,Batch 5
Asynchronous sample-rate conversion,Foundational & Educational Concepts,"Digital Audio — Sampling, Quantization & Formats",NEW,Batch 5
Audio codec versus container,Foundational & Educational Concepts,"Digital Audio — Sampling, Quantization & Formats",NEW,Batch 5
Auto-spectrum,Foundational & Educational Concepts,"Digital Audio — Sampling, Quantization & Formats",NEW,Batch 5
Band-limited interpolation,Foundational & Educational Concepts,"Digital Audio — Sampling, Quantization & Formats",NEW,Batch 5
Band-limited signals,Foundational & Educational Concepts,"Digital Audio — Sampling, Quantization & Formats",NEW,Batch 5
Big-endian versus little-endian storage,Foundational & Educational Concepts,"Digital Audio — Sampling, Quantization & Formats",NEW,Batch 5
Bit depth versus bit rate,Foundational & Educational Concepts,"Digital Audio — Sampling, Quantization & Formats",NEW,Batch 5
Block processing,Foundational & Educational Concepts,"Digital Audio — Sampling, Quantization & Formats",NEW,Batch 5
Buffer overflow,Foundational & Educational Concepts,"Digital Audio — Sampling, Quantization & Formats",NEW,Batch 5
Buffer underflow,Foundational & Educational Concepts,"Digital Audio — Sampling, Quantization & Formats",NEW,Batch 5
Byte order,Foundational & Educational Concepts,"Digital Audio — Sampling, Quantization & Formats",NEW,Batch 5
Causality,Foundational & Educational Concepts,"Digital Audio — Sampling, Quantization & Formats",NEW,Batch 5
Channel count and data rate,Foundational & Educational Concepts,"Digital Audio — Sampling, Quantization & Formats",NEW,Batch 5
Circular convolution,Foundational & Educational Concepts,"Digital Audio — Sampling, Quantization & Formats",NEW,Batch 5
Codec generation loss,Foundational & Educational Concepts,"Digital Audio — Sampling, Quantization & Formats",NEW,Batch 5
Coherent sampling,Foundational & Educational Concepts,"Digital Audio — Sampling, Quantization & Formats",NEW,Batch 5
Constant bit rate,Foundational & Educational Concepts,"Digital Audio — Sampling, Quantization & Formats",NEW,Batch 5
Conversion filter quality,Foundational & Educational Concepts,"Digital Audio — Sampling, Quantization & Formats",NEW,Batch 5
Converter noise and distortion limits,Foundational & Educational Concepts,"Digital Audio — Sampling, Quantization & Formats",NEW,Batch 5
Correlated quantization distortion,Foundational & Educational Concepts,"Digital Audio — Sampling, Quantization & Formats",NEW,Batch 5
Cross-spectrum,Foundational & Educational Concepts,"Digital Audio — Sampling, Quantization & Formats",NEW,Batch 5
Delay elements,Foundational & Educational Concepts,"Digital Audio — Sampling, Quantization & Formats",NEW,Batch 5
Denormal numbers,Foundational & Educational Concepts,"Digital Audio — Sampling, Quantization & Formats",NEW,Batch 5
Difference equations,Foundational & Educational Concepts,"Digital Audio — Sampling, Quantization & Formats",NEW,Batch 5
Digital-to-analog conversion,Foundational & Educational Concepts,"Digital Audio — Sampling, Quantization & Formats",NEW,Batch 5
Discrete-time signals,Foundational & Educational Concepts,"Digital Audio — Sampling, Quantization & Formats",NEW,Batch 5
Discrete-valued signals,Foundational & Educational Concepts,"Digital Audio — Sampling, Quantization & Formats",NEW,Batch 5
Dither decorrelation,Foundational & Educational Concepts,"Digital Audio — Sampling, Quantization & Formats",NEW,Batch 5
Dither during format conversion,Foundational & Educational Concepts,"Digital Audio — Sampling, Quantization & Formats",NEW,Batch 5
Embedded loudness metadata,Foundational & Educational Concepts,"Digital Audio — Sampling, Quantization & Formats",NEW,Batch 5
Envelope extraction,Foundational & Educational Concepts,"Digital Audio — Sampling, Quantization & Formats",NEW,Batch 5
Exponent,Foundational & Educational Concepts,"Digital Audio — Sampling, Quantization & Formats",NEW,Batch 5
Export bit depth versus processing bit depth,Foundational & Educational Concepts,"Digital Audio — Sampling, Quantization & Formats",NEW,Batch 5
FFT resolution,Foundational & Educational Concepts,"Digital Audio — Sampling, Quantization & Formats",NEW,Batch 5
Feedback in digital filters,Foundational & Educational Concepts,"Digital Audio — Sampling, Quantization & Formats",NEW,Batch 5
File headers,Foundational & Educational Concepts,"Digital Audio — Sampling, Quantization & Formats",NEW,Batch 5
File-size calculations,Foundational & Educational Concepts,"Digital Audio — Sampling, Quantization & Formats",NEW,Batch 5
Finite impulse response,Foundational & Educational Concepts,"Digital Audio — Sampling, Quantization & Formats",NEW,Batch 5
Finite precision effects,Foundational & Educational Concepts,"Digital Audio — Sampling, Quantization & Formats",NEW,Batch 5
Fixed-point arithmetic,Foundational & Educational Concepts,"Digital Audio — Sampling, Quantization & Formats",NEW,Batch 5
Floating-point arithmetic,Foundational & Educational Concepts,"Digital Audio — Sampling, Quantization & Formats",NEW,Batch 5
Floating-point headroom,Foundational & Educational Concepts,"Digital Audio — Sampling, Quantization & Formats",NEW,Batch 5
Floating-point precision,Foundational & Educational Concepts,"Digital Audio — Sampling, Quantization & Formats",NEW,Batch 5
Foldover,Foundational & Educational Concepts,"Digital Audio — Sampling, Quantization & Formats",NEW,Batch 5
Fractional-ratio conversion,Foundational & Educational Concepts,"Digital Audio — Sampling, Quantization & Formats",NEW,Batch 5
Frequency ambiguity near Nyquist,Foundational & Educational Concepts,"Digital Audio — Sampling, Quantization & Formats",NEW,Batch 5
Frequency-bin spacing,Foundational & Educational Concepts,"Digital Audio — Sampling, Quantization & Formats",NEW,Batch 5
Gapless playback,Foundational & Educational Concepts,"Digital Audio — Sampling, Quantization & Formats",NEW,Batch 5
Infinite impulse response,Foundational & Educational Concepts,"Digital Audio — Sampling, Quantization & Formats",NEW,Batch 5
Integer PCM,Foundational & Educational Concepts,"Digital Audio — Sampling, Quantization & Formats",NEW,Batch 5
Integer-ratio conversion,Foundational & Educational Concepts,"Digital Audio — Sampling, Quantization & Formats",NEW,Batch 5
Inter-sample peaks after encoding,Foundational & Educational Concepts,"Digital Audio — Sampling, Quantization & Formats",NEW,Batch 5
Interleaved versus planar audio,Foundational & Educational Concepts,"Digital Audio — Sampling, Quantization & Formats",NEW,Batch 5
Internal processing precision,Foundational & Educational Concepts,"Digital Audio — Sampling, Quantization & Formats",NEW,Batch 5
Inverse Fourier transform,Foundational & Educational Concepts,"Digital Audio — Sampling, Quantization & Formats",NEW,Batch 5
Jitter spectrum,Foundational & Educational Concepts,"Digital Audio — Sampling, Quantization & Formats",NEW,Batch 5
Least significant bit,Foundational & Educational Concepts,"Digital Audio — Sampling, Quantization & Formats",NEW,Batch 5
Linear convolution,Foundational & Educational Concepts,"Digital Audio — Sampling, Quantization & Formats",NEW,Batch 5
Lossless compression,Foundational & Educational Concepts,"Digital Audio — Sampling, Quantization & Formats",NEW,Batch 5
Low-level signal preservation,Foundational & Educational Concepts,"Digital Audio — Sampling, Quantization & Formats",NEW,Batch 5
Mantissa or significand,Foundational & Educational Concepts,"Digital Audio — Sampling, Quantization & Formats",NEW,Batch 5
Master and slave clocking,Foundational & Educational Concepts,"Digital Audio — Sampling, Quantization & Formats",NEW,Batch 5
Mid/side coding,Foundational & Educational Concepts,"Digital Audio — Sampling, Quantization & Formats",NEW,Batch 5
Most significant bit,Foundational & Educational Concepts,"Digital Audio — Sampling, Quantization & Formats",NEW,Batch 5
Noise-shaped dither,Foundational & Educational Concepts,"Digital Audio — Sampling, Quantization & Formats",NEW,Batch 5
Normalization metadata,Foundational & Educational Concepts,"Digital Audio — Sampling, Quantization & Formats",NEW,Batch 5
Numerical overflow,Foundational & Educational Concepts,"Digital Audio — Sampling, Quantization & Formats",NEW,Batch 5
Numerical underflow,Foundational & Educational Concepts,"Digital Audio — Sampling, Quantization & Formats",NEW,Batch 5
Nyquist–Shannon sampling theorem,Foundational & Educational Concepts,"Digital Audio — Sampling, Quantization & Formats",NEW,Batch 5
Overlap processing,Foundational & Educational Concepts,"Digital Audio — Sampling, Quantization & Formats",NEW,Batch 5
Perceptual masking in codecs,Foundational & Educational Concepts,"Digital Audio — Sampling, Quantization & Formats",NEW,Batch 5
Periodic jitter,Foundational & Educational Concepts,"Digital Audio — Sampling, Quantization & Formats",NEW,Batch 5
Polyphase filtering,Foundational & Educational Concepts,"Digital Audio — Sampling, Quantization & Formats",NEW,Batch 5
Pre-echo artifacts,Foundational & Educational Concepts,"Digital Audio — Sampling, Quantization & Formats",NEW,Batch 5
Processing latency,Foundational & Educational Concepts,"Digital Audio — Sampling, Quantization & Formats",NEW,Batch 5
Psychoacoustic coding,Foundational & Educational Concepts,"Digital Audio — Sampling, Quantization & Formats",NEW,Batch 5
Quantization error,Foundational & Educational Concepts,"Digital Audio — Sampling, Quantization & Formats",NEW,Batch 5
Quantization levels,Foundational & Educational Concepts,"Digital Audio — Sampling, Quantization & Formats",NEW,Batch 5
Quantization noise model,Foundational & Educational Concepts,"Digital Audio — Sampling, Quantization & Formats",NEW,Batch 5
Quantization step size,Foundational & Educational Concepts,"Digital Audio — Sampling, Quantization & Formats",NEW,Batch 5
Random jitter,Foundational & Educational Concepts,"Digital Audio — Sampling, Quantization & Formats",NEW,Batch 5
Real-time versus offline processing,Foundational & Educational Concepts,"Digital Audio — Sampling, Quantization & Formats",NEW,Batch 5
Reclocking,Foundational & Educational Concepts,"Digital Audio — Sampling, Quantization & Formats",NEW,Batch 5
Reconstruction filtering,Foundational & Educational Concepts,"Digital Audio — Sampling, Quantization & Formats",NEW,Batch 5
Rectangular dither,Foundational & Educational Concepts,"Digital Audio — Sampling, Quantization & Formats",NEW,Batch 5
Rectangular window,Foundational & Educational Concepts,"Digital Audio — Sampling, Quantization & Formats",NEW,Batch 5
Recursive processing,Foundational & Educational Concepts,"Digital Audio — Sampling, Quantization & Formats",NEW,Batch 5
Requantization,Foundational & Educational Concepts,"Digital Audio — Sampling, Quantization & Formats",NEW,Batch 5
Rounding,Foundational & Educational Concepts,"Digital Audio — Sampling, Quantization & Formats",NEW,Batch 5
Rounding accumulation,Foundational & Educational Concepts,"Digital Audio — Sampling, Quantization & Formats",NEW,Batch 5
Sample clock,Foundational & Educational Concepts,"Digital Audio — Sampling, Quantization & Formats",NEW,Batch 5
Sample phase,Foundational & Educational Concepts,"Digital Audio — Sampling, Quantization & Formats",NEW,Batch 5
Sample rate versus bit rate,Foundational & Educational Concepts,"Digital Audio — Sampling, Quantization & Formats",NEW,Batch 5
Sample slips,Foundational & Educational Concepts,"Digital Audio — Sampling, Quantization & Formats",NEW,Batch 5
Sample-accurate file boundaries,Foundational & Educational Concepts,"Digital Audio — Sampling, Quantization & Formats",NEW,Batch 5
Sample-rate conversion artifacts,Foundational & Educational Concepts,"Digital Audio — Sampling, Quantization & Formats",NEW,Batch 5
Samples per cycle,Foundational & Educational Concepts,"Digital Audio — Sampling, Quantization & Formats",NEW,Batch 5
Scalloping loss,Foundational & Educational Concepts,"Digital Audio — Sampling, Quantization & Formats",NEW,Batch 5
Side lobes,Foundational & Educational Concepts,"Digital Audio — Sampling, Quantization & Formats",NEW,Batch 5
Signed PCM,Foundational & Educational Concepts,"Digital Audio — Sampling, Quantization & Formats",NEW,Batch 5
Sinc interpolation,Foundational & Educational Concepts,"Digital Audio — Sampling, Quantization & Formats",NEW,Batch 5
Spectral images,Foundational & Educational Concepts,"Digital Audio — Sampling, Quantization & Formats",NEW,Batch 5
Spectrogram interpretation,Foundational & Educational Concepts,"Digital Audio — Sampling, Quantization & Formats",NEW,Batch 5
Stability,Foundational & Educational Concepts,"Digital Audio — Sampling, Quantization & Formats",NEW,Batch 5
Stability regions,Foundational & Educational Concepts,"Digital Audio — Sampling, Quantization & Formats",NEW,Batch 5
Stereo coupling,Foundational & Educational Concepts,"Digital Audio — Sampling, Quantization & Formats",NEW,Batch 5
Subtractive dither,Foundational & Educational Concepts,"Digital Audio — Sampling, Quantization & Formats",NEW,Batch 5
System identification,Foundational & Educational Concepts,"Digital Audio — Sampling, Quantization & Formats",NEW,Batch 5
System response,Foundational & Educational Concepts,"Digital Audio — Sampling, Quantization & Formats",NEW,Batch 5
Temporal masking in codecs,Foundational & Educational Concepts,"Digital Audio — Sampling, Quantization & Formats",NEW,Batch 5
Theoretical dynamic range,Foundational & Educational Concepts,"Digital Audio — Sampling, Quantization & Formats",NEW,Batch 5
Time invariance,Foundational & Educational Concepts,"Digital Audio — Sampling, Quantization & Formats",NEW,Batch 5
Time resolution versus frequency resolution,Foundational & Educational Concepts,"Digital Audio — Sampling, Quantization & Formats",NEW,Batch 5
Time-frequency duality,Foundational & Educational Concepts,"Digital Audio — Sampling, Quantization & Formats",NEW,Batch 5
Tonal noise artifacts,Foundational & Educational Concepts,"Digital Audio — Sampling, Quantization & Formats",NEW,Batch 5
Transcoding loss,Foundational & Educational Concepts,"Digital Audio — Sampling, Quantization & Formats",NEW,Batch 5
Transfer-function estimation,Foundational & Educational Concepts,"Digital Audio — Sampling, Quantization & Formats",NEW,Batch 5
Transform coding,Foundational & Educational Concepts,"Digital Audio — Sampling, Quantization & Formats",NEW,Batch 5
Triangular dither,Foundational & Educational Concepts,"Digital Audio — Sampling, Quantization & Formats",NEW,Batch 5
Truncation,Foundational & Educational Concepts,"Digital Audio — Sampling, Quantization & Formats",NEW,Batch 5
Two's-complement representation,Foundational & Educational Concepts,"Digital Audio — Sampling, Quantization & Formats",NEW,Batch 5
Uncompressed PCM,Foundational & Educational Concepts,"Digital Audio — Sampling, Quantization & Formats",NEW,Batch 5
Unit impulse,Foundational & Educational Concepts,"Digital Audio — Sampling, Quantization & Formats",NEW,Batch 5
Unsigned PCM,Foundational & Educational Concepts,"Digital Audio — Sampling, Quantization & Formats",NEW,Batch 5
Variable bit rate,Foundational & Educational Concepts,"Digital Audio — Sampling, Quantization & Formats",NEW,Batch 5
Wavelet analysis,Foundational & Educational Concepts,"Digital Audio — Sampling, Quantization & Formats",NEW,Batch 5
Why 32-bit float does not repair ADC clipping,Foundational & Educational Concepts,"Digital Audio — Sampling, Quantization & Formats",NEW,Batch 5
Why digital audio is not simply a staircase,Foundational & Educational Concepts,"Digital Audio — Sampling, Quantization & Formats",NEW,Batch 5
Why nominal 24-bit recording does not provide 24 usable bits,Foundational & Educational Concepts,"Digital Audio — Sampling, Quantization & Formats",NEW,Batch 5
Window functions,Foundational & Educational Concepts,"Digital Audio — Sampling, Quantization & Formats",NEW,Batch 5
Word length,Foundational & Educational Concepts,"Digital Audio — Sampling, Quantization & Formats",NEW,Batch 5
Z-plane,Foundational & Educational Concepts,"Digital Audio — Sampling, Quantization & Formats",NEW,Batch 5
Zero-order hold,Foundational & Educational Concepts,"Digital Audio — Sampling, Quantization & Formats",NEW,Batch 5
10 log versus 20 log calculations,Foundational & Educational Concepts,"Foundations — Sound, Waveform, Level & Phase",NEW,Batch 5
Absolute versus relative decibels,Foundational & Educational Concepts,"Foundations — Sound, Waveform, Level & Phase",NEW,Batch 5
Acoustic pressure versus electrical voltage,Foundational & Educational Concepts,"Foundations — Sound, Waveform, Level & Phase",NEW,Batch 5
Addition of decibel values,Foundational & Educational Concepts,"Foundations — Sound, Waveform, Level & Phase",NEW,Batch 5
Alignment delay,Foundational & Educational Concepts,"Foundations — Sound, Waveform, Level & Phase",NEW,Batch 5
All-pass behavior,Foundational & Educational Concepts,"Foundations — Sound, Waveform, Level & Phase",NEW,Batch 5
Amplitude envelope versus waveform cycles,Foundational & Educational Concepts,"Foundations — Sound, Waveform, Level & Phase",NEW,Batch 5
Atmospheric pressure versus acoustic pressure,Foundational & Educational Concepts,"Foundations — Sound, Waveform, Level & Phase",NEW,Batch 5
Auditory filters,Foundational & Educational Concepts,"Foundations — Sound, Waveform, Level & Phase",NEW,Batch 5
Average amplitude,Foundational & Educational Concepts,"Foundations — Sound, Waveform, Level & Phase",NEW,Batch 5
Average level versus perceived loudness,Foundational & Educational Concepts,"Foundations — Sound, Waveform, Level & Phase",NEW,Batch 5
Beats,Foundational & Educational Concepts,"Foundations — Sound, Waveform, Level & Phase",NEW,Batch 5
Buffering delay,Foundational & Educational Concepts,"Foundations — Sound, Waveform, Level & Phase",NEW,Batch 5
Cancellation,Foundational & Educational Concepts,"Foundations — Sound, Waveform, Level & Phase",NEW,Batch 5
Carrier,Foundational & Educational Concepts,"Foundations — Sound, Waveform, Level & Phase",NEW,Batch 5
Coherent versus incoherent sound,Foundational & Educational Concepts,"Foundations — Sound, Waveform, Level & Phase",NEW,Batch 5
Comb-filter spacing,Foundational & Educational Concepts,"Foundations — Sound, Waveform, Level & Phase",NEW,Batch 5
Complex-number representation of waves,Foundational & Educational Concepts,"Foundations — Sound, Waveform, Level & Phase",NEW,Batch 5
Compression and rarefaction,Foundational & Educational Concepts,"Foundations — Sound, Waveform, Level & Phase",NEW,Batch 5
Constant time delay producing different phase shifts by frequency,Foundational & Educational Concepts,"Foundations — Sound, Waveform, Level & Phase",NEW,Batch 5
Correlated versus uncorrelated signals,Foundational & Educational Concepts,"Foundations — Sound, Waveform, Level & Phase",NEW,Batch 5
Crest-factor implications,Foundational & Educational Concepts,"Foundations — Sound, Waveform, Level & Phase",NEW,Batch 5
Critical bands,Foundational & Educational Concepts,"Foundations — Sound, Waveform, Level & Phase",NEW,Batch 5
Cylindrical waves,Foundational & Educational Concepts,"Foundations — Sound, Waveform, Level & Phase",NEW,Batch 5
Delay versus latency,Foundational & Educational Concepts,"Foundations — Sound, Waveform, Level & Phase",NEW,Batch 5
Deterministic versus random signals,Foundational & Educational Concepts,"Foundations — Sound, Waveform, Level & Phase",NEW,Batch 5
Difference between particle motion and wave propagation,Foundational & Educational Concepts,"Foundations — Sound, Waveform, Level & Phase",NEW,Batch 5
Diffuse-field conditions,Foundational & Educational Concepts,"Foundations — Sound, Waveform, Level & Phase",NEW,Batch 5
Direct-current offset,Foundational & Educational Concepts,"Foundations — Sound, Waveform, Level & Phase",NEW,Batch 5
Doubling distance versus level change,Foundational & Educational Concepts,"Foundations — Sound, Waveform, Level & Phase",NEW,Batch 5
Doubling power versus doubling amplitude,Foundational & Educational Concepts,"Foundations — Sound, Waveform, Level & Phase",NEW,Batch 5
Doubling sources versus level change,Foundational & Educational Concepts,"Foundations — Sound, Waveform, Level & Phase",NEW,Batch 5
Duty cycle,Foundational & Educational Concepts,"Foundations — Sound, Waveform, Level & Phase",NEW,Batch 5
Effective dynamic range,Foundational & Educational Concepts,"Foundations — Sound, Waveform, Level & Phase",NEW,Batch 5
Energy transfer without bulk transport of matter,Foundational & Educational Concepts,"Foundations — Sound, Waveform, Level & Phase",NEW,Batch 5
Equal temperament,Foundational & Educational Concepts,"Foundations — Sound, Waveform, Level & Phase",NEW,Batch 5
Equilibrium pressure,Foundational & Educational Concepts,"Foundations — Sound, Waveform, Level & Phase",NEW,Batch 5
Equivalent continuous level,Foundational & Educational Concepts,"Foundations — Sound, Waveform, Level & Phase",NEW,Batch 5
Excess phase,Foundational & Educational Concepts,"Foundations — Sound, Waveform, Level & Phase",NEW,Batch 5
First cancellation frequency,Foundational & Educational Concepts,"Foundations — Sound, Waveform, Level & Phase",NEW,Batch 5
Free-field conditions,Foundational & Educational Concepts,"Foundations — Sound, Waveform, Level & Phase",NEW,Batch 5
Frequency versus perceived pitch,Foundational & Educational Concepts,"Foundations — Sound, Waveform, Level & Phase",NEW,Batch 5
Frequency-dependent phase shift,Foundational & Educational Concepts,"Foundations — Sound, Waveform, Level & Phase",NEW,Batch 5
Frequency-domain representation,Foundational & Educational Concepts,"Foundations — Sound, Waveform, Level & Phase",NEW,Batch 5
Frequency-to-note conversion,Foundational & Educational Concepts,"Foundations — Sound, Waveform, Level & Phase",NEW,Batch 5
Fusion threshold,Foundational & Educational Concepts,"Foundations — Sound, Waveform, Level & Phase",NEW,Batch 5
Group-delay distortion,Foundational & Educational Concepts,"Foundations — Sound, Waveform, Level & Phase",NEW,Batch 5
Harmonic versus inharmonic partials,Foundational & Educational Concepts,"Foundations — Sound, Waveform, Level & Phase",NEW,Batch 5
Initial phase,Foundational & Educational Concepts,"Foundations — Sound, Waveform, Level & Phase",NEW,Batch 5
Instantaneous acoustic pressure,Foundational & Educational Concepts,"Foundations — Sound, Waveform, Level & Phase",NEW,Batch 5
Interchannel phase difference,Foundational & Educational Concepts,"Foundations — Sound, Waveform, Level & Phase",NEW,Batch 5
Just intonation,Foundational & Educational Concepts,"Foundations — Sound, Waveform, Level & Phase",NEW,Batch 5
LKFS,Foundational & Educational Concepts,"Foundations — Sound, Waveform, Level & Phase",NEW,Batch 5
Linear amplitude versus logarithmic level,Foundational & Educational Concepts,"Foundations — Sound, Waveform, Level & Phase",NEW,Batch 5
Linear versus nonlinear acoustic behavior,Foundational & Educational Concepts,"Foundations — Sound, Waveform, Level & Phase",NEW,Batch 5
Linear-phase systems,Foundational & Educational Concepts,"Foundations — Sound, Waveform, Level & Phase",NEW,Batch 5
Localization dominance,Foundational & Educational Concepts,"Foundations — Sound, Waveform, Level & Phase",NEW,Batch 5
Longitudinal wave motion,Foundational & Educational Concepts,"Foundations — Sound, Waveform, Level & Phase",NEW,Batch 5
Loudness adaptation,Foundational & Educational Concepts,"Foundations — Sound, Waveform, Level & Phase",NEW,Batch 5
Loudness versus level,Foundational & Educational Concepts,"Foundations — Sound, Waveform, Level & Phase",NEW,Batch 5
Maximum operating level,Foundational & Educational Concepts,"Foundations — Sound, Waveform, Level & Phase",NEW,Batch 5
Meter integration time,Foundational & Educational Concepts,"Foundations — Sound, Waveform, Level & Phase",NEW,Batch 5
Minimum-phase systems,Foundational & Educational Concepts,"Foundations — Sound, Waveform, Level & Phase",NEW,Batch 5
Missing fundamental perception,Foundational & Educational Concepts,"Foundations — Sound, Waveform, Level & Phase",NEW,Batch 5
Musical intervals as ratios,Foundational & Educational Concepts,"Foundations — Sound, Waveform, Level & Phase",NEW,Batch 5
Near-field versus far-field behavior,Foundational & Educational Concepts,"Foundations — Sound, Waveform, Level & Phase",NEW,Batch 5
Nominal operating level,Foundational & Educational Concepts,"Foundations — Sound, Waveform, Level & Phase",NEW,Batch 5
Nonminimum-phase systems,Foundational & Educational Concepts,"Foundations — Sound, Waveform, Level & Phase",NEW,Batch 5
Octave equivalence,Foundational & Educational Concepts,"Foundations — Sound, Waveform, Level & Phase",NEW,Batch 5
Octave frequency ratios,Foundational & Educational Concepts,"Foundations — Sound, Waveform, Level & Phase",NEW,Batch 5
Partial interference,Foundational & Educational Concepts,"Foundations — Sound, Waveform, Level & Phase",NEW,Batch 5
Peak amplitude,Foundational & Educational Concepts,"Foundations — Sound, Waveform, Level & Phase",NEW,Batch 5
Peak level versus RMS level,Foundational & Educational Concepts,"Foundations — Sound, Waveform, Level & Phase",NEW,Batch 5
Peak-to-peak amplitude,Foundational & Educational Concepts,"Foundations — Sound, Waveform, Level & Phase",NEW,Batch 5
Periodic versus aperiodic signals,Foundational & Educational Concepts,"Foundations — Sound, Waveform, Level & Phase",NEW,Batch 5
Phase accumulation,Foundational & Educational Concepts,"Foundations — Sound, Waveform, Level & Phase",NEW,Batch 5
Phase as a relative measurement,Foundational & Educational Concepts,"Foundations — Sound, Waveform, Level & Phase",NEW,Batch 5
Phase delay,Foundational & Educational Concepts,"Foundations — Sound, Waveform, Level & Phase",NEW,Batch 5
Phase inversion,Foundational & Educational Concepts,"Foundations — Sound, Waveform, Level & Phase",NEW,Batch 5
Phase locking in hearing,Foundational & Educational Concepts,"Foundations — Sound, Waveform, Level & Phase",NEW,Batch 5
Phase shift versus time delay,Foundational & Educational Concepts,"Foundations — Sound, Waveform, Level & Phase",NEW,Batch 5
Phase versus polarity,Foundational & Educational Concepts,"Foundations — Sound, Waveform, Level & Phase",NEW,Batch 5
Phase-domain representation,Foundational & Educational Concepts,"Foundations — Sound, Waveform, Level & Phase",NEW,Batch 5
Pitch ambiguity,Foundational & Educational Concepts,"Foundations — Sound, Waveform, Level & Phase",NEW,Batch 5
Pitch class,Foundational & Educational Concepts,"Foundations — Sound, Waveform, Level & Phase",NEW,Batch 5
Pitch perception of complex tones,Foundational & Educational Concepts,"Foundations — Sound, Waveform, Level & Phase",NEW,Batch 5
Pitch perception of noise,Foundational & Educational Concepts,"Foundations — Sound, Waveform, Level & Phase",NEW,Batch 5
Place theory of pitch,Foundational & Educational Concepts,"Foundations — Sound, Waveform, Level & Phase",NEW,Batch 5
Plane waves,Foundational & Educational Concepts,"Foundations — Sound, Waveform, Level & Phase",NEW,Batch 5
Polarity,Foundational & Educational Concepts,"Foundations — Sound, Waveform, Level & Phase",NEW,Batch 5
Positive and negative pressure deviation,Foundational & Educational Concepts,"Foundations — Sound, Waveform, Level & Phase",NEW,Batch 5
Power gain,Foundational & Educational Concepts,"Foundations — Sound, Waveform, Level & Phase",NEW,Batch 5
Power ratio versus amplitude ratio,Foundational & Educational Concepts,"Foundations — Sound, Waveform, Level & Phase",NEW,Batch 5
Processing delay,Foundational & Educational Concepts,"Foundations — Sound, Waveform, Level & Phase",NEW,Batch 5
Propagation speed versus particle velocity,Foundational & Educational Concepts,"Foundations — Sound, Waveform, Level & Phase",NEW,Batch 5
RMS amplitude,Foundational & Educational Concepts,"Foundations — Sound, Waveform, Level & Phase",NEW,Batch 5
Rays as simplified models of propagation,Foundational & Educational Concepts,"Foundations — Sound, Waveform, Level & Phase",NEW,Batch 5
Real and imaginary signal components,Foundational & Educational Concepts,"Foundations — Sound, Waveform, Level & Phase",NEW,Batch 5
Reference quantities,Foundational & Educational Concepts,"Foundations — Sound, Waveform, Level & Phase",NEW,Batch 5
Semitone frequency ratios,Foundational & Educational Concepts,"Foundations — Sound, Waveform, Level & Phase",NEW,Batch 5
Sidebands,Foundational & Educational Concepts,"Foundations — Sound, Waveform, Level & Phase",NEW,Batch 5
Signal-to-distortion ratio,Foundational & Educational Concepts,"Foundations — Sound, Waveform, Level & Phase",NEW,Batch 5
Sinusoidal motion,Foundational & Educational Concepts,"Foundations — Sound, Waveform, Level & Phase",NEW,Batch 5
Sound as mechanical energy rather than an object,Foundational & Educational Concepts,"Foundations — Sound, Waveform, Level & Phase",NEW,Batch 5
Sound as particle motion,Foundational & Educational Concepts,"Foundations — Sound, Waveform, Level & Phase",NEW,Batch 5
Sound as pressure variation,Foundational & Educational Concepts,"Foundations — Sound, Waveform, Level & Phase",NEW,Batch 5
"Sound propagation in gases, liquids, and solids",Foundational & Educational Concepts,"Foundations — Sound, Waveform, Level & Phase",NEW,Batch 5
Sound requiring a transmission medium,Foundational & Educational Concepts,"Foundations — Sound, Waveform, Level & Phase",NEW,Batch 5
Spherical waves,Foundational & Educational Concepts,"Foundations — Sound, Waveform, Level & Phase",NEW,Batch 5
Steady-state versus transient sound,Foundational & Educational Concepts,"Foundations — Sound, Waveform, Level & Phase",NEW,Batch 5
Subtraction of decibel values,Foundational & Educational Concepts,"Foundations — Sound, Waveform, Level & Phase",NEW,Batch 5
Temporal integration of loudness,Foundational & Educational Concepts,"Foundations — Sound, Waveform, Level & Phase",NEW,Batch 5
Temporal theory of pitch,Foundational & Educational Concepts,"Foundations — Sound, Waveform, Level & Phase",NEW,Batch 5
Time-domain representation,Foundational & Educational Concepts,"Foundations — Sound, Waveform, Level & Phase",NEW,Batch 5
Transverse-wave diagrams used to represent longitudinal sound,Foundational & Educational Concepts,"Foundations — Sound, Waveform, Level & Phase",NEW,Batch 5
Waveform offset,Foundational & Educational Concepts,"Foundations — Sound, Waveform, Level & Phase",NEW,Batch 5
Waveform symmetry,Foundational & Educational Concepts,"Foundations — Sound, Waveform, Level & Phase",NEW,Batch 5
Wavefronts,Foundational & Educational Concepts,"Foundations — Sound, Waveform, Level & Phase",NEW,Batch 5
Why cancellation is rarely complete,Foundational & Educational Concepts,"Foundations — Sound, Waveform, Level & Phase",NEW,Batch 5
Why decibels are ratios,Foundational & Educational Concepts,"Foundations — Sound, Waveform, Level & Phase",NEW,Batch 5
dBA,Foundational & Educational Concepts,"Foundations — Sound, Waveform, Level & Phase",NEW,Batch 5
dBC,Foundational & Educational Concepts,"Foundations — Sound, Waveform, Level & Phase",NEW,Batch 5
dBW,Foundational & Educational Concepts,"Foundations — Sound, Waveform, Level & Phase",NEW,Batch 5
dBZ,Foundational & Educational Concepts,"Foundations — Sound, Waveform, Level & Phase",NEW,Batch 5
ABX testing,Foundational & Educational Concepts,Psychoacoustics,EXISTING,Batch 5
Age-related high-frequency loss,Foundational & Educational Concepts,Psychoacoustics,EXISTING,Batch 5
Air conduction,Foundational & Educational Concepts,Psychoacoustics,EXISTING,Batch 5
Air-column resonance,Foundational & Educational Concepts,Psychoacoustics,EXISTING,Batch 5
Aliasing recognition,Foundational & Educational Concepts,Psychoacoustics,EXISTING,Batch 5
Ambisonic decoding,Foundational & Educational Concepts,Psychoacoustics,EXISTING,Batch 5
Ambisonic encoding,Foundational & Educational Concepts,Psychoacoustics,EXISTING,Batch 5
Anchoring bias,Foundational & Educational Concepts,Psychoacoustics,EXISTING,Batch 5
Attack and release recognition,Foundational & Educational Concepts,Psychoacoustics,EXISTING,Batch 5
Audible frequency range,Foundational & Educational Concepts,Psychoacoustics,EXISTING,Batch 5
Audio objects,Foundational & Educational Concepts,Psychoacoustics,EXISTING,Batch 5
Auditory adaptation,Foundational & Educational Concepts,Psychoacoustics,EXISTING,Batch 5
Auditory fatigue,Foundational & Educational Concepts,Psychoacoustics,EXISTING,Batch 5
Auditory illusions,Foundational & Educational Concepts,Psychoacoustics,EXISTING,Batch 5
Auditory nerve firing,Foundational & Educational Concepts,Psychoacoustics,EXISTING,Batch 5
Bandwidth limitation,Foundational & Educational Concepts,Psychoacoustics,EXISTING,Batch 5
Basilar-membrane frequency mapping,Foundational & Educational Concepts,Psychoacoustics,EXISTING,Batch 5
Bed channels,Foundational & Educational Concepts,Psychoacoustics,EXISTING,Batch 5
Bell radiation,Foundational & Educational Concepts,Psychoacoustics,EXISTING,Batch 5
Bell-filter frequency recognition,Foundational & Educational Concepts,Psychoacoustics,EXISTING,Batch 5
Binaural beats,Foundational & Educational Concepts,Psychoacoustics,EXISTING,Batch 5
Binaural rendering of immersive mixes,Foundational & Educational Concepts,Psychoacoustics,EXISTING,Batch 5
Binaural summation,Foundational & Educational Concepts,Psychoacoustics,EXISTING,Batch 5
Bone conduction,Foundational & Educational Concepts,Psychoacoustics,EXISTING,Batch 5
Bore shape,Foundational & Educational Concepts,Psychoacoustics,EXISTING,Batch 5
Bowing excitation,Foundational & Educational Concepts,Psychoacoustics,EXISTING,Batch 5
Brass directivity,Foundational & Educational Concepts,Psychoacoustics,EXISTING,Batch 5
Clipping recognition,Foundational & Educational Concepts,Psychoacoustics,EXISTING,Batch 5
Cochlear mechanics,Foundational & Educational Concepts,Psychoacoustics,EXISTING,Batch 5
Codec-artifact recognition,Foundational & Educational Concepts,Psychoacoustics,EXISTING,Batch 5
Coincident stereo,Foundational & Educational Concepts,Psychoacoustics,EXISTING,Batch 5
Comb-filter identification,Foundational & Educational Concepts,Psychoacoustics,EXISTING,Batch 5
Combination tones,Foundational & Educational Concepts,Psychoacoustics,EXISTING,Batch 5
Compression identification,Foundational & Educational Concepts,Psychoacoustics,EXISTING,Batch 5
Controlled listening-test design,Foundational & Educational Concepts,Psychoacoustics,EXISTING,Batch 5
Coupled drumheads,Foundational & Educational Concepts,Psychoacoustics,EXISTING,Batch 5
Cylindrical versus conical bores,Foundational & Educational Concepts,Psychoacoustics,EXISTING,Batch 5
Cymbal modes,Foundational & Educational Concepts,Psychoacoustics,EXISTING,Batch 5
Delay identification,Foundational & Educational Concepts,Psychoacoustics,EXISTING,Batch 5
Depth recognition,Foundational & Educational Concepts,Psychoacoustics,EXISTING,Batch 5
Diplacusis,Foundational & Educational Concepts,Psychoacoustics,EXISTING,Batch 5
Direct-to-reverberant balance,Foundational & Educational Concepts,Psychoacoustics,EXISTING,Batch 5
Distance-based amplitude panning,Foundational & Educational Concepts,Psychoacoustics,EXISTING,Batch 5
Distortion identification,Foundational & Educational Concepts,Psychoacoustics,EXISTING,Batch 5
Double-blind testing,Foundational & Educational Concepts,Psychoacoustics,EXISTING,Batch 5
Downmixing,Foundational & Educational Concepts,Psychoacoustics,EXISTING,Batch 5
Drumhead overtones,Foundational & Educational Concepts,Psychoacoustics,EXISTING,Batch 5
Early-reflection recognition,Foundational & Educational Concepts,Psychoacoustics,EXISTING,Batch 5
Elevation channels,Foundational & Educational Concepts,Psychoacoustics,EXISTING,Batch 5
Elevation perception,Foundational & Educational Concepts,Psychoacoustics,EXISTING,Batch 5
End correction,Foundational & Educational Concepts,Psychoacoustics,EXISTING,Batch 5
Expectation bias,Foundational & Educational Concepts,Psychoacoustics,EXISTING,Batch 5
Fold-down compatibility,Foundational & Educational Concepts,Psychoacoustics,EXISTING,Batch 5
Formants in musical instruments,Foundational & Educational Concepts,Psychoacoustics,EXISTING,Batch 5
Frequency identification,Foundational & Educational Concepts,Psychoacoustics,EXISTING,Batch 5
Front-back confusion,Foundational & Educational Concepts,Psychoacoustics,EXISTING,Batch 5
Hair-cell transduction,Foundational & Educational Concepts,Psychoacoustics,EXISTING,Batch 5
Harmonic excitation,Foundational & Educational Concepts,Psychoacoustics,EXISTING,Batch 5
Harmonic grouping,Foundational & Educational Concepts,Psychoacoustics,EXISTING,Batch 5
Head tracking,Foundational & Educational Concepts,Psychoacoustics,EXISTING,Batch 5
Head-related transfer functions,Foundational & Educational Concepts,Psychoacoustics,EXISTING,Batch 5
Hearing threshold,Foundational & Educational Concepts,Psychoacoustics,EXISTING,Batch 5
Height localization,Foundational & Educational Concepts,Psychoacoustics,EXISTING,Batch 5
High-pass and low-pass recognition,Foundational & Educational Concepts,Psychoacoustics,EXISTING,Batch 5
Higher-order spatial aliasing,Foundational & Educational Concepts,Psychoacoustics,EXISTING,Batch 5
Image shift with listener movement,Foundational & Educational Concepts,Psychoacoustics,EXISTING,Batch 5
Image-position recognition,Foundational & Educational Concepts,Psychoacoustics,EXISTING,Batch 5
Individualized HRTFs,Foundational & Educational Concepts,Psychoacoustics,EXISTING,Batch 5
Inharmonic percussion spectra,Foundational & Educational Concepts,Psychoacoustics,EXISTING,Batch 5
Instrument body modes,Foundational & Educational Concepts,Psychoacoustics,EXISTING,Batch 5
Intensity stereophony,Foundational & Educational Concepts,Psychoacoustics,EXISTING,Batch 5
Interchannel correlation,Foundational & Educational Concepts,Psychoacoustics,EXISTING,Batch 5
Level-difference identification,Foundational & Educational Concepts,Psychoacoustics,EXISTING,Batch 5
Lip-reed oscillation,Foundational & Educational Concepts,Psychoacoustics,EXISTING,Batch 5
Listener training and perceptual learning,Foundational & Educational Concepts,Psychoacoustics,EXISTING,Batch 5
Localization,Foundational & Educational Concepts,Psychoacoustics,EXISTING,Batch 5
Loudness bias,Foundational & Educational Concepts,Psychoacoustics,EXISTING,Batch 5
Loudness matching,Foundational & Educational Concepts,Psychoacoustics,EXISTING,Batch 5
Magnetic pickup aperture,Foundational & Educational Concepts,Psychoacoustics,EXISTING,Batch 5
Masking recognition,Foundational & Educational Concepts,Psychoacoustics,EXISTING,Batch 5
McGurk-style audiovisual influence on speech,Foundational & Educational Concepts,Psychoacoustics,EXISTING,Batch 5
Membrane modes,Foundational & Educational Concepts,Psychoacoustics,EXISTING,Batch 5
Memory limitations in audio comparison,Foundational & Educational Concepts,Psychoacoustics,EXISTING,Batch 5
Metadata-driven rendering,Foundational & Educational Concepts,Psychoacoustics,EXISTING,Batch 5
Mid/side stereo,Foundational & Educational Concepts,Psychoacoustics,EXISTING,Batch 5
Middle-ear transfer,Foundational & Educational Concepts,Psychoacoustics,EXISTING,Batch 5
Near-coincident stereo,Foundational & Educational Concepts,Psychoacoustics,EXISTING,Batch 5
Negative correlation,Foundational & Educational Concepts,Psychoacoustics,EXISTING,Batch 5
Noise-color identification,Foundational & Educational Concepts,Psychoacoustics,EXISTING,Batch 5
Occlusion effect,Foundational & Educational Concepts,Psychoacoustics,EXISTING,Batch 5
Open and closed pipes,Foundational & Educational Concepts,Psychoacoustics,EXISTING,Batch 5
Open-string and stopped-string behavior,Foundational & Educational Concepts,Psychoacoustics,EXISTING,Batch 5
Order effects in listening tests,Foundational & Educational Concepts,Psychoacoustics,EXISTING,Batch 5
Outer-ear filtering,Foundational & Educational Concepts,Psychoacoustics,EXISTING,Batch 5
Phantom fundamental,Foundational & Educational Concepts,Psychoacoustics,EXISTING,Batch 5
Phase-change audibility,Foundational & Educational Concepts,Psychoacoustics,EXISTING,Batch 5
Phase-difference stereophony,Foundational & Educational Concepts,Psychoacoustics,EXISTING,Batch 5
Phase-scope interpretation,Foundational & Educational Concepts,Psychoacoustics,EXISTING,Batch 5
Piano-string inharmonicity,Foundational & Educational Concepts,Psychoacoustics,EXISTING,Batch 5
Pickup placement,Foundational & Educational Concepts,Psychoacoustics,EXISTING,Batch 5
Pinna cues,Foundational & Educational Concepts,Psychoacoustics,EXISTING,Batch 5
Pluck position and harmonic content,Foundational & Educational Concepts,Psychoacoustics,EXISTING,Batch 5
Polarity-error recognition,Foundational & Educational Concepts,Psychoacoustics,EXISTING,Batch 5
Practical significance,Foundational & Educational Concepts,Psychoacoustics,EXISTING,Batch 5
Predelay recognition,Foundational & Educational Concepts,Psychoacoustics,EXISTING,Batch 5
Preference versus detection,Foundational & Educational Concepts,Psychoacoustics,EXISTING,Batch 5
Q-factor recognition,Foundational & Educational Concepts,Psychoacoustics,EXISTING,Batch 5
Quantization-distortion recognition,Foundational & Educational Concepts,Psychoacoustics,EXISTING,Batch 5
Reed oscillation,Foundational & Educational Concepts,Psychoacoustics,EXISTING,Batch 5
Register changes,Foundational & Educational Concepts,Psychoacoustics,EXISTING,Batch 5
Resonance identification,Foundational & Educational Concepts,Psychoacoustics,EXISTING,Batch 5
Resonating body,Foundational & Educational Concepts,Psychoacoustics,EXISTING,Batch 5
Reverb-time recognition,Foundational & Educational Concepts,Psychoacoustics,EXISTING,Batch 5
Room-size perception,Foundational & Educational Concepts,Psychoacoustics,EXISTING,Batch 5
Scene-based audio,Foundational & Educational Concepts,Psychoacoustics,EXISTING,Batch 5
Selective attention,Foundational & Educational Concepts,Psychoacoustics,EXISTING,Batch 5
Shepard tones,Foundational & Educational Concepts,Psychoacoustics,EXISTING,Batch 5
Sighted versus blind listening,Foundational & Educational Concepts,Psychoacoustics,EXISTING,Batch 5
Snare-wire response,Foundational & Educational Concepts,Psychoacoustics,EXISTING,Batch 5
Sound-field rotation,Foundational & Educational Concepts,Psychoacoustics,EXISTING,Batch 5
Sound-field translation,Foundational & Educational Concepts,Psychoacoustics,EXISTING,Batch 5
Soundboard coupling,Foundational & Educational Concepts,Psychoacoustics,EXISTING,Batch 5
Spaced-pair stereo,Foundational & Educational Concepts,Psychoacoustics,EXISTING,Batch 5
Spectral-tilt recognition,Foundational & Educational Concepts,Psychoacoustics,EXISTING,Batch 5
Spherical harmonics,Foundational & Educational Concepts,Psychoacoustics,EXISTING,Batch 5
Standing waves on strings,Foundational & Educational Concepts,Psychoacoustics,EXISTING,Batch 5
Statistical significance,Foundational & Educational Concepts,Psychoacoustics,EXISTING,Batch 5
Stereo-width recognition,Foundational & Educational Concepts,Psychoacoustics,EXISTING,Batch 5
String modes,Foundational & Educational Concepts,Psychoacoustics,EXISTING,Batch 5
String stiffness and inharmonicity,Foundational & Educational Concepts,Psychoacoustics,EXISTING,Batch 5
Sum-and-difference matrices,Foundational & Educational Concepts,Psychoacoustics,EXISTING,Batch 5
Sympathetic string resonance,Foundational & Educational Concepts,Psychoacoustics,EXISTING,Batch 5
Temporal grouping,Foundational & Educational Concepts,Psychoacoustics,EXISTING,Batch 5
Time-difference stereophony,Foundational & Educational Concepts,Psychoacoustics,EXISTING,Batch 5
Tone holes,Foundational & Educational Concepts,Psychoacoustics,EXISTING,Batch 5
Training transfer,Foundational & Educational Concepts,Psychoacoustics,EXISTING,Batch 5
Tritone paradox,Foundational & Educational Concepts,Psychoacoustics,EXISTING,Batch 5
Wolf tones,Foundational & Educational Concepts,Psychoacoustics,EXISTING,Batch 5
Woodwind directivity,Foundational & Educational Concepts,Psychoacoustics,EXISTING,Batch 5
Amplifier protection modes,Foundational & Educational Concepts,"Recording, Mixing & Troubleshooting Concepts",NEW,Batch 5
Analog headroom versus digital headroom,Foundational & Educational Concepts,"Recording, Mixing & Troubleshooting Concepts",NEW,Batch 5
Arrangement masking,Foundational & Educational Concepts,"Recording, Mixing & Troubleshooting Concepts",NEW,Batch 5
Artificial double tracking,Foundational & Educational Concepts,"Recording, Mixing & Troubleshooting Concepts",NEW,Batch 5
Balanced-line testing,Foundational & Educational Concepts,"Recording, Mixing & Troubleshooting Concepts",NEW,Batch 5
Battery thermal hazards,Foundational & Educational Concepts,"Recording, Mixing & Troubleshooting Concepts",NEW,Batch 5
Bone-conduction limits of hearing protection,Foundational & Educational Concepts,"Recording, Mixing & Troubleshooting Concepts",NEW,Batch 5
Buffer and latency faults,Foundational & Educational Concepts,"Recording, Mixing & Troubleshooting Concepts",NEW,Batch 5
Buffer-size tradeoffs,Foundational & Educational Concepts,"Recording, Mixing & Troubleshooting Concepts",NEW,Batch 5
Bus compression,Foundational & Educational Concepts,"Recording, Mixing & Troubleshooting Concepts",NEW,Batch 5
Buzz-harmonic diagnosis,Foundational & Educational Concepts,"Recording, Mixing & Troubleshooting Concepts",NEW,Batch 5
Cable-continuity testing,Foundational & Educational Concepts,"Recording, Mixing & Troubleshooting Concepts",NEW,Batch 5
Cable-trip hazards,Foundational & Educational Concepts,"Recording, Mixing & Troubleshooting Concepts",NEW,Batch 5
Capacitive coupling,Foundational & Educational Concepts,"Recording, Mixing & Troubleshooting Concepts",NEW,Batch 5
Center-image management,Foundational & Educational Concepts,"Recording, Mixing & Troubleshooting Concepts",NEW,Batch 5
Clipping-point identification,Foundational & Educational Concepts,"Recording, Mixing & Troubleshooting Concepts",NEW,Batch 5
Clock-master conflict,Foundational & Educational Concepts,"Recording, Mixing & Troubleshooting Concepts",NEW,Batch 5
Clocking faults,Foundational & Educational Concepts,"Recording, Mixing & Troubleshooting Concepts",NEW,Batch 5
Clocking multiple digital devices,Foundational & Educational Concepts,"Recording, Mixing & Troubleshooting Concepts",NEW,Batch 5
Cohesion,Foundational & Educational Concepts,"Recording, Mixing & Troubleshooting Concepts",NEW,Batch 5
Comb filtering in layered recordings,Foundational & Educational Concepts,"Recording, Mixing & Troubleshooting Concepts",NEW,Batch 5
Confirmation bias in troubleshooting,Foundational & Educational Concepts,"Recording, Mixing & Troubleshooting Concepts",NEW,Batch 5
Converter overload,Foundational & Educational Concepts,"Recording, Mixing & Troubleshooting Concepts",NEW,Batch 5
Crossfades,Foundational & Educational Concepts,"Recording, Mixing & Troubleshooting Concepts",NEW,Batch 5
Cue-mix latency,Foundational & Educational Concepts,"Recording, Mixing & Troubleshooting Concepts",NEW,Batch 5
Destructive versus nondestructive editing,Foundational & Educational Concepts,"Recording, Mixing & Troubleshooting Concepts",NEW,Batch 5
Direct injection,Foundational & Educational Concepts,"Recording, Mixing & Troubleshooting Concepts",NEW,Batch 5
Divide-and-conquer troubleshooting,Foundational & Educational Concepts,"Recording, Mixing & Troubleshooting Concepts",NEW,Batch 5
Dose calculation,Foundational & Educational Concepts,"Recording, Mixing & Troubleshooting Concepts",NEW,Batch 5
Driver failure detection,Foundational & Educational Concepts,"Recording, Mixing & Troubleshooting Concepts",NEW,Batch 5
Dynamic hierarchy,Foundational & Educational Concepts,"Recording, Mixing & Troubleshooting Concepts",NEW,Batch 5
Ear fatigue,Foundational & Educational Concepts,"Recording, Mixing & Troubleshooting Concepts",NEW,Batch 5
Early-reflection coloration,Foundational & Educational Concepts,"Recording, Mixing & Troubleshooting Concepts",NEW,Batch 5
Earplug attenuation,Foundational & Educational Concepts,"Recording, Mixing & Troubleshooting Concepts",NEW,Batch 5
Editing at zero crossings,Foundational & Educational Concepts,"Recording, Mixing & Troubleshooting Concepts",NEW,Batch 5
Elastic audio artifacts,Foundational & Educational Concepts,"Recording, Mixing & Troubleshooting Concepts",NEW,Batch 5
Electrical shock risk,Foundational & Educational Concepts,"Recording, Mixing & Troubleshooting Concepts",NEW,Batch 5
Equal-loudness effects on monitoring decisions,Foundational & Educational Concepts,"Recording, Mixing & Troubleshooting Concepts",NEW,Batch 5
Exposure duration,Foundational & Educational Concepts,"Recording, Mixing & Troubleshooting Concepts",NEW,Batch 5
Feedback hazards,Foundational & Educational Concepts,"Recording, Mixing & Troubleshooting Concepts",NEW,Batch 5
Firmware and configuration mismatch,Foundational & Educational Concepts,"Recording, Mixing & Troubleshooting Concepts",NEW,Batch 5
Fit testing,Foundational & Educational Concepts,"Recording, Mixing & Troubleshooting Concepts",NEW,Batch 5
Frequency balance versus perceived balance,Foundational & Educational Concepts,"Recording, Mixing & Troubleshooting Concepts",NEW,Batch 5
Gain staging through a recording chain,Foundational & Educational Concepts,"Recording, Mixing & Troubleshooting Concepts",NEW,Batch 5
Gain-structure faults,Foundational & Educational Concepts,"Recording, Mixing & Troubleshooting Concepts",NEW,Batch 5
Ground faults,Foundational & Educational Concepts,"Recording, Mixing & Troubleshooting Concepts",NEW,Batch 5
Ground lifting and electrical safety,Foundational & Educational Concepts,"Recording, Mixing & Troubleshooting Concepts",NEW,Batch 5
Ground loops in recording systems,Foundational & Educational Concepts,"Recording, Mixing & Troubleshooting Concepts",NEW,Batch 5
Ground-loop diagnosis,Foundational & Educational Concepts,"Recording, Mixing & Troubleshooting Concepts",NEW,Batch 5
Grounding safety,Foundational & Educational Concepts,"Recording, Mixing & Troubleshooting Concepts",NEW,Batch 5
Haas-based widening,Foundational & Educational Concepts,"Recording, Mixing & Troubleshooting Concepts",NEW,Batch 5
Headphone-output uncertainty,Foundational & Educational Concepts,"Recording, Mixing & Troubleshooting Concepts",NEW,Batch 5
Height perception,Foundational & Educational Concepts,"Recording, Mixing & Troubleshooting Concepts",NEW,Batch 5
Hidden hearing damage,Foundational & Educational Concepts,"Recording, Mixing & Troubleshooting Concepts",NEW,Batch 5
Hum-frequency diagnosis,Foundational & Educational Concepts,"Recording, Mixing & Troubleshooting Concepts",NEW,Batch 5
Impedance conversion,Foundational & Educational Concepts,"Recording, Mixing & Troubleshooting Concepts",NEW,Batch 5
Impulse-noise hazards,Foundational & Educational Concepts,"Recording, Mixing & Troubleshooting Concepts",NEW,Batch 5
In-ear-monitor exposure,Foundational & Educational Concepts,"Recording, Mixing & Troubleshooting Concepts",NEW,Batch 5
Individual susceptibility,Foundational & Educational Concepts,"Recording, Mixing & Troubleshooting Concepts",NEW,Batch 5
Inductive coupling,Foundational & Educational Concepts,"Recording, Mixing & Troubleshooting Concepts",NEW,Batch 5
Input versus output fault isolation,Foundational & Educational Concepts,"Recording, Mixing & Troubleshooting Concepts",NEW,Batch 5
Instrument-level versus line-level signals,Foundational & Educational Concepts,"Recording, Mixing & Troubleshooting Concepts",NEW,Batch 5
Intermittent faults,Foundational & Educational Concepts,"Recording, Mixing & Troubleshooting Concepts",NEW,Batch 5
Known-good references,Foundational & Educational Concepts,"Recording, Mixing & Troubleshooting Concepts",NEW,Batch 5
Laser and optical-audio-system hazards,Foundational & Educational Concepts,"Recording, Mixing & Troubleshooting Concepts",NEW,Batch 5
Level masking,Foundational & Educational Concepts,"Recording, Mixing & Troubleshooting Concepts",NEW,Batch 5
Load instability,Foundational & Educational Concepts,"Recording, Mixing & Troubleshooting Concepts",NEW,Batch 5
Loudness matching for comparison,Foundational & Educational Concepts,"Recording, Mixing & Troubleshooting Concepts",NEW,Batch 5
Loudspeaker polarity testing,Foundational & Educational Concepts,"Recording, Mixing & Troubleshooting Concepts",NEW,Batch 5
Loudspeaker tip-over risk,Foundational & Educational Concepts,"Recording, Mixing & Troubleshooting Concepts",NEW,Batch 5
Low-frequency mono compatibility,Foundational & Educational Concepts,"Recording, Mixing & Troubleshooting Concepts",NEW,Batch 5
Mains isolation,Foundational & Educational Concepts,"Recording, Mixing & Troubleshooting Concepts",NEW,Batch 5
Measurement-tool misuse,Foundational & Educational Concepts,"Recording, Mixing & Troubleshooting Concepts",NEW,Batch 5
Mechanical faults,Foundational & Educational Concepts,"Recording, Mixing & Troubleshooting Concepts",NEW,Batch 5
Microphone overload,Foundational & Educational Concepts,"Recording, Mixing & Troubleshooting Concepts",NEW,Batch 5
Microphone placement as spectral control,Foundational & Educational Concepts,"Recording, Mixing & Troubleshooting Concepts",NEW,Batch 5
Mid/side compression,Foundational & Educational Concepts,"Recording, Mixing & Troubleshooting Concepts",NEW,Batch 5
Mid/side equalization,Foundational & Educational Concepts,"Recording, Mixing & Troubleshooting Concepts",NEW,Batch 5
Mix-bus headroom,Foundational & Educational Concepts,"Recording, Mixing & Troubleshooting Concepts",NEW,Batch 5
Monitoring level,Foundational & Educational Concepts,"Recording, Mixing & Troubleshooting Concepts",NEW,Batch 5
Multi-microphone time alignment,Foundational & Educational Concepts,"Recording, Mixing & Troubleshooting Concepts",NEW,Batch 5
Network-audio packet loss,Foundational & Educational Concepts,"Recording, Mixing & Troubleshooting Concepts",NEW,Batch 5
Noise accumulation,Foundational & Educational Concepts,"Recording, Mixing & Troubleshooting Concepts",NEW,Batch 5
Noise-source localization,Foundational & Educational Concepts,"Recording, Mixing & Troubleshooting Concepts",NEW,Batch 5
Ototoxic exposure,Foundational & Educational Concepts,"Recording, Mixing & Troubleshooting Concepts",NEW,Batch 5
Peak versus continuous exposure,Foundational & Educational Concepts,"Recording, Mixing & Troubleshooting Concepts",NEW,Batch 5
Perceptual descriptors versus measurable properties,Foundational & Educational Concepts,"Recording, Mixing & Troubleshooting Concepts",NEW,Batch 5
Perspective,Foundational & Educational Concepts,"Recording, Mixing & Troubleshooting Concepts",NEW,Batch 5
Phantom-power hazards,Foundational & Educational Concepts,"Recording, Mixing & Troubleshooting Concepts",NEW,Batch 5
Phase misalignment,Foundational & Educational Concepts,"Recording, Mixing & Troubleshooting Concepts",NEW,Batch 5
Phase-based widening,Foundational & Educational Concepts,"Recording, Mixing & Troubleshooting Concepts",NEW,Batch 5
Phase-coherent editing,Foundational & Educational Concepts,"Recording, Mixing & Troubleshooting Concepts",NEW,Batch 5
Pin-1 problems,Foundational & Educational Concepts,"Recording, Mixing & Troubleshooting Concepts",NEW,Batch 5
Polarity checking,Foundational & Educational Concepts,"Recording, Mixing & Troubleshooting Concepts",NEW,Batch 5
Polarity mismatch,Foundational & Educational Concepts,"Recording, Mixing & Troubleshooting Concepts",NEW,Batch 5
Pre-emphasis and de-emphasis,Foundational & Educational Concepts,"Recording, Mixing & Troubleshooting Concepts",NEW,Batch 5
Preamplifier overload,Foundational & Educational Concepts,"Recording, Mixing & Troubleshooting Concepts",NEW,Batch 5
Processor-order interaction,Foundational & Educational Concepts,"Recording, Mixing & Troubleshooting Concepts",NEW,Batch 5
Real-world versus labeled attenuation,Foundational & Educational Concepts,"Recording, Mixing & Troubleshooting Concepts",NEW,Batch 5
Reference tracks,Foundational & Educational Concepts,"Recording, Mixing & Troubleshooting Concepts",NEW,Batch 5
Relative versus absolute level,Foundational & Educational Concepts,"Recording, Mixing & Troubleshooting Concepts",NEW,Batch 5
Reverberant density,Foundational & Educational Concepts,"Recording, Mixing & Troubleshooting Concepts",NEW,Batch 5
Rigging and suspended-load safety,Foundational & Educational Concepts,"Recording, Mixing & Troubleshooting Concepts",NEW,Batch 5
Room influence on mix decisions,Foundational & Educational Concepts,"Recording, Mixing & Troubleshooting Concepts",NEW,Batch 5
Room-to-direct balance,Foundational & Educational Concepts,"Recording, Mixing & Troubleshooting Concepts",NEW,Batch 5
Round-trip latency,Foundational & Educational Concepts,"Recording, Mixing & Troubleshooting Concepts",NEW,Batch 5
Safe test-tone levels,Foundational & Educational Concepts,"Recording, Mixing & Troubleshooting Concepts",NEW,Batch 5
Sample-rate effects on latency,Foundational & Educational Concepts,"Recording, Mixing & Troubleshooting Concepts",NEW,Batch 5
Serial processing,Foundational & Educational Concepts,"Recording, Mixing & Troubleshooting Concepts",NEW,Batch 5
Session sample-rate management,Foundational & Educational Concepts,"Recording, Mixing & Troubleshooting Concepts",NEW,Batch 5
Shield-current problems,Foundational & Educational Concepts,"Recording, Mixing & Troubleshooting Concepts",NEW,Batch 5
Sidechain routing,Foundational & Educational Concepts,"Recording, Mixing & Troubleshooting Concepts",NEW,Batch 5
Signal-flow tracing,Foundational & Educational Concepts,"Recording, Mixing & Troubleshooting Concepts",NEW,Batch 5
Sound-pressure exposure,Foundational & Educational Concepts,"Recording, Mixing & Troubleshooting Concepts",NEW,Batch 5
Source dynamics,Foundational & Educational Concepts,"Recording, Mixing & Troubleshooting Concepts",NEW,Batch 5
Stereo decorrelation,Foundational & Educational Concepts,"Recording, Mixing & Troubleshooting Concepts",NEW,Batch 5
Substitution testing,Foundational & Educational Concepts,"Recording, Mixing & Troubleshooting Concepts",NEW,Batch 5
Summing,Foundational & Educational Concepts,"Recording, Mixing & Troubleshooting Concepts",NEW,Batch 5
Symptom versus cause,Foundational & Educational Concepts,"Recording, Mixing & Troubleshooting Concepts",NEW,Batch 5
Thermal faults,Foundational & Educational Concepts,"Recording, Mixing & Troubleshooting Concepts",NEW,Batch 5
Tonal hierarchy,Foundational & Educational Concepts,"Recording, Mixing & Troubleshooting Concepts",NEW,Batch 5
Transient capture,Foundational & Educational Concepts,"Recording, Mixing & Troubleshooting Concepts",NEW,Batch 5
Transient density,Foundational & Educational Concepts,"Recording, Mixing & Troubleshooting Concepts",NEW,Batch 5
Transient hierarchy,Foundational & Educational Concepts,"Recording, Mixing & Troubleshooting Concepts",NEW,Batch 5
Translation across playback systems,Foundational & Educational Concepts,"Recording, Mixing & Troubleshooting Concepts",NEW,Batch 5
Ultrasonic exposure considerations,Foundational & Educational Concepts,"Recording, Mixing & Troubleshooting Concepts",NEW,Batch 5
Weight,Foundational & Educational Concepts,"Recording, Mixing & Troubleshooting Concepts",NEW,Batch 5
Acoustic versus electrical crossover slopes,Foundational & Educational Concepts,"Signal Processing Concepts (Filters, Dynamics, FX & Noise)",NEW,Batch 5
Algorithmic reverberation,Foundational & Educational Concepts,"Signal Processing Concepts (Filters, Dynamics, FX & Noise)",NEW,Batch 5
Aliasing from nonlinear processing,Foundational & Educational Concepts,"Signal Processing Concepts (Filters, Dynamics, FX & Noise)",NEW,Batch 5
Aliasing in digital oscillators,Foundational & Educational Concepts,"Signal Processing Concepts (Filters, Dynamics, FX & Noise)",NEW,Batch 5
Attack-decay-sustain-release behavior,Foundational & Educational Concepts,"Signal Processing Concepts (Filters, Dynamics, FX & Noise)",NEW,Batch 5
Automatic release,Foundational & Educational Concepts,"Signal Processing Concepts (Filters, Dynamics, FX & Noise)",NEW,Batch 5
Averaging detection,Foundational & Educational Concepts,"Signal Processing Concepts (Filters, Dynamics, FX & Noise)",NEW,Batch 5
Band-limited oscillator generation,Foundational & Educational Concepts,"Signal Processing Concepts (Filters, Dynamics, FX & Noise)",NEW,Batch 5
Band-reject filter,Foundational & Educational Concepts,"Signal Processing Concepts (Filters, Dynamics, FX & Noise)",NEW,Batch 5
Bessel response,Foundational & Educational Concepts,"Signal Processing Concepts (Filters, Dynamics, FX & Noise)",NEW,Batch 5
Bessel-function sideband behavior,Foundational & Educational Concepts,"Signal Processing Concepts (Filters, Dynamics, FX & Noise)",NEW,Batch 5
Bilinear transformation,Foundational & Educational Concepts,"Signal Processing Concepts (Filters, Dynamics, FX & Noise)",NEW,Batch 5
Blue noise,Foundational & Educational Concepts,"Signal Processing Concepts (Filters, Dynamics, FX & Noise)",NEW,Batch 5
Boost and cut asymmetry,Foundational & Educational Concepts,"Signal Processing Concepts (Filters, Dynamics, FX & Noise)",NEW,Batch 5
Brown noise,Foundational & Educational Concepts,"Signal Processing Concepts (Filters, Dynamics, FX & Noise)",NEW,Batch 5
Butterworth response,Foundational & Educational Concepts,"Signal Processing Concepts (Filters, Dynamics, FX & Noise)",NEW,Batch 5
Carrier suppression,Foundational & Educational Concepts,"Signal Processing Concepts (Filters, Dynamics, FX & Noise)",NEW,Batch 5
Cascaded filters,Foundational & Educational Concepts,"Signal Processing Concepts (Filters, Dynamics, FX & Noise)",NEW,Batch 5
Chamber-reverb behavior,Foundational & Educational Concepts,"Signal Processing Concepts (Filters, Dynamics, FX & Noise)",NEW,Batch 5
Chebyshev response,Foundational & Educational Concepts,"Signal Processing Concepts (Filters, Dynamics, FX & Noise)",NEW,Batch 5
Clipping distortion,Foundational & Educational Concepts,"Signal Processing Concepts (Filters, Dynamics, FX & Noise)",NEW,Batch 5
Clipping versus limiting,Foundational & Educational Concepts,"Signal Processing Concepts (Filters, Dynamics, FX & Noise)",NEW,Batch 5
Clock noise,Foundational & Educational Concepts,"Signal Processing Concepts (Filters, Dynamics, FX & Noise)",NEW,Batch 5
Comb filtering in short delays,Foundational & Educational Concepts,"Signal Processing Concepts (Filters, Dynamics, FX & Noise)",NEW,Batch 5
Common-mode noise,Foundational & Educational Concepts,"Signal Processing Concepts (Filters, Dynamics, FX & Noise)",NEW,Batch 5
Compression-induced distortion,Foundational & Educational Concepts,"Signal Processing Concepts (Filters, Dynamics, FX & Noise)",NEW,Batch 5
Constant-Q equalizers,Foundational & Educational Concepts,"Signal Processing Concepts (Filters, Dynamics, FX & Noise)",NEW,Batch 5
Control smoothing,Foundational & Educational Concepts,"Signal Processing Concepts (Filters, Dynamics, FX & Noise)",NEW,Batch 5
Control-rate versus audio-rate modulation,Foundational & Educational Concepts,"Signal Processing Concepts (Filters, Dynamics, FX & Noise)",NEW,Batch 5
Convolution reverberation,Foundational & Educational Concepts,"Signal Processing Concepts (Filters, Dynamics, FX & Noise)",NEW,Batch 5
Convolution synthesis,Foundational & Educational Concepts,"Signal Processing Concepts (Filters, Dynamics, FX & Noise)",NEW,Batch 5
Corrective versus creative equalization,Foundational & Educational Concepts,"Signal Processing Concepts (Filters, Dynamics, FX & Noise)",NEW,Batch 5
Correlated noise,Foundational & Educational Concepts,"Signal Processing Concepts (Filters, Dynamics, FX & Noise)",NEW,Batch 5
De-essing,Foundational & Educational Concepts,"Signal Processing Concepts (Filters, Dynamics, FX & Noise)",NEW,Batch 5
Delay filtering,Foundational & Educational Concepts,"Signal Processing Concepts (Filters, Dynamics, FX & Noise)",NEW,Batch 5
Delay-line interpolation,Foundational & Educational Concepts,"Signal Processing Concepts (Filters, Dynamics, FX & Noise)",NEW,Batch 5
Denoising artifacts,Foundational & Educational Concepts,"Signal Processing Concepts (Filters, Dynamics, FX & Noise)",NEW,Batch 5
Detector circuit,Foundational & Educational Concepts,"Signal Processing Concepts (Filters, Dynamics, FX & Noise)",NEW,Batch 5
Differential-mode noise,Foundational & Educational Concepts,"Signal Processing Concepts (Filters, Dynamics, FX & Noise)",NEW,Batch 5
Distortion audibility,Foundational & Educational Concepts,"Signal Processing Concepts (Filters, Dynamics, FX & Noise)",NEW,Batch 5
Distortion versus coloration,Foundational & Educational Concepts,"Signal Processing Concepts (Filters, Dynamics, FX & Noise)",NEW,Batch 5
Dither noise,Foundational & Educational Concepts,"Signal Processing Concepts (Filters, Dynamics, FX & Noise)",NEW,Batch 5
Doppler effects during delay modulation,Foundational & Educational Concepts,"Signal Processing Concepts (Filters, Dynamics, FX & Noise)",NEW,Batch 5
Dotted and triplet delays,Foundational & Educational Concepts,"Signal Processing Concepts (Filters, Dynamics, FX & Noise)",NEW,Batch 5
Driver offset and crossover phase,Foundational & Educational Concepts,"Signal Processing Concepts (Filters, Dynamics, FX & Noise)",NEW,Batch 5
Dynamic equalization,Foundational & Educational Concepts,"Signal Processing Concepts (Filters, Dynamics, FX & Noise)",NEW,Batch 5
Dynamic nonlinearities,Foundational & Educational Concepts,"Signal Processing Concepts (Filters, Dynamics, FX & Noise)",NEW,Batch 5
Dynamic range compression,Foundational & Educational Concepts,"Signal Processing Concepts (Filters, Dynamics, FX & Noise)",NEW,Batch 5
Dynamic-range processing in logarithmic versus linear domains,Foundational & Educational Concepts,"Signal Processing Concepts (Filters, Dynamics, FX & Noise)",NEW,Batch 5
Elliptic response,Foundational & Educational Concepts,"Signal Processing Concepts (Filters, Dynamics, FX & Noise)",NEW,Batch 5
Envelope generators,Foundational & Educational Concepts,"Signal Processing Concepts (Filters, Dynamics, FX & Noise)",NEW,Batch 5
Equalization versus resonance control,Foundational & Educational Concepts,"Signal Processing Concepts (Filters, Dynamics, FX & Noise)",NEW,Batch 5
Equalizer interaction between adjacent bands,Foundational & Educational Concepts,"Signal Processing Concepts (Filters, Dynamics, FX & Noise)",NEW,Batch 5
Equivalent combined slope,Foundational & Educational Concepts,"Signal Processing Concepts (Filters, Dynamics, FX & Noise)",NEW,Batch 5
Even-order harmonics,Foundational & Educational Concepts,"Signal Processing Concepts (Filters, Dynamics, FX & Noise)",NEW,Batch 5
Feedback stability in delay networks,Foundational & Educational Concepts,"Signal Processing Concepts (Filters, Dynamics, FX & Noise)",NEW,Batch 5
Filter cutoff frequency,Foundational & Educational Concepts,"Signal Processing Concepts (Filters, Dynamics, FX & Noise)",NEW,Batch 5
Filter interaction,Foundational & Educational Concepts,"Signal Processing Concepts (Filters, Dynamics, FX & Noise)",NEW,Batch 5
Filter ringing,Foundational & Educational Concepts,"Signal Processing Concepts (Filters, Dynamics, FX & Noise)",NEW,Batch 5
Finite impulse response filters,Foundational & Educational Concepts,"Signal Processing Concepts (Filters, Dynamics, FX & Noise)",NEW,Batch 5
Foldback distortion,Foundational & Educational Concepts,"Signal Processing Concepts (Filters, Dynamics, FX & Noise)",NEW,Batch 5
Formant synthesis,Foundational & Educational Concepts,"Signal Processing Concepts (Filters, Dynamics, FX & Noise)",NEW,Batch 5
Frequency-conscious compression,Foundational & Educational Concepts,"Signal Processing Concepts (Filters, Dynamics, FX & Noise)",NEW,Batch 5
Frequency-modulation index,Foundational & Educational Concepts,"Signal Processing Concepts (Filters, Dynamics, FX & Noise)",NEW,Batch 5
Frequency-response distortion,Foundational & Educational Concepts,"Signal Processing Concepts (Filters, Dynamics, FX & Noise)",NEW,Batch 5
Gain modulation,Foundational & Educational Concepts,"Signal Processing Concepts (Filters, Dynamics, FX & Noise)",NEW,Batch 5
Gaussian noise,Foundational & Educational Concepts,"Signal Processing Concepts (Filters, Dynamics, FX & Noise)",NEW,Batch 5
Graphic equalization,Foundational & Educational Concepts,"Signal Processing Concepts (Filters, Dynamics, FX & Noise)",NEW,Batch 5
Graphic-EQ ripple between filters,Foundational & Educational Concepts,"Signal Processing Concepts (Filters, Dynamics, FX & Noise)",NEW,Batch 5
Gray noise,Foundational & Educational Concepts,"Signal Processing Concepts (Filters, Dynamics, FX & Noise)",NEW,Batch 5
Ground noise,Foundational & Educational Concepts,"Signal Processing Concepts (Filters, Dynamics, FX & Noise)",NEW,Batch 5
Hard saturation,Foundational & Educational Concepts,"Signal Processing Concepts (Filters, Dynamics, FX & Noise)",NEW,Batch 5
Hard-knee versus soft-knee behavior,Foundational & Educational Concepts,"Signal Processing Concepts (Filters, Dynamics, FX & Noise)",NEW,Batch 5
Impulse-response capture,Foundational & Educational Concepts,"Signal Processing Concepts (Filters, Dynamics, FX & Noise)",NEW,Batch 5
Infinite impulse response filters,Foundational & Educational Concepts,"Signal Processing Concepts (Filters, Dynamics, FX & Noise)",NEW,Batch 5
Inter-sample overload,Foundational & Educational Concepts,"Signal Processing Concepts (Filters, Dynamics, FX & Noise)",NEW,Batch 5
Linear-phase equalization,Foundational & Educational Concepts,"Signal Processing Concepts (Filters, Dynamics, FX & Noise)",NEW,Batch 5
Linkwitz–Riley response,Foundational & Educational Concepts,"Signal Processing Concepts (Filters, Dynamics, FX & Noise)",NEW,Batch 5
Loudness maximization,Foundational & Educational Concepts,"Signal Processing Concepts (Filters, Dynamics, FX & Noise)",NEW,Batch 5
Low-frequency oscillation,Foundational & Educational Concepts,"Signal Processing Concepts (Filters, Dynamics, FX & Noise)",NEW,Batch 5
Magnitude response,Foundational & Educational Concepts,"Signal Processing Concepts (Filters, Dynamics, FX & Noise)",NEW,Batch 5
Masking of distortion products,Foundational & Educational Concepts,"Signal Processing Concepts (Filters, Dynamics, FX & Noise)",NEW,Batch 5
Memory effects in nonlinear systems,Foundational & Educational Concepts,"Signal Processing Concepts (Filters, Dynamics, FX & Noise)",NEW,Batch 5
Microtuning,Foundational & Educational Concepts,"Signal Processing Concepts (Filters, Dynamics, FX & Noise)",NEW,Batch 5
Minimum-phase equalization,Foundational & Educational Concepts,"Signal Processing Concepts (Filters, Dynamics, FX & Noise)",NEW,Batch 5
Mixed-phase equalization,Foundational & Educational Concepts,"Signal Processing Concepts (Filters, Dynamics, FX & Noise)",NEW,Batch 5
Modal synthesis,Foundational & Educational Concepts,"Signal Processing Concepts (Filters, Dynamics, FX & Noise)",NEW,Batch 5
Musical noise,Foundational & Educational Concepts,"Signal Processing Concepts (Filters, Dynamics, FX & Noise)",NEW,Batch 5
Noise correlation,Foundational & Educational Concepts,"Signal Processing Concepts (Filters, Dynamics, FX & Noise)",NEW,Batch 5
Noise density,Foundational & Educational Concepts,"Signal Processing Concepts (Filters, Dynamics, FX & Noise)",NEW,Batch 5
Noise figure,Foundational & Educational Concepts,"Signal Processing Concepts (Filters, Dynamics, FX & Noise)",NEW,Batch 5
Noise gating artifacts,Foundational & Educational Concepts,"Signal Processing Concepts (Filters, Dynamics, FX & Noise)",NEW,Batch 5
Noise masking,Foundational & Educational Concepts,"Signal Processing Concepts (Filters, Dynamics, FX & Noise)",NEW,Batch 5
Noise spectrum,Foundational & Educational Concepts,"Signal Processing Concepts (Filters, Dynamics, FX & Noise)",NEW,Batch 5
Noise summation,Foundational & Educational Concepts,"Signal Processing Concepts (Filters, Dynamics, FX & Noise)",NEW,Batch 5
Nonlinear transfer functions,Foundational & Educational Concepts,"Signal Processing Concepts (Filters, Dynamics, FX & Noise)",NEW,Batch 5
Note-value delay,Foundational & Educational Concepts,"Signal Processing Concepts (Filters, Dynamics, FX & Noise)",NEW,Batch 5
Odd-order harmonics,Foundational & Educational Concepts,"Signal Processing Concepts (Filters, Dynamics, FX & Noise)",NEW,Batch 5
Oscillator synchronization,Foundational & Educational Concepts,"Signal Processing Concepts (Filters, Dynamics, FX & Noise)",NEW,Batch 5
Oversampling in nonlinear processors,Foundational & Educational Concepts,"Signal Processing Concepts (Filters, Dynamics, FX & Noise)",NEW,Batch 5
Parameter zipper noise,Foundational & Educational Concepts,"Signal Processing Concepts (Filters, Dynamics, FX & Noise)",NEW,Batch 5
Parametric equalization,Foundational & Educational Concepts,"Signal Processing Concepts (Filters, Dynamics, FX & Noise)",NEW,Batch 5
Passband ripple,Foundational & Educational Concepts,"Signal Processing Concepts (Filters, Dynamics, FX & Noise)",NEW,Batch 5
Phase distortion,Foundational & Educational Concepts,"Signal Processing Concepts (Filters, Dynamics, FX & Noise)",NEW,Batch 5
Phase-distortion synthesis,Foundational & Educational Concepts,"Signal Processing Concepts (Filters, Dynamics, FX & Noise)",NEW,Batch 5
Plate-reverb behavior,Foundational & Educational Concepts,"Signal Processing Concepts (Filters, Dynamics, FX & Noise)",NEW,Batch 5
Poles and zeros,Foundational & Educational Concepts,"Signal Processing Concepts (Filters, Dynamics, FX & Noise)",NEW,Batch 5
Post-ringing,Foundational & Educational Concepts,"Signal Processing Concepts (Filters, Dynamics, FX & Noise)",NEW,Batch 5
Power-supply noise,Foundational & Educational Concepts,"Signal Processing Concepts (Filters, Dynamics, FX & Noise)",NEW,Batch 5
Proportional-Q equalizers,Foundational & Educational Concepts,"Signal Processing Concepts (Filters, Dynamics, FX & Noise)",NEW,Batch 5
Quantization distortion,Foundational & Educational Concepts,"Signal Processing Concepts (Filters, Dynamics, FX & Noise)",NEW,Batch 5
Random noise,Foundational & Educational Concepts,"Signal Processing Concepts (Filters, Dynamics, FX & Noise)",NEW,Batch 5
Reverb ducking,Foundational & Educational Concepts,"Signal Processing Concepts (Filters, Dynamics, FX & Noise)",NEW,Batch 5
Reverb masking,Foundational & Educational Concepts,"Signal Processing Concepts (Filters, Dynamics, FX & Noise)",NEW,Batch 5
Reverb predelay and source distance,Foundational & Educational Concepts,"Signal Processing Concepts (Filters, Dynamics, FX & Noise)",NEW,Batch 5
Room size as a perceptual parameter,Foundational & Educational Concepts,"Signal Processing Concepts (Filters, Dynamics, FX & Noise)",NEW,Batch 5
Saturation curves,Foundational & Educational Concepts,"Signal Processing Concepts (Filters, Dynamics, FX & Noise)",NEW,Batch 5
Semiconductor nonlinearity,Foundational & Educational Concepts,"Signal Processing Concepts (Filters, Dynamics, FX & Noise)",NEW,Batch 5
Semiparametric equalization,Foundational & Educational Concepts,"Signal Processing Concepts (Filters, Dynamics, FX & Noise)",NEW,Batch 5
Sideband formation,Foundational & Educational Concepts,"Signal Processing Concepts (Filters, Dynamics, FX & Noise)",NEW,Batch 5
Sidechain filtering,Foundational & Educational Concepts,"Signal Processing Concepts (Filters, Dynamics, FX & Noise)",NEW,Batch 5
Slap delay,Foundational & Educational Concepts,"Signal Processing Concepts (Filters, Dynamics, FX & Noise)",NEW,Batch 5
Slew-induced distortion,Foundational & Educational Concepts,"Signal Processing Concepts (Filters, Dynamics, FX & Noise)",NEW,Batch 5
Soft saturation,Foundational & Educational Concepts,"Signal Processing Concepts (Filters, Dynamics, FX & Noise)",NEW,Batch 5
Soft sync,Foundational & Educational Concepts,"Signal Processing Concepts (Filters, Dynamics, FX & Noise)",NEW,Batch 5
Spectral synthesis,Foundational & Educational Concepts,"Signal Processing Concepts (Filters, Dynamics, FX & Noise)",NEW,Batch 5
Spring-reverb behavior,Foundational & Educational Concepts,"Signal Processing Concepts (Filters, Dynamics, FX & Noise)",NEW,Batch 5
Static nonlinearities,Foundational & Educational Concepts,"Signal Processing Concepts (Filters, Dynamics, FX & Noise)",NEW,Batch 5
Static versus modulated reverb,Foundational & Educational Concepts,"Signal Processing Concepts (Filters, Dynamics, FX & Noise)",NEW,Batch 5
Stopband attenuation,Foundational & Educational Concepts,"Signal Processing Concepts (Filters, Dynamics, FX & Noise)",NEW,Batch 5
Stopband ripple,Foundational & Educational Concepts,"Signal Processing Concepts (Filters, Dynamics, FX & Noise)",NEW,Batch 5
Sum-frequency distortion,Foundational & Educational Concepts,"Signal Processing Concepts (Filters, Dynamics, FX & Noise)",NEW,Batch 5
Through-zero modulation,Foundational & Educational Concepts,"Signal Processing Concepts (Filters, Dynamics, FX & Noise)",NEW,Batch 5
Time constants,Foundational & Educational Concepts,"Signal Processing Concepts (Filters, Dynamics, FX & Noise)",NEW,Batch 5
Time variance in natural spaces,Foundational & Educational Concepts,"Signal Processing Concepts (Filters, Dynamics, FX & Noise)",NEW,Batch 5
Tube nonlinearity,Foundational & Educational Concepts,"Signal Processing Concepts (Filters, Dynamics, FX & Noise)",NEW,Batch 5
Tuning systems,Foundational & Educational Concepts,"Signal Processing Concepts (Filters, Dynamics, FX & Noise)",NEW,Batch 5
Uncorrelated noise,Foundational & Educational Concepts,"Signal Processing Concepts (Filters, Dynamics, FX & Noise)",NEW,Batch 5
Uniform noise,Foundational & Educational Concepts,"Signal Processing Concepts (Filters, Dynamics, FX & Noise)",NEW,Batch 5
Variable-Q equalizers,Foundational & Educational Concepts,"Signal Processing Concepts (Filters, Dynamics, FX & Noise)",NEW,Batch 5
Vector synthesis,Foundational & Educational Concepts,"Signal Processing Concepts (Filters, Dynamics, FX & Noise)",NEW,Batch 5
Violet noise,Foundational & Educational Concepts,"Signal Processing Concepts (Filters, Dynamics, FX & Noise)",NEW,Batch 5
Waveshaping,Foundational & Educational Concepts,"Signal Processing Concepts (Filters, Dynamics, FX & Noise)",NEW,Batch 5
AES EtherType,Standards,"Standards — Coding, Systems, Metadata & Transport",NEW,Standards list
AES Organizationally Unique Identifier,Standards,"Standards — Coding, Systems, Metadata & Transport",NEW,Standards list
AES protocol identifier,Standards,"Standards — Coding, Systems, Metadata & Transport",NEW,Standards list
AES3 block,Standards,"Standards — Coding, Systems, Metadata & Transport",NEW,Standards list
AES3 frame,Standards,"Standards — Coding, Systems, Metadata & Transport",NEW,Standards list
ATM adaptation-layer parameter,Standards,"Standards — Coding, Systems, Metadata & Transport",NEW,Standards list
ATM audio call,Standards,"Standards — Coding, Systems, Metadata & Transport",NEW,Standards list
ATM interworking,Standards,"Standards — Coding, Systems, Metadata & Transport",NEW,Standards list
AXML Chunk,Standards,"Standards — Coding, Systems, Metadata & Transport",NEW,Standards list
Access unit,Standards,"Standards — Coding, Systems, Metadata & Transport",NEW,Standards list
Accessibility metadata,Standards,"Standards — Coding, Systems, Metadata & Transport",NEW,Standards list
Across-Ear Envelope Comparison,Standards,"Standards — Coding, Systems, Metadata & Transport",NEW,Standards list
Adaptation control,Standards,"Standards — Coding, Systems, Metadata & Transport",NEW,Standards list
All Frame,Standards,"Standards — Coding, Systems, Metadata & Transport",NEW,Standards list
Alternative Value Set,Standards,"Standards — Coding, Systems, Metadata & Transport",NEW,Standards list
Alternative audio element,Standards,"Standards — Coding, Systems, Metadata & Transport",NEW,Standards list
Arithmetic-coded spectral data,Standards,"Standards — Coding, Systems, Metadata & Transport",NEW,Standards list
Audio Data Transport Stream,Standards,"Standards — Coding, Systems, Metadata & Transport",NEW,Standards list
Audio Essence,Standards,"Standards — Coding, Systems, Metadata & Transport",NEW,Standards list
Audio Feature Ontology,Standards,"Standards — Coding, Systems, Metadata & Transport",NEW,Standards list
Audio access unit,Standards,"Standards — Coding, Systems, Metadata & Transport",NEW,Standards list
Audio call-setup signaling,Standards,"Standards — Coding, Systems, Metadata & Transport",NEW,Standards list
Audio chunk interleaving,Standards,"Standards — Coding, Systems, Metadata & Transport",NEW,Standards list
Audio clip node,Standards,"Standards — Coding, Systems, Metadata & Transport",NEW,Standards list
Audio conformance point,Standards,"Standards — Coding, Systems, Metadata & Transport",NEW,Standards list
Audio delay node,Standards,"Standards — Coding, Systems, Metadata & Transport",NEW,Standards list
Audio descriptor,Standards,"Standards — Coding, Systems, Metadata & Transport",NEW,Standards list
Audio element,Standards,"Standards — Coding, Systems, Metadata & Transport",NEW,Standards list
Audio element dependency,Standards,"Standards — Coding, Systems, Metadata & Transport",NEW,Standards list
Audio element group,Standards,"Standards — Coding, Systems, Metadata & Transport",NEW,Standards list
Audio element identifier,Standards,"Standards — Coding, Systems, Metadata & Transport",NEW,Standards list
Audio element interaction,Standards,"Standards — Coding, Systems, Metadata & Transport",NEW,Standards list
Audio elementary stream,Standards,"Standards — Coding, Systems, Metadata & Transport",NEW,Standards list
Audio frame,Standards,"Standards — Coding, Systems, Metadata & Transport",NEW,Standards list
Audio fundamental frequency,Standards,"Standards — Coding, Systems, Metadata & Transport",NEW,Standards list
Audio harmonicity,Standards,"Standards — Coding, Systems, Metadata & Transport",NEW,Standards list
Audio identification,Standards,"Standards — Coding, Systems, Metadata & Transport",NEW,Standards list
Audio interactivity,Standards,"Standards — Coding, Systems, Metadata & Transport",NEW,Standards list
Audio manifestation,Standards,"Standards — Coding, Systems, Metadata & Transport",NEW,Standards list
Audio media timescale,Standards,"Standards — Coding, Systems, Metadata & Transport",NEW,Standards list
Audio metadata code point,Standards,"Standards — Coding, Systems, Metadata & Transport",NEW,Standards list
Audio metadata enhancement,Standards,"Standards — Coding, Systems, Metadata & Transport",NEW,Standards list
Audio metadata invalidation,Standards,"Standards — Coding, Systems, Metadata & Transport",NEW,Standards list
Audio mixing node,Standards,"Standards — Coding, Systems, Metadata & Transport",NEW,Standards list
Audio multiplex element,Standards,"Standards — Coding, Systems, Metadata & Transport",NEW,Standards list
Audio over asynchronous transfer mode,Standards,"Standards — Coding, Systems, Metadata & Transport",NEW,Standards list
Audio preroll,Standards,"Standards — Coding, Systems, Metadata & Transport",NEW,Standards list
Audio preroll recovery,Standards,"Standards — Coding, Systems, Metadata & Transport",NEW,Standards list
Audio preservation event,Standards,"Standards — Coding, Systems, Metadata & Transport",NEW,Standards list
Audio profile-level compatibility,Standards,"Standards — Coding, Systems, Metadata & Transport",NEW,Standards list
Audio profile-level indication,Standards,"Standards — Coding, Systems, Metadata & Transport",NEW,Standards list
Audio protocol discriminator,Standards,"Standards — Coding, Systems, Metadata & Transport",NEW,Standards list
Audio sample description,Standards,"Standards — Coding, Systems, Metadata & Transport",NEW,Standards list
Audio sample duration,Standards,"Standards — Coding, Systems, Metadata & Transport",NEW,Standards list
Audio sample entry,Standards,"Standards — Coding, Systems, Metadata & Transport",NEW,Standards list
Audio sample group,Standards,"Standards — Coding, Systems, Metadata & Transport",NEW,Standards list
Audio sample packet,Standards,"Standards — Coding, Systems, Metadata & Transport",NEW,Standards list
Audio sample table,Standards,"Standards — Coding, Systems, Metadata & Transport",NEW,Standards list
Audio sampling clock traceability,Standards,"Standards — Coding, Systems, Metadata & Transport",NEW,Standards list
Audio signature,Standards,"Standards — Coding, Systems, Metadata & Transport",NEW,Standards list
Audio source node,Standards,"Standards — Coding, Systems, Metadata & Transport",NEW,Standards list
Audio spatialization node,Standards,"Standards — Coding, Systems, Metadata & Transport",NEW,Standards list
Audio spectrum basis,Standards,"Standards — Coding, Systems, Metadata & Transport",NEW,Standards list
Audio spectrum centroid,Standards,"Standards — Coding, Systems, Metadata & Transport",NEW,Standards list
Audio spectrum envelope,Standards,"Standards — Coding, Systems, Metadata & Transport",NEW,Standards list
Audio spectrum flatness,Standards,"Standards — Coding, Systems, Metadata & Transport",NEW,Standards list
Audio spectrum projection,Standards,"Standards — Coding, Systems, Metadata & Transport",NEW,Standards list
Audio spectrum spread,Standards,"Standards — Coding, Systems, Metadata & Transport",NEW,Standards list
Audio stream configuration,Standards,"Standards — Coding, Systems, Metadata & Transport",NEW,Standards list
Audio stream synchronization tolerance,Standards,"Standards — Coding, Systems, Metadata & Transport",NEW,Standards list
Audio subframe,Standards,"Standards — Coding, Systems, Metadata & Transport",NEW,Standards list
Audio superframe,Standards,"Standards — Coding, Systems, Metadata & Transport",NEW,Standards list
Audio switch node,Standards,"Standards — Coding, Systems, Metadata & Transport",NEW,Standards list
Audio sync stream,Standards,"Standards — Coding, Systems, Metadata & Transport",NEW,Standards list
Audio synchronization word,Standards,"Standards — Coding, Systems, Metadata & Transport",NEW,Standards list
Audio track timescale,Standards,"Standards — Coding, Systems, Metadata & Transport",NEW,Standards list
Audio waveform descriptor,Standards,"Standards — Coding, Systems, Metadata & Transport",NEW,Standards list
Audio-bound metadata,Standards,"Standards — Coding, Systems, Metadata & Transport",NEW,Standards list
Audio-content indexing,Standards,"Standards — Coding, Systems, Metadata & Transport",NEW,Standards list
Audio-event description,Standards,"Standards — Coding, Systems, Metadata & Transport",NEW,Standards list
Audio-format box,Standards,"Standards — Coding, Systems, Metadata & Transport",NEW,Standards list
Audio-format migration,Standards,"Standards — Coding, Systems, Metadata & Transport",NEW,Standards list
Audio-network code-point registry,Standards,"Standards — Coding, Systems, Metadata & Transport",NEW,Standards list
Audio-sample time identification,Standards,"Standards — Coding, Systems, Metadata & Transport",NEW,Standards list
Audio-segment decomposition,Standards,"Standards — Coding, Systems, Metadata & Transport",NEW,Standards list
Audio-segment descriptor,Standards,"Standards — Coding, Systems, Metadata & Transport",NEW,Standards list
Audio-source classification,Standards,"Standards — Coding, Systems, Metadata & Transport",NEW,Standards list
Audio-specific configuration,Standards,"Standards — Coding, Systems, Metadata & Transport",NEW,Standards list
Audio-to-Lyrics Alignment,Standards,"Standards — Coding, Systems, Metadata & Transport",NEW,Standards list
Audio-to-Score Alignment,Standards,"Standards — Coding, Systems, Metadata & Transport",NEW,Standards list
Audio-visual synchronization metadata,Standards,"Standards — Coding, Systems, Metadata & Transport",NEW,Standards list
AudioBIFS,Standards,"Standards — Coding, Systems, Metadata & Transport",NEW,Standards list
Band-limiting filter,Standards,"Standards — Coding, Systems, Metadata & Transport",NEW,Standards list
Bandwidth-extension coding,Standards,"Standards — Coding, Systems, Metadata & Transport",NEW,Standards list
Base layer,Standards,"Standards — Coding, Systems, Metadata & Transport",NEW,Standards list
Baseband audio,Standards,"Standards — Coding, Systems, Metadata & Transport",NEW,Standards list
Beam pattern,Standards,"Standards — Coding, Systems, Metadata & Transport",NEW,Standards list
Bel,Standards,"Standards — Coding, Systems, Metadata & Transport",NEW,Standards list
Bidirectional predictive frame,Standards,"Standards — Coding, Systems, Metadata & Transport",NEW,Standards list
Bistream element,Standards,"Standards — Coding, Systems, Metadata & Transport",NEW,Standards list
Bitstream payload,Standards,"Standards — Coding, Systems, Metadata & Transport",NEW,Standards list
Block companded PCM,Standards,"Standards — Coding, Systems, Metadata & Transport",NEW,Standards list
Block floating point,Standards,"Standards — Coding, Systems, Metadata & Transport",NEW,Standards list
Block switching,Standards,"Standards — Coding, Systems, Metadata & Transport",NEW,Standards list
Blocking matrix,Standards,"Standards — Coding, Systems, Metadata & Transport",NEW,Standards list
Boundary element method,Standards,"Standards — Coding, Systems, Metadata & Transport",NEW,Standards list
Broadband noise,Standards,"Standards — Coding, Systems, Metadata & Transport",NEW,Standards list
Bulk delay,Standards,"Standards — Coding, Systems, Metadata & Transport",NEW,Standards list
Cascade filter bank,Standards,"Standards — Coding, Systems, Metadata & Transport",NEW,Standards list
Cepstral coefficient,Standards,"Standards — Coding, Systems, Metadata & Transport",NEW,Standards list
Channel element,Standards,"Standards — Coding, Systems, Metadata & Transport",NEW,Standards list
Channel pair element,Standards,"Standards — Coding, Systems, Metadata & Transport",NEW,Standards list
Chirp signal,Standards,"Standards — Coding, Systems, Metadata & Transport",NEW,Standards list
Clean audio,Standards,"Standards — Coding, Systems, Metadata & Transport",NEW,Standards list
Click train,Standards,"Standards — Coding, Systems, Metadata & Transport",NEW,Standards list
Coded audio access unit,Standards,"Standards — Coding, Systems, Metadata & Transport",NEW,Standards list
Coherence function,Standards,"Standards — Coding, Systems, Metadata & Transport",NEW,Standards list
Coincidence dip,Standards,"Standards — Coding, Systems, Metadata & Transport",NEW,Standards list
Coincidence frequency,Standards,"Standards — Coding, Systems, Metadata & Transport",NEW,Standards list
Comfort noise,Standards,"Standards — Coding, Systems, Metadata & Transport",NEW,Standards list
Contrast gain control,Standards,"Standards — Coding, Systems, Metadata & Transport",NEW,Standards list
Core coder,Standards,"Standards — Coding, Systems, Metadata & Transport",NEW,Standards list
Cross-correlation lag,Standards,"Standards — Coding, Systems, Metadata & Transport",NEW,Standards list
Cross-fade window,Standards,"Standards — Coding, Systems, Metadata & Transport",NEW,Standards list
Cross-modulation distortion,Standards,"Standards — Coding, Systems, Metadata & Transport",NEW,Standards list
Cut-off frequency of a filter,Standards,"Standards — Coding, Systems, Metadata & Transport",NEW,Standards list
Damping ratio of a resonator,Standards,"Standards — Coding, Systems, Metadata & Transport",NEW,Standards list
Decibel full scale,Standards,"Standards — Coding, Systems, Metadata & Transport",NEW,Standards list
Decoded audio,Standards,"Standards — Coding, Systems, Metadata & Transport",NEW,Standards list
Decorrelation filter,Standards,"Standards — Coding, Systems, Metadata & Transport",NEW,Standards list
Dedicated metadata channel,Standards,"Standards — Coding, Systems, Metadata & Transport",NEW,Standards list
Denormalized number,Standards,"Standards — Coding, Systems, Metadata & Transport",NEW,Standards list
Descriptor scheme,Standards,"Standards — Coding, Systems, Metadata & Transport",NEW,Standards list
Diffraction coefficient,Standards,"Standards — Coding, Systems, Metadata & Transport",NEW,Standards list
Discrete-time analytic signal,Standards,"Standards — Coding, Systems, Metadata & Transport",NEW,Standards list
Drift-corrected clock,Standards,"Standards — Coding, Systems, Metadata & Transport",NEW,Standards list
Encoded bitstream,Standards,"Standards — Coding, Systems, Metadata & Transport",NEW,Standards list
Envelope following response,Standards,"Standards — Coding, Systems, Metadata & Transport",NEW,Standards list
Extensible metadata scheme,Standards,"Standards — Coding, Systems, Metadata & Transport",NEW,Standards list
Filter bank,Standards,"Standards — Coding, Systems, Metadata & Transport",NEW,Standards list
Filter-bank equalizer,Standards,"Standards — Coding, Systems, Metadata & Transport",NEW,Standards list
Floating intermediate frame,Standards,"Standards — Coding, Systems, Metadata & Transport",NEW,Standards list
Frame loss concealment,Standards,"Standards — Coding, Systems, Metadata & Transport",NEW,Standards list
Frequency-domain audio coding,Standards,"Standards — Coding, Systems, Metadata & Transport",NEW,Standards list
Generalized cross-correlation,Standards,"Standards — Coding, Systems, Metadata & Transport",NEW,Standards list
Homomorphic deconvolution,Standards,"Standards — Coding, Systems, Metadata & Transport",NEW,Standards list
Huffman codebook,Standards,"Standards — Coding, Systems, Metadata & Transport",NEW,Standards list
Hybrid filter bank,Standards,"Standards — Coding, Systems, Metadata & Transport",NEW,Standards list
Inharmonicity coefficient,Standards,"Standards — Coding, Systems, Metadata & Transport",NEW,Standards list
Interchannel coherence,Standards,"Standards — Coding, Systems, Metadata & Transport",NEW,Standards list
Joint stereo coding,Standards,"Standards — Coding, Systems, Metadata & Transport",NEW,Standards list
Linear-phase filter,Standards,"Standards — Coding, Systems, Metadata & Transport",NEW,Standards list
Long-term average spectrum,Standards,"Standards — Coding, Systems, Metadata & Transport",NEW,Standards list
Lossless coding mode,Standards,"Standards — Coding, Systems, Metadata & Transport",NEW,Standards list
Matrix decoding,Standards,"Standards — Coding, Systems, Metadata & Transport",NEW,Standards list
Mean opinion score,Standards,"Standards — Coding, Systems, Metadata & Transport",NEW,Standards list
Mel-frequency cepstral coefficient,Standards,"Standards — Coding, Systems, Metadata & Transport",NEW,Standards list
Metadata delivery unit,Standards,"Standards — Coding, Systems, Metadata & Transport",NEW,Standards list
Multichannel audio coding,Standards,"Standards — Coding, Systems, Metadata & Transport",NEW,Standards list
Oversampling ratio,Standards,"Standards — Coding, Systems, Metadata & Transport",NEW,Standards list
Parametric stereo,Standards,"Standards — Coding, Systems, Metadata & Transport",NEW,Standards list
Perceptual audio coding,Standards,"Standards — Coding, Systems, Metadata & Transport",NEW,Standards list
Perceptual weighting filter,Standards,"Standards — Coding, Systems, Metadata & Transport",NEW,Standards list
Pre-echo,Standards,"Standards — Coding, Systems, Metadata & Transport",NEW,Standards list
Predictive coding gain,Standards,"Standards — Coding, Systems, Metadata & Transport",NEW,Standards list
Scalable audio coding,Standards,"Standards — Coding, Systems, Metadata & Transport",NEW,Standards list
Scale-factor band,Standards,"Standards — Coding, Systems, Metadata & Transport",NEW,Standards list
Single-equivalent-level descriptor,Standards,"Standards — Coding, Systems, Metadata & Transport",NEW,Standards list
Source-filter model,Standards,"Standards — Coding, Systems, Metadata & Transport",NEW,Standards list
Sparse coding of audio,Standards,"Standards — Coding, Systems, Metadata & Transport",NEW,Standards list
Spectral flatness measure,Standards,"Standards — Coding, Systems, Metadata & Transport",NEW,Standards list
Sub-band coding,Standards,"Standards — Coding, Systems, Metadata & Transport",NEW,Standards list
Variable bit-rate coding,Standards,"Standards — Coding, Systems, Metadata & Transport",NEW,Standards list
Waveform coding,Standards,"Standards — Coding, Systems, Metadata & Transport",NEW,Standards list
Wideband speech coding,Standards,"Standards — Coding, Systems, Metadata & Transport",NEW,Standards list
Windowing function,Standards,"Standards — Coding, Systems, Metadata & Transport",NEW,Standards list
AA-IIR,Standards,Standards — General Acoustics & Signal Terms,NEW,Standards list
Absolute-polarity inversion,Standards,Standards — General Acoustics & Signal Terms,NEW,Standards list
Adapted Port Resistance,Standards,Standards — General Acoustics & Signal Terms,NEW,Standards list
Album-mode processing,Standards,Standards — General Acoustics & Signal Terms,NEW,Standards list
Algebraic Loop,Standards,Standards — General Acoustics & Signal Terms,NEW,Standards list
Angular Deviation Loss,Standards,Standards — General Acoustics & Signal Terms,NEW,Standards list
Angular response data set,Standards,Standards — General Acoustics & Signal Terms,NEW,Standards list
Annotation Boundary Deviation,Standards,Standards — General Acoustics & Signal Terms,NEW,Standards list
Array manifold,Standards,Standards — General Acoustics & Signal Terms,NEW,Standards list
Array manifold vector,Standards,Standards — General Acoustics & Signal Terms,NEW,Standards list
Ascending method,Standards,Standards — General Acoustics & Signal Terms,NEW,Standards list
Audio Data Interchange Format,Standards,Standards — General Acoustics & Signal Terms,NEW,Standards list
Audio description scheme,Standards,Standards — General Acoustics & Signal Terms,NEW,Standards list
Audio power,Standards,Standards — General Acoustics & Signal Terms,NEW,Standards list
Audio-description extraction,Standards,Standards — General Acoustics & Signal Terms,NEW,Standards list
Audio-frequency shield behavior,Standards,Standards — General Acoustics & Signal Terms,NEW,Standards list
Audio-node event,Standards,Standards — General Acoustics & Signal Terms,NEW,Standards list
Audio-node field,Standards,Standards — General Acoustics & Signal Terms,NEW,Standards list
Audio-node routing,Standards,Standards — General Acoustics & Signal Terms,NEW,Standards list
Audio-rate processing,Standards,Standards — General Acoustics & Signal Terms,NEW,Standards list
Audiovisual Speech Benefit,Standards,Standards — General Acoustics & Signal Terms,NEW,Standards list
Aural Combination Tone,Standards,Standards — General Acoustics & Signal Terms,NEW,Standards list
Aural Harmonic,Standards,Standards — General Acoustics & Signal Terms,NEW,Standards list
Author-defined preset,Standards,Standards — General Acoustics & Signal Terms,NEW,Standards list
Authoring Information,Standards,Standards — General Acoustics & Signal Terms,NEW,Standards list
Auxiliary sample bits,Standards,Standards — General Acoustics & Signal Terms,NEW,Standards list
Availability Bias,Standards,Standards — General Acoustics & Signal Terms,NEW,Standards list
Average Sound-Pressure Level in a Room,Standards,Standards — General Acoustics & Signal Terms,NEW,Standards list
Baffled piston,Standards,Standards — General Acoustics & Signal Terms,NEW,Standards list
Base curve,Standards,Standards — General Acoustics & Signal Terms,NEW,Standards list
Building service noise,Standards,Standards — General Acoustics & Signal Terms,NEW,Standards list
Cardioid response,Standards,Standards — General Acoustics & Signal Terms,NEW,Standards list
Common Loudspeaker Format,Standards,Standards — General Acoustics & Signal Terms,NEW,Standards list
Complex sound source,Standards,Standards — General Acoustics & Signal Terms,NEW,Standards list
Compression driver directivity,Standards,Standards — General Acoustics & Signal Terms,NEW,Standards list
Content dependency index,Standards,Standards — General Acoustics & Signal Terms,NEW,Standards list
Content kind,Standards,Standards — General Acoustics & Signal Terms,NEW,Standards list
Continuous descending method,Standards,Standards — General Acoustics & Signal Terms,NEW,Standards list
Core experiment,Standards,Standards — General Acoustics & Signal Terms,NEW,Standards list
Coupled channel,Standards,Standards — General Acoustics & Signal Terms,NEW,Standards list
Cumulative distribution of exposure,Standards,Standards — General Acoustics & Signal Terms,NEW,Standards list
Data-driven room correction,Standards,Standards — General Acoustics & Signal Terms,NEW,Standards list
Dead room,Standards,Standards — General Acoustics & Signal Terms,NEW,Standards list
Depth of modulation,Standards,Standards — General Acoustics & Signal Terms,NEW,Standards list
Diffuse-field equalization,Standards,Standards — General Acoustics & Signal Terms,NEW,Standards list
Diffuse-field frequency response,Standards,Standards — General Acoustics & Signal Terms,NEW,Standards list
Directional weighting,Standards,Standards — General Acoustics & Signal Terms,NEW,Standards list
Discrete cosine transform coefficient,Standards,Standards — General Acoustics & Signal Terms,NEW,Standards list
Dispersion relation,Standards,Standards — General Acoustics & Signal Terms,NEW,Standards list
Displacement transducer,Standards,Standards — General Acoustics & Signal Terms,NEW,Standards list
Dominant Frequency Region,Standards,Standards — General Acoustics & Signal Terms,NEW,Standards list
Dry sound,Standards,Standards — General Acoustics & Signal Terms,NEW,Standards list
Dual-mono content,Standards,Standards — General Acoustics & Signal Terms,NEW,Standards list
Duplex Theory,Standards,Standards — General Acoustics & Signal Terms,NEW,Standards list
Duration model,Standards,Standards — General Acoustics & Signal Terms,NEW,Standards list
Dynamic Range Control,Standards,Standards — General Acoustics & Signal Terms,NEW,Standards list
Ear canal resonance,Standards,Standards — General Acoustics & Signal Terms,NEW,Standards list
Effective perceived noise level,Standards,Standards — General Acoustics & Signal Terms,NEW,Standards list
Emission sound pressure level,Standards,Standards — General Acoustics & Signal Terms,NEW,Standards list
Energy decay relief,Standards,Standards — General Acoustics & Signal Terms,NEW,Standards list
Ensemble duration,Standards,Standards — General Acoustics & Signal Terms,NEW,Standards list
Equal-temperament deviation,Standards,Standards — General Acoustics & Signal Terms,NEW,Standards list
Equivalent continuous sound level,Standards,Standards — General Acoustics & Signal Terms,NEW,Standards list
Error concealment,Standards,Standards — General Acoustics & Signal Terms,NEW,Standards list
Exposure action value,Standards,Standards — General Acoustics & Signal Terms,NEW,Standards list
Extended stereo image,Standards,Standards — General Acoustics & Signal Terms,NEW,Standards list
External-ear transfer function,Standards,Standards — General Acoustics & Signal Terms,NEW,Standards list
Far-field criterion,Standards,Standards — General Acoustics & Signal Terms,NEW,Standards list
Fast time weighting,Standards,Standards — General Acoustics & Signal Terms,NEW,Standards list
Feature-space maximum-likelihood linear regression,Standards,Standards — General Acoustics & Signal Terms,NEW,Standards list
Field calibration,Standards,Standards — General Acoustics & Signal Terms,NEW,Standards list
First-arrival time,Standards,Standards — General Acoustics & Signal Terms,NEW,Standards list
First-wavefront law,Standards,Standards — General Acoustics & Signal Terms,NEW,Standards list
Fixed-point audio sample,Standards,Standards — General Acoustics & Signal Terms,NEW,Standards list
Fletcher-Munson effect,Standards,Standards — General Acoustics & Signal Terms,NEW,Standards list
Foldback level,Standards,Standards — General Acoustics & Signal Terms,NEW,Standards list
Free-field method,Standards,Standards — General Acoustics & Signal Terms,NEW,Standards list
Frequency Selectivity,Standards,Standards — General Acoustics & Signal Terms,NEW,Standards list
Frequency band of interest,Standards,Standards — General Acoustics & Signal Terms,NEW,Standards list
Frequency-following response,Standards,Standards — General Acoustics & Signal Terms,NEW,Standards list
Frequency-warping,Standards,Standards — General Acoustics & Signal Terms,NEW,Standards list
Fundamental-frequency contour,Standards,Standards — General Acoustics & Signal Terms,NEW,Standards list
Gaussian mixture model,Standards,Standards — General Acoustics & Signal Terms,NEW,Standards list
Generalized sidelobe canceller,Standards,Standards — General Acoustics & Signal Terms,NEW,Standards list
Global motion parameter,Standards,Standards — General Acoustics & Signal Terms,NEW,Standards list
Half-power bandwidth,Standards,Standards — General Acoustics & Signal Terms,NEW,Standards list
Impulsive noise,Standards,Standards — General Acoustics & Signal Terms,NEW,Standards list
Insert loss,Standards,Standards — General Acoustics & Signal Terms,NEW,Standards list
Insertion gain,Standards,Standards — General Acoustics & Signal Terms,NEW,Standards list
Instantaneous frequency,Standards,Standards — General Acoustics & Signal Terms,NEW,Standards list
Intensity Discrimination,Standards,Standards — General Acoustics & Signal Terms,NEW,Standards list
Intensity stereo,Standards,Standards — General Acoustics & Signal Terms,NEW,Standards list
Interchannel level difference,Standards,Standards — General Acoustics & Signal Terms,NEW,Standards list
Interchannel prediction,Standards,Standards — General Acoustics & Signal Terms,NEW,Standards list
Interchannel time difference,Standards,Standards — General Acoustics & Signal Terms,NEW,Standards list
Inverse constant-Q transform,Standards,Standards — General Acoustics & Signal Terms,NEW,Standards list
Iterative closest point registration,Standards,Standards — General Acoustics & Signal Terms,NEW,Standards list
Karhunen-Loeve transform,Standards,Standards — General Acoustics & Signal Terms,NEW,Standards list
Kurtosis of noise,Standards,Standards — General Acoustics & Signal Terms,NEW,Standards list
Leakage current test,Standards,Standards — General Acoustics & Signal Terms,NEW,Standards list
Level-dependent frequency response,Standards,Standards — General Acoustics & Signal Terms,NEW,Standards list
Line source array,Standards,Standards — General Acoustics & Signal Terms,NEW,Standards list
Log-area ratio,Standards,Standards — General Acoustics & Signal Terms,NEW,Standards list
Log-mel spectrogram,Standards,Standards — General Acoustics & Signal Terms,NEW,Standards list
Lombard effect,Standards,Standards — General Acoustics & Signal Terms,NEW,Standards list
Low-complexity profile,Standards,Standards — General Acoustics & Signal Terms,NEW,Standards list
Low-frequency effects channel,Standards,Standards — General Acoustics & Signal Terms,NEW,Standards list
Low-frequency oscillator rate,Standards,Standards — General Acoustics & Signal Terms,NEW,Standards list
Masker level,Standards,Standards — General Acoustics & Signal Terms,NEW,Standards list
Maximum length sequence,Standards,Standards — General Acoustics & Signal Terms,NEW,Standards list
Maximum sound pressure level,Standards,Standards — General Acoustics & Signal Terms,NEW,Standards list
Middle-ear transfer function,Standards,Standards — General Acoustics & Signal Terms,NEW,Standards list
Minimum audible angle,Standards,Standards — General Acoustics & Signal Terms,NEW,Standards list
Minimum audible field,Standards,Standards — General Acoustics & Signal Terms,NEW,Standards list
Minimum audible pressure,Standards,Standards — General Acoustics & Signal Terms,NEW,Standards list
Minimum phase response,Standards,Standards — General Acoustics & Signal Terms,NEW,Standards list
Modulation transfer function,Standards,Standards — General Acoustics & Signal Terms,NEW,Standards list
Monaural cue,Standards,Standards — General Acoustics & Signal Terms,NEW,Standards list
Monitoring reference level,Standards,Standards — General Acoustics & Signal Terms,NEW,Standards list
Mother wavelet,Standards,Standards — General Acoustics & Signal Terms,NEW,Standards list
Multitalker babble,Standards,Standards — General Acoustics & Signal Terms,NEW,Standards list
Multitrack stem,Standards,Standards — General Acoustics & Signal Terms,NEW,Standards list
Narrowband noise,Standards,Standards — General Acoustics & Signal Terms,NEW,Standards list
Near-field criterion,Standards,Standards — General Acoustics & Signal Terms,NEW,Standards list
Negative Level Difference,Standards,Standards — General Acoustics & Signal Terms,NEW,Standards list
Noise criterion curve,Standards,Standards — General Acoustics & Signal Terms,NEW,Standards list
Noise-reduction coefficient,Standards,Standards — General Acoustics & Signal Terms,NEW,Standards list
Nonlinear distortion measure,Standards,Standards — General Acoustics & Signal Terms,NEW,Standards list
Off-axis response,Standards,Standards — General Acoustics & Signal Terms,NEW,Standards list
Overlap-add reconstruction,Standards,Standards — General Acoustics & Signal Terms,NEW,Standards list
Peak program meter,Standards,Standards — General Acoustics & Signal Terms,NEW,Standards list
Perceptual evaluation of audio quality,Standards,Standards — General Acoustics & Signal Terms,NEW,Standards list
Perceptual evaluation of speech quality,Standards,Standards — General Acoustics & Signal Terms,NEW,Standards list
Phantom image,Standards,Standards — General Acoustics & Signal Terms,NEW,Standards list
Phase-locked loop jitter,Standards,Standards — General Acoustics & Signal Terms,NEW,Standards list
Pinna cue,Standards,Standards — General Acoustics & Signal Terms,NEW,Standards list
Point source model,Standards,Standards — General Acoustics & Signal Terms,NEW,Standards list
Polar pattern measurement,Standards,Standards — General Acoustics & Signal Terms,NEW,Standards list
Quefrency,Standards,Standards — General Acoustics & Signal Terms,NEW,Standards list
Rate-distortion optimization,Standards,Standards — General Acoustics & Signal Terms,NEW,Standards list
Region of dominance,Standards,Standards — General Acoustics & Signal Terms,NEW,Standards list
Residual echo suppression,Standards,Standards — General Acoustics & Signal Terms,NEW,Standards list
Room transfer function,Standards,Standards — General Acoustics & Signal Terms,NEW,Standards list
Sequency,Standards,Standards — General Acoustics & Signal Terms,NEW,Standards list
Sidelobe level,Standards,Standards — General Acoustics & Signal Terms,NEW,Standards list
Sine-sweep measurement,Standards,Standards — General Acoustics & Signal Terms,NEW,Standards list
Sound exposure level,Standards,Standards — General Acoustics & Signal Terms,NEW,Standards list
Spectral tilt,Standards,Standards — General Acoustics & Signal Terms,NEW,Standards list
Stationary noise assumption,Standards,Standards — General Acoustics & Signal Terms,NEW,Standards list
Stereo width control,Standards,Standards — General Acoustics & Signal Terms,NEW,Standards list
Syllabic compression,Standards,Standards — General Acoustics & Signal Terms,NEW,Standards list
Time-scale modification,Standards,Standards — General Acoustics & Signal Terms,NEW,Standards list
Tone-to-noise ratio,Standards,Standards — General Acoustics & Signal Terms,NEW,Standards list
Total harmonic distortion plus noise,Standards,Standards — General Acoustics & Signal Terms,NEW,Standards list
Transient detection,Standards,Standards — General Acoustics & Signal Terms,NEW,Standards list
Two-alternative forced choice,Standards,Standards — General Acoustics & Signal Terms,NEW,Standards list
Virtual bass,Standards,Standards — General Acoustics & Signal Terms,NEW,Standards list
Vocoder analysis,Standards,Standards — General Acoustics & Signal Terms,NEW,Standards list
Wavelength constant,Standards,Standards — General Acoustics & Signal Terms,NEW,Standards list
Weighted overlap-add,Standards,Standards — General Acoustics & Signal Terms,NEW,Standards list
Wet/dry mix ratio,Standards,Standards — General Acoustics & Signal Terms,NEW,Standards list
Whisper-mode processing,Standards,Standards — General Acoustics & Signal Terms,NEW,Standards list
Zero-crossing rate,Standards,Standards — General Acoustics & Signal Terms,NEW,Standards list
ADM Lookup Chunk,Standards,"Standards — Immersive/Object/Scene, MIR, ML & Loudness",NEW,Standards list
Abnormal Growth of Loudness,Standards,"Standards — Immersive/Object/Scene, MIR, ML & Loudness",NEW,Standards list
Absolute Gating Threshold,Standards,"Standards — Immersive/Object/Scene, MIR, ML & Loudness",NEW,Standards list
Absolute object position,Standards,"Standards — Immersive/Object/Scene, MIR, ML & Loudness",NEW,Standards list
Accessibility presentation,Standards,"Standards — Immersive/Object/Scene, MIR, ML & Loudness",NEW,Standards list
Acoustic admittance,Standards,"Standards — Immersive/Object/Scene, MIR, ML & Loudness",NEW,Standards list
Acoustic-scene graph,Standards,"Standards — Immersive/Object/Scene, MIR, ML & Loudness",NEW,Standards list
Acoustic-scene navigation,Standards,"Standards — Immersive/Object/Scene, MIR, ML & Loudness",NEW,Standards list
Action/Object Paradigm,Standards,"Standards — Immersive/Object/Scene, MIR, ML & Loudness",NEW,Standards list
Actual loudspeaker position,Standards,"Standards — Immersive/Object/Scene, MIR, ML & Loudness",NEW,Standards list
Adaptive Psychophysical Method,Standards,"Standards — Immersive/Object/Scene, MIR, ML & Loudness",NEW,Standards list
Adaptive codebook,Standards,"Standards — Immersive/Object/Scene, MIR, ML & Loudness",NEW,Standards list
Adjacent listener space,Standards,"Standards — Immersive/Object/Scene, MIR, ML & Loudness",NEW,Standards list
Administrative audio metadata,Standards,"Standards — Immersive/Object/Scene, MIR, ML & Loudness",NEW,Standards list
Adversarial detection front end,Standards,"Standards — Immersive/Object/Scene, MIR, ML & Loudness",NEW,Standards list
Affinity matrix,Standards,"Standards — Immersive/Object/Scene, MIR, ML & Loudness",NEW,Standards list
Album loudness,Standards,"Standards — Immersive/Object/Scene, MIR, ML & Loudness",NEW,Standards list
Algebraic code-excited linear prediction,Standards,"Standards — Immersive/Object/Scene, MIR, ML & Loudness",NEW,Standards list
Algorithmic audio,Standards,"Standards — Immersive/Object/Scene, MIR, ML & Loudness",NEW,Standards list
Alias-Free Neural Nonlinearity,Standards,"Standards — Immersive/Object/Scene, MIR, ML & Loudness",NEW,Standards list
Alternate-language presentation,Standards,"Standards — Immersive/Object/Scene, MIR, ML & Loudness",NEW,Standards list
Ambisonic component ordering,Standards,"Standards — Immersive/Object/Scene, MIR, ML & Loudness",NEW,Standards list
Ambisonic normalization convention,Standards,"Standards — Immersive/Object/Scene, MIR, ML & Loudness",NEW,Standards list
Ambisonics Channel Numbering,Standards,"Standards — Immersive/Object/Scene, MIR, ML & Loudness",NEW,Standards list
Anchor loudness,Standards,"Standards — Immersive/Object/Scene, MIR, ML & Loudness",NEW,Standards list
Antiderivative Antialiasing,Standards,"Standards — Immersive/Object/Scene, MIR, ML & Loudness",NEW,Standards list
Arbitrary downmix gain,Standards,"Standards — Immersive/Object/Scene, MIR, ML & Loudness",NEW,Standards list
Array self-localization,Standards,"Standards — Immersive/Object/Scene, MIR, ML & Loudness",NEW,Standards list
Attractor formation,Standards,"Standards — Immersive/Object/Scene, MIR, ML & Loudness",NEW,Standards list
Attractor point,Standards,"Standards — Immersive/Object/Scene, MIR, ML & Loudness",NEW,Standards list
Audio Block Format,Standards,"Standards — Immersive/Object/Scene, MIR, ML & Loudness",NEW,Standards list
Audio Complementary Object,Standards,"Standards — Immersive/Object/Scene, MIR, ML & Loudness",NEW,Standards list
Audio Object Type,Standards,"Standards — Immersive/Object/Scene, MIR, ML & Loudness",NEW,Standards list
Audio Pack Format,Standards,"Standards — Immersive/Object/Scene, MIR, ML & Loudness",NEW,Standards list
Audio Programme Reference Screen,Standards,"Standards — Immersive/Object/Scene, MIR, ML & Loudness",NEW,Standards list
Audio Thumbnailing,Standards,"Standards — Immersive/Object/Scene, MIR, ML & Loudness",NEW,Standards list
Audio adversarial example,Standards,"Standards — Immersive/Object/Scene, MIR, ML & Loudness",NEW,Standards list
Audio matching,Standards,"Standards — Immersive/Object/Scene, MIR, ML & Loudness",NEW,Standards list
Audio object characteristic,Standards,"Standards — Immersive/Object/Scene, MIR, ML & Loudness",NEW,Standards list
Audio object structure,Standards,"Standards — Immersive/Object/Scene, MIR, ML & Loudness",NEW,Standards list
Audio scene,Standards,"Standards — Immersive/Object/Scene, MIR, ML & Loudness",NEW,Standards list
Audio scene adaptation,Standards,"Standards — Immersive/Object/Scene, MIR, ML & Loudness",NEW,Standards list
Audio scene anchor,Standards,"Standards — Immersive/Object/Scene, MIR, ML & Loudness",NEW,Standards list
Audio scene composition,Standards,"Standards — Immersive/Object/Scene, MIR, ML & Loudness",NEW,Standards list
Audio scene configuration,Standards,"Standards — Immersive/Object/Scene, MIR, ML & Loudness",NEW,Standards list
Audio scene coordinate system,Standards,"Standards — Immersive/Object/Scene, MIR, ML & Loudness",NEW,Standards list
Audio scene descriptor,Standards,"Standards — Immersive/Object/Scene, MIR, ML & Loudness",NEW,Standards list
Audio scene displacement,Standards,"Standards — Immersive/Object/Scene, MIR, ML & Loudness",NEW,Standards list
Audio scene graph,Standards,"Standards — Immersive/Object/Scene, MIR, ML & Loudness",NEW,Standards list
Audio scene information,Standards,"Standards — Immersive/Object/Scene, MIR, ML & Loudness",NEW,Standards list
Audio scene metadata,Standards,"Standards — Immersive/Object/Scene, MIR, ML & Loudness",NEW,Standards list
Audio scene origin,Standards,"Standards — Immersive/Object/Scene, MIR, ML & Loudness",NEW,Standards list
Audio scene reference point,Standards,"Standards — Immersive/Object/Scene, MIR, ML & Loudness",NEW,Standards list
Audio scene rendering,Standards,"Standards — Immersive/Object/Scene, MIR, ML & Loudness",NEW,Standards list
Audio scene rotation,Standards,"Standards — Immersive/Object/Scene, MIR, ML & Loudness",NEW,Standards list
Audio scene scaling,Standards,"Standards — Immersive/Object/Scene, MIR, ML & Loudness",NEW,Standards list
Audio scene translation,Standards,"Standards — Immersive/Object/Scene, MIR, ML & Loudness",NEW,Standards list
Audio scene-graph traversal,Standards,"Standards — Immersive/Object/Scene, MIR, ML & Loudness",NEW,Standards list
Audio style-transfer defense,Standards,"Standards — Immersive/Object/Scene, MIR, ML & Loudness",NEW,Standards list
Audio-Language Retrieval,Standards,"Standards — Immersive/Object/Scene, MIR, ML & Loudness",NEW,Standards list
Audio-Sheet-Music Correspondence,Standards,"Standards — Immersive/Object/Scene, MIR, ML & Loudness",NEW,Standards list
Audio-description presentation,Standards,"Standards — Immersive/Object/Scene, MIR, ML & Loudness",NEW,Standards list
Audio-embedded downmix metadata,Standards,"Standards — Immersive/Object/Scene, MIR, ML & Loudness",NEW,Standards list
Audio-embedded loudness metadata,Standards,"Standards — Immersive/Object/Scene, MIR, ML & Loudness",NEW,Standards list
Audio-embedded metadata,Standards,"Standards — Immersive/Object/Scene, MIR, ML & Loudness",NEW,Standards list
Audio-embedded true-peak metadata,Standards,"Standards — Immersive/Object/Scene, MIR, ML & Loudness",NEW,Standards list
Audio-object instantiation,Standards,"Standards — Immersive/Object/Scene, MIR, ML & Loudness",NEW,Standards list
Audio-object integrity,Standards,"Standards — Immersive/Object/Scene, MIR, ML & Loudness",NEW,Standards list
Audio-object provenance,Standards,"Standards — Immersive/Object/Scene, MIR, ML & Loudness",NEW,Standards list
Audio-object relationship,Standards,"Standards — Immersive/Object/Scene, MIR, ML & Loudness",NEW,Standards list
Audio-sample metadata embedding,Standards,"Standards — Immersive/Object/Scene, MIR, ML & Loudness",NEW,Standards list
Audio-visual coherence,Standards,"Standards — Immersive/Object/Scene, MIR, ML & Loudness",NEW,Standards list
Audio-visual object association,Standards,"Standards — Immersive/Object/Scene, MIR, ML & Loudness",NEW,Standards list
Audio-visual position mismatch,Standards,"Standards — Immersive/Object/Scene, MIR, ML & Loudness",NEW,Standards list
Audio-visual spatial alignment,Standards,"Standards — Immersive/Object/Scene, MIR, ML & Loudness",NEW,Standards list
Augmented-reality listener space,Standards,"Standards — Immersive/Object/Scene, MIR, ML & Loudness",NEW,Standards list
Beamforming weight vector,Standards,"Standards — Immersive/Object/Scene, MIR, ML & Loudness",NEW,Standards list
Beat Histogram,Standards,"Standards — Immersive/Object/Scene, MIR, ML & Loudness",NEW,Standards list
Beat Spectrum,Standards,"Standards — Immersive/Object/Scene, MIR, ML & Loudness",NEW,Standards list
Binaural rendering,Standards,"Standards — Immersive/Object/Scene, MIR, ML & Loudness",NEW,Standards list
Categorical Loudness Scaling,Standards,"Standards — Immersive/Object/Scene, MIR, ML & Loudness",NEW,Standards list
Channel-based audio,Standards,"Standards — Immersive/Object/Scene, MIR, ML & Loudness",NEW,Standards list
Codebook index,Standards,"Standards — Immersive/Object/Scene, MIR, ML & Loudness",NEW,Standards list
Coded representation,Standards,"Standards — Immersive/Object/Scene, MIR, ML & Loudness",NEW,Standards list
Common intelligibility scale,Standards,"Standards — Immersive/Object/Scene, MIR, ML & Loudness",NEW,Standards list
Deep clustering,Standards,"Standards — Immersive/Object/Scene, MIR, ML & Loudness",NEW,Standards list
Delay-and-sum beamformer,Standards,"Standards — Immersive/Object/Scene, MIR, ML & Loudness",NEW,Standards list
Dialogue enhancement,Standards,"Standards — Immersive/Object/Scene, MIR, ML & Loudness",NEW,Standards list
Dialogue normalization,Standards,"Standards — Immersive/Object/Scene, MIR, ML & Loudness",NEW,Standards list
Dichotic Pitch,Standards,"Standards — Immersive/Object/Scene, MIR, ML & Loudness",NEW,Standards list
Directional loudness,Standards,"Standards — Immersive/Object/Scene, MIR, ML & Loudness",NEW,Standards list
Downmix coefficient,Standards,"Standards — Immersive/Object/Scene, MIR, ML & Loudness",NEW,Standards list
Fine-structure cue,Standards,"Standards — Immersive/Object/Scene, MIR, ML & Loudness",NEW,Standards list
Gated loudness,Standards,"Standards — Immersive/Object/Scene, MIR, ML & Loudness",NEW,Standards list
Harmonic-percussive source separation,Standards,"Standards — Immersive/Object/Scene, MIR, ML & Loudness",NEW,Standards list
High-order ambisonics,Standards,"Standards — Immersive/Object/Scene, MIR, ML & Loudness",NEW,Standards list
Higher-order ambisonic coefficient,Standards,"Standards — Immersive/Object/Scene, MIR, ML & Loudness",NEW,Standards list
Immersive audio bitstream,Standards,"Standards — Immersive/Object/Scene, MIR, ML & Loudness",NEW,Standards list
In-head localization,Standards,"Standards — Immersive/Object/Scene, MIR, ML & Loudness",NEW,Standards list
Integrated loudness,Standards,"Standards — Immersive/Object/Scene, MIR, ML & Loudness",NEW,Standards list
K-weighting,Standards,"Standards — Immersive/Object/Scene, MIR, ML & Loudness",NEW,Standards list
Key profile,Standards,"Standards — Immersive/Object/Scene, MIR, ML & Loudness",NEW,Standards list
Localization blur,Standards,"Standards — Immersive/Object/Scene, MIR, ML & Loudness",NEW,Standards list
Loudness range,Standards,"Standards — Immersive/Object/Scene, MIR, ML & Loudness",NEW,Standards list
Loudness recruitment,Standards,"Standards — Immersive/Object/Scene, MIR, ML & Loudness",NEW,Standards list
Non-negative matrix factorization,Standards,"Standards — Immersive/Object/Scene, MIR, ML & Loudness",NEW,Standards list
Normalized loudness,Standards,"Standards — Immersive/Object/Scene, MIR, ML & Loudness",NEW,Standards list
Object priority,Standards,"Standards — Immersive/Object/Scene, MIR, ML & Loudness",NEW,Standards list
Onset asynchrony,Standards,"Standards — Immersive/Object/Scene, MIR, ML & Loudness",NEW,Standards list
Onset detection function,Standards,"Standards — Immersive/Object/Scene, MIR, ML & Loudness",NEW,Standards list
Order of an ambisonic system,Standards,"Standards — Immersive/Object/Scene, MIR, ML & Loudness",NEW,Standards list
Partial loudness,Standards,"Standards — Immersive/Object/Scene, MIR, ML & Loudness",NEW,Standards list
Perceptual linear prediction,Standards,"Standards — Immersive/Object/Scene, MIR, ML & Loudness",NEW,Standards list
Pitch salience,Standards,"Standards — Immersive/Object/Scene, MIR, ML & Loudness",NEW,Standards list
Pitch strength,Standards,"Standards — Immersive/Object/Scene, MIR, ML & Loudness",NEW,Standards list
Plane-wave decomposition,Standards,"Standards — Immersive/Object/Scene, MIR, ML & Loudness",NEW,Standards list
Presentation timestamp,Standards,"Standards — Immersive/Object/Scene, MIR, ML & Loudness",NEW,Standards list
Primary-ambient decomposition,Standards,"Standards — Immersive/Object/Scene, MIR, ML & Loudness",NEW,Standards list
Quadrature mirror filter,Standards,"Standards — Immersive/Object/Scene, MIR, ML & Loudness",NEW,Standards list
Rendering matrix,Standards,"Standards — Immersive/Object/Scene, MIR, ML & Loudness",NEW,Standards list
Signal-to-mask ratio,Standards,"Standards — Immersive/Object/Scene, MIR, ML & Loudness",NEW,Standards list
Spatial aliasing frequency,Standards,"Standards — Immersive/Object/Scene, MIR, ML & Loudness",NEW,Standards list
Spatial audio object coding,Standards,"Standards — Immersive/Object/Scene, MIR, ML & Loudness",NEW,Standards list
Spatial impression,Standards,"Standards — Immersive/Object/Scene, MIR, ML & Loudness",NEW,Standards list
Speech intelligibility index,Standards,"Standards — Immersive/Object/Scene, MIR, ML & Loudness",NEW,Standards list
Streaming loudness compliance,Standards,"Standards — Immersive/Object/Scene, MIR, ML & Loudness",NEW,Standards list
Superdirective beamforming,Standards,"Standards — Immersive/Object/Scene, MIR, ML & Loudness",NEW,Standards list
Temporal envelope cue,Standards,"Standards — Immersive/Object/Scene, MIR, ML & Loudness",NEW,Standards list
Temporal fine structure,Standards,"Standards — Immersive/Object/Scene, MIR, ML & Loudness",NEW,Standards list
Temporal weighting function,Standards,"Standards — Immersive/Object/Scene, MIR, ML & Loudness",NEW,Standards list
Transaural reproduction,Standards,"Standards — Immersive/Object/Scene, MIR, ML & Loudness",NEW,Standards list
True peak level,Standards,"Standards — Immersive/Object/Scene, MIR, ML & Loudness",NEW,Standards list
Vector-base amplitude panning,Standards,"Standards — Immersive/Object/Scene, MIR, ML & Loudness",NEW,Standards list
Wave field synthesis,Standards,"Standards — Immersive/Object/Scene, MIR, ML & Loudness",NEW,Standards list
Zwicker loudness model,Standards,"Standards — Immersive/Object/Scene, MIR, ML & Loudness",NEW,Standards list
Absolute Limen,Standards,"Standards — Psychoacoustics, Hearing & Audiology",NEW,Standards list
Across-Formant Grouping,Standards,"Standards — Psychoacoustics, Hearing & Audiology",NEW,Standards list
Across-Modal Influence,Standards,"Standards — Psychoacoustics, Hearing & Audiology",NEW,Standards list
Additivity of Forward Masking,Standards,"Standards — Psychoacoustics, Hearing & Audiology",NEW,Standards list
Air-conduction audiometry,Standards,"Standards — Psychoacoustics, Hearing & Audiology",NEW,Standards list
Annoyance,Standards,"Standards — Psychoacoustics, Hearing & Audiology",NEW,Standards list
Antiphasic Listening Condition,Standards,"Standards — Psychoacoustics, Hearing & Audiology",NEW,Standards list
Apical Excitation,Standards,"Standards — Psychoacoustics, Hearing & Audiology",NEW,Standards list
Artificial mastoid,Standards,"Standards — Psychoacoustics, Hearing & Audiology",NEW,Standards list
Audibility path,Standards,"Standards — Psychoacoustics, Hearing & Audiology",NEW,Standards list
Audiometric reference zero,Standards,"Standards — Psychoacoustics, Hearing & Audiology",NEW,Standards list
Audiometrically Normal Listener,Standards,"Standards — Psychoacoustics, Hearing & Audiology",NEW,Standards list
Auditory Gap,Standards,"Standards — Psychoacoustics, Hearing & Audiology",NEW,Standards list
Auditory Negative Afterimage,Standards,"Standards — Psychoacoustics, Hearing & Audiology",NEW,Standards list
Auditory Sensation Area,Standards,"Standards — Psychoacoustics, Hearing & Audiology",NEW,Standards list
Auditory Time Error,Standards,"Standards — Psychoacoustics, Hearing & Audiology",NEW,Standards list
Auditory weighting function,Standards,"Standards — Psychoacoustics, Hearing & Audiology",NEW,Standards list
Auditory-Filter Asymmetry,Standards,"Standards — Psychoacoustics, Hearing & Audiology",NEW,Standards list
Auditory-field correction,Standards,"Standards — Psychoacoustics, Hearing & Audiology",NEW,Standards list
Auditory-filter bandwidth,Standards,"Standards — Psychoacoustics, Hearing & Audiology",NEW,Standards list
Backward Masking,Standards,"Standards — Psychoacoustics, Hearing & Audiology",NEW,Standards list
Basilar-Membrane Motion,Standards,"Standards — Psychoacoustics, Hearing & Audiology",NEW,Standards list
Between-Channel Masking,Standards,"Standards — Psychoacoustics, Hearing & Audiology",NEW,Standards list
Bilateral Masking-Level Difference,Standards,"Standards — Psychoacoustics, Hearing & Audiology",NEW,Standards list
Binaural Advantage,Standards,"Standards — Psychoacoustics, Hearing & Audiology",NEW,Standards list
Binaural Interference,Standards,"Standards — Psychoacoustics, Hearing & Audiology",NEW,Standards list
Binaural Sluggishness,Standards,"Standards — Psychoacoustics, Hearing & Audiology",NEW,Standards list
Binaural room impulse response,Standards,"Standards — Psychoacoustics, Hearing & Audiology",NEW,Standards list
Binaural unmasking,Standards,"Standards — Psychoacoustics, Hearing & Audiology",NEW,Standards list
Blauert Band,Standards,"Standards — Psychoacoustics, Hearing & Audiology",NEW,Standards list
Bone-conduction threshold,Standards,"Standards — Psychoacoustics, Hearing & Audiology",NEW,Standards list
Center-of-gravity effect,Standards,"Standards — Psychoacoustics, Hearing & Audiology",NEW,Standards list
Co-articulation cue,Standards,"Standards — Psychoacoustics, Hearing & Audiology",NEW,Standards list
Coarticulated cue,Standards,"Standards — Psychoacoustics, Hearing & Audiology",NEW,Standards list
Comodulation Masking Release,Standards,"Standards — Psychoacoustics, Hearing & Audiology",NEW,Standards list
Conditioned Threshold,Standards,"Standards — Psychoacoustics, Hearing & Audiology",NEW,Standards list
Cone of Confusion,Standards,"Standards — Psychoacoustics, Hearing & Audiology",NEW,Standards list
Confusion neighborhood,Standards,"Standards — Psychoacoustics, Hearing & Audiology",NEW,Standards list
Continuous rating scale,Standards,"Standards — Psychoacoustics, Hearing & Audiology",NEW,Standards list
Conversational level,Standards,"Standards — Psychoacoustics, Hearing & Audiology",NEW,Standards list
Critical Bandwidth,Standards,"Standards — Psychoacoustics, Hearing & Audiology",NEW,Standards list
Critical ratio,Standards,"Standards — Psychoacoustics, Hearing & Audiology",NEW,Standards list
Cross-adaptive processing,Standards,"Standards — Psychoacoustics, Hearing & Audiology",NEW,Standards list
Cross-modal binding,Standards,"Standards — Psychoacoustics, Hearing & Audiology",NEW,Standards list
Cue integration,Standards,"Standards — Psychoacoustics, Hearing & Audiology",NEW,Standards list
Delayed masking,Standards,"Standards — Psychoacoustics, Hearing & Audiology",NEW,Standards list
Detection efficiency,Standards,"Standards — Psychoacoustics, Hearing & Audiology",NEW,Standards list
Detection theory,Standards,"Standards — Psychoacoustics, Hearing & Audiology",NEW,Standards list
Difference limen for frequency,Standards,"Standards — Psychoacoustics, Hearing & Audiology",NEW,Standards list
Difference limen for intensity,Standards,"Standards — Psychoacoustics, Hearing & Audiology",NEW,Standards list
Downward Spread of Masking,Standards,"Standards — Psychoacoustics, Hearing & Audiology",NEW,Standards list
Echo threshold,Standards,"Standards — Psychoacoustics, Hearing & Audiology",NEW,Standards list
Equivalent rectangular bandwidth,Standards,"Standards — Psychoacoustics, Hearing & Audiology",NEW,Standards list
Excitation pattern,Standards,"Standards — Psychoacoustics, Hearing & Audiology",NEW,Standards list
Formant Transition Cue,Standards,"Standards — Psychoacoustics, Hearing & Audiology",NEW,Standards list
Forward-backward masking,Standards,"Standards — Psychoacoustics, Hearing & Audiology",NEW,Standards list
Gap detection threshold,Standards,"Standards — Psychoacoustics, Hearing & Audiology",NEW,Standards list
Grouping cue,Standards,"Standards — Psychoacoustics, Hearing & Audiology",NEW,Standards list
Head-related impulse response,Standards,"Standards — Psychoacoustics, Hearing & Audiology",NEW,Standards list
Hearing level,Standards,"Standards — Psychoacoustics, Hearing & Audiology",NEW,Standards list
Hearing threshold level,Standards,"Standards — Psychoacoustics, Hearing & Audiology",NEW,Standards list
Informational Masking,Standards,"Standards — Psychoacoustics, Hearing & Audiology",NEW,Standards list
Interaural cross-correlation coefficient,Standards,"Standards — Psychoacoustics, Hearing & Audiology",NEW,Standards list
Interaural intensity difference,Standards,"Standards — Psychoacoustics, Hearing & Audiology",NEW,Standards list
Interaural phase difference,Standards,"Standards — Psychoacoustics, Hearing & Audiology",NEW,Standards list
Internal noise of the auditory system,Standards,"Standards — Psychoacoustics, Hearing & Audiology",NEW,Standards list
Ipsilateral masking,Standards,"Standards — Psychoacoustics, Hearing & Audiology",NEW,Standards list
Isophonic contour,Standards,"Standards — Psychoacoustics, Hearing & Audiology",NEW,Standards list
Masking pattern,Standards,"Standards — Psychoacoustics, Hearing & Audiology",NEW,Standards list
Masking release,Standards,"Standards — Psychoacoustics, Hearing & Audiology",NEW,Standards list
Modulation masking,Standards,"Standards — Psychoacoustics, Hearing & Audiology",NEW,Standards list
Multidimensional scaling of timbre,Standards,"Standards — Psychoacoustics, Hearing & Audiology",NEW,Standards list
Noise gate threshold,Standards,"Standards — Psychoacoustics, Hearing & Audiology",NEW,Standards list
Optimum reverberation time,Standards,"Standards — Psychoacoustics, Hearing & Audiology",NEW,Standards list
Post-masking,Standards,"Standards — Psychoacoustics, Hearing & Audiology",NEW,Standards list
Pre-masking,Standards,"Standards — Psychoacoustics, Hearing & Audiology",NEW,Standards list
Probe-tube microphone,Standards,"Standards — Psychoacoustics, Hearing & Audiology",NEW,Standards list
Reference listening level,Standards,"Standards — Psychoacoustics, Hearing & Audiology",NEW,Standards list
Release from masking,Standards,"Standards — Psychoacoustics, Hearing & Audiology",NEW,Standards list
Reverberation radius,Standards,"Standards — Psychoacoustics, Hearing & Audiology",NEW,Standards list
Reverberation time,Standards,"Standards — Psychoacoustics, Hearing & Audiology",NEW,Standards list
Sensation level,Standards,"Standards — Psychoacoustics, Hearing & Audiology",NEW,Standards list
Sone,Standards,"Standards — Psychoacoustics, Hearing & Audiology",NEW,Standards list
Spatial release from masking,Standards,"Standards — Psychoacoustics, Hearing & Audiology",NEW,Standards list
Speech reception threshold,Standards,"Standards — Psychoacoustics, Hearing & Audiology",NEW,Standards list
Successive masking,Standards,"Standards — Psychoacoustics, Hearing & Audiology",NEW,Standards list
Suprathreshold,Standards,"Standards — Psychoacoustics, Hearing & Audiology",NEW,Standards list
Temporal masking,Standards,"Standards — Psychoacoustics, Hearing & Audiology",NEW,Standards list
Timbre space,Standards,"Standards — Psychoacoustics, Hearing & Audiology",NEW,Standards list
Time-frequency masking,Standards,"Standards — Psychoacoustics, Hearing & Audiology",NEW,Standards list
Tonality index,Standards,"Standards — Psychoacoustics, Hearing & Audiology",NEW,Standards list
Absorption loss,Standards,"Standards — Room, Building, Environmental & Measurement",NEW,Standards list
Acoustic Activity Index,Standards,"Standards — Room, Building, Environmental & Measurement",NEW,Standards list
Acoustic Attenuation Constant,Standards,"Standards — Room, Building, Environmental & Measurement",NEW,Standards list
Acoustic Black Hole,Standards,"Standards — Room, Building, Environmental & Measurement",NEW,Standards list
Acoustic Bridge,Standards,"Standards — Room, Building, Environmental & Measurement",NEW,Standards list
Acoustic Dispersion,Standards,"Standards — Room, Building, Environmental & Measurement",NEW,Standards list
Acoustic Encounter,Standards,"Standards — Room, Building, Environmental & Measurement",NEW,Standards list
Acoustic Equivalent Volume,Standards,"Standards — Room, Building, Environmental & Measurement",NEW,Standards list
Acoustic Localization Error,Standards,"Standards — Room, Building, Environmental & Measurement",NEW,Standards list
Acoustic Radiation Force,Standards,"Standards — Room, Building, Environmental & Measurement",NEW,Standards list
Acoustic Streaming,Standards,"Standards — Room, Building, Environmental & Measurement",NEW,Standards list
Acoustic appropriateness,Standards,"Standards — Room, Building, Environmental & Measurement",NEW,Standards list
Acoustic boundary,Standards,"Standards — Room, Building, Environmental & Measurement",NEW,Standards list
Acoustic coupler,Standards,"Standards — Room, Building, Environmental & Measurement",NEW,Standards list
Acoustic diffraction,Standards,"Standards — Room, Building, Environmental & Measurement",NEW,Standards list
Acoustic energy map,Standards,"Standards — Room, Building, Environmental & Measurement",NEW,Standards list
Acoustic environment model,Standards,"Standards — Room, Building, Environmental & Measurement",NEW,Standards list
Acoustic impedance of water,Standards,"Standards — Room, Building, Environmental & Measurement",NEW,Standards list
Acoustic multitarget tracking,Standards,"Standards — Room, Building, Environmental & Measurement",NEW,Standards list
Acoustic obstruction,Standards,"Standards — Room, Building, Environmental & Measurement",NEW,Standards list
Acoustic opening,Standards,"Standards — Room, Building, Environmental & Measurement",NEW,Standards list
Acoustic particle acceleration,Standards,"Standards — Room, Building, Environmental & Measurement",NEW,Standards list
Acoustic particle motion,Standards,"Standards — Room, Building, Environmental & Measurement",NEW,Standards list
Acoustic prediction data set,Standards,"Standards — Room, Building, Environmental & Measurement",NEW,Standards list
Acoustic privacy,Standards,"Standards — Room, Building, Environmental & Measurement",NEW,Standards list
Acoustic ray,Standards,"Standards — Room, Building, Environmental & Measurement",NEW,Standards list
Acoustic ray path,Standards,"Standards — Room, Building, Environmental & Measurement",NEW,Standards list
Acoustic region,Standards,"Standards — Room, Building, Environmental & Measurement",NEW,Standards list
Acoustic source trajectory,Standards,"Standards — Room, Building, Environmental & Measurement",NEW,Standards list
Acoustic transfer impedance,Standards,"Standards — Room, Building, Environmental & Measurement",NEW,Standards list
Acoustic transfer-function vector,Standards,"Standards — Room, Building, Environmental & Measurement",NEW,Standards list
Acoustic visibility,Standards,"Standards — Room, Building, Environmental & Measurement",NEW,Standards list
Acoustic zone,Standards,"Standards — Room, Building, Environmental & Measurement",NEW,Standards list
Acoustic-command injection,Standards,"Standards — Room, Building, Environmental & Measurement",NEW,Standards list
Acoustic-environment recording,Standards,"Standards — Room, Building, Environmental & Measurement",NEW,Standards list
Acoustic-response parameterization,Standards,"Standards — Room, Building, Environmental & Measurement",NEW,Standards list
Air-absorption model,Standards,"Standards — Room, Building, Environmental & Measurement",NEW,Standards list
Airborne sound insulation,Standards,"Standards — Room, Building, Environmental & Measurement",NEW,Standards list
Airborne sound insulation rating,Standards,"Standards — Room, Building, Environmental & Measurement",NEW,Standards list
Ambient sound,Standards,"Standards — Room, Building, Environmental & Measurement",NEW,Standards list
Anthropogenic sound,Standards,"Standards — Room, Building, Environmental & Measurement",NEW,Standards list
Apparent sound reduction index,Standards,"Standards — Room, Building, Environmental & Measurement",NEW,Standards list
Area source,Standards,"Standards — Room, Building, Environmental & Measurement",NEW,Standards list
Assessment level,Standards,"Standards — Room, Building, Environmental & Measurement",NEW,Standards list
Assessment period,Standards,"Standards — Room, Building, Environmental & Measurement",NEW,Standards list
Attenuation coefficient,Standards,"Standards — Room, Building, Environmental & Measurement",NEW,Standards list
Attenuation due to foliage,Standards,"Standards — Room, Building, Environmental & Measurement",NEW,Standards list
Attenuation due to geometrical divergence,Standards,"Standards — Room, Building, Environmental & Measurement",NEW,Standards list
Attenuation due to housing,Standards,"Standards — Room, Building, Environmental & Measurement",NEW,Standards list
Attenuation due to industrial sites,Standards,"Standards — Room, Building, Environmental & Measurement",NEW,Standards list
Augmented-reality acoustic environment,Standards,"Standards — Room, Building, Environmental & Measurement",NEW,Standards list
Axial Sensitivity,Standards,"Standards — Room, Building, Environmental & Measurement",NEW,Standards list
Building acoustics descriptor,Standards,"Standards — Room, Building, Environmental & Measurement",NEW,Standards list
Clarity index,Standards,"Standards — Room, Building, Environmental & Measurement",NEW,Standards list
Class of a sound level meter,Standards,"Standards — Room, Building, Environmental & Measurement",NEW,Standards list
Concert-hall acoustics,Standards,"Standards — Room, Building, Environmental & Measurement",NEW,Standards list
Contralateral routing of signals,Standards,"Standards — Room, Building, Environmental & Measurement",NEW,Standards list
Controlled acoustical environment,Standards,"Standards — Room, Building, Environmental & Measurement",NEW,Standards list
Decibel relative to sound power,Standards,"Standards — Room, Building, Environmental & Measurement",NEW,Standards list
Decision-directed estimation,Standards,"Standards — Room, Building, Environmental & Measurement",NEW,Standards list
Deterministic-plus-stochastic model,Standards,"Standards — Room, Building, Environmental & Measurement",NEW,Standards list
Diagnostic Rhyme Test,Standards,"Standards — Room, Building, Environmental & Measurement",NEW,Standards list
Diffuse-field sensitivity,Standards,"Standards — Room, Building, Environmental & Measurement",NEW,Standards list
Distance attenuation model,Standards,"Standards — Room, Building, Environmental & Measurement",NEW,Standards list
Distortion product otoacoustic emission,Standards,"Standards — Room, Building, Environmental & Measurement",NEW,Standards list
Divergence loss,Standards,"Standards — Room, Building, Environmental & Measurement",NEW,Standards list
Double-blind triple-stimulus test,Standards,"Standards — Room, Building, Environmental & Measurement",NEW,Standards list
Envelopment,Standards,"Standards — Room, Building, Environmental & Measurement",NEW,Standards list
Equivalent sound absorption area,Standards,"Standards — Room, Building, Environmental & Measurement",NEW,Standards list
Excess attenuation,Standards,"Standards — Room, Building, Environmental & Measurement",NEW,Standards list
Finite-difference time-domain acoustics,Standards,"Standards — Room, Building, Environmental & Measurement",NEW,Standards list
Free-field correction,Standards,"Standards — Room, Building, Environmental & Measurement",NEW,Standards list
Free-field sensitivity,Standards,"Standards — Room, Building, Environmental & Measurement",NEW,Standards list
Geometric acoustics,Standards,"Standards — Room, Building, Environmental & Measurement",NEW,Standards list
Late lateral energy,Standards,"Standards — Room, Building, Environmental & Measurement",NEW,Standards list
Lateral energy fraction,Standards,"Standards — Room, Building, Environmental & Measurement",NEW,Standards list
Lateral gain,Standards,"Standards — Room, Building, Environmental & Measurement",NEW,Standards list
Lateralization,Standards,"Standards — Room, Building, Environmental & Measurement",NEW,Standards list
Loudspeaker sensitivity,Standards,"Standards — Room, Building, Environmental & Measurement",NEW,Standards list
Octave-band analysis,Standards,"Standards — Room, Building, Environmental & Measurement",NEW,Standards list
Open-plan office acoustics,Standards,"Standards — Room, Building, Environmental & Measurement",NEW,Standards list
Otoacoustic emission,Standards,"Standards — Room, Building, Environmental & Measurement",NEW,Standards list
Perceptual noise substitution,Standards,"Standards — Room, Building, Environmental & Measurement",NEW,Standards list
Random-incidence response,Standards,"Standards — Room, Building, Environmental & Measurement",NEW,Standards list
Sabine absorption,Standards,"Standards — Room, Building, Environmental & Measurement",NEW,Standards list
Schroeder integration,Standards,"Standards — Room, Building, Environmental & Measurement",NEW,Standards list
Sound reduction index,Standards,"Standards — Room, Building, Environmental & Measurement",NEW,Standards list
Stimulus-onset asynchrony,Standards,"Standards — Room, Building, Environmental & Measurement",NEW,Standards list
Weighting network,Standards,"Standards — Room, Building, Environmental & Measurement",NEW,Standards list
Acoustic camera,Surveillance & Forensic Audio,"Surveillance, Forensic & Covert Audio",NEW,Batch 4
Acoustic focus,Surveillance & Forensic Audio,"Surveillance, Forensic & Covert Audio",NEW,Batch 4
Acoustic gain,Surveillance & Forensic Audio,"Surveillance, Forensic & Covert Audio",NEW,Batch 4
Acoustic imaging,Surveillance & Forensic Audio,"Surveillance, Forensic & Covert Audio",NEW,Batch 4
Acoustic intelligence (ACINT),Surveillance & Forensic Audio,"Surveillance, Forensic & Covert Audio",NEW,Batch 4
Acoustic localization,Surveillance & Forensic Audio,"Surveillance, Forensic & Covert Audio",NEW,Batch 4
Acoustic reflector,Surveillance & Forensic Audio,"Surveillance, Forensic & Covert Audio",NEW,Batch 4
Acoustic shadow,Surveillance & Forensic Audio,"Surveillance, Forensic & Covert Audio",NEW,Batch 4
Acoustic surveillance,Surveillance & Forensic Audio,"Surveillance, Forensic & Covert Audio",NEW,Batch 4
Acoustic zoom,Surveillance & Forensic Audio,"Surveillance, Forensic & Covert Audio",NEW,Batch 4
Active monitoring,Surveillance & Forensic Audio,"Surveillance, Forensic & Covert Audio",NEW,Batch 4
Adaptive filtering,Surveillance & Forensic Audio,"Surveillance, Forensic & Covert Audio",NEW,Batch 4
Ambient recording,Surveillance & Forensic Audio,"Surveillance, Forensic & Covert Audio",NEW,Batch 4
Analog transmitter,Surveillance & Forensic Audio,"Surveillance, Forensic & Covert Audio",NEW,Batch 4
Array microphone,Surveillance & Forensic Audio,"Surveillance, Forensic & Covert Audio",NEW,Batch 4
Articulation index,Surveillance & Forensic Audio,"Surveillance, Forensic & Covert Audio",NEW,Batch 4
Audio authentication,Surveillance & Forensic Audio,"Surveillance, Forensic & Covert Audio",NEW,Batch 4
Audio bug,Surveillance & Forensic Audio,"Surveillance, Forensic & Covert Audio",NEW,Batch 4
Audio downlink,Surveillance & Forensic Audio,"Surveillance, Forensic & Covert Audio",NEW,Batch 4
Audio forensics,Surveillance & Forensic Audio,"Surveillance, Forensic & Covert Audio",NEW,Batch 4
Audio integrity,Surveillance & Forensic Audio,"Surveillance, Forensic & Covert Audio",NEW,Batch 4
Audio intelligence,Surveillance & Forensic Audio,"Surveillance, Forensic & Covert Audio",NEW,Batch 4
Audio interception,Surveillance & Forensic Audio,"Surveillance, Forensic & Covert Audio",NEW,Batch 4
Audio link,Surveillance & Forensic Audio,"Surveillance, Forensic & Covert Audio",NEW,Batch 4
Audio monitoring,Surveillance & Forensic Audio,"Surveillance, Forensic & Covert Audio",NEW,Batch 4
Audio relay,Surveillance & Forensic Audio,"Surveillance, Forensic & Covert Audio",NEW,Batch 4
Audio surveillance,Surveillance & Forensic Audio,"Surveillance, Forensic & Covert Audio",NEW,Batch 4
Audio surveillance network,Surveillance & Forensic Audio,"Surveillance, Forensic & Covert Audio",NEW,Batch 4
Audio transmitter,Surveillance & Forensic Audio,"Surveillance, Forensic & Covert Audio",NEW,Batch 4
Audio uplink,Surveillance & Forensic Audio,"Surveillance, Forensic & Covert Audio",NEW,Batch 4
Base station,Surveillance & Forensic Audio,"Surveillance, Forensic & Covert Audio",NEW,Batch 4
Beam steering,Surveillance & Forensic Audio,"Surveillance, Forensic & Covert Audio",NEW,Batch 4
Beamforming array,Surveillance & Forensic Audio,"Surveillance, Forensic & Covert Audio",NEW,Batch 4
Beamforming microphone,Surveillance & Forensic Audio,"Surveillance, Forensic & Covert Audio",NEW,Batch 4
Bluetooth audio,Surveillance & Forensic Audio,"Surveillance, Forensic & Covert Audio",NEW,Batch 4
Body recorder,Surveillance & Forensic Audio,"Surveillance, Forensic & Covert Audio",NEW,Batch 4
Body wire microphone,Surveillance & Forensic Audio,"Surveillance, Forensic & Covert Audio",NEW,Batch 4
Broadband detector,Surveillance & Forensic Audio,"Surveillance, Forensic & Covert Audio",NEW,Batch 4
Buffered recording,Surveillance & Forensic Audio,"Surveillance, Forensic & Covert Audio",NEW,Batch 4
Bug,Surveillance & Forensic Audio,"Surveillance, Forensic & Covert Audio",NEW,Batch 4
Bug sweep,Surveillance & Forensic Audio,"Surveillance, Forensic & Covert Audio",NEW,Batch 4
Bugging,Surveillance & Forensic Audio,"Surveillance, Forensic & Covert Audio",NEW,Batch 4
Burst transmitter,Surveillance & Forensic Audio,"Surveillance, Forensic & Covert Audio",NEW,Batch 4
Carrier detection,Surveillance & Forensic Audio,"Surveillance, Forensic & Covert Audio",NEW,Batch 4
Cellular audio transmitter,Surveillance & Forensic Audio,"Surveillance, Forensic & Covert Audio",NEW,Batch 4
Channel synchronization,Surveillance & Forensic Audio,"Surveillance, Forensic & Covert Audio",NEW,Batch 4
Communications intelligence (COMINT),Surveillance & Forensic Audio,"Surveillance, Forensic & Covert Audio",NEW,Batch 4
Concealed microphone,Surveillance & Forensic Audio,"Surveillance, Forensic & Covert Audio",NEW,Batch 4
Continuous monitoring,Surveillance & Forensic Audio,"Surveillance, Forensic & Covert Audio",NEW,Batch 4
Continuous recorder,Surveillance & Forensic Audio,"Surveillance, Forensic & Covert Audio",NEW,Batch 4
Counter-surveillance,Surveillance & Forensic Audio,"Surveillance, Forensic & Covert Audio",NEW,Batch 4
Covert audio,Surveillance & Forensic Audio,"Surveillance, Forensic & Covert Audio",NEW,Batch 4
Covert listening,Surveillance & Forensic Audio,"Surveillance, Forensic & Covert Audio",NEW,Batch 4
Covert microphone,Surveillance & Forensic Audio,"Surveillance, Forensic & Covert Audio",NEW,Batch 4
Covert recording,Surveillance & Forensic Audio,"Surveillance, Forensic & Covert Audio",NEW,Batch 4
Digital transmitter,Surveillance & Forensic Audio,"Surveillance, Forensic & Covert Audio",NEW,Batch 4
Digital voice recorder,Surveillance & Forensic Audio,"Surveillance, Forensic & Covert Audio",NEW,Batch 4
Directional pickup,Surveillance & Forensic Audio,"Surveillance, Forensic & Covert Audio",NEW,Batch 4
Electronic countermeasures,Surveillance & Forensic Audio,"Surveillance, Forensic & Covert Audio",NEW,Batch 4
Electronic eavesdropping,Surveillance & Forensic Audio,"Surveillance, Forensic & Covert Audio",NEW,Batch 4
Electronic surveillance,Surveillance & Forensic Audio,"Surveillance, Forensic & Covert Audio",NEW,Batch 4
Electronic surveillance countermeasures (ESCM),Surveillance & Forensic Audio,"Surveillance, Forensic & Covert Audio",NEW,Batch 4
Electronic sweep,Surveillance & Forensic Audio,"Surveillance, Forensic & Covert Audio",NEW,Batch 4
Encrypted transmitter,Surveillance & Forensic Audio,"Surveillance, Forensic & Covert Audio",NEW,Batch 4
Event-triggered recorder,Surveillance & Forensic Audio,"Surveillance, Forensic & Covert Audio",NEW,Batch 4
Evidence recorder,Surveillance & Forensic Audio,"Surveillance, Forensic & Covert Audio",NEW,Batch 4
Evidence recording,Surveillance & Forensic Audio,"Surveillance, Forensic & Covert Audio",NEW,Batch 4
Far-field microphone,Surveillance & Forensic Audio,"Surveillance, Forensic & Covert Audio",NEW,Batch 4
Fiber optic microphone,Surveillance & Forensic Audio,"Surveillance, Forensic & Covert Audio",NEW,Batch 4
Flash recorder,Surveillance & Forensic Audio,"Surveillance, Forensic & Covert Audio",NEW,Batch 4
Forensic acoustics,Surveillance & Forensic Audio,"Surveillance, Forensic & Covert Audio",NEW,Batch 4
Forensic audio,Surveillance & Forensic Audio,"Surveillance, Forensic & Covert Audio",NEW,Batch 4
Formant analysis,Surveillance & Forensic Audio,"Surveillance, Forensic & Covert Audio",NEW,Batch 4
Frequency hopping,Surveillance & Forensic Audio,"Surveillance, Forensic & Covert Audio",NEW,Batch 4
GSM audio transmitter,Surveillance & Forensic Audio,"Surveillance, Forensic & Covert Audio",NEW,Batch 4
Harmonic analysis,Surveillance & Forensic Audio,"Surveillance, Forensic & Covert Audio",NEW,Batch 4
Hidden microphone detection,Surveillance & Forensic Audio,"Surveillance, Forensic & Covert Audio",NEW,Batch 4
Hidden transmitter detection,Surveillance & Forensic Audio,"Surveillance, Forensic & Covert Audio",NEW,Batch 4
ISM-band transmitter,Surveillance & Forensic Audio,"Surveillance, Forensic & Covert Audio",NEW,Batch 4
LTE transmitter,Surveillance & Forensic Audio,"Surveillance, Forensic & Covert Audio",NEW,Batch 4
Laser Doppler microphone,Surveillance & Forensic Audio,"Surveillance, Forensic & Covert Audio",NEW,Batch 4
Laser vibrometer,Surveillance & Forensic Audio,"Surveillance, Forensic & Covert Audio",NEW,Batch 4
Listening device,Surveillance & Forensic Audio,"Surveillance, Forensic & Covert Audio",NEW,Batch 4
Listening post,Surveillance & Forensic Audio,"Surveillance, Forensic & Covert Audio",NEW,Batch 4
Live monitoring,Surveillance & Forensic Audio,"Surveillance, Forensic & Covert Audio",NEW,Batch 4
Long-range pickup,Surveillance & Forensic Audio,"Surveillance, Forensic & Covert Audio",NEW,Batch 4
Low-power transmitter,Surveillance & Forensic Audio,"Surveillance, Forensic & Covert Audio",NEW,Batch 4
MEMS microphone array,Surveillance & Forensic Audio,"Surveillance, Forensic & Covert Audio",NEW,Batch 4
Miniature recorder,Surveillance & Forensic Audio,"Surveillance, Forensic & Covert Audio",NEW,Batch 4
Monitoring station,Surveillance & Forensic Audio,"Surveillance, Forensic & Covert Audio",NEW,Batch 4
Multi-channel recorder,Surveillance & Forensic Audio,"Surveillance, Forensic & Covert Audio",NEW,Batch 4
Narrowband transmission,Surveillance & Forensic Audio,"Surveillance, Forensic & Covert Audio",NEW,Batch 4
Near-field microphone,Surveillance & Forensic Audio,"Surveillance, Forensic & Covert Audio",NEW,Batch 4
Nonlinear junction detector (NLJD),Surveillance & Forensic Audio,"Surveillance, Forensic & Covert Audio",NEW,Batch 4
Omnidirectional pickup,Surveillance & Forensic Audio,"Surveillance, Forensic & Covert Audio",NEW,Batch 4
Parabolic reflector,Surveillance & Forensic Audio,"Surveillance, Forensic & Covert Audio",NEW,Batch 4
Passive monitoring,Surveillance & Forensic Audio,"Surveillance, Forensic & Covert Audio",NEW,Batch 4
Phonetic analysis,Surveillance & Forensic Audio,"Surveillance, Forensic & Covert Audio",NEW,Batch 4
Pin microphone,Surveillance & Forensic Audio,"Surveillance, Forensic & Covert Audio",NEW,Batch 4
Pitch analysis,Surveillance & Forensic Audio,"Surveillance, Forensic & Covert Audio",NEW,Batch 4
Pocket recorder,Surveillance & Forensic Audio,"Surveillance, Forensic & Covert Audio",NEW,Batch 4
RF detector,Surveillance & Forensic Audio,"Surveillance, Forensic & Covert Audio",NEW,Batch 4
RF leakage,Surveillance & Forensic Audio,"Surveillance, Forensic & Covert Audio",NEW,Batch 4
RF link,Surveillance & Forensic Audio,"Surveillance, Forensic & Covert Audio",NEW,Batch 4
RF spectrum analyzer,Surveillance & Forensic Audio,"Surveillance, Forensic & Covert Audio",NEW,Batch 4
RF transmitter,Surveillance & Forensic Audio,"Surveillance, Forensic & Covert Audio",NEW,Batch 4
Recording authentication,Surveillance & Forensic Audio,"Surveillance, Forensic & Covert Audio",NEW,Batch 4
Recording continuity,Surveillance & Forensic Audio,"Surveillance, Forensic & Covert Audio",NEW,Batch 4
Relay station,Surveillance & Forensic Audio,"Surveillance, Forensic & Covert Audio",NEW,Batch 4
Remote audio monitoring,Surveillance & Forensic Audio,"Surveillance, Forensic & Covert Audio",NEW,Batch 4
Remote listening device,Surveillance & Forensic Audio,"Surveillance, Forensic & Covert Audio",NEW,Batch 4
Remote monitoring,Surveillance & Forensic Audio,"Surveillance, Forensic & Covert Audio",NEW,Batch 4
Remote receiver,Surveillance & Forensic Audio,"Surveillance, Forensic & Covert Audio",NEW,Batch 4
Room monitoring,Surveillance & Forensic Audio,"Surveillance, Forensic & Covert Audio",NEW,Batch 4
Signal detector,Surveillance & Forensic Audio,"Surveillance, Forensic & Covert Audio",NEW,Batch 4
Signals intelligence (SIGINT),Surveillance & Forensic Audio,"Surveillance, Forensic & Covert Audio",NEW,Batch 4
Solid-state recorder,Surveillance & Forensic Audio,"Surveillance, Forensic & Covert Audio",NEW,Batch 4
Sound source localization,Surveillance & Forensic Audio,"Surveillance, Forensic & Covert Audio",NEW,Batch 4
Speaker recognition,Surveillance & Forensic Audio,"Surveillance, Forensic & Covert Audio",NEW,Batch 4
Spectral comparison,Surveillance & Forensic Audio,"Surveillance, Forensic & Covert Audio",NEW,Batch 4
Speech extraction,Surveillance & Forensic Audio,"Surveillance, Forensic & Covert Audio",NEW,Batch 4
Speech intelligence,Surveillance & Forensic Audio,"Surveillance, Forensic & Covert Audio",NEW,Batch 4
Spread spectrum,Surveillance & Forensic Audio,"Surveillance, Forensic & Covert Audio",NEW,Batch 4
TSCM,Surveillance & Forensic Audio,"Surveillance, Forensic & Covert Audio",NEW,Batch 4
Tamper detection,Surveillance & Forensic Audio,"Surveillance, Forensic & Covert Audio",NEW,Batch 4
Target isolation,Surveillance & Forensic Audio,"Surveillance, Forensic & Covert Audio",NEW,Batch 4
Target voice enhancement,Surveillance & Forensic Audio,"Surveillance, Forensic & Covert Audio",NEW,Batch 4
Technical surveillance,Surveillance & Forensic Audio,"Surveillance, Forensic & Covert Audio",NEW,Batch 4
Technical surveillance counter-measures (TSCM),Surveillance & Forensic Audio,"Surveillance, Forensic & Covert Audio",NEW,Batch 4
Through-wall microphone,Surveillance & Forensic Audio,"Surveillance, Forensic & Covert Audio",NEW,Batch 4
Time synchronization,Surveillance & Forensic Audio,"Surveillance, Forensic & Covert Audio",NEW,Batch 4
Time-stamped recording,Surveillance & Forensic Audio,"Surveillance, Forensic & Covert Audio",NEW,Batch 4
UHF transmitter,Surveillance & Forensic Audio,"Surveillance, Forensic & Covert Audio",NEW,Batch 4
VHF transmitter,Surveillance & Forensic Audio,"Surveillance, Forensic & Covert Audio",NEW,Batch 4
Voice collection,Surveillance & Forensic Audio,"Surveillance, Forensic & Covert Audio",NEW,Batch 4
Voice enhancement,Surveillance & Forensic Audio,"Surveillance, Forensic & Covert Audio",NEW,Batch 4
Voice interception,Surveillance & Forensic Audio,"Surveillance, Forensic & Covert Audio",NEW,Batch 4
Voice isolation,Surveillance & Forensic Audio,"Surveillance, Forensic & Covert Audio",NEW,Batch 4
Voice signature,Surveillance & Forensic Audio,"Surveillance, Forensic & Covert Audio",NEW,Batch 4
Voice-activated recorder (VOX),Surveillance & Forensic Audio,"Surveillance, Forensic & Covert Audio",NEW,Batch 4
Voiceprint,Surveillance & Forensic Audio,"Surveillance, Forensic & Covert Audio",NEW,Batch 4
Waveform comparison,Surveillance & Forensic Audio,"Surveillance, Forensic & Covert Audio",NEW,Batch 4
Wearable recorder,Surveillance & Forensic Audio,"Surveillance, Forensic & Covert Audio",NEW,Batch 4
Wi-Fi audio transmission,Surveillance & Forensic Audio,"Surveillance, Forensic & Covert Audio",NEW,Batch 4
Wind filtering,Surveillance & Forensic Audio,"Surveillance, Forensic & Covert Audio",NEW,Batch 4
Acoustic crossover between array elements,Transducer Engineering (Mics & Loudspeakers),Loudspeaker / Transducer Engineering,EXISTING,Batch 5
Acoustic cutoff,Transducer Engineering (Mics & Loudspeakers),Loudspeaker / Transducer Engineering,EXISTING,Batch 4
Acoustic damping,Transducer Engineering (Mics & Loudspeakers),Loudspeaker / Transducer Engineering,EXISTING,Batch 4
Acoustic impedance transformation,Transducer Engineering (Mics & Loudspeakers),Loudspeaker / Transducer Engineering,EXISTING,Batch 5
Acoustic mass loading,Transducer Engineering (Mics & Loudspeakers),Loudspeaker / Transducer Engineering,EXISTING,Batch 4
Acoustic-center offset,Transducer Engineering (Mics & Loudspeakers),Loudspeaker / Transducer Engineering,EXISTING,Batch 5
Air nonlinearity,Transducer Engineering (Mics & Loudspeakers),Loudspeaker / Transducer Engineering,EXISTING,Batch 4
Air-leak noise,Transducer Engineering (Mics & Loudspeakers),Loudspeaker / Transducer Engineering,EXISTING,Batch 4
Air-noise-limited output,Transducer Engineering (Mics & Loudspeakers),Loudspeaker / Transducer Engineering,EXISTING,Batch 4
Alpha ratio,Transducer Engineering (Mics & Loudspeakers),Loudspeaker / Transducer Engineering,EXISTING,Batch 4
Amplitude modulation distortion,Transducer Engineering (Mics & Loudspeakers),Loudspeaker / Transducer Engineering,EXISTING,Batch 4
Array coherence,Transducer Engineering (Mics & Loudspeakers),Loudspeaker / Transducer Engineering,EXISTING,Batch 5
Back electromotive force,Transducer Engineering (Mics & Loudspeakers),Loudspeaker / Transducer Engineering,EXISTING,Batch 5
Balanced armature,Transducer Engineering (Mics & Loudspeakers),Loudspeaker / Transducer Engineering,EXISTING,Batch 4
Band-pass enclosures,Transducer Engineering (Mics & Loudspeakers),Loudspeaker / Transducer Engineering,EXISTING,Batch 5
Beam narrowing,Transducer Engineering (Mics & Loudspeakers),Loudspeaker / Transducer Engineering,EXISTING,Batch 5
Bending-wave driver,Transducer Engineering (Mics & Loudspeakers),Loudspeaker / Transducer Engineering,EXISTING,Batch 4
Bending-wave radiator,Transducer Engineering (Mics & Loudspeakers),Loudspeaker / Transducer Engineering,EXISTING,Batch 4
Blocked impedance,Transducer Engineering (Mics & Loudspeakers),Loudspeaker / Transducer Engineering,EXISTING,Batch 4
Break-in effect,Transducer Engineering (Mics & Loudspeakers),Loudspeaker / Transducer Engineering,EXISTING,Batch 4
Broadside arrays,Transducer Engineering (Mics & Loudspeakers),Loudspeaker / Transducer Engineering,EXISTING,Batch 5
Cardioid subwoofer arrays,Transducer Engineering (Mics & Loudspeakers),Loudspeaker / Transducer Engineering,EXISTING,Batch 5
Ceiling bounce,Transducer Engineering (Mics & Loudspeakers),Loudspeaker / Transducer Engineering,EXISTING,Batch 4
Circumferential mode,Transducer Engineering (Mics & Loudspeakers),Loudspeaker / Transducer Engineering,EXISTING,Batch 4
Coaxial loudspeakers,Transducer Engineering (Mics & Loudspeakers),Loudspeaker / Transducer Engineering,EXISTING,Batch 5
Coherent wavefront,Transducer Engineering (Mics & Loudspeakers),Loudspeaker / Transducer Engineering,EXISTING,Batch 4
Compression drivers,Transducer Engineering (Mics & Loudspeakers),Loudspeaker / Transducer Engineering,EXISTING,Batch 5
Compression nonlinearity,Transducer Engineering (Mics & Loudspeakers),Loudspeaker / Transducer Engineering,EXISTING,Batch 4
Cone displacement,Transducer Engineering (Mics & Loudspeakers),Loudspeaker / Transducer Engineering,EXISTING,Batch 5
Cone motion,Transducer Engineering (Mics & Loudspeakers),Loudspeaker / Transducer Engineering,EXISTING,Batch 5
Constant-directivity horns,Transducer Engineering (Mics & Loudspeakers),Loudspeaker / Transducer Engineering,EXISTING,Batch 5
Constrained-layer damping,Transducer Engineering (Mics & Loudspeakers),Loudspeaker / Transducer Engineering,EXISTING,Batch 4
Crossover interference,Transducer Engineering (Mics & Loudspeakers),Loudspeaker / Transducer Engineering,EXISTING,Batch 5
Cylindrical spreading assumptions,Transducer Engineering (Mics & Loudspeakers),Loudspeaker / Transducer Engineering,EXISTING,Batch 5
DC resistance,Transducer Engineering (Mics & Loudspeakers),Loudspeaker / Transducer Engineering,EXISTING,Batch 4
Damage limit,Transducer Engineering (Mics & Loudspeakers),Loudspeaker / Transducer Engineering,EXISTING,Batch 4
Diaphragm breakup,Transducer Engineering (Mics & Loudspeakers),Loudspeaker / Transducer Engineering,EXISTING,Batch 5
Distributed-mode behavior,Transducer Engineering (Mics & Loudspeakers),Loudspeaker / Transducer Engineering,EXISTING,Batch 4
Doppler modulation,Transducer Engineering (Mics & Loudspeakers),Loudspeaker / Transducer Engineering,EXISTING,Batch 4
Driver spacing,Transducer Engineering (Mics & Loudspeakers),Loudspeaker / Transducer Engineering,EXISTING,Batch 5
Dynamic compression,Transducer Engineering (Mics & Loudspeakers),Loudspeaker / Transducer Engineering,EXISTING,Batch 4
Dynamic driver,Transducer Engineering (Mics & Loudspeakers),Loudspeaker / Transducer Engineering,EXISTING,Batch 4
Dynamic parameter measurement,Transducer Engineering (Mics & Loudspeakers),Loudspeaker / Transducer Engineering,EXISTING,Batch 4
EBP,Transducer Engineering (Mics & Loudspeakers),Loudspeaker / Transducer Engineering,EXISTING,Batch 4
Early-reflections curve,Transducer Engineering (Mics & Loudspeakers),Loudspeaker / Transducer Engineering,EXISTING,Batch 4
Edge diffraction,Transducer Engineering (Mics & Loudspeakers),Loudspeaker / Transducer Engineering,EXISTING,Batch 4
Effective source size,Transducer Engineering (Mics & Loudspeakers),Loudspeaker / Transducer Engineering,EXISTING,Batch 4
Electrical branch,Transducer Engineering (Mics & Loudspeakers),Loudspeaker / Transducer Engineering,EXISTING,Batch 4
Electrical damping,Transducer Engineering (Mics & Loudspeakers),Loudspeaker / Transducer Engineering,EXISTING,Batch 4
Electrical quality factor,Transducer Engineering (Mics & Loudspeakers),Loudspeaker / Transducer Engineering,EXISTING,Batch 4
Electro-mechano-acoustic equivalent circuit,Transducer Engineering (Mics & Loudspeakers),Loudspeaker / Transducer Engineering,EXISTING,Batch 4
Electroacoustic driver,Transducer Engineering (Mics & Loudspeakers),Loudspeaker / Transducer Engineering,EXISTING,Batch 4
Electromagnetic force,Transducer Engineering (Mics & Loudspeakers),Loudspeaker / Transducer Engineering,EXISTING,Batch 5
Electronic beamforming,Transducer Engineering (Mics & Loudspeakers),Loudspeaker / Transducer Engineering,EXISTING,Batch 5
End-fire arrays,Transducer Engineering (Mics & Loudspeakers),Loudspeaker / Transducer Engineering,EXISTING,Batch 5
Excursion limits,Transducer Engineering (Mics & Loudspeakers),Loudspeaker / Transducer Engineering,EXISTING,Batch 5
Exit aperture,Transducer Engineering (Mics & Loudspeakers),Loudspeaker / Transducer Engineering,EXISTING,Batch 4
Extended bass shelf,Transducer Engineering (Mics & Loudspeakers),Loudspeaker / Transducer Engineering,EXISTING,Batch 4
Fast thermal time constant,Transducer Engineering (Mics & Loudspeakers),Loudspeaker / Transducer Engineering,EXISTING,Batch 4
Fb,Transducer Engineering (Mics & Loudspeakers),Loudspeaker / Transducer Engineering,EXISTING,Batch 4
Fc,Transducer Engineering (Mics & Loudspeakers),Loudspeaker / Transducer Engineering,EXISTING,Batch 4
Flexural radiator,Transducer Engineering (Mics & Loudspeakers),Loudspeaker / Transducer Engineering,EXISTING,Batch 4
Floor bounce,Transducer Engineering (Mics & Loudspeakers),Loudspeaker / Transducer Engineering,EXISTING,Batch 4
Force-factor asymmetry,Transducer Engineering (Mics & Loudspeakers),Loudspeaker / Transducer Engineering,EXISTING,Batch 4
Force-factor modulation,Transducer Engineering (Mics & Loudspeakers),Loudspeaker / Transducer Engineering,EXISTING,Batch 4
Gradient arrays,Transducer Engineering (Mics & Loudspeakers),Loudspeaker / Transducer Engineering,EXISTING,Batch 5
Gradient subwoofer array,Transducer Engineering (Mics & Loudspeakers),Loudspeaker / Transducer Engineering,EXISTING,Batch 4
Grating lobes,Transducer Engineering (Mics & Loudspeakers),Loudspeaker / Transducer Engineering,EXISTING,Batch 5
Group delay in loudspeaker systems,Transducer Engineering (Mics & Loudspeakers),Loudspeaker / Transducer Engineering,EXISTING,Batch 5
Horizontal off-axis response,Transducer Engineering (Mics & Loudspeakers),Loudspeaker / Transducer Engineering,EXISTING,Batch 4
Horn directivity,Transducer Engineering (Mics & Loudspeakers),Loudspeaker / Transducer Engineering,EXISTING,Batch 5
Hysteresis distortion,Transducer Engineering (Mics & Loudspeakers),Loudspeaker / Transducer Engineering,EXISTING,Batch 4
Hysteretic damping,Transducer Engineering (Mics & Loudspeakers),Loudspeaker / Transducer Engineering,EXISTING,Batch 4
Impedance analogy,Transducer Engineering (Mics & Loudspeakers),Loudspeaker / Transducer Engineering,EXISTING,Batch 4
Impedance curves,Transducer Engineering (Mics & Loudspeakers),Loudspeaker / Transducer Engineering,EXISTING,Batch 5
Impedance peak,Transducer Engineering (Mics & Loudspeakers),Loudspeaker / Transducer Engineering,EXISTING,Batch 4
Instantaneous compression,Transducer Engineering (Mics & Loudspeakers),Loudspeaker / Transducer Engineering,EXISTING,Batch 4
Internal damping,Transducer Engineering (Mics & Loudspeakers),Loudspeaker / Transducer Engineering,EXISTING,Batch 4
Kapton former,Transducer Engineering (Mics & Loudspeakers),Loudspeaker / Transducer Engineering,EXISTING,Batch 4
Large-signal identification,Transducer Engineering (Mics & Loudspeakers),Loudspeaker / Transducer Engineering,EXISTING,Batch 4
Large-signal model,Transducer Engineering (Mics & Loudspeakers),Loudspeaker / Transducer Engineering,EXISTING,Batch 4
Le(i),Transducer Engineering (Mics & Loudspeakers),Loudspeaker / Transducer Engineering,EXISTING,Batch 4
Le(x),Transducer Engineering (Mics & Loudspeakers),Loudspeaker / Transducer Engineering,EXISTING,Batch 4
Leakage loss,Transducer Engineering (Mics & Loudspeakers),Loudspeaker / Transducer Engineering,EXISTING,Batch 4
Line arrays,Transducer Engineering (Mics & Loudspeakers),Loudspeaker / Transducer Engineering,EXISTING,Batch 5
Line stuffing,Transducer Engineering (Mics & Loudspeakers),Loudspeaker / Transducer Engineering,EXISTING,Batch 4
Line taper,Transducer Engineering (Mics & Loudspeakers),Loudspeaker / Transducer Engineering,EXISTING,Batch 4
Line-array curvature,Transducer Engineering (Mics & Loudspeakers),Loudspeaker / Transducer Engineering,EXISTING,Batch 5
Line-source approximation,Transducer Engineering (Mics & Loudspeakers),Loudspeaker / Transducer Engineering,EXISTING,Batch 5
Linear excursion,Transducer Engineering (Mics & Loudspeakers),Loudspeaker / Transducer Engineering,EXISTING,Batch 5
Loose-particle noise,Transducer Engineering (Mics & Loudspeakers),Loudspeaker / Transducer Engineering,EXISTING,Batch 4
Loss tangent,Transducer Engineering (Mics & Loudspeakers),Loudspeaker / Transducer Engineering,EXISTING,Batch 4
Loudspeaker impedance,Transducer Engineering (Mics & Loudspeakers),Loudspeaker / Transducer Engineering,EXISTING,Batch 5
Lumped nonlinear model,Transducer Engineering (Mics & Loudspeakers),Loudspeaker / Transducer Engineering,EXISTING,Batch 4
Lumped-parameter model,Transducer Engineering (Mics & Loudspeakers),Loudspeaker / Transducer Engineering,EXISTING,Batch 4
Mass corner,Transducer Engineering (Mics & Loudspeakers),Loudspeaker / Transducer Engineering,EXISTING,Batch 4
Mechanical equivalent circuit,Transducer Engineering (Mics & Loudspeakers),Loudspeaker / Transducer Engineering,EXISTING,Batch 4
Mechanical excursion,Transducer Engineering (Mics & Loudspeakers),Loudspeaker / Transducer Engineering,EXISTING,Batch 5
Mechanical hysteresis,Transducer Engineering (Mics & Loudspeakers),Loudspeaker / Transducer Engineering,EXISTING,Batch 4
Mechanical quality factor,Transducer Engineering (Mics & Loudspeakers),Loudspeaker / Transducer Engineering,EXISTING,Batch 4
Mechanical resistance,Transducer Engineering (Mics & Loudspeakers),Loudspeaker / Transducer Engineering,EXISTING,Batch 4
Mmd,Transducer Engineering (Mics & Loudspeakers),Loudspeaker / Transducer Engineering,EXISTING,Batch 4
Mobility analogy,Transducer Engineering (Mics & Loudspeakers),Loudspeaker / Transducer Engineering,EXISTING,Batch 4
Motional branch,Transducer Engineering (Mics & Loudspeakers),Loudspeaker / Transducer Engineering,EXISTING,Batch 4
Motional impedance,Transducer Engineering (Mics & Loudspeakers),Loudspeaker / Transducer Engineering,EXISTING,Batch 4
Moving-coil driver,Transducer Engineering (Mics & Loudspeakers),Loudspeaker / Transducer Engineering,EXISTING,Batch 4
Moving-coil loudspeaker operation,Transducer Engineering (Mics & Loudspeakers),Loudspeaker / Transducer Engineering,EXISTING,Batch 5
Multitone distortion,Transducer Engineering (Mics & Loudspeakers),Loudspeaker / Transducer Engineering,EXISTING,Batch 4
Near-field and far-field transitions,Transducer Engineering (Mics & Loudspeakers),Loudspeaker / Transducer Engineering,EXISTING,Batch 5
Nomex former,Transducer Engineering (Mics & Loudspeakers),Loudspeaker / Transducer Engineering,EXISTING,Batch 4
Nominal versus actual impedance,Transducer Engineering (Mics & Loudspeakers),Loudspeaker / Transducer Engineering,EXISTING,Batch 5
Nonlinear parameter identification,Transducer Engineering (Mics & Loudspeakers),Loudspeaker / Transducer Engineering,EXISTING,Batch 4
Nonlinear state-space model,Transducer Engineering (Mics & Loudspeakers),Loudspeaker / Transducer Engineering,EXISTING,Batch 4
Parameter trajectory,Transducer Engineering (Mics & Loudspeakers),Loudspeaker / Transducer Engineering,EXISTING,Batch 4
Partial vibration,Transducer Engineering (Mics & Loudspeakers),Loudspeaker / Transducer Engineering,EXISTING,Batch 4
Passive radiators,Transducer Engineering (Mics & Loudspeakers),Loudspeaker / Transducer Engineering,EXISTING,Batch 5
Pattern collapse,Transducer Engineering (Mics & Loudspeakers),Loudspeaker / Transducer Engineering,EXISTING,Batch 4
Pattern flip,Transducer Engineering (Mics & Loudspeakers),Loudspeaker / Transducer Engineering,EXISTING,Batch 4
Permeability,Transducer Engineering (Mics & Loudspeakers),Loudspeaker / Transducer Engineering,EXISTING,Batch 4
Phase plugs,Transducer Engineering (Mics & Loudspeakers),Loudspeaker / Transducer Engineering,EXISTING,Batch 5
Piezoelectric driver,Transducer Engineering (Mics & Loudspeakers),Loudspeaker / Transducer Engineering,EXISTING,Batch 4
Piston-band operation,Transducer Engineering (Mics & Loudspeakers),Loudspeaker / Transducer Engineering,EXISTING,Batch 5
Point-source approximation,Transducer Engineering (Mics & Loudspeakers),Loudspeaker / Transducer Engineering,EXISTING,Batch 5
Port air velocity,Transducer Engineering (Mics & Loudspeakers),Loudspeaker / Transducer Engineering,EXISTING,Batch 5
Ported enclosures,Transducer Engineering (Mics & Loudspeakers),Loudspeaker / Transducer Engineering,EXISTING,Batch 5
Qa,Transducer Engineering (Mics & Loudspeakers),Loudspeaker / Transducer Engineering,EXISTING,Batch 4
Ql,Transducer Engineering (Mics & Loudspeakers),Loudspeaker / Transducer Engineering,EXISTING,Batch 4
Qp,Transducer Engineering (Mics & Loudspeakers),Loudspeaker / Transducer Engineering,EXISTING,Batch 4
Quasi-static measurement,Transducer Engineering (Mics & Loudspeakers),Loudspeaker / Transducer Engineering,EXISTING,Batch 4
Radial mode,Transducer Engineering (Mics & Loudspeakers),Loudspeaker / Transducer Engineering,EXISTING,Batch 4
Radiation mass,Transducer Engineering (Mics & Loudspeakers),Loudspeaker / Transducer Engineering,EXISTING,Batch 4
Resonance frequency,Transducer Engineering (Mics & Loudspeakers),Loudspeaker / Transducer Engineering,EXISTING,Batch 4
Resonant impedance peak,Transducer Engineering (Mics & Loudspeakers),Loudspeaker / Transducer Engineering,EXISTING,Batch 5
Rest-position offset,Transducer Engineering (Mics & Loudspeakers),Loudspeaker / Transducer Engineering,EXISTING,Batch 4
Ribbon driver,Transducer Engineering (Mics & Loudspeakers),Loudspeaker / Transducer Engineering,EXISTING,Batch 4
Rub-and-buzz distortion,Transducer Engineering (Mics & Loudspeakers),Loudspeaker / Transducer Engineering,EXISTING,Batch 4
Sealed enclosures,Transducer Engineering (Mics & Loudspeakers),Loudspeaker / Transducer Engineering,EXISTING,Batch 5
Sensitivity compression,Transducer Engineering (Mics & Loudspeakers),Loudspeaker / Transducer Engineering,EXISTING,Batch 4
Sensitivity versus efficiency,Transducer Engineering (Mics & Loudspeakers),Loudspeaker / Transducer Engineering,EXISTING,Batch 5
Slow thermal time constant,Transducer Engineering (Mics & Loudspeakers),Loudspeaker / Transducer Engineering,EXISTING,Batch 4
Small-signal model,Transducer Engineering (Mics & Loudspeakers),Loudspeaker / Transducer Engineering,EXISTING,Batch 4
Sound-power response,Transducer Engineering (Mics & Loudspeakers),Loudspeaker / Transducer Engineering,EXISTING,Batch 4
Splay angles,Transducer Engineering (Mics & Loudspeakers),Loudspeaker / Transducer Engineering,EXISTING,Batch 5
Steering,Transducer Engineering (Mics & Loudspeakers),Loudspeaker / Transducer Engineering,EXISTING,Batch 5
Surface exciter,Transducer Engineering (Mics & Loudspeakers),Loudspeaker / Transducer Engineering,EXISTING,Batch 4
System resonance,Transducer Engineering (Mics & Loudspeakers),Loudspeaker / Transducer Engineering,EXISTING,Batch 4
Tapered quarter-wave tube,Transducer Engineering (Mics & Loudspeakers),Loudspeaker / Transducer Engineering,EXISTING,Batch 4
Tensile strength,Transducer Engineering (Mics & Loudspeakers),Loudspeaker / Transducer Engineering,EXISTING,Batch 4
Thermal capacitance,Transducer Engineering (Mics & Loudspeakers),Loudspeaker / Transducer Engineering,EXISTING,Batch 4
Thermal modulation,Transducer Engineering (Mics & Loudspeakers),Loudspeaker / Transducer Engineering,EXISTING,Batch 4
Thermal runaway,Transducer Engineering (Mics & Loudspeakers),Loudspeaker / Transducer Engineering,EXISTING,Batch 4
Thermal state variable,Transducer Engineering (Mics & Loudspeakers),Loudspeaker / Transducer Engineering,EXISTING,Batch 4
Thermal time constant,Transducer Engineering (Mics & Loudspeakers),Loudspeaker / Transducer Engineering,EXISTING,Batch 4
Thermal-limited output,Transducer Engineering (Mics & Loudspeakers),Loudspeaker / Transducer Engineering,EXISTING,Batch 4
Top plate,Transducer Engineering (Mics & Loudspeakers),Loudspeaker / Transducer Engineering,EXISTING,Batch 4
Total quality factor,Transducer Engineering (Mics & Loudspeakers),Loudspeaker / Transducer Engineering,EXISTING,Batch 4
Transmission lines,Transducer Engineering (Mics & Loudspeakers),Loudspeaker / Transducer Engineering,EXISTING,Batch 5
Transmission-line terminus,Transducer Engineering (Mics & Loudspeakers),Loudspeaker / Transducer Engineering,EXISTING,Batch 4
Vertical off-axis response,Transducer Engineering (Mics & Loudspeakers),Loudspeaker / Transducer Engineering,EXISTING,Batch 4
Wavefront curvature,Transducer Engineering (Mics & Loudspeakers),Loudspeaker / Transducer Engineering,EXISTING,Batch 4
Waveguides,Transducer Engineering (Mics & Loudspeakers),Loudspeaker / Transducer Engineering,EXISTING,Batch 5
Working-point shift,Transducer Engineering (Mics & Loudspeakers),Loudspeaker / Transducer Engineering,EXISTING,Batch 4
Acoustic compliance of enclosure,Transducer Engineering (Mics & Loudspeakers),"Loudspeaker Enclosures, Horns & Radiation",NEW,Batch 4
Acoustic lens,Transducer Engineering (Mics & Loudspeakers),"Loudspeaker Enclosures, Horns & Radiation",NEW,Batch 4
Acoustic resistance enclosure,Transducer Engineering (Mics & Loudspeakers),"Loudspeaker Enclosures, Horns & Radiation",NEW,Batch 4
Annular phase plug,Transducer Engineering (Mics & Loudspeakers),"Loudspeaker Enclosures, Horns & Radiation",NEW,Batch 4
Aperiodic enclosure,Transducer Engineering (Mics & Loudspeakers),"Loudspeaker Enclosures, Horns & Radiation",NEW,Batch 4
Apparent acoustic center,Transducer Engineering (Mics & Loudspeakers),"Loudspeaker Enclosures, Horns & Radiation",NEW,Batch 4
Backplate vent,Transducer Engineering (Mics & Loudspeakers),"Loudspeaker Enclosures, Horns & Radiation",NEW,Batch 4
Baffle diffraction,Transducer Engineering (Mics & Loudspeakers),"Loudspeaker Enclosures, Horns & Radiation",NEW,Batch 4
Balloon plot,Transducer Engineering (Mics & Loudspeakers),"Loudspeaker Enclosures, Horns & Radiation",NEW,Batch 4
Bessel alignment,Transducer Engineering (Mics & Loudspeakers),"Loudspeaker Enclosures, Horns & Radiation",NEW,Batch 4
Bi-radial horn,Transducer Engineering (Mics & Loudspeakers),"Loudspeaker Enclosures, Horns & Radiation",NEW,Batch 4
Bipole enclosure,Transducer Engineering (Mics & Loudspeakers),"Loudspeaker Enclosures, Horns & Radiation",NEW,Batch 4
Box compliance,Transducer Engineering (Mics & Loudspeakers),"Loudspeaker Enclosures, Horns & Radiation",NEW,Batch 4
Box loss,Transducer Engineering (Mics & Loudspeakers),"Loudspeaker Enclosures, Horns & Radiation",NEW,Batch 4
Box tuning frequency,Transducer Engineering (Mics & Loudspeakers),"Loudspeaker Enclosures, Horns & Radiation",NEW,Batch 4
Broadside subwoofer array,Transducer Engineering (Mics & Loudspeakers),"Loudspeaker Enclosures, Horns & Radiation",NEW,Batch 4
Butterworth alignment,Transducer Engineering (Mics & Loudspeakers),"Loudspeaker Enclosures, Horns & Radiation",NEW,Batch 4
C4 alignment,Transducer Engineering (Mics & Loudspeakers),"Loudspeaker Enclosures, Horns & Radiation",NEW,Batch 4
Cardioid radiation,Transducer Engineering (Mics & Loudspeakers),"Loudspeaker Enclosures, Horns & Radiation",NEW,Batch 4
Chebyshev alignment,Transducer Engineering (Mics & Loudspeakers),"Loudspeaker Enclosures, Horns & Radiation",NEW,Batch 4
Circumferential phase plug,Transducer Engineering (Mics & Loudspeakers),"Loudspeaker Enclosures, Horns & Radiation",NEW,Batch 4
Closed-box Q,Transducer Engineering (Mics & Loudspeakers),"Loudspeaker Enclosures, Horns & Radiation",NEW,Batch 4
Closed-box resonance,Transducer Engineering (Mics & Loudspeakers),"Loudspeaker Enclosures, Horns & Radiation",NEW,Batch 4
Compression chamber,Transducer Engineering (Mics & Loudspeakers),"Loudspeaker Enclosures, Horns & Radiation",NEW,Batch 4
Compression ratio,Transducer Engineering (Mics & Loudspeakers),"Loudspeaker Enclosures, Horns & Radiation",NEW,Batch 4
Conical horn,Transducer Engineering (Mics & Loudspeakers),"Loudspeaker Enclosures, Horns & Radiation",NEW,Batch 4
Constant directivity,Transducer Engineering (Mics & Loudspeakers),"Loudspeaker Enclosures, Horns & Radiation",NEW,Batch 4
Constant-beamwidth transducer,Transducer Engineering (Mics & Loudspeakers),"Loudspeaker Enclosures, Horns & Radiation",NEW,Batch 4
Coverage balloon,Transducer Engineering (Mics & Loudspeakers),"Loudspeaker Enclosures, Horns & Radiation",NEW,Batch 4
Crossover lobing,Transducer Engineering (Mics & Loudspeakers),"Loudspeaker Enclosures, Horns & Radiation",NEW,Batch 4
Diffraction horn,Transducer Engineering (Mics & Loudspeakers),"Loudspeaker Enclosures, Horns & Radiation",NEW,Batch 4
Dipole enclosure,Transducer Engineering (Mics & Loudspeakers),"Loudspeaker Enclosures, Horns & Radiation",NEW,Batch 4
Directivity discontinuity,Transducer Engineering (Mics & Loudspeakers),"Loudspeaker Enclosures, Horns & Radiation",NEW,Batch 4
Directivity mismatch,Transducer Engineering (Mics & Loudspeakers),"Loudspeaker Enclosures, Horns & Radiation",NEW,Batch 4
Directivity narrowing,Transducer Engineering (Mics & Loudspeakers),"Loudspeaker Enclosures, Horns & Radiation",NEW,Batch 4
Directivity sonogram,Transducer Engineering (Mics & Loudspeakers),"Loudspeaker Enclosures, Horns & Radiation",NEW,Batch 4
Directivity spectrogram,Transducer Engineering (Mics & Loudspeakers),"Loudspeaker Enclosures, Horns & Radiation",NEW,Batch 4
Enclosure compliance,Transducer Engineering (Mics & Loudspeakers),"Loudspeaker Enclosures, Horns & Radiation",NEW,Batch 4
End-fire subwoofer array,Transducer Engineering (Mics & Loudspeakers),"Loudspeaker Enclosures, Horns & Radiation",NEW,Batch 4
Exponential horn,Transducer Engineering (Mics & Loudspeakers),"Loudspeaker Enclosures, Horns & Radiation",NEW,Batch 4
Flare constant,Transducer Engineering (Mics & Loudspeakers),"Loudspeaker Enclosures, Horns & Radiation",NEW,Batch 4
Flare rate,Transducer Engineering (Mics & Loudspeakers),"Loudspeaker Enclosures, Horns & Radiation",NEW,Batch 4
Front-loaded horn,Transducer Engineering (Mics & Loudspeakers),"Loudspeaker Enclosures, Horns & Radiation",NEW,Batch 4
Gradient loudspeaker,Transducer Engineering (Mics & Loudspeakers),"Loudspeaker Enclosures, Horns & Radiation",NEW,Batch 4
Higher-order horn mode,Transducer Engineering (Mics & Loudspeakers),"Loudspeaker Enclosures, Horns & Radiation",NEW,Batch 4
Horn cutoff frequency,Transducer Engineering (Mics & Loudspeakers),"Loudspeaker Enclosures, Horns & Radiation",NEW,Batch 4
Horn honk,Transducer Engineering (Mics & Loudspeakers),"Loudspeaker Enclosures, Horns & Radiation",NEW,Batch 4
Horn mouth,Transducer Engineering (Mics & Loudspeakers),"Loudspeaker Enclosures, Horns & Radiation",NEW,Batch 4
Horn throat,Transducer Engineering (Mics & Loudspeakers),"Loudspeaker Enclosures, Horns & Radiation",NEW,Batch 4
Hyperbolic horn,Transducer Engineering (Mics & Loudspeakers),"Loudspeaker Enclosures, Horns & Radiation",NEW,Batch 4
Hyperbolic-exponential horn,Transducer Engineering (Mics & Loudspeakers),"Loudspeaker Enclosures, Horns & Radiation",NEW,Batch 4
Isobaric enclosure,Transducer Engineering (Mics & Loudspeakers),"Loudspeaker Enclosures, Horns & Radiation",NEW,Batch 4
Linkwitz transform,Transducer Engineering (Mics & Loudspeakers),"Loudspeaker Enclosures, Horns & Radiation",NEW,Batch 4
Mantaray horn,Transducer Engineering (Mics & Loudspeakers),"Loudspeaker Enclosures, Horns & Radiation",NEW,Batch 4
Mass-loaded transmission line,Transducer Engineering (Mics & Loudspeakers),"Loudspeaker Enclosures, Horns & Radiation",NEW,Batch 4
Mouth circumference,Transducer Engineering (Mics & Loudspeakers),"Loudspeaker Enclosures, Horns & Radiation",NEW,Batch 4
Mouth diffraction,Transducer Engineering (Mics & Loudspeakers),"Loudspeaker Enclosures, Horns & Radiation",NEW,Batch 4
Mouth reflection,Transducer Engineering (Mics & Loudspeakers),"Loudspeaker Enclosures, Horns & Radiation",NEW,Batch 4
Mouth termination,Transducer Engineering (Mics & Loudspeakers),"Loudspeaker Enclosures, Horns & Radiation",NEW,Batch 4
Multicellular horn,Transducer Engineering (Mics & Loudspeakers),"Loudspeaker Enclosures, Horns & Radiation",NEW,Batch 4
Oblate spheroidal waveguide,Transducer Engineering (Mics & Loudspeakers),"Loudspeaker Enclosures, Horns & Radiation",NEW,Batch 4
Open baffle,Transducer Engineering (Mics & Loudspeakers),"Loudspeaker Enclosures, Horns & Radiation",NEW,Batch 4
Organ-pipe resonance,Transducer Engineering (Mics & Loudspeakers),"Loudspeaker Enclosures, Horns & Radiation",NEW,Batch 4
Passive-radiator alignment,Transducer Engineering (Mics & Loudspeakers),"Loudspeaker Enclosures, Horns & Radiation",NEW,Batch 4
Passive-radiator compliance,Transducer Engineering (Mics & Loudspeakers),"Loudspeaker Enclosures, Horns & Radiation",NEW,Batch 4
Passive-radiator excursion,Transducer Engineering (Mics & Loudspeakers),"Loudspeaker Enclosures, Horns & Radiation",NEW,Batch 4
Passive-radiator mass,Transducer Engineering (Mics & Loudspeakers),"Loudspeaker Enclosures, Horns & Radiation",NEW,Batch 4
Phase center,Transducer Engineering (Mics & Loudspeakers),"Loudspeaker Enclosures, Horns & Radiation",NEW,Batch 4
Pipe resonance,Transducer Engineering (Mics & Loudspeakers),"Loudspeaker Enclosures, Horns & Radiation",NEW,Batch 4
Polar map,Transducer Engineering (Mics & Loudspeakers),"Loudspeaker Enclosures, Horns & Radiation",NEW,Batch 4
Pole vent,Transducer Engineering (Mics & Loudspeakers),"Loudspeaker Enclosures, Horns & Radiation",NEW,Batch 4
Port Mach number,Transducer Engineering (Mics & Loudspeakers),"Loudspeaker Enclosures, Horns & Radiation",NEW,Batch 4
Port acoustic resistance,Transducer Engineering (Mics & Loudspeakers),"Loudspeaker Enclosures, Horns & Radiation",NEW,Batch 4
Port air mass,Transducer Engineering (Mics & Loudspeakers),"Loudspeaker Enclosures, Horns & Radiation",NEW,Batch 4
Port chuffing,Transducer Engineering (Mics & Loudspeakers),"Loudspeaker Enclosures, Horns & Radiation",NEW,Batch 4
Port compression,Transducer Engineering (Mics & Loudspeakers),"Loudspeaker Enclosures, Horns & Radiation",NEW,Batch 4
Port end correction,Transducer Engineering (Mics & Loudspeakers),"Loudspeaker Enclosures, Horns & Radiation",NEW,Batch 4
Port turbulence,Transducer Engineering (Mics & Loudspeakers),"Loudspeaker Enclosures, Horns & Radiation",NEW,Batch 4
QB3 alignment,Transducer Engineering (Mics & Loudspeakers),"Loudspeaker Enclosures, Horns & Radiation",NEW,Batch 4
Qtc,Transducer Engineering (Mics & Loudspeakers),"Loudspeaker Enclosures, Horns & Radiation",NEW,Batch 4
Quarter-wave enclosure,Transducer Engineering (Mics & Loudspeakers),"Loudspeaker Enclosures, Horns & Radiation",NEW,Batch 4
Quasi-Butterworth alignment,Transducer Engineering (Mics & Loudspeakers),"Loudspeaker Enclosures, Horns & Radiation",NEW,Batch 4
Radial phase plug,Transducer Engineering (Mics & Loudspeakers),"Loudspeaker Enclosures, Horns & Radiation",NEW,Batch 4
Rear-loaded horn,Transducer Engineering (Mics & Loudspeakers),"Loudspeaker Enclosures, Horns & Radiation",NEW,Batch 4
Resistive vent,Transducer Engineering (Mics & Loudspeakers),"Loudspeaker Enclosures, Horns & Radiation",NEW,Batch 4
SBB4 alignment,Transducer Engineering (Mics & Loudspeakers),"Loudspeaker Enclosures, Horns & Radiation",NEW,Batch 4
SBIR,Transducer Engineering (Mics & Loudspeakers),"Loudspeaker Enclosures, Horns & Radiation",NEW,Batch 4
Shaded array,Transducer Engineering (Mics & Loudspeakers),"Loudspeaker Enclosures, Horns & Radiation",NEW,Batch 4
Steered array,Transducer Engineering (Mics & Loudspeakers),"Loudspeaker Enclosures, Horns & Radiation",NEW,Batch 4
Throat aperture,Transducer Engineering (Mics & Loudspeakers),"Loudspeaker Enclosures, Horns & Radiation",NEW,Batch 4
Throat distortion,Transducer Engineering (Mics & Loudspeakers),"Loudspeaker Enclosures, Horns & Radiation",NEW,Batch 4
Throat impedance,Transducer Engineering (Mics & Loudspeakers),"Loudspeaker Enclosures, Horns & Radiation",NEW,Batch 4
Throat reactance,Transducer Engineering (Mics & Loudspeakers),"Loudspeaker Enclosures, Horns & Radiation",NEW,Batch 4
Throat reflection,Transducer Engineering (Mics & Loudspeakers),"Loudspeaker Enclosures, Horns & Radiation",NEW,Batch 4
Throat resistance,Transducer Engineering (Mics & Loudspeakers),"Loudspeaker Enclosures, Horns & Radiation",NEW,Batch 4
Total enclosure Q,Transducer Engineering (Mics & Loudspeakers),"Loudspeaker Enclosures, Horns & Radiation",NEW,Batch 4
Tractrix horn,Transducer Engineering (Mics & Loudspeakers),"Loudspeaker Enclosures, Horns & Radiation",NEW,Batch 4
Under-spider vent,Transducer Engineering (Mics & Loudspeakers),"Loudspeaker Enclosures, Horns & Radiation",NEW,Batch 4
Variovent,Transducer Engineering (Mics & Loudspeakers),"Loudspeaker Enclosures, Horns & Radiation",NEW,Batch 4
Vent resonance,Transducer Engineering (Mics & Loudspeakers),"Loudspeaker Enclosures, Horns & Radiation",NEW,Batch 4
Vented-box alignment,Transducer Engineering (Mics & Loudspeakers),"Loudspeaker Enclosures, Horns & Radiation",NEW,Batch 4
Vertical lobing,Transducer Engineering (Mics & Loudspeakers),"Loudspeaker Enclosures, Horns & Radiation",NEW,Batch 4
Virtual source,Transducer Engineering (Mics & Loudspeakers),"Loudspeaker Enclosures, Horns & Radiation",NEW,Batch 4
Voigt pipe,Transducer Engineering (Mics & Loudspeakers),"Loudspeaker Enclosures, Horns & Radiation",NEW,Batch 4
Waveguide loading,Transducer Engineering (Mics & Loudspeakers),"Loudspeaker Enclosures, Horns & Radiation",NEW,Batch 4
Acoustic suspension,Transducer Engineering (Mics & Loudspeakers),Loudspeaker Types & Drivers,EXISTING,Batch 4
Air-gap flux density,Transducer Engineering (Mics & Loudspeakers),Loudspeaker Types & Drivers,EXISTING,Batch 4
Aluminum cone,Transducer Engineering (Mics & Loudspeakers),Loudspeaker Types & Drivers,EXISTING,Batch 4
Annular diaphragm,Transducer Engineering (Mics & Loudspeakers),Loudspeaker Types & Drivers,EXISTING,Batch 4
Areal mass,Transducer Engineering (Mics & Loudspeakers),Loudspeaker Types & Drivers,EXISTING,Batch 4
Asymmetric magnetic circuit,Transducer Engineering (Mics & Loudspeakers),Loudspeaker Types & Drivers,EXISTING,Batch 4
BL product,Transducer Engineering (Mics & Loudspeakers),Loudspeaker Types & Drivers,EXISTING,Batch 4
BL(i),Transducer Engineering (Mics & Loudspeakers),Loudspeaker Types & Drivers,EXISTING,Batch 4
BL(x),Transducer Engineering (Mics & Loudspeakers),Loudspeaker Types & Drivers,EXISTING,Batch 4
Balanced dome,Transducer Engineering (Mics & Loudspeakers),Loudspeaker Types & Drivers,EXISTING,Batch 4
Bell mode,Transducer Engineering (Mics & Loudspeakers),Loudspeaker Types & Drivers,EXISTING,Batch 4
Bending stiffness,Transducer Engineering (Mics & Loudspeakers),Loudspeaker Types & Drivers,EXISTING,Batch 4
Beryllium diaphragm,Transducer Engineering (Mics & Loudspeakers),Loudspeaker Types & Drivers,EXISTING,Batch 4
Bottoming,Transducer Engineering (Mics & Loudspeakers),Loudspeaker Types & Drivers,EXISTING,Batch 4
Breakup frequency,Transducer Engineering (Mics & Loudspeakers),Loudspeaker Types & Drivers,EXISTING,Batch 4
Buckling,Transducer Engineering (Mics & Loudspeakers),Loudspeaker Types & Drivers,EXISTING,Batch 4
Carbon fiber cone,Transducer Engineering (Mics & Loudspeakers),Loudspeaker Types & Drivers,EXISTING,Batch 4
Ceramic-metal composite,Transducer Engineering (Mics & Loudspeakers),Loudspeaker Types & Drivers,EXISTING,Batch 4
Compliance corner,Transducer Engineering (Mics & Loudspeakers),Loudspeaker Types & Drivers,EXISTING,Batch 4
Compliance modulation,Transducer Engineering (Mics & Loudspeakers),Loudspeaker Types & Drivers,EXISTING,Batch 4
Compliance nonlinearity,Transducer Engineering (Mics & Loudspeakers),Loudspeaker Types & Drivers,EXISTING,Batch 4
Compliance ratio,Transducer Engineering (Mics & Loudspeakers),Loudspeaker Types & Drivers,EXISTING,Batch 4
Composite cone,Transducer Engineering (Mics & Loudspeakers),Loudspeaker Types & Drivers,EXISTING,Batch 4
Compression diaphragm,Transducer Engineering (Mics & Loudspeakers),Loudspeaker Types & Drivers,EXISTING,Batch 4
Cone treatment,Transducer Engineering (Mics & Loudspeakers),Loudspeaker Types & Drivers,EXISTING,Batch 4
Current-dependent force factor,Transducer Engineering (Mics & Loudspeakers),Loudspeaker Types & Drivers,EXISTING,Batch 4
Current-dependent inductance,Transducer Engineering (Mics & Loudspeakers),Loudspeaker Types & Drivers,EXISTING,Batch 4
Demagnetization,Transducer Engineering (Mics & Loudspeakers),Loudspeaker Types & Drivers,EXISTING,Batch 4
Demodulation ring,Transducer Engineering (Mics & Loudspeakers),Loudspeaker Types & Drivers,EXISTING,Batch 4
Diamond diaphragm,Transducer Engineering (Mics & Loudspeakers),Loudspeaker Types & Drivers,EXISTING,Batch 4
Diamond-like carbon coating,Transducer Engineering (Mics & Loudspeakers),Loudspeaker Types & Drivers,EXISTING,Batch 4
Diaphragm anisotropy,Transducer Engineering (Mics & Loudspeakers),Loudspeaker Types & Drivers,EXISTING,Batch 4
Diaphragm mass,Transducer Engineering (Mics & Loudspeakers),Loudspeaker Types & Drivers,EXISTING,Batch 4
Diaphragm piston region,Transducer Engineering (Mics & Loudspeakers),Loudspeaker Types & Drivers,EXISTING,Batch 4
Diaphragm rocking,Transducer Engineering (Mics & Loudspeakers),Loudspeaker Types & Drivers,EXISTING,Batch 4
Differential-drive motor,Transducer Engineering (Mics & Loudspeakers),Loudspeaker Types & Drivers,EXISTING,Batch 4
Dipole cancellation,Transducer Engineering (Mics & Loudspeakers),Loudspeaker Types & Drivers,EXISTING,Batch 4
Dipole null,Transducer Engineering (Mics & Loudspeakers),Loudspeaker Types & Drivers,EXISTING,Batch 4
Dipole peak,Transducer Engineering (Mics & Loudspeakers),Loudspeaker Types & Drivers,EXISTING,Batch 4
Displacement limit,Transducer Engineering (Mics & Loudspeakers),Loudspeaker Types & Drivers,EXISTING,Batch 4
Displacement-limited output,Transducer Engineering (Mics & Loudspeakers),Loudspeaker Types & Drivers,EXISTING,Batch 4
Dome,Transducer Engineering (Mics & Loudspeakers),Loudspeaker Types & Drivers,EXISTING,Batch 4
Dual-gap motor,Transducer Engineering (Mics & Loudspeakers),Loudspeaker Types & Drivers,EXISTING,Batch 4
Dynamic DC displacement,Transducer Engineering (Mics & Loudspeakers),Loudspeaker Types & Drivers,EXISTING,Batch 4
Dynamic voice-coil position,Transducer Engineering (Mics & Loudspeakers),Loudspeaker Types & Drivers,EXISTING,Batch 4
Eddy current,Transducer Engineering (Mics & Loudspeakers),Loudspeaker Types & Drivers,EXISTING,Batch 4
Eddy-current brake,Transducer Engineering (Mics & Loudspeakers),Loudspeaker Types & Drivers,EXISTING,Batch 4
Effective radiating area,Transducer Engineering (Mics & Loudspeakers),Loudspeaker Types & Drivers,EXISTING,Batch 4
Effective radiating diameter,Transducer Engineering (Mics & Loudspeakers),Loudspeaker Types & Drivers,EXISTING,Batch 4
Electrodynamic motor,Transducer Engineering (Mics & Loudspeakers),Loudspeaker Types & Drivers,EXISTING,Batch 4
Enclosed-air stiffness,Transducer Engineering (Mics & Loudspeakers),Loudspeaker Types & Drivers,EXISTING,Batch 4
Equal-hung voice coil,Transducer Engineering (Mics & Loudspeakers),Loudspeaker Types & Drivers,EXISTING,Batch 4
Equivalent compliance volume,Transducer Engineering (Mics & Loudspeakers),Loudspeaker Types & Drivers,EXISTING,Batch 4
Fabric dome,Transducer Engineering (Mics & Loudspeakers),Loudspeaker Types & Drivers,EXISTING,Batch 4
Faraday ring,Transducer Engineering (Mics & Loudspeakers),Loudspeaker Types & Drivers,EXISTING,Batch 4
Fatigue life,Transducer Engineering (Mics & Loudspeakers),Loudspeaker Types & Drivers,EXISTING,Batch 4
Ferrite magnet,Transducer Engineering (Mics & Loudspeakers),Loudspeaker Types & Drivers,EXISTING,Batch 4
Flexural rigidity,Transducer Engineering (Mics & Loudspeakers),Loudspeaker Types & Drivers,EXISTING,Batch 4
Flux density distribution,Transducer Engineering (Mics & Loudspeakers),Loudspeaker Types & Drivers,EXISTING,Batch 4
Flux modulation,Transducer Engineering (Mics & Loudspeakers),Loudspeaker Types & Drivers,EXISTING,Batch 4
Flux stabilization,Transducer Engineering (Mics & Loudspeakers),Loudspeaker Types & Drivers,EXISTING,Batch 4
Force factor,Transducer Engineering (Mics & Loudspeakers),Loudspeaker Types & Drivers,EXISTING,Batch 4
Graphene diaphragm,Transducer Engineering (Mics & Loudspeakers),Loudspeaker Types & Drivers,EXISTING,Batch 4
Honeycomb core,Transducer Engineering (Mics & Loudspeakers),Loudspeaker Types & Drivers,EXISTING,Batch 4
Inductance asymmetry,Transducer Engineering (Mics & Loudspeakers),Loudspeaker Types & Drivers,EXISTING,Batch 4
Inductance modulation,Transducer Engineering (Mics & Loudspeakers),Loudspeaker Types & Drivers,EXISTING,Batch 4
Instantaneous displacement,Transducer Engineering (Mics & Loudspeakers),Loudspeaker Types & Drivers,EXISTING,Batch 4
Inverted dome,Transducer Engineering (Mics & Loudspeakers),Loudspeaker Types & Drivers,EXISTING,Batch 4
Kevlar cone,Transducer Engineering (Mics & Loudspeakers),Loudspeaker Types & Drivers,EXISTING,Batch 4
Kms,Transducer Engineering (Mics & Loudspeakers),Loudspeaker Types & Drivers,EXISTING,Batch 4
Kms(x),Transducer Engineering (Mics & Loudspeakers),Loudspeaker Types & Drivers,EXISTING,Batch 4
Long-coil motor,Transducer Engineering (Mics & Loudspeakers),Loudspeaker Types & Drivers,EXISTING,Batch 4
Lossy coating,Transducer Engineering (Mics & Loudspeakers),Loudspeaker Types & Drivers,EXISTING,Batch 4
Magnesium cone,Transducer Engineering (Mics & Loudspeakers),Loudspeaker Types & Drivers,EXISTING,Batch 4
Magnet gap,Transducer Engineering (Mics & Loudspeakers),Loudspeaker Types & Drivers,EXISTING,Batch 4
Magnet thermal resistance,Transducer Engineering (Mics & Loudspeakers),Loudspeaker Types & Drivers,EXISTING,Batch 4
Magnetic circuit,Transducer Engineering (Mics & Loudspeakers),Loudspeaker Types & Drivers,EXISTING,Batch 4
Magnetic flux,Transducer Engineering (Mics & Loudspeakers),Loudspeaker Types & Drivers,EXISTING,Batch 4
Magnetic return path,Transducer Engineering (Mics & Loudspeakers),Loudspeaker Types & Drivers,EXISTING,Batch 4
Magnetic saturation,Transducer Engineering (Mics & Loudspeakers),Loudspeaker Types & Drivers,EXISTING,Batch 4
Magnetostrictive driver,Transducer Engineering (Mics & Loudspeakers),Loudspeaker Types & Drivers,EXISTING,Batch 4
Maximum linear excursion,Transducer Engineering (Mics & Loudspeakers),Loudspeaker Types & Drivers,EXISTING,Batch 4
Mechanical compliance,Transducer Engineering (Mics & Loudspeakers),Loudspeaker Types & Drivers,EXISTING,Batch 4
Mechanical fatigue,Transducer Engineering (Mics & Loudspeakers),Loudspeaker Types & Drivers,EXISTING,Batch 4
Mechanical overtravel,Transducer Engineering (Mics & Loudspeakers),Loudspeaker Types & Drivers,EXISTING,Batch 4
Modal diaphragm,Transducer Engineering (Mics & Loudspeakers),Loudspeaker Types & Drivers,EXISTING,Batch 4
Motor asymmetry,Transducer Engineering (Mics & Loudspeakers),Loudspeaker Types & Drivers,EXISTING,Batch 4
Motor instability,Transducer Engineering (Mics & Loudspeakers),Loudspeaker Types & Drivers,EXISTING,Batch 4
Motor strength,Transducer Engineering (Mics & Loudspeakers),Loudspeaker Types & Drivers,EXISTING,Batch 4
Motor-limited excursion,Transducer Engineering (Mics & Loudspeakers),Loudspeaker Types & Drivers,EXISTING,Batch 4
Moving-coil motor,Transducer Engineering (Mics & Loudspeakers),Loudspeaker Types & Drivers,EXISTING,Batch 4
Moving-magnet motor,Transducer Engineering (Mics & Loudspeakers),Loudspeaker Types & Drivers,EXISTING,Batch 4
Nodal circle,Transducer Engineering (Mics & Loudspeakers),Loudspeaker Types & Drivers,EXISTING,Batch 4
Nodal diameter,Transducer Engineering (Mics & Loudspeakers),Loudspeaker Types & Drivers,EXISTING,Batch 4
Oil-canning mode,Transducer Engineering (Mics & Loudspeakers),Loudspeaker Types & Drivers,EXISTING,Batch 4
Orthotropic diaphragm,Transducer Engineering (Mics & Loudspeakers),Loudspeaker Types & Drivers,EXISTING,Batch 4
Overhung voice coil,Transducer Engineering (Mics & Loudspeakers),Loudspeaker Types & Drivers,EXISTING,Batch 4
Paper cone,Transducer Engineering (Mics & Loudspeakers),Loudspeaker Types & Drivers,EXISTING,Batch 4
Peak displacement,Transducer Engineering (Mics & Loudspeakers),Loudspeaker Types & Drivers,EXISTING,Batch 4
Peak-to-peak excursion,Transducer Engineering (Mics & Loudspeakers),Loudspeaker Types & Drivers,EXISTING,Batch 4
Piston band,Transducer Engineering (Mics & Loudspeakers),Loudspeaker Types & Drivers,EXISTING,Batch 4
Piston diameter,Transducer Engineering (Mics & Loudspeakers),Loudspeaker Types & Drivers,EXISTING,Batch 4
Piston directivity,Transducer Engineering (Mics & Loudspeakers),Loudspeaker Types & Drivers,EXISTING,Batch 4
Poisson's ratio,Transducer Engineering (Mics & Loudspeakers),Loudspeaker Types & Drivers,EXISTING,Batch 4
Polypropylene cone,Transducer Engineering (Mics & Loudspeakers),Loudspeaker Types & Drivers,EXISTING,Batch 4
Position-dependent force factor,Transducer Engineering (Mics & Loudspeakers),Loudspeaker Types & Drivers,EXISTING,Batch 4
Position-dependent inductance,Transducer Engineering (Mics & Loudspeakers),Loudspeaker Types & Drivers,EXISTING,Batch 4
Position-dependent stiffness,Transducer Engineering (Mics & Loudspeakers),Loudspeaker Types & Drivers,EXISTING,Batch 4
Progressive suspension,Transducer Engineering (Mics & Loudspeakers),Loudspeaker Types & Drivers,EXISTING,Batch 4
Push-pull motor,Transducer Engineering (Mics & Loudspeakers),Loudspeaker Types & Drivers,EXISTING,Batch 4
Rectified displacement,Transducer Engineering (Mics & Loudspeakers),Loudspeaker Types & Drivers,EXISTING,Batch 4
Regressive suspension,Transducer Engineering (Mics & Loudspeakers),Loudspeaker Types & Drivers,EXISTING,Batch 4
Reluctance force,Transducer Engineering (Mics & Loudspeakers),Loudspeaker Types & Drivers,EXISTING,Batch 4
Ring radiator,Transducer Engineering (Mics & Loudspeakers),Loudspeaker Types & Drivers,EXISTING,Batch 4
Rocking instability,Transducer Engineering (Mics & Loudspeakers),Loudspeaker Types & Drivers,EXISTING,Batch 4
Rocking-mode distortion,Transducer Engineering (Mics & Loudspeakers),Loudspeaker Types & Drivers,EXISTING,Batch 4
Rohacell core,Transducer Engineering (Mics & Loudspeakers),Loudspeaker Types & Drivers,EXISTING,Batch 4
Sandwich composite,Transducer Engineering (Mics & Loudspeakers),Loudspeaker Types & Drivers,EXISTING,Batch 4
Semi-inductance,Transducer Engineering (Mics & Loudspeakers),Loudspeaker Types & Drivers,EXISTING,Batch 4
Short-coil motor,Transducer Engineering (Mics & Loudspeakers),Loudspeaker Types & Drivers,EXISTING,Batch 4
Silk dome,Transducer Engineering (Mics & Loudspeakers),Loudspeaker Types & Drivers,EXISTING,Batch 4
Specific modulus,Transducer Engineering (Mics & Loudspeakers),Loudspeaker Types & Drivers,EXISTING,Batch 4
Spider,Transducer Engineering (Mics & Loudspeakers),Loudspeaker Types & Drivers,EXISTING,Batch 4
Spider linearity,Transducer Engineering (Mics & Loudspeakers),Loudspeaker Types & Drivers,EXISTING,Batch 4
Stress relaxation,Transducer Engineering (Mics & Loudspeakers),Loudspeaker Types & Drivers,EXISTING,Batch 4
Surround,Transducer Engineering (Mics & Loudspeakers),Loudspeaker Types & Drivers,EXISTING,Batch 4
Surround linearity,Transducer Engineering (Mics & Loudspeakers),Loudspeaker Types & Drivers,EXISTING,Batch 4
Suspension aging,Transducer Engineering (Mics & Loudspeakers),Loudspeaker Types & Drivers,EXISTING,Batch 4
Suspension creep,Transducer Engineering (Mics & Loudspeakers),Loudspeaker Types & Drivers,EXISTING,Batch 4
Suspension noise,Transducer Engineering (Mics & Loudspeakers),Loudspeaker Types & Drivers,EXISTING,Batch 4
Suspension symmetry,Transducer Engineering (Mics & Loudspeakers),Loudspeaker Types & Drivers,EXISTING,Batch 4
Suspension-limited excursion,Transducer Engineering (Mics & Loudspeakers),Loudspeaker Types & Drivers,EXISTING,Batch 4
Symmetric magnetic circuit,Transducer Engineering (Mics & Loudspeakers),Loudspeaker Types & Drivers,EXISTING,Batch 4
Tangential surround,Transducer Engineering (Mics & Loudspeakers),Loudspeaker Types & Drivers,EXISTING,Batch 4
Titanium diaphragm,Transducer Engineering (Mics & Loudspeakers),Loudspeaker Types & Drivers,EXISTING,Batch 4
Underhung voice coil,Transducer Engineering (Mics & Loudspeakers),Loudspeaker Types & Drivers,EXISTING,Batch 4
Vapor-deposited diaphragm,Transducer Engineering (Mics & Loudspeakers),Loudspeaker Types & Drivers,EXISTING,Batch 4
Viscoelastic creep,Transducer Engineering (Mics & Loudspeakers),Loudspeaker Types & Drivers,EXISTING,Batch 4
Voice-coil current,Transducer Engineering (Mics & Loudspeakers),Loudspeaker Types & Drivers,EXISTING,Batch 4
Voice-coil inductance,Transducer Engineering (Mics & Loudspeakers),Loudspeaker Types & Drivers,EXISTING,Batch 4
Voice-coil rubbing,Transducer Engineering (Mics & Loudspeakers),Loudspeaker Types & Drivers,EXISTING,Batch 4
Voice-coil temperature,Transducer Engineering (Mics & Loudspeakers),Loudspeaker Types & Drivers,EXISTING,Batch 4
Voice-coil thermal resistance,Transducer Engineering (Mics & Loudspeakers),Loudspeaker Types & Drivers,EXISTING,Batch 4
Young's modulus,Transducer Engineering (Mics & Loudspeakers),Loudspeaker Types & Drivers,EXISTING,Batch 4
1/f noise,Transducer Engineering (Mics & Loudspeakers),Microphone Types & Transducers,EXISTING,Batch 4
A-weighted self-noise,Transducer Engineering (Mics & Loudspeakers),Microphone Types & Transducers,EXISTING,Batch 4
Acoustic mesh,Transducer Engineering (Mics & Loudspeakers),Microphone Types & Transducers,EXISTING,Batch 4
Acoustic noise floor,Transducer Engineering (Mics & Loudspeakers),Microphone Types & Transducers,EXISTING,Batch 4
Adaptive beamformer,Transducer Engineering (Mics & Loudspeakers),Microphone Types & Transducers,EXISTING,Batch 4
Always-on microphone,Transducer Engineering (Mics & Loudspeakers),Microphone Types & Transducers,EXISTING,Batch 4
Amplitude shading,Transducer Engineering (Mics & Loudspeakers),Microphone Types & Transducers,EXISTING,Batch 4
Array aperture,Transducer Engineering (Mics & Loudspeakers),Microphone Types & Transducers,EXISTING,Batch 4
Array matching,Transducer Engineering (Mics & Loudspeakers),Microphone Types & Transducers,EXISTING,Batch 4
Back-volume compliance,Transducer Engineering (Mics & Loudspeakers),Microphone Types & Transducers,EXISTING,Batch 4
Backplate perforation,Transducer Engineering (Mics & Loudspeakers),Microphone Types & Transducers,EXISTING,Batch 4
Barometric pressure coefficient,Transducer Engineering (Mics & Loudspeakers),Microphone Types & Transducers,EXISTING,Batch 4
Beamformer weight,Transducer Engineering (Mics & Loudspeakers),Microphone Types & Transducers,EXISTING,Batch 4
Blind beamforming,Transducer Engineering (Mics & Loudspeakers),Microphone Types & Transducers,EXISTING,Batch 4
Bootstrapped input,Transducer Engineering (Mics & Loudspeakers),Microphone Types & Transducers,EXISTING,Batch 4
Broadband beamformer,Transducer Engineering (Mics & Loudspeakers),Microphone Types & Transducers,EXISTING,Batch 4
Brownian noise,Transducer Engineering (Mics & Loudspeakers),Microphone Types & Transducers,EXISTING,Batch 4
Bulk micromachining,Transducer Engineering (Mics & Loudspeakers),Microphone Types & Transducers,EXISTING,Batch 4
Calibration drift,Transducer Engineering (Mics & Loudspeakers),Microphone Types & Transducers,EXISTING,Batch 4
Calibration uncertainty,Transducer Engineering (Mics & Loudspeakers),Microphone Types & Transducers,EXISTING,Batch 4
Capacitance variation,Transducer Engineering (Mics & Loudspeakers),Microphone Types & Transducers,EXISTING,Batch 4
Capacitive MEMS microphone,Transducer Engineering (Mics & Loudspeakers),Microphone Types & Transducers,EXISTING,Batch 4
Capon beamformer,Transducer Engineering (Mics & Loudspeakers),Microphone Types & Transducers,EXISTING,Batch 4
Charge amplifier,Transducer Engineering (Mics & Loudspeakers),Microphone Types & Transducers,EXISTING,Batch 4
Circular microphone array,Transducer Engineering (Mics & Loudspeakers),Microphone Types & Transducers,EXISTING,Batch 4
Coincident microphone array,Transducer Engineering (Mics & Loudspeakers),Microphone Types & Transducers,EXISTING,Batch 4
Comparison calibration,Transducer Engineering (Mics & Loudspeakers),Microphone Types & Transducers,EXISTING,Batch 4
Complex sensitivity,Transducer Engineering (Mics & Loudspeakers),Microphone Types & Transducers,EXISTING,Batch 4
Conformal microphone array,Transducer Engineering (Mics & Loudspeakers),Microphone Types & Transducers,EXISTING,Batch 4
Constant-current line drive,Transducer Engineering (Mics & Loudspeakers),Microphone Types & Transducers,EXISTING,Batch 4
Constant-current powering,Transducer Engineering (Mics & Loudspeakers),Microphone Types & Transducers,EXISTING,Batch 4
Coupler reciprocity,Transducer Engineering (Mics & Loudspeakers),Microphone Types & Transducers,EXISTING,Batch 4
Current-noise density,Transducer Engineering (Mics & Loudspeakers),Microphone Types & Transducers,EXISTING,Batch 4
Deep reactive-ion etching,Transducer Engineering (Mics & Loudspeakers),Microphone Types & Transducers,EXISTING,Batch 4
Diagonal loading,Transducer Engineering (Mics & Loudspeakers),Microphone Types & Transducers,EXISTING,Batch 4
Diaphragm collapse,Transducer Engineering (Mics & Loudspeakers),Microphone Types & Transducers,EXISTING,Batch 4
Diaphragm–backplate capacitance,Transducer Engineering (Mics & Loudspeakers),Microphone Types & Transducers,EXISTING,Batch 4
Dielectric noise,Transducer Engineering (Mics & Loudspeakers),Microphone Types & Transducers,EXISTING,Batch 4
Differential array,Transducer Engineering (Mics & Loudspeakers),Microphone Types & Transducers,EXISTING,Batch 4
Differential beamforming,Transducer Engineering (Mics & Loudspeakers),Microphone Types & Transducers,EXISTING,Batch 4
Diffuse-field correction,Transducer Engineering (Mics & Loudspeakers),Microphone Types & Transducers,EXISTING,Batch 4
Digital decimation,Transducer Engineering (Mics & Loudspeakers),Microphone Types & Transducers,EXISTING,Batch 4
Direction of arrival,Transducer Engineering (Mics & Loudspeakers),Microphone Types & Transducers,EXISTING,Batch 4
Distributed microphone array,Transducer Engineering (Mics & Loudspeakers),Microphone Types & Transducers,EXISTING,Batch 4
Dolph–Chebyshev weighting,Transducer Engineering (Mics & Loudspeakers),Microphone Types & Transducers,EXISTING,Batch 4
Dust ingress,Transducer Engineering (Mics & Loudspeakers),Microphone Types & Transducers,EXISTING,Batch 4
ESPRIT algorithm,Transducer Engineering (Mics & Loudspeakers),Microphone Types & Transducers,EXISTING,Batch 4
Effective aperture,Transducer Engineering (Mics & Loudspeakers),Microphone Types & Transducers,EXISTING,Batch 4
Electret polarization,Transducer Engineering (Mics & Loudspeakers),Microphone Types & Transducers,EXISTING,Batch 4
Electrostatic actuator calibration,Transducer Engineering (Mics & Loudspeakers),Microphone Types & Transducers,EXISTING,Batch 4
Electrostatic attraction,Transducer Engineering (Mics & Loudspeakers),Microphone Types & Transducers,EXISTING,Batch 4
Element spacing,Transducer Engineering (Mics & Loudspeakers),Microphone Types & Transducers,EXISTING,Batch 4
Equivalent acoustic noise,Transducer Engineering (Mics & Loudspeakers),Microphone Types & Transducers,EXISTING,Batch 4
Externally polarized condenser microphone,Transducer Engineering (Mics & Loudspeakers),Microphone Types & Transducers,EXISTING,Batch 4
Fabry–Pérot microphone,Transducer Engineering (Mics & Loudspeakers),Microphone Types & Transducers,EXISTING,Batch 4
Fiber Bragg grating microphone,Transducer Engineering (Mics & Loudspeakers),Microphone Types & Transducers,EXISTING,Batch 4
Filter-and-sum beamformer,Transducer Engineering (Mics & Loudspeakers),Microphone Types & Transducers,EXISTING,Batch 4
Fixed beamformer,Transducer Engineering (Mics & Loudspeakers),Microphone Types & Transducers,EXISTING,Batch 4
Flicker noise,Transducer Engineering (Mics & Loudspeakers),Microphone Types & Transducers,EXISTING,Batch 4
Free-field reciprocity,Transducer Engineering (Mics & Loudspeakers),Microphone Types & Transducers,EXISTING,Batch 4
Frequency-domain beamforming,Transducer Engineering (Mics & Loudspeakers),Microphone Types & Transducers,EXISTING,Batch 4
Frequency-invariant beamforming,Transducer Engineering (Mics & Loudspeakers),Microphone Types & Transducers,EXISTING,Batch 4
Frost beamformer,Transducer Engineering (Mics & Loudspeakers),Microphone Types & Transducers,EXISTING,Batch 4
GCC-PHAT,Transducer Engineering (Mics & Loudspeakers),Microphone Types & Transducers,EXISTING,Batch 4
Grid diffraction,Transducer Engineering (Mics & Loudspeakers),Microphone Types & Transducers,EXISTING,Batch 4
Heterodyne interferometry,Transducer Engineering (Mics & Loudspeakers),Microphone Types & Transducers,EXISTING,Batch 4
Homodyne interferometry,Transducer Engineering (Mics & Loudspeakers),Microphone Types & Transducers,EXISTING,Batch 4
Humidity coefficient,Transducer Engineering (Mics & Loudspeakers),Microphone Types & Transducers,EXISTING,Batch 4
Hydrophobic acoustic membrane,Transducer Engineering (Mics & Loudspeakers),Microphone Types & Transducers,EXISTING,Batch 4
IEPE sensor,Transducer Engineering (Mics & Loudspeakers),Microphone Types & Transducers,EXISTING,Batch 4
Incidence correction,Transducer Engineering (Mics & Loudspeakers),Microphone Types & Transducers,EXISTING,Batch 4
Insert-voltage technique,Transducer Engineering (Mics & Loudspeakers),Microphone Types & Transducers,EXISTING,Batch 4
Integrated noise,Transducer Engineering (Mics & Loudspeakers),Microphone Types & Transducers,EXISTING,Batch 4
Interferometric displacement sensitivity,Transducer Engineering (Mics & Loudspeakers),Microphone Types & Transducers,EXISTING,Batch 4
Ionophone microphone,Transducer Engineering (Mics & Loudspeakers),Microphone Types & Transducers,EXISTING,Batch 4
Johnson–Nyquist noise,Transducer Engineering (Mics & Loudspeakers),Microphone Types & Transducers,EXISTING,Batch 4
Junction field-effect transistor,Transducer Engineering (Mics & Loudspeakers),Microphone Types & Transducers,EXISTING,Batch 4
Laboratory standard microphone,Transducer Engineering (Mics & Loudspeakers),Microphone Types & Transducers,EXISTING,Batch 4
Laser Doppler vibrometry,Transducer Engineering (Mics & Loudspeakers),Microphone Types & Transducers,EXISTING,Batch 4
Laser ultrasonics,Transducer Engineering (Mics & Loudspeakers),Microphone Types & Transducers,EXISTING,Batch 4
Linearly constrained minimum-variance beamformer,Transducer Engineering (Mics & Loudspeakers),Microphone Types & Transducers,EXISTING,Batch 4
MEMS ASIC,Transducer Engineering (Mics & Loudspeakers),Microphone Types & Transducers,EXISTING,Batch 4
MEMS backplate,Transducer Engineering (Mics & Loudspeakers),Microphone Types & Transducers,EXISTING,Batch 4
MEMS diaphragm,Transducer Engineering (Mics & Loudspeakers),Microphone Types & Transducers,EXISTING,Batch 4
MUSIC algorithm,Transducer Engineering (Mics & Loudspeakers),Microphone Types & Transducers,EXISTING,Batch 4
MVDR beamformer,Transducer Engineering (Mics & Loudspeakers),Microphone Types & Transducers,EXISTING,Batch 4
Mach–Zehnder interferometer,Transducer Engineering (Mics & Loudspeakers),Microphone Types & Transducers,EXISTING,Batch 4
Michelson interferometer,Transducer Engineering (Mics & Loudspeakers),Microphone Types & Transducers,EXISTING,Batch 4
Microflown sensor,Transducer Engineering (Mics & Loudspeakers),Microphone Types & Transducers,EXISTING,Batch 4
Microphone preamplifier,Transducer Engineering (Mics & Loudspeakers),Microphone Types & Transducers,EXISTING,Batch 4
Microphone reciprocity,Transducer Engineering (Mics & Loudspeakers),Microphone Types & Transducers,EXISTING,Batch 4
Minimum detectable pressure,Transducer Engineering (Mics & Loudspeakers),Microphone Types & Transducers,EXISTING,Batch 4
Minimum detectable signal,Transducer Engineering (Mics & Loudspeakers),Microphone Types & Transducers,EXISTING,Batch 4
Narrowband beamformer,Transducer Engineering (Mics & Loudspeakers),Microphone Types & Transducers,EXISTING,Batch 4
Neural beamforming,Transducer Engineering (Mics & Loudspeakers),Microphone Types & Transducers,EXISTING,Batch 4
Noise spectral density,Transducer Engineering (Mics & Loudspeakers),Microphone Types & Transducers,EXISTING,Batch 4
Noise-equivalent pressure,Transducer Engineering (Mics & Loudspeakers),Microphone Types & Transducers,EXISTING,Batch 4
Nonresonant photoacoustic cell,Transducer Engineering (Mics & Loudspeakers),Microphone Types & Transducers,EXISTING,Batch 4
Optical MEMS microphone,Transducer Engineering (Mics & Loudspeakers),Microphone Types & Transducers,EXISTING,Batch 4
Optical intensity modulation,Transducer Engineering (Mics & Loudspeakers),Microphone Types & Transducers,EXISTING,Batch 4
Optical interferometric sensing,Transducer Engineering (Mics & Loudspeakers),Microphone Types & Transducers,EXISTING,Batch 4
Optical phase modulation,Transducer Engineering (Mics & Loudspeakers),Microphone Types & Transducers,EXISTING,Batch 4
Optoacoustic effect,Transducer Engineering (Mics & Loudspeakers),Microphone Types & Transducers,EXISTING,Batch 4
Optoacoustic microphone,Transducer Engineering (Mics & Loudspeakers),Microphone Types & Transducers,EXISTING,Batch 4
Optoacoustic tomography,Transducer Engineering (Mics & Loudspeakers),Microphone Types & Transducers,EXISTING,Batch 4
Part-to-part matching,Transducer Engineering (Mics & Loudspeakers),Microphone Types & Transducers,EXISTING,Batch 4
Particle ingress protection,Transducer Engineering (Mics & Loudspeakers),Microphone Types & Transducers,EXISTING,Batch 4
Permanently polarized microphone,Transducer Engineering (Mics & Loudspeakers),Microphone Types & Transducers,EXISTING,Batch 4
Phantom powering,Transducer Engineering (Mics & Loudspeakers),Microphone Types & Transducers,EXISTING,Batch 4
Phase shading,Transducer Engineering (Mics & Loudspeakers),Microphone Types & Transducers,EXISTING,Batch 4
Photoacoustic cell,Transducer Engineering (Mics & Loudspeakers),Microphone Types & Transducers,EXISTING,Batch 4
Photoacoustic effect,Transducer Engineering (Mics & Loudspeakers),Microphone Types & Transducers,EXISTING,Batch 4
Photoacoustic imaging,Transducer Engineering (Mics & Loudspeakers),Microphone Types & Transducers,EXISTING,Batch 4
Photoacoustic microphone,Transducer Engineering (Mics & Loudspeakers),Microphone Types & Transducers,EXISTING,Batch 4
Photoacoustic spectroscopy,Transducer Engineering (Mics & Loudspeakers),Microphone Types & Transducers,EXISTING,Batch 4
Photothermal excitation,Transducer Engineering (Mics & Loudspeakers),Microphone Types & Transducers,EXISTING,Batch 4
Piezoelectric MEMS microphone,Transducer Engineering (Mics & Loudspeakers),Microphone Types & Transducers,EXISTING,Batch 4
Pistonphone calibration,Transducer Engineering (Mics & Loudspeakers),Microphone Types & Transducers,EXISTING,Batch 4
Planar microphone array,Transducer Engineering (Mics & Loudspeakers),Microphone Types & Transducers,EXISTING,Batch 4
Plasma microphone,Transducer Engineering (Mics & Loudspeakers),Microphone Types & Transducers,EXISTING,Batch 4
Polarization voltage,Transducer Engineering (Mics & Loudspeakers),Microphone Types & Transducers,EXISTING,Batch 4
Pop-noise suppression,Transducer Engineering (Mics & Loudspeakers),Microphone Types & Transducers,EXISTING,Batch 4
Preamplifier current noise,Transducer Engineering (Mics & Loudspeakers),Microphone Types & Transducers,EXISTING,Batch 4
Preamplifier voltage noise,Transducer Engineering (Mics & Loudspeakers),Microphone Types & Transducers,EXISTING,Batch 4
Prepolarized condenser microphone,Transducer Engineering (Mics & Loudspeakers),Microphone Types & Transducers,EXISTING,Batch 4
Pressure reciprocity,Transducer Engineering (Mics & Loudspeakers),Microphone Types & Transducers,EXISTING,Batch 4
Pressure sensitivity,Transducer Engineering (Mics & Loudspeakers),Microphone Types & Transducers,EXISTING,Batch 4
Pressure-field correction,Transducer Engineering (Mics & Loudspeakers),Microphone Types & Transducers,EXISTING,Batch 4
Primary calibration,Transducer Engineering (Mics & Loudspeakers),Microphone Types & Transducers,EXISTING,Batch 4
Protection-grid correction,Transducer Engineering (Mics & Loudspeakers),Microphone Types & Transducers,EXISTING,Batch 4
Pull-in voltage,Transducer Engineering (Mics & Loudspeakers),Microphone Types & Transducers,EXISTING,Batch 4
Pulse-density modulation,Transducer Engineering (Mics & Loudspeakers),Microphone Types & Transducers,EXISTING,Batch 4
Pulse-density modulation microphone,Transducer Engineering (Mics & Loudspeakers),Microphone Types & Transducers,EXISTING,Batch 4
Random-incidence correction,Transducer Engineering (Mics & Loudspeakers),Microphone Types & Transducers,EXISTING,Batch 4
Reciprocity calibration,Transducer Engineering (Mics & Loudspeakers),Microphone Types & Transducers,EXISTING,Batch 4
Reciprocity parameter,Transducer Engineering (Mics & Loudspeakers),Microphone Types & Transducers,EXISTING,Batch 4
Reciprocity transducer,Transducer Engineering (Mics & Loudspeakers),Microphone Types & Transducers,EXISTING,Batch 4
Remote vibrometry,Transducer Engineering (Mics & Loudspeakers),Microphone Types & Transducers,EXISTING,Batch 4
Resonant photoacoustic cell,Transducer Engineering (Mics & Loudspeakers),Microphone Types & Transducers,EXISTING,Batch 4
Robust beamforming,Transducer Engineering (Mics & Loudspeakers),Microphone Types & Transducers,EXISTING,Batch 4
Sacrificial layer,Transducer Engineering (Mics & Loudspeakers),Microphone Types & Transducers,EXISTING,Batch 4
Scanning laser Doppler vibrometry,Transducer Engineering (Mics & Loudspeakers),Microphone Types & Transducers,EXISTING,Batch 4
Secondary calibration,Transducer Engineering (Mics & Loudspeakers),Microphone Types & Transducers,EXISTING,Batch 4
Sensitivity level,Transducer Engineering (Mics & Loudspeakers),Microphone Types & Transducers,EXISTING,Batch 4
Shot noise,Transducer Engineering (Mics & Loudspeakers),Microphone Types & Transducers,EXISTING,Batch 4
Shotgun interference tube,Transducer Engineering (Mics & Loudspeakers),Microphone Types & Transducers,EXISTING,Batch 4
Sigma-delta modulator,Transducer Engineering (Mics & Loudspeakers),Microphone Types & Transducers,EXISTING,Batch 4
Silicon-on-insulator,Transducer Engineering (Mics & Loudspeakers),Microphone Types & Transducers,EXISTING,Batch 4
Source impedance,Transducer Engineering (Mics & Loudspeakers),Microphone Types & Transducers,EXISTING,Batch 4
Sparse microphone array,Transducer Engineering (Mics & Loudspeakers),Microphone Types & Transducers,EXISTING,Batch 4
Spatial covariance matrix,Transducer Engineering (Mics & Loudspeakers),Microphone Types & Transducers,EXISTING,Batch 4
Spatial whitening,Transducer Engineering (Mics & Loudspeakers),Microphone Types & Transducers,EXISTING,Batch 4
Speckle interferometry,Transducer Engineering (Mics & Loudspeakers),Microphone Types & Transducers,EXISTING,Batch 4
Spherical microphone array,Transducer Engineering (Mics & Loudspeakers),Microphone Types & Transducers,EXISTING,Batch 4
Static capacitance,Transducer Engineering (Mics & Loudspeakers),Microphone Types & Transducers,EXISTING,Batch 4
Static-pressure coefficient,Transducer Engineering (Mics & Loudspeakers),Microphone Types & Transducers,EXISTING,Batch 4
Steering vector,Transducer Engineering (Mics & Loudspeakers),Microphone Types & Transducers,EXISTING,Batch 4
Subband beamforming,Transducer Engineering (Mics & Loudspeakers),Microphone Types & Transducers,EXISTING,Batch 4
Substitution calibration,Transducer Engineering (Mics & Loudspeakers),Microphone Types & Transducers,EXISTING,Batch 4
Superdirectivity,Transducer Engineering (Mics & Loudspeakers),Microphone Types & Transducers,EXISTING,Batch 4
Surface micromachining,Transducer Engineering (Mics & Loudspeakers),Microphone Types & Transducers,EXISTING,Batch 4
Tapering function,Transducer Engineering (Mics & Loudspeakers),Microphone Types & Transducers,EXISTING,Batch 4
Temperature coefficient,Transducer Engineering (Mics & Loudspeakers),Microphone Types & Transducers,EXISTING,Batch 4
Thermal noise,Transducer Engineering (Mics & Loudspeakers),Microphone Types & Transducers,EXISTING,Batch 4
Time difference of arrival,Transducer Engineering (Mics & Loudspeakers),Microphone Types & Transducers,EXISTING,Batch 4
Time-domain beamforming,Transducer Engineering (Mics & Loudspeakers),Microphone Types & Transducers,EXISTING,Batch 4
Tonader powering,Transducer Engineering (Mics & Loudspeakers),Microphone Types & Transducers,EXISTING,Batch 4
Transfer standard microphone,Transducer Engineering (Mics & Loudspeakers),Microphone Types & Transducers,EXISTING,Batch 4
Vent resistance,Transducer Engineering (Mics & Loudspeakers),Microphone Types & Transducers,EXISTING,Batch 4
Venting time constant,Transducer Engineering (Mics & Loudspeakers),Microphone Types & Transducers,EXISTING,Batch 4
Voltage-noise density,Transducer Engineering (Mics & Loudspeakers),Microphone Types & Transducers,EXISTING,Batch 4
Volumetric microphone array,Transducer Engineering (Mics & Loudspeakers),Microphone Types & Transducers,EXISTING,Batch 4
Wafer-level packaging,Transducer Engineering (Mics & Loudspeakers),Microphone Types & Transducers,EXISTING,Batch 4
Wake-on-sound,Transducer Engineering (Mics & Loudspeakers),Microphone Types & Transducers,EXISTING,Batch 4
Waterproof acoustic vent,Transducer Engineering (Mics & Loudspeakers),Microphone Types & Transducers,EXISTING,Batch 4
Working standard microphone,Transducer Engineering (Mics & Loudspeakers),Microphone Types & Transducers,EXISTING,Batch 4
Z-weighted self-noise,Transducer Engineering (Mics & Loudspeakers),Microphone Types & Transducers,EXISTING,Batch 4
3:1 placement guideline,Transducer Engineering (Mics & Loudspeakers),Microphones,EXISTING,Batch 5
Acceptance angle,Transducer Engineering (Mics & Loudspeakers),Microphones,EXISTING,Batch 4
Acoustic labyrinth,Transducer Engineering (Mics & Loudspeakers),Microphones,EXISTING,Batch 4
Acoustic labyrinths,Transducer Engineering (Mics & Loudspeakers),Microphones,EXISTING,Batch 5
Acoustic leakage,Transducer Engineering (Mics & Loudspeakers),Microphones,EXISTING,Batch 4
Acoustic overload point,Transducer Engineering (Mics & Loudspeakers),Microphones,EXISTING,Batch 4
Acoustic port,Transducer Engineering (Mics & Loudspeakers),Microphones,EXISTING,Batch 4
Acoustic transducer,Transducer Engineering (Mics & Loudspeakers),Microphones,EXISTING,Batch 4
Acoustic vent,Transducer Engineering (Mics & Loudspeakers),Microphones,EXISTING,Batch 4
Acoustic-overload recovery,Transducer Engineering (Mics & Loudspeakers),Microphones,EXISTING,Batch 4
Air gap,Transducer Engineering (Mics & Loudspeakers),Microphones,EXISTING,Batch 4
Ambisonic microphones,Transducer Engineering (Mics & Loudspeakers),Microphones,EXISTING,Batch 5
Angular response,Transducer Engineering (Mics & Loudspeakers),Microphones,EXISTING,Batch 4
Application-specific integrated circuit,Transducer Engineering (Mics & Loudspeakers),Microphones,EXISTING,Batch 4
Azimuth response,Transducer Engineering (Mics & Loudspeakers),Microphones,EXISTING,Batch 4
Back-electret microphone,Transducer Engineering (Mics & Loudspeakers),Microphones,EXISTING,Batch 4
Balanced microphone lines,Transducer Engineering (Mics & Loudspeakers),Microphones,EXISTING,Batch 5
Beam squint,Transducer Engineering (Mics & Loudspeakers),Microphones,EXISTING,Batch 4
Bias voltage,Transducer Engineering (Mics & Loudspeakers),Microphones,EXISTING,Batch 4
Bidirectional response,Transducer Engineering (Mics & Loudspeakers),Microphones,EXISTING,Batch 4
Blumlein configuration,Transducer Engineering (Mics & Loudspeakers),Microphones,EXISTING,Batch 5
Bottom-port microphone,Transducer Engineering (Mics & Loudspeakers),Microphones,EXISTING,Batch 4
Boundary microphones,Transducer Engineering (Mics & Loudspeakers),Microphones,EXISTING,Batch 5
Capacitive loading,Transducer Engineering (Mics & Loudspeakers),Microphones,EXISTING,Batch 4
Capacitive sensing,Transducer Engineering (Mics & Loudspeakers),Microphones,EXISTING,Batch 4
Capsule resonance,Transducer Engineering (Mics & Loudspeakers),Microphones,EXISTING,Batch 4
Cardioid family,Transducer Engineering (Mics & Loudspeakers),Microphones,EXISTING,Batch 4
Cardioid formation,Transducer Engineering (Mics & Loudspeakers),Microphones,EXISTING,Batch 5
Cavity resonance,Transducer Engineering (Mics & Loudspeakers),Microphones,EXISTING,Batch 4
Ceramic microphone,Transducer Engineering (Mics & Loudspeakers),Microphones,EXISTING,Batch 4
Coherence matrix,Transducer Engineering (Mics & Loudspeakers),Microphones,EXISTING,Batch 4
Coincident stereo arrays,Transducer Engineering (Mics & Loudspeakers),Microphones,EXISTING,Batch 5
Complex weighting,Transducer Engineering (Mics & Loudspeakers),Microphones,EXISTING,Batch 4
Condenser capsule,Transducer Engineering (Mics & Loudspeakers),Microphones,EXISTING,Batch 4
Condenser polarization,Transducer Engineering (Mics & Loudspeakers),Microphones,EXISTING,Batch 5
Critical distance and microphone placement,Transducer Engineering (Mics & Loudspeakers),Microphones,EXISTING,Batch 5
Cross-spectral matrix,Transducer Engineering (Mics & Loudspeakers),Microphones,EXISTING,Batch 4
Delay estimation,Transducer Engineering (Mics & Loudspeakers),Microphones,EXISTING,Batch 4
Diaphragm resonance,Transducer Engineering (Mics & Loudspeakers),Microphones,EXISTING,Batch 4
Diaphragm size versus behavior,Transducer Engineering (Mics & Loudspeakers),Microphones,EXISTING,Batch 5
Differential-pressure microphone,Transducer Engineering (Mics & Loudspeakers),Microphones,EXISTING,Batch 4
Diffuse-field microphone,Transducer Engineering (Mics & Loudspeakers),Microphones,EXISTING,Batch 4
Diffuse-field response,Transducer Engineering (Mics & Loudspeakers),Microphones,EXISTING,Batch 4
Digital microphone interface,Transducer Engineering (Mics & Loudspeakers),Microphones,EXISTING,Batch 4
Directional behavior,Transducer Engineering (Mics & Loudspeakers),Microphones,EXISTING,Batch 5
Directivity order,Transducer Engineering (Mics & Loudspeakers),Microphones,EXISTING,Batch 4
Directivity pattern,Transducer Engineering (Mics & Loudspeakers),Microphones,EXISTING,Batch 4
Distance factor,Transducer Engineering (Mics & Loudspeakers),Microphones,EXISTING,Batch 5
Dual diaphragm,Transducer Engineering (Mics & Loudspeakers),Microphones,EXISTING,Batch 4
Dynamic-microphone induction,Transducer Engineering (Mics & Loudspeakers),Microphones,EXISTING,Batch 5
Electret capsule,Transducer Engineering (Mics & Loudspeakers),Microphones,EXISTING,Batch 4
Electrical clipping point,Transducer Engineering (Mics & Loudspeakers),Microphones,EXISTING,Batch 4
Electrodynamic transduction,Transducer Engineering (Mics & Loudspeakers),Microphones,EXISTING,Batch 4
Electromagnetic induction,Transducer Engineering (Mics & Loudspeakers),Microphones,EXISTING,Batch 4
Electromechanical transducer,Transducer Engineering (Mics & Loudspeakers),Microphones,EXISTING,Batch 4
Electrostatic transduction,Transducer Engineering (Mics & Loudspeakers),Microphones,EXISTING,Batch 4
Elevation response,Transducer Engineering (Mics & Loudspeakers),Microphones,EXISTING,Batch 4
Environmental sensitivity,Transducer Engineering (Mics & Loudspeakers),Microphones,EXISTING,Batch 4
Equalization port,Transducer Engineering (Mics & Loudspeakers),Microphones,EXISTING,Batch 4
Expanded uncertainty,Transducer Engineering (Mics & Loudspeakers),Microphones,EXISTING,Batch 4
Figure-eight pattern,Transducer Engineering (Mics & Loudspeakers),Microphones,EXISTING,Batch 5
Figure-eight response,Transducer Engineering (Mics & Loudspeakers),Microphones,EXISTING,Batch 4
First-order gradient microphone,Transducer Engineering (Mics & Loudspeakers),Microphones,EXISTING,Batch 4
Foil-electret microphone,Transducer Engineering (Mics & Loudspeakers),Microphones,EXISTING,Batch 4
Free-field microphone,Transducer Engineering (Mics & Loudspeakers),Microphones,EXISTING,Batch 4
Free-field response,Transducer Engineering (Mics & Loudspeakers),Microphones,EXISTING,Batch 4
Frequency-dependent polar response,Transducer Engineering (Mics & Loudspeakers),Microphones,EXISTING,Batch 5
Front-electret microphone,Transducer Engineering (Mics & Loudspeakers),Microphones,EXISTING,Batch 4
Front-to-back ratio,Transducer Engineering (Mics & Loudspeakers),Microphones,EXISTING,Batch 4
Front-to-random ratio,Transducer Engineering (Mics & Loudspeakers),Microphones,EXISTING,Batch 4
Gold sputtering,Transducer Engineering (Mics & Loudspeakers),Microphones,EXISTING,Batch 4
Grating lobe,Transducer Engineering (Mics & Loudspeakers),Microphones,EXISTING,Batch 4
Half-inch measurement microphone,Transducer Engineering (Mics & Loudspeakers),Microphones,EXISTING,Batch 4
Half-power angle,Transducer Engineering (Mics & Loudspeakers),Microphones,EXISTING,Batch 4
High-level microphone,Transducer Engineering (Mics & Loudspeakers),Microphones,EXISTING,Batch 4
Higher-order microphone,Transducer Engineering (Mics & Loudspeakers),Microphones,EXISTING,Batch 4
Hypercardioid pattern,Transducer Engineering (Mics & Loudspeakers),Microphones,EXISTING,Batch 5
I2S microphone,Transducer Engineering (Mics & Loudspeakers),Microphones,EXISTING,Batch 4
Infrasonic microphone,Transducer Engineering (Mics & Loudspeakers),Microphones,EXISTING,Batch 4
Inherent dynamic range,Transducer Engineering (Mics & Loudspeakers),Microphones,EXISTING,Batch 4
Integrated Circuit Piezoelectric,Transducer Engineering (Mics & Loudspeakers),Microphones,EXISTING,Batch 4
Integrated Electronics Piezo-Electric,Transducer Engineering (Mics & Loudspeakers),Microphones,EXISTING,Batch 4
Interference tubes,Transducer Engineering (Mics & Loudspeakers),Microphones,EXISTING,Batch 5
Interference-tube slot,Transducer Engineering (Mics & Loudspeakers),Microphones,EXISTING,Batch 4
Legendre polynomial,Transducer Engineering (Mics & Loudspeakers),Microphones,EXISTING,Batch 4
Line-gradient microphone,Transducer Engineering (Mics & Loudspeakers),Microphones,EXISTING,Batch 4
Loaded sensitivity,Transducer Engineering (Mics & Loudspeakers),Microphones,EXISTING,Batch 4
Low-frequency microphone,Transducer Engineering (Mics & Loudspeakers),Microphones,EXISTING,Batch 4
Magnetostrictive sensing,Transducer Engineering (Mics & Loudspeakers),Microphones,EXISTING,Batch 4
Magnitude sensitivity,Transducer Engineering (Mics & Loudspeakers),Microphones,EXISTING,Batch 4
Main lobe,Transducer Engineering (Mics & Loudspeakers),Microphones,EXISTING,Batch 4
Maximum undistorted output,Transducer Engineering (Mics & Loudspeakers),Microphones,EXISTING,Batch 4
Membrane,Transducer Engineering (Mics & Loudspeakers),Microphones,EXISTING,Batch 4
Microelectromechanical microphone,Transducer Engineering (Mics & Loudspeakers),Microphones,EXISTING,Batch 4
Microphone preamplifier noise,Transducer Engineering (Mics & Loudspeakers),Microphones,EXISTING,Batch 5
Mid/side recording,Transducer Engineering (Mics & Loudspeakers),Microphones,EXISTING,Batch 5
Minimum-variance distortionless response,Transducer Engineering (Mics & Loudspeakers),Microphones,EXISTING,Batch 4
Multiple signal classification,Transducer Engineering (Mics & Loudspeakers),Microphones,EXISTING,Batch 4
Near-coincident arrays,Transducer Engineering (Mics & Loudspeakers),Microphones,EXISTING,Batch 5
Noncontact vibration measurement,Transducer Engineering (Mics & Loudspeakers),Microphones,EXISTING,Batch 4
Nonreciprocal transducer,Transducer Engineering (Mics & Loudspeakers),Microphones,EXISTING,Batch 4
Null angle,Transducer Engineering (Mics & Loudspeakers),Microphones,EXISTING,Batch 4
Null depth,Transducer Engineering (Mics & Loudspeakers),Microphones,EXISTING,Batch 4
Omnidirectional behavior,Transducer Engineering (Mics & Loudspeakers),Microphones,EXISTING,Batch 5
One-inch measurement microphone,Transducer Engineering (Mics & Loudspeakers),Microphones,EXISTING,Batch 4
Open-circuit sensitivity,Transducer Engineering (Mics & Loudspeakers),Microphones,EXISTING,Batch 4
Optical microphone,Transducer Engineering (Mics & Loudspeakers),Microphones,EXISTING,Batch 4
Package cavity,Transducer Engineering (Mics & Loudspeakers),Microphones,EXISTING,Batch 4
Package leakage,Transducer Engineering (Mics & Loudspeakers),Microphones,EXISTING,Batch 4
Particle-velocity sensor,Transducer Engineering (Mics & Loudspeakers),Microphones,EXISTING,Batch 4
Pattern consistency,Transducer Engineering (Mics & Loudspeakers),Microphones,EXISTING,Batch 4
Phase interaction between microphones,Transducer Engineering (Mics & Loudspeakers),Microphones,EXISTING,Batch 5
Phase matching,Transducer Engineering (Mics & Loudspeakers),Microphones,EXISTING,Batch 4
Phase sensitivity,Transducer Engineering (Mics & Loudspeakers),Microphones,EXISTING,Batch 4
Phase-transform weighting,Transducer Engineering (Mics & Loudspeakers),Microphones,EXISTING,Batch 4
Piezoelectric transduction,Transducer Engineering (Mics & Loudspeakers),Microphones,EXISTING,Batch 4
Piezoresistive transduction,Transducer Engineering (Mics & Loudspeakers),Microphones,EXISTING,Batch 4
Polar narrowing,Transducer Engineering (Mics & Loudspeakers),Microphones,EXISTING,Batch 4
Polar patterns,Transducer Engineering (Mics & Loudspeakers),Microphones,EXISTING,Batch 5
Polar-pattern invariance,Transducer Engineering (Mics & Loudspeakers),Microphones,EXISTING,Batch 4
Pressure doubling at boundaries,Transducer Engineering (Mics & Loudspeakers),Microphones,EXISTING,Batch 5
Pressure equalization vent,Transducer Engineering (Mics & Loudspeakers),Microphones,EXISTING,Batch 4
Pressure microphones,Transducer Engineering (Mics & Loudspeakers),Microphones,EXISTING,Batch 5
Pressure response,Transducer Engineering (Mics & Loudspeakers),Microphones,EXISTING,Batch 4
Pressure transducer,Transducer Engineering (Mics & Loudspeakers),Microphones,EXISTING,Batch 4
Pressure-event robustness,Transducer Engineering (Mics & Loudspeakers),Microphones,EXISTING,Batch 4
Pressure-gradient microphones,Transducer Engineering (Mics & Loudspeakers),Microphones,EXISTING,Batch 5
Pressure-gradient receiver,Transducer Engineering (Mics & Loudspeakers),Microphones,EXISTING,Batch 4
Pressure-gradient transducer,Transducer Engineering (Mics & Loudspeakers),Microphones,EXISTING,Batch 4
Pressure–velocity probe,Transducer Engineering (Mics & Loudspeakers),Microphones,EXISTING,Batch 4
Quarter-inch measurement microphone,Transducer Engineering (Mics & Loudspeakers),Microphones,EXISTING,Batch 4
Radio-frequency immunity,Transducer Engineering (Mics & Loudspeakers),Microphones,EXISTING,Batch 4
Rear chamber,Transducer Engineering (Mics & Loudspeakers),Microphones,EXISTING,Batch 4
Rear lobe,Transducer Engineering (Mics & Loudspeakers),Microphones,EXISTING,Batch 4
Rear-port delay networks,Transducer Engineering (Mics & Loudspeakers),Microphones,EXISTING,Batch 5
Reciprocal microphone,Transducer Engineering (Mics & Loudspeakers),Microphones,EXISTING,Batch 4
Reference environmental conditions,Transducer Engineering (Mics & Loudspeakers),Microphones,EXISTING,Batch 4
Ribbon loading,Transducer Engineering (Mics & Loudspeakers),Microphones,EXISTING,Batch 5
Ribbon velocity microphone,Transducer Engineering (Mics & Loudspeakers),Microphones,EXISTING,Batch 4
Ribbon-microphone operation,Transducer Engineering (Mics & Loudspeakers),Microphones,EXISTING,Batch 5
Second-order gradient microphone,Transducer Engineering (Mics & Loudspeakers),Microphones,EXISTING,Batch 4
Sensitivity tolerance,Transducer Engineering (Mics & Loudspeakers),Microphones,EXISTING,Batch 4
Side lobe,Transducer Engineering (Mics & Loudspeakers),Microphones,EXISTING,Batch 4
Simultaneous comparison,Transducer Engineering (Mics & Loudspeakers),Microphones,EXISTING,Batch 4
Single diaphragm,Transducer Engineering (Mics & Loudspeakers),Microphones,EXISTING,Batch 4
Sound-calibrator verification,Transducer Engineering (Mics & Loudspeakers),Microphones,EXISTING,Batch 4
Sound-intensity probe,Transducer Engineering (Mics & Loudspeakers),Microphones,EXISTING,Batch 4
Sound-level-meter microphone,Transducer Engineering (Mics & Loudspeakers),Microphones,EXISTING,Batch 4
Source localization,Transducer Engineering (Mics & Loudspeakers),Microphones,EXISTING,Batch 4
Spaced arrays,Transducer Engineering (Mics & Loudspeakers),Microphones,EXISTING,Batch 5
Spatial aliasing,Transducer Engineering (Mics & Loudspeakers),Microphones,EXISTING,Batch 4
Spherical harmonic order,Transducer Engineering (Mics & Loudspeakers),Microphones,EXISTING,Batch 4
Supercardioid pattern,Transducer Engineering (Mics & Loudspeakers),Microphones,EXISTING,Batch 5
Surface potential,Transducer Engineering (Mics & Loudspeakers),Microphones,EXISTING,Batch 4
Surface-velocity measurement,Transducer Engineering (Mics & Loudspeakers),Microphones,EXISTING,Batch 4
Thermoacoustic sensing,Transducer Engineering (Mics & Loudspeakers),Microphones,EXISTING,Batch 4
Three-dimensional directivity,Transducer Engineering (Mics & Loudspeakers),Microphones,EXISTING,Batch 4
Top-port microphone,Transducer Engineering (Mics & Loudspeakers),Microphones,EXISTING,Batch 4
Total dynamic range,Transducer Engineering (Mics & Loudspeakers),Microphones,EXISTING,Batch 4
Traceability chain,Transducer Engineering (Mics & Loudspeakers),Microphones,EXISTING,Batch 4
Transducer sensitivity,Transducer Engineering (Mics & Loudspeakers),Microphones,EXISTING,Batch 5
Transduction,Transducer Engineering (Mics & Loudspeakers),Microphones,EXISTING,Batch 4
Transformer effects,Transducer Engineering (Mics & Loudspeakers),Microphones,EXISTING,Batch 5
Ultrasonic microphone,Transducer Engineering (Mics & Loudspeakers),Microphones,EXISTING,Batch 4
Ultrasonic-band response,Transducer Engineering (Mics & Loudspeakers),Microphones,EXISTING,Batch 4
Velocity microphone,Transducer Engineering (Mics & Loudspeakers),Microphones,EXISTING,Batch 4
Velocity-sensitive microphones,Transducer Engineering (Mics & Loudspeakers),Microphones,EXISTING,Batch 5
Zero-order microphone,Transducer Engineering (Mics & Loudspeakers),Microphones,EXISTING,Batch 4
