term,subject,landing_topic,status,source_batch
AC bias,Archival & Analog Tape,Analog Tape / Tape Machines,EXISTING,Batch 1
AES equalization,Archival & Analog Tape,Analog Tape / Tape Machines,EXISTING,Batch 1
Ampex Master Equalization,Archival & Analog Tape,Analog Tape / Tape Machines,EXISTING,Batch 1
Anhysteretic recording,Archival & Analog Tape,Analog Tape / Tape Machines,EXISTING,Batch 1
Anhysteretic remanence,Archival & Analog Tape,Analog Tape / Tape Machines,EXISTING,Batch 1
Back tension,Archival & Analog Tape,Analog Tape / Tape Machines,EXISTING,Batch 1
Bias compatibility,Archival & Analog Tape,Analog Tape / Tape Machines,EXISTING,Batch 1
Bias current,Archival & Analog Tape,Analog Tape / Tape Machines,EXISTING,Batch 1
Bias feedthrough,Archival & Analog Tape,Analog Tape / Tape Machines,EXISTING,Batch 1
Bias frequency,Archival & Analog Tape,Analog Tape / Tape Machines,EXISTING,Batch 1
Bias null,Archival & Analog Tape,Analog Tape / Tape Machines,EXISTING,Batch 1
Bias rocks,Archival & Analog Tape,Analog Tape / Tape Machines,EXISTING,Batch 1
Bias trap,Archival & Analog Tape,Analog Tape / Tape Machines,EXISTING,Batch 1
Bulk erasure,Archival & Analog Tape,Analog Tape / Tape Machines,EXISTING,Batch 1
Bulk-erased noise,Archival & Analog Tape,Analog Tape / Tape Machines,EXISTING,Batch 1
CCIR equalization,Archival & Analog Tape,Analog Tape / Tape Machines,EXISTING,Batch 1
Center track,Archival & Analog Tape,Analog Tape / Tape Machines,EXISTING,Batch 1
Closed-loop dual capstan,Archival & Analog Tape,Analog Tape / Tape Machines,EXISTING,Batch 1
Closed-loop transport,Archival & Analog Tape,Analog Tape / Tape Machines,EXISTING,Batch 1
Coercivity,Archival & Analog Tape,Analog Tape / Tape Machines,EXISTING,Batch 1
Constant-tension transport,Archival & Analog Tape,Analog Tape / Tape Machines,EXISTING,Batch 1
Contact loss,Archival & Analog Tape,Analog Tape / Tape Machines,EXISTING,Batch 1
Contact-loss dropout,Archival & Analog Tape,Analog Tape / Tape Machines,EXISTING,Batch 1
Crowned guide,Archival & Analog Tape,Analog Tape / Tape Machines,EXISTING,Batch 1
Cue track,Archival & Analog Tape,Analog Tape / Tape Machines,EXISTING,Batch 1
DC erasure,Archival & Analog Tape,Analog Tape / Tape Machines,EXISTING,Batch 1
DC noise,Archival & Analog Tape,Analog Tape / Tape Machines,EXISTING,Batch 1
DIN tape equalization,Archival & Analog Tape,Analog Tape / Tape Machines,EXISTING,Batch 1
Dancer arm,Archival & Analog Tape,Analog Tape / Tape Machines,EXISTING,Batch 1
Degausser dwell,Archival & Analog Tape,Analog Tape / Tape Machines,EXISTING,Batch 1
Degausser withdrawal,Archival & Analog Tape,Analog Tape / Tape Machines,EXISTING,Batch 1
Differential head wear,Archival & Analog Tape,Analog Tape / Tape Machines,EXISTING,Batch 1
Differential tension,Archival & Analog Tape,Analog Tape / Tape Machines,EXISTING,Batch 1
Domain orientation,Archival & Analog Tape,Analog Tape / Tape Machines,EXISTING,Batch 1
Dual-capstan transport,Archival & Analog Tape,Analog Tape / Tape Machines,EXISTING,Batch 1
Edge guiding,Archival & Analog Tape,Analog Tape / Tape Machines,EXISTING,Batch 1
Elevated operating level,Archival & Analog Tape,Analog Tape / Tape Machines,EXISTING,Batch 1
Equalization ambiguity,Archival & Analog Tape,Analog Tape / Tape Machines,EXISTING,Batch 1
Equalization misdecode,Archival & Analog Tape,Analog Tape / Tape Machines,EXISTING,Batch 1
Erase depth,Archival & Analog Tape,Analog Tape / Tape Machines,EXISTING,Batch 1
Erase-field penetration,Archival & Analog Tape,Analog Tape / Tape Machines,EXISTING,Batch 1
Erased-tape noise,Archival & Analog Tape,Analog Tape / Tape Machines,EXISTING,Batch 1
Erasure ratio,Archival & Analog Tape,Analog Tape / Tape Machines,EXISTING,Batch 1
Flange rub,Archival & Analog Tape,Analog Tape / Tape Machines,EXISTING,Batch 1
Flutter idler,Archival & Analog Tape,Analog Tape / Tape Machines,EXISTING,Batch 1
Full-track mono,Archival & Analog Tape,Analog Tape / Tape Machines,EXISTING,Batch 1
Gap erosion,Archival & Analog Tape,Analog Tape / Tape Machines,EXISTING,Batch 1
Gap-azimuth interaction,Archival & Analog Tape,Analog Tape / Tape Machines,EXISTING,Batch 1
Gap-length loss,Archival & Analog Tape,Analog Tape / Tape Machines,EXISTING,Batch 1
Guard track,Archival & Analog Tape,Analog Tape / Tape Machines,EXISTING,Batch 1
Guide chatter,Archival & Analog Tape,Analog Tape / Tape Machines,EXISTING,Batch 1
Half-track mono,Archival & Analog Tape,Analog Tape / Tape Machines,EXISTING,Batch 1
Half-track stereo,Archival & Analog Tape,Analog Tape / Tape Machines,EXISTING,Batch 1
Head bump,Archival & Analog Tape,Analog Tape / Tape Machines,EXISTING,Batch 1
Head clogging,Archival & Analog Tape,Analog Tape / Tape Machines,EXISTING,Batch 1
Head contour resonance,Archival & Analog Tape,Analog Tape / Tape Machines,EXISTING,Batch 1
Head penetration,Archival & Analog Tape,Analog Tape / Tape Machines,EXISTING,Batch 1
Head-face grooving,Archival & Analog Tape,Analog Tape / Tape Machines,EXISTING,Batch 1
Head-field asymmetry,Archival & Analog Tape,Analog Tape / Tape Machines,EXISTING,Batch 1
House equalization,Archival & Analog Tape,Analog Tape / Tape Machines,EXISTING,Batch 1
Hub-slot deformation,Archival & Analog Tape,Analog Tape / Tape Machines,EXISTING,Batch 1
Hysteresis loop,Archival & Analog Tape,Analog Tape / Tape Machines,EXISTING,Batch 1
IEC1 equalization,Archival & Analog Tape,Analog Tape / Tape Machines,EXISTING,Batch 1
IEC2 equalization,Archival & Analog Tape,Analog Tape / Tape Machines,EXISTING,Batch 1
Impedance roller,Archival & Analog Tape,Analog Tape / Tape Machines,EXISTING,Batch 1
Incomplete erasure,Archival & Analog Tape,Analog Tape / Tape Machines,EXISTING,Batch 1
Infinite low-frequency time constant,Archival & Analog Tape,Analog Tape / Tape Machines,EXISTING,Batch 1
Inline-head stereo,Archival & Analog Tape,Analog Tape / Tape Machines,EXISTING,Batch 1
Intertrack timing error,Archival & Analog Tape,Analog Tape / Tape Machines,EXISTING,Batch 1
Intrinsic coercivity,Archival & Analog Tape,Analog Tape / Tape Machines,EXISTING,Batch 1
Isolated tape loop,Archival & Analog Tape,Analog Tape / Tape Machines,EXISTING,Batch 1
Lifter scrape,Archival & Analog Tape,Analog Tape / Tape Machines,EXISTING,Batch 1
Long-wavelength level,Archival & Analog Tape,Analog Tape / Tape Machines,EXISTING,Batch 1
Longitudinal tape resonance,Archival & Analog Tape,Analog Tape / Tape Machines,EXISTING,Batch 1
Magnetic fluxivity,Archival & Analog Tape,Analog Tape / Tape Machines,EXISTING,Batch 1
Magnetic hysteresis,Archival & Analog Tape,Analog Tape / Tape Machines,EXISTING,Batch 1
Magnetization transition,Archival & Analog Tape,Analog Tape / Tape Machines,EXISTING,Batch 1
Maximum output level,Archival & Analog Tape,Analog Tape / Tape Machines,EXISTING,Batch 1
Maximum output level at 3% distortion,Archival & Analog Tape,Analog Tape / Tape Machines,EXISTING,Batch 1
Modulation noise,Archival & Analog Tape,Analog Tape / Tape Machines,EXISTING,Batch 1
Multifrequency alignment tape,Archival & Analog Tape,Analog Tape / Tape Machines,EXISTING,Batch 1
NAB equalization,Archival & Analog Tape,Analog Tape / Tape Machines,EXISTING,Batch 1
NARTB equalization,Archival & Analog Tape,Analog Tape / Tape Machines,EXISTING,Batch 1
NagraMaster equalization,Archival & Analog Tape,Analog Tape / Tape Machines,EXISTING,Batch 1
Open-loop transport,Archival & Analog Tape,Analog Tape / Tape Machines,EXISTING,Batch 1
Optimum bias,Archival & Analog Tape,Analog Tape / Tape Machines,EXISTING,Batch 1
Orientation ratio,Archival & Analog Tape,Analog Tape / Tape Machines,EXISTING,Batch 1
Overbias,Archival & Analog Tape,Analog Tape / Tape Machines,EXISTING,Batch 1
Overbias curve,Archival & Analog Tape,Analog Tape / Tape Machines,EXISTING,Batch 1
Particle orientation,Archival & Analog Tape,Analog Tape / Tape Machines,EXISTING,Batch 1
Pole-piece magnetization,Archival & Analog Tape,Analog Tape / Tape Machines,EXISTING,Batch 1
Pole-tip recession,Archival & Analog Tape,Analog Tape / Tape Machines,EXISTING,Batch 1
Print-through ratio,Archival & Analog Tape,Analog Tape / Tape Machines,EXISTING,Batch 1
Quarter-track stereo,Archival & Analog Tape,Analog Tape / Tape Machines,EXISTING,Batch 1
Recorded wavelength,Archival & Analog Tape,Analog Tape / Tape Machines,EXISTING,Batch 1
Reel-table height,Archival & Analog Tape,Analog Tape / Tape Machines,EXISTING,Batch 1
Reel-table runout,Archival & Analog Tape,Analog Tape / Tape Machines,EXISTING,Batch 1
Reference fluxivity,Archival & Analog Tape,Analog Tape / Tape Machines,EXISTING,Batch 1
Reference tape,Archival & Analog Tape,Analog Tape / Tape Machines,EXISTING,Batch 1
Relative tape sensitivity,Archival & Analog Tape,Analog Tape / Tape Machines,EXISTING,Batch 1
Remanence,Archival & Analog Tape,Analog Tape / Tape Machines,EXISTING,Batch 1
Remanent head field,Archival & Analog Tape,Analog Tape / Tape Machines,EXISTING,Batch 1
Replay time constant,Archival & Analog Tape,Analog Tape / Tape Machines,EXISTING,Batch 1
Reproducer test tape,Archival & Analog Tape,Analog Tape / Tape Machines,EXISTING,Batch 1
Retentivity,Archival & Analog Tape,Analog Tape / Tape Machines,EXISTING,Batch 1
Saturation magnetization,Archival & Analog Tape,Analog Tape / Tape Machines,EXISTING,Batch 1
Saturation output,Archival & Analog Tape,Analog Tape / Tape Machines,EXISTING,Batch 1
Saturation output level,Archival & Analog Tape,Analog Tape / Tape Machines,EXISTING,Batch 1
Saturation remanence,Archival & Analog Tape,Analog Tape / Tape Machines,EXISTING,Batch 1
Sel-sync track,Archival & Analog Tape,Analog Tape / Tape Machines,EXISTING,Batch 1
Self-demagnetization,Archival & Analog Tape,Analog Tape / Tape Machines,EXISTING,Batch 1
Short-wavelength level,Archival & Analog Tape,Analog Tape / Tape Machines,EXISTING,Batch 1
Span resonance,Archival & Analog Tape,Analog Tape / Tape Machines,EXISTING,Batch 1
Stagger correction,Archival & Analog Tape,Analog Tape / Tape Machines,EXISTING,Batch 1
Stagger offset,Archival & Analog Tape,Analog Tape / Tape Machines,EXISTING,Batch 1
Staggered-head stereo,Archival & Analog Tape,Analog Tape / Tape Machines,EXISTING,Batch 1
Standard reference level,Archival & Analog Tape,Analog Tape / Tape Machines,EXISTING,Batch 1
Switching-field distribution,Archival & Analog Tape,Analog Tape / Tape Machines,EXISTING,Batch 1
Sync-head offset,Archival & Analog Tape,Analog Tape / Tape Machines,EXISTING,Batch 1
Sync-repro response,Archival & Analog Tape,Analog Tape / Tape Machines,EXISTING,Batch 1
Take-up tension,Archival & Analog Tape,Analog Tape / Tape Machines,EXISTING,Batch 1
Tape headroom,Archival & Analog Tape,Analog Tape / Tape Machines,EXISTING,Batch 1
Tape lifter,Archival & Analog Tape,Analog Tape / Tape Machines,EXISTING,Batch 1
Tape sensitivity,Archival & Analog Tape,Analog Tape / Tape Machines,EXISTING,Batch 1
Tape tenting,Archival & Analog Tape,Analog Tape / Tape Machines,EXISTING,Batch 1
Tape-path coplanarity,Archival & Analog Tape,Analog Tape / Tape Machines,EXISTING,Batch 1
Tape-path resonance,Archival & Analog Tape,Analog Tape / Tape Machines,EXISTING,Batch 1
Tape-path skew,Archival & Analog Tape,Analog Tape / Tape Machines,EXISTING,Batch 1
Tension arm,Archival & Analog Tape,Analog Tape / Tape Machines,EXISTING,Batch 1
Thickness loss,Archival & Analog Tape,Analog Tape / Tape Machines,EXISTING,Batch 1
Track assignment,Archival & Analog Tape,Analog Tape / Tape Machines,EXISTING,Batch 1
Track configuration,Archival & Analog Tape,Analog Tape / Tape Machines,EXISTING,Batch 1
Track pitch,Archival & Analog Tape,Analog Tape / Tape Machines,EXISTING,Batch 1
Track sense,Archival & Analog Tape,Analog Tape / Tape Machines,EXISTING,Batch 1
Track-edge effect,Archival & Analog Tape,Analog Tape / Tape Machines,EXISTING,Batch 1
Track-format mismatch,Archival & Analog Tape,Analog Tape / Tape Machines,EXISTING,Batch 1
Transition crowding,Archival & Analog Tape,Analog Tape / Tape Machines,EXISTING,Batch 1
Twin-track,Archival & Analog Tape,Analog Tape / Tape Machines,EXISTING,Batch 1
Underbias,Archival & Analog Tape,Analog Tape / Tape Machines,EXISTING,Batch 1
Vacuum buffer,Archival & Analog Tape,Analog Tape / Tape Machines,EXISTING,Batch 1
Vacuum column,Archival & Analog Tape,Analog Tape / Tape Machines,EXISTING,Batch 1
Vertex adjustment,Archival & Analog Tape,Analog Tape / Tape Machines,EXISTING,Batch 1
Wavelength response,Archival & Analog Tape,Analog Tape / Tape Machines,EXISTING,Batch 1
Weighted tape noise,Archival & Analog Tape,Analog Tape / Tape Machines,EXISTING,Batch 1
AES57 object structure,Archival & Analog Tape,Archival Preservation & Obsolete Media,NEW,Batch 1
Access derivative,Archival & Analog Tape,Archival Preservation & Obsolete Media,NEW,Batch 1
Archival ingest,Archival & Analog Tape,Archival Preservation & Obsolete Media,NEW,Batch 1
Archival neutrality,Archival & Analog Tape,Archival Preservation & Obsolete Media,NEW,Batch 1
Archival transfer chain,Archival & Analog Tape,Archival Preservation & Obsolete Media,NEW,Batch 1
Audit trail,Archival & Analog Tape,Archival Preservation & Obsolete Media,NEW,Batch 1
Authentic signal representation,Archival & Analog Tape,Archival Preservation & Obsolete Media,NEW,Batch 1
Belt flattening,Archival & Analog Tape,Archival Preservation & Obsolete Media,NEW,Batch 1
Bit rot,Archival & Analog Tape,Archival Preservation & Obsolete Media,NEW,Batch 1
Bit-level preservation,Archival & Analog Tape,Archival Preservation & Obsolete Media,NEW,Batch 1
Carrier metadata,Archival & Analog Tape,Archival Preservation & Obsolete Media,NEW,Batch 1
Carrier preservation,Archival & Analog Tape,Archival Preservation & Obsolete Media,NEW,Batch 1
Carrier-based obsolescence,Archival & Analog Tape,Archival Preservation & Obsolete Media,NEW,Batch 1
Celluloid-cylinder delamination,Archival & Analog Tape,Archival Preservation & Obsolete Media,NEW,Batch 1
Checksum collision,Archival & Analog Tape,Archival Preservation & Obsolete Media,NEW,Batch 1
Checksum manifest,Archival & Analog Tape,Archival Preservation & Obsolete Media,NEW,Batch 1
Coding history field,Archival & Analog Tape,Archival Preservation & Obsolete Media,NEW,Batch 1
Concentric cracking,Archival & Analog Tape,Archival Preservation & Obsolete Media,NEW,Batch 1
Concentric runout,Archival & Analog Tape,Archival Preservation & Obsolete Media,NEW,Batch 1
Content Information,Archival & Analog Tape,Archival Preservation & Obsolete Media,NEW,Batch 1
Content migration,Archival & Analog Tape,Archival Preservation & Obsolete Media,NEW,Batch 1
Content preservation,Archival & Analog Tape,Archival Preservation & Obsolete Media,NEW,Batch 1
Context information,Archival & Analog Tape,Archival Preservation & Obsolete Media,NEW,Batch 1
Controlled vocabulary,Archival & Analog Tape,Archival Preservation & Obsolete Media,NEW,Batch 1
Core swelling,Archival & Analog Tape,Archival Preservation & Obsolete Media,NEW,Batch 1
Cryptographic hash,Archival & Analog Tape,Archival Preservation & Obsolete Media,NEW,Batch 1
Cut groove,Archival & Analog Tape,Archival Preservation & Obsolete Media,NEW,Batch 1
Cylinder bore deformation,Archival & Analog Tape,Archival Preservation & Obsolete Media,NEW,Batch 1
Cylinder eccentricity,Archival & Analog Tape,Archival Preservation & Obsolete Media,NEW,Batch 1
Cylinder ovalization,Archival & Analog Tape,Archival Preservation & Obsolete Media,NEW,Batch 1
Designated community,Archival & Analog Tape,Archival Preservation & Obsolete Media,NEW,Batch 1
Dictabelt,Archival & Analog Tape,Archival Preservation & Obsolete Media,NEW,Batch 1
Dictation belt,Archival & Analog Tape,Archival Preservation & Obsolete Media,NEW,Batch 1
Direct-cut disc,Archival & Analog Tape,Archival Preservation & Obsolete Media,NEW,Batch 1
Documented intervention,Archival & Analog Tape,Archival Preservation & Obsolete Media,NEW,Batch 1
Embedded checksum,Archival & Analog Tape,Archival Preservation & Obsolete Media,NEW,Batch 1
Embossed groove,Archival & Analog Tape,Archival Preservation & Obsolete Media,NEW,Batch 1
End-shrinkage,Archival & Analog Tape,Archival Preservation & Obsolete Media,NEW,Batch 1
Essence,Archival & Analog Tape,Archival Preservation & Obsolete Media,NEW,Batch 1
Essence container,Archival & Analog Tape,Archival Preservation & Obsolete Media,NEW,Batch 1
Event metadata,Archival & Analog Tape,Archival Preservation & Obsolete Media,NEW,Batch 1
Exudate removal,Archival & Analog Tape,Archival Preservation & Obsolete Media,NEW,Batch 1
Fixity,Archival & Analog Tape,Archival Preservation & Obsolete Media,NEW,Batch 1
Fixity check,Archival & Analog Tape,Archival Preservation & Obsolete Media,NEW,Batch 1
Fixity information,Archival & Analog Tape,Archival Preservation & Obsolete Media,NEW,Batch 1
Format migration,Archival & Analog Tape,Archival Preservation & Obsolete Media,NEW,Batch 1
Format obsolescence risk,Archival & Analog Tape,Archival Preservation & Obsolete Media,NEW,Batch 1
Geographic replication,Archival & Analog Tape,Archival Preservation & Obsolete Media,NEW,Batch 1
Glass-base fracture,Archival & Analog Tape,Archival Preservation & Obsolete Media,NEW,Batch 1
Gray Audograph disc,Archival & Analog Tape,Archival Preservation & Obsolete Media,NEW,Batch 1
Groove accretion,Archival & Analog Tape,Archival Preservation & Obsolete Media,NEW,Batch 1
Groove collapse,Archival & Analog Tape,Archival Preservation & Obsolete Media,NEW,Batch 1
Groove eccentricity,Archival & Analog Tape,Archival Preservation & Obsolete Media,NEW,Batch 1
Groove echo,Archival & Analog Tape,Archival Preservation & Obsolete Media,NEW,Batch 1
Groove embossing recovery,Archival & Analog Tape,Archival Preservation & Obsolete Media,NEW,Batch 1
Groove-bottom riding,Archival & Analog Tape,Archival Preservation & Obsolete Media,NEW,Batch 1
Groove-wall fracture,Archival & Analog Tape,Archival Preservation & Obsolete Media,NEW,Batch 1
Groove-wall selection,Archival & Analog Tape,Archival Preservation & Obsolete Media,NEW,Batch 1
Helical-groove reconstruction,Archival & Analog Tape,Archival Preservation & Obsolete Media,NEW,Batch 1
Hill-and-dale recording,Archival & Analog Tape,Archival Preservation & Obsolete Media,NEW,Batch 1
Independent understandability,Archival & Analog Tape,Archival Preservation & Obsolete Media,NEW,Batch 1
Ingest validation,Archival & Analog Tape,Archival Preservation & Obsolete Media,NEW,Batch 1
Inside-start disc,Archival & Analog Tape,Archival Preservation & Obsolete Media,NEW,Batch 1
Instantaneous disc,Archival & Analog Tape,Archival Preservation & Obsolete Media,NEW,Batch 1
Integrity audit,Archival & Analog Tape,Archival Preservation & Obsolete Media,NEW,Batch 1
Lacquer delamination,Archival & Analog Tape,Archival Preservation & Obsolete Media,NEW,Batch 1
Lacquer flaking,Archival & Analog Tape,Archival Preservation & Obsolete Media,NEW,Batch 1
Lacquer lifting,Archival & Analog Tape,Archival Preservation & Obsolete Media,NEW,Batch 1
Lacquer shrinkage,Archival & Analog Tape,Archival Preservation & Obsolete Media,NEW,Batch 1
Lateral-cut recording,Archival & Analog Tape,Archival Preservation & Obsolete Media,NEW,Batch 1
MD5 chunk,Archival & Analog Tape,Archival Preservation & Obsolete Media,NEW,Batch 1
Mandrel casting,Archival & Analog Tape,Archival Preservation & Obsolete Media,NEW,Batch 1
Mandrel mismatch,Archival & Analog Tape,Archival Preservation & Obsolete Media,NEW,Batch 1
Media refreshing,Archival & Analog Tape,Archival Preservation & Obsolete Media,NEW,Batch 1
Memobelt,Archival & Analog Tape,Archival Preservation & Obsolete Media,NEW,Batch 1
Metadata crosswalk,Archival & Analog Tape,Archival Preservation & Obsolete Media,NEW,Batch 1
Mezzanine file,Archival & Analog Tape,Archival Preservation & Obsolete Media,NEW,Batch 1
Minimal intervention,Archival & Analog Tape,Archival Preservation & Obsolete Media,NEW,Batch 1
Mold hyphae intrusion,Archival & Analog Tape,Archival Preservation & Obsolete Media,NEW,Batch 1
Noncontact cylinder scanning,Archival & Analog Tape,Archival Preservation & Obsolete Media,NEW,Batch 1
Normalization,Archival & Analog Tape,Archival Preservation & Obsolete Media,NEW,Batch 1
Originator reference,Archival & Analog Tape,Archival Preservation & Obsolete Media,NEW,Batch 1
Outside-start disc,Archival & Analog Tape,Archival Preservation & Obsolete Media,NEW,Batch 1
Palmitic-acid exudation,Archival & Analog Tape,Archival Preservation & Obsolete Media,NEW,Batch 1
Particulate occlusion,Archival & Analog Tape,Archival Preservation & Obsolete Media,NEW,Batch 1
Persistent identifier,Archival & Analog Tape,Archival Preservation & Obsolete Media,NEW,Batch 1
Pinch effect,Archival & Analog Tape,Archival Preservation & Obsolete Media,NEW,Batch 1
Plaster-core expansion,Archival & Analog Tape,Archival Preservation & Obsolete Media,NEW,Batch 1
Plasticizer loss,Archival & Analog Tape,Archival Preservation & Obsolete Media,NEW,Batch 1
Pre-grooved disc,Archival & Analog Tape,Archival Preservation & Obsolete Media,NEW,Batch 1
Preservation Description Information,Archival & Analog Tape,Archival Preservation & Obsolete Media,NEW,Batch 1
Preservation normalization,Archival & Analog Tape,Archival Preservation & Obsolete Media,NEW,Batch 1
Preservation pathway,Archival & Analog Tape,Archival Preservation & Obsolete Media,NEW,Batch 1
Preservation provenance,Archival & Analog Tape,Archival Preservation & Obsolete Media,NEW,Batch 1
Preservation transfer,Archival & Analog Tape,Archival Preservation & Obsolete Media,NEW,Batch 1
Preservation triage,Archival & Analog Tape,Archival Preservation & Obsolete Media,NEW,Batch 1
Preservation watch,Archival & Analog Tape,Archival Preservation & Obsolete Media,NEW,Batch 1
Process metadata,Archival & Analog Tape,Archival Preservation & Obsolete Media,NEW,Batch 1
Provenance information,Archival & Analog Tape,Archival Preservation & Obsolete Media,NEW,Batch 1
RF64,Archival & Analog Tape,Archival Preservation & Obsolete Media,NEW,Batch 1
Radial cracking,Archival & Analog Tape,Archival Preservation & Obsolete Media,NEW,Batch 1
Reference information,Archival & Analog Tape,Archival Preservation & Obsolete Media,NEW,Batch 1
Replay metadata,Archival & Analog Tape,Archival Preservation & Obsolete Media,NEW,Batch 1
Replication,Archival & Analog Tape,Archival Preservation & Obsolete Media,NEW,Batch 1
Repository succession plan,Archival & Analog Tape,Archival Preservation & Obsolete Media,NEW,Batch 1
Representation information,Archival & Analog Tape,Archival Preservation & Obsolete Media,NEW,Batch 1
Representation network,Archival & Analog Tape,Archival Preservation & Obsolete Media,NEW,Batch 1
Restoration metadata,Archival & Analog Tape,Archival Preservation & Obsolete Media,NEW,Batch 1
Reversible intervention,Archival & Analog Tape,Archival Preservation & Obsolete Media,NEW,Batch 1
Scanning loss,Archival & Analog Tape,Archival Preservation & Obsolete Media,NEW,Batch 1
Schema validation,Archival & Analog Tape,Archival Preservation & Obsolete Media,NEW,Batch 1
Signal extraction,Archival & Analog Tape,Archival Preservation & Obsolete Media,NEW,Batch 1
Significant properties,Archival & Analog Tape,Archival Preservation & Obsolete Media,NEW,Batch 1
Silent corruption,Archival & Analog Tape,Archival Preservation & Obsolete Media,NEW,Batch 1
SoundScriber disc,Archival & Analog Tape,Archival Preservation & Obsolete Media,NEW,Batch 1
Storage diversity,Archival & Analog Tape,Archival Preservation & Obsolete Media,NEW,Batch 1
Stylus truncation,Archival & Analog Tape,Archival Preservation & Obsolete Media,NEW,Batch 1
Stylus-radius optimization,Archival & Analog Tape,Archival Preservation & Obsolete Media,NEW,Batch 1
Substrate corrosion,Archival & Analog Tape,Archival Preservation & Obsolete Media,NEW,Batch 1
Surface bloom,Archival & Analog Tape,Archival Preservation & Obsolete Media,NEW,Batch 1
Surface crazing,Archival & Analog Tape,Archival Preservation & Obsolete Media,NEW,Batch 1
System dependency,Archival & Analog Tape,Archival Preservation & Obsolete Media,NEW,Batch 1
Technological diversity,Archival & Analog Tape,Archival Preservation & Obsolete Media,NEW,Batch 1
Technology watch,Archival & Analog Tape,Archival Preservation & Obsolete Media,NEW,Batch 1
Time reference,Archival & Analog Tape,Archival Preservation & Obsolete Media,NEW,Batch 1
Tracing distortion,Archival & Analog Tape,Archival Preservation & Obsolete Media,NEW,Batch 1
Transcription disc,Archival & Analog Tape,Archival Preservation & Obsolete Media,NEW,Batch 1
Truncated elliptical stylus,Archival & Analog Tape,Archival Preservation & Obsolete Media,NEW,Batch 1
Turntable rumble,Archival & Analog Tape,Archival Preservation & Obsolete Media,NEW,Batch 1
Variable-pitch cutting,Archival & Analog Tape,Archival Preservation & Obsolete Media,NEW,Batch 1
Vertical-cut recording,Archival & Analog Tape,Archival Preservation & Obsolete Media,NEW,Batch 1
WAVE64,Archival & Analog Tape,Archival Preservation & Obsolete Media,NEW,Batch 1
Warp wow,Archival & Analog Tape,Archival Preservation & Obsolete Media,NEW,Batch 1
Wax-cylinder shaving,Archival & Analog Tape,Archival Preservation & Obsolete Media,NEW,Batch 1
Wet-play transfer,Archival & Analog Tape,Archival Preservation & Obsolete Media,NEW,Batch 1
Absolute speed error,Archival & Analog Tape,Audio Restoration & Archival,EXISTING,Batch 1
Actual tape speed,Archival & Analog Tape,Audio Restoration & Archival,EXISTING,Batch 1
Adaptive dehum,Archival & Analog Tape,Audio Restoration & Archival,EXISTING,Batch 1
Arc noise,Archival & Analog Tape,Audio Restoration & Archival,EXISTING,Batch 1
Asymmetric declipping,Archival & Analog Tape,Audio Restoration & Archival,EXISTING,Batch 1
Auto-stop foil,Archival & Analog Tape,Audio Restoration & Archival,EXISTING,Batch 1
Autoregressive interpolation,Archival & Analog Tape,Audio Restoration & Archival,EXISTING,Batch 1
Beat-frequency interference,Archival & Analog Tape,Audio Restoration & Archival,EXISTING,Batch 1
Bias splice,Archival & Analog Tape,Audio Restoration & Archival,EXISTING,Batch 1
Bias whistle,Archival & Analog Tape,Audio Restoration & Archival,EXISTING,Batch 1
Bidirectional interpolation,Archival & Analog Tape,Audio Restoration & Archival,EXISTING,Batch 1
Block splice,Archival & Analog Tape,Audio Restoration & Archival,EXISTING,Batch 1
Brake drag,Archival & Analog Tape,Audio Restoration & Archival,EXISTING,Batch 1
Broadband impulse,Archival & Analog Tape,Audio Restoration & Archival,EXISTING,Batch 1
Butt splice,Archival & Analog Tape,Audio Restoration & Archival,EXISTING,Batch 1
Buzz burst,Archival & Analog Tape,Audio Restoration & Archival,EXISTING,Batch 1
Capstan-rate component,Archival & Analog Tape,Audio Restoration & Archival,EXISTING,Batch 1
Capstanless recording,Archival & Analog Tape,Audio Restoration & Archival,EXISTING,Batch 1
Carrier leakage,Archival & Analog Tape,Audio Restoration & Archival,EXISTING,Batch 1
Cassette skew,Archival & Analog Tape,Audio Restoration & Archival,EXISTING,Batch 1
Channel substitution,Archival & Analog Tape,Audio Restoration & Archival,EXISTING,Batch 1
Channel-selective transfer,Archival & Analog Tape,Audio Restoration & Archival,EXISTING,Batch 1
Characteristic uncertainty,Archival & Analog Tape,Audio Restoration & Archival,EXISTING,Batch 1
Click tail,Archival & Analog Tape,Audio Restoration & Archival,EXISTING,Batch 1
Comb-notch dehum,Archival & Analog Tape,Audio Restoration & Archival,EXISTING,Batch 1
Common-mode groove rejection,Archival & Analog Tape,Audio Restoration & Archival,EXISTING,Batch 1
Compander breathing,Archival & Analog Tape,Audio Restoration & Archival,EXISTING,Batch 1
Compander pumping,Archival & Analog Tape,Audio Restoration & Archival,EXISTING,Batch 1
Composite restoration,Archival & Analog Tape,Audio Restoration & Archival,EXISTING,Batch 1
Conductive leader,Archival & Analog Tape,Audio Restoration & Archival,EXISTING,Batch 1
Contemporaneous transfer note,Archival & Analog Tape,Audio Restoration & Archival,EXISTING,Batch 1
Crosstalk print,Archival & Analog Tape,Audio Restoration & Archival,EXISTING,Batch 1
Cue foil,Archival & Analog Tape,Audio Restoration & Archival,EXISTING,Batch 1
Cyclic speed error,Archival & Analog Tape,Audio Restoration & Archival,EXISTING,Batch 1
Declicking,Archival & Analog Tape,Audio Restoration & Archival,EXISTING,Batch 1
Declip reconstruction,Archival & Analog Tape,Audio Restoration & Archival,EXISTING,Batch 1
Decrackling,Archival & Analog Tape,Audio Restoration & Archival,EXISTING,Batch 1
Deplosive processing,Archival & Analog Tape,Audio Restoration & Archival,EXISTING,Batch 1
Diagonal splice,Archival & Analog Tape,Audio Restoration & Archival,EXISTING,Batch 1
Differential groove recovery,Archival & Analog Tape,Audio Restoration & Archival,EXISTING,Batch 1
Dolby level,Archival & Analog Tape,Audio Restoration & Archival,EXISTING,Batch 1
Dolby lineup,Archival & Analog Tape,Audio Restoration & Archival,EXISTING,Batch 1
Dolby tone,Archival & Analog Tape,Audio Restoration & Archival,EXISTING,Batch 1
Dolby tracking error,Archival & Analog Tape,Audio Restoration & Archival,EXISTING,Batch 1
Drift rate,Archival & Analog Tape,Audio Restoration & Archival,EXISTING,Batch 1
Drift-compensated alignment,Archival & Analog Tape,Audio Restoration & Archival,EXISTING,Batch 1
Dropout interpolation,Archival & Analog Tape,Audio Restoration & Archival,EXISTING,Batch 1
Dual-wall recovery,Archival & Analog Tape,Audio Restoration & Archival,EXISTING,Batch 1
Edit angle,Archival & Analog Tape,Audio Restoration & Archival,EXISTING,Batch 1
Edit pop,Archival & Analog Tape,Audio Restoration & Archival,EXISTING,Batch 1
Edit sliver,Archival & Analog Tape,Audio Restoration & Archival,EXISTING,Batch 1
Edit tab,Archival & Analog Tape,Audio Restoration & Archival,EXISTING,Batch 1
Encode/decode mistracking,Archival & Analog Tape,Audio Restoration & Archival,EXISTING,Batch 1
Ferrichrome tape,Archival & Analog Tape,Audio Restoration & Archival,EXISTING,Batch 1
Fixed-band companding,Archival & Analog Tape,Audio Restoration & Archival,EXISTING,Batch 1
Flat encoded capture,Archival & Analog Tape,Audio Restoration & Archival,EXISTING,Batch 1
Flutter spectrum,Archival & Analog Tape,Audio Restoration & Archival,EXISTING,Batch 1
Fracture registration,Archival & Analog Tape,Audio Restoration & Archival,EXISTING,Batch 1
Fragment stitching,Archival & Analog Tape,Audio Restoration & Archival,EXISTING,Batch 1
Generation identification,Archival & Analog Tape,Audio Restoration & Archival,EXISTING,Batch 1
Generation loss assessment,Archival & Analog Tape,Audio Restoration & Archival,EXISTING,Batch 1
Grease-pencil edit mark,Archival & Analog Tape,Audio Restoration & Archival,EXISTING,Batch 1
Groove-centerline extraction,Archival & Analog Tape,Audio Restoration & Archival,EXISTING,Batch 1
Groove-topography reconstruction,Archival & Analog Tape,Audio Restoration & Archival,EXISTING,Batch 1
Harmonic hum reconstruction,Archival & Analog Tape,Audio Restoration & Archival,EXISTING,Batch 1
Heterodyne whistle,Archival & Analog Tape,Audio Restoration & Archival,EXISTING,Batch 1
High-frequency dropout,Archival & Analog Tape,Audio Restoration & Archival,EXISTING,Batch 1
High-frequency roll-off constant,Archival & Analog Tape,Audio Restoration & Archival,EXISTING,Batch 1
Historical replay equalization,Archival & Analog Tape,Audio Restoration & Archival,EXISTING,Batch 1
Hub bind,Archival & Analog Tape,Audio Restoration & Archival,EXISTING,Batch 1
Hub brake,Archival & Analog Tape,Audio Restoration & Archival,EXISTING,Batch 1
Hum fundamental,Archival & Analog Tape,Audio Restoration & Archival,EXISTING,Batch 1
Hum tracking,Archival & Analog Tape,Audio Restoration & Archival,EXISTING,Batch 1
Hum-harmonic series,Archival & Analog Tape,Audio Restoration & Archival,EXISTING,Batch 1
IRENE scanning,Archival & Analog Tape,Audio Restoration & Archival,EXISTING,Batch 1
Ignition interference,Archival & Analog Tape,Audio Restoration & Archival,EXISTING,Batch 1
Image-domain dewarping,Archival & Analog Tape,Audio Restoration & Archival,EXISTING,Batch 1
Impulse interpolation,Archival & Analog Tape,Audio Restoration & Archival,EXISTING,Batch 1
Integral wow,Archival & Analog Tape,Audio Restoration & Archival,EXISTING,Batch 1
Leader detachment,Archival & Analog Tape,Audio Restoration & Archival,EXISTING,Batch 1
Line-frequency wander,Archival & Analog Tape,Audio Restoration & Archival,EXISTING,Batch 1
Metallic sensing foil,Archival & Analog Tape,Audio Restoration & Archival,EXISTING,Batch 1
Multi-pass transfer,Archival & Analog Tape,Audio Restoration & Archival,EXISTING,Batch 1
Multi-source alignment,Archival & Analog Tape,Audio Restoration & Archival,EXISTING,Batch 1
Multi-stylus transfer,Archival & Analog Tape,Audio Restoration & Archival,EXISTING,Batch 1
Noise-reduction identification,Archival & Analog Tape,Audio Restoration & Archival,EXISTING,Batch 1
Nominal tape speed,Archival & Analog Tape,Audio Restoration & Archival,EXISTING,Batch 1
Non-RIAA equalization,Archival & Analog Tape,Audio Restoration & Archival,EXISTING,Batch 1
Noncontact playback,Archival & Analog Tape,Audio Restoration & Archival,EXISTING,Batch 1
Nonlinear-speed recording,Archival & Analog Tape,Audio Restoration & Archival,EXISTING,Batch 1
Occlusion bridging,Archival & Analog Tape,Audio Restoration & Archival,EXISTING,Batch 1
Optical sound recovery,Archival & Analog Tape,Audio Restoration & Archival,EXISTING,Batch 1
Optical transfer profile,Archival & Analog Tape,Audio Restoration & Archival,EXISTING,Batch 1
Pack spill,Archival & Analog Tape,Audio Restoration & Archival,EXISTING,Batch 1
Pad lifter,Archival & Analog Tape,Audio Restoration & Archival,EXISTING,Batch 1
Paper leader,Archival & Analog Tape,Audio Restoration & Archival,EXISTING,Batch 1
Parallel transfer,Archival & Analog Tape,Audio Restoration & Archival,EXISTING,Batch 1
Partial dropout,Archival & Analog Tape,Audio Restoration & Archival,EXISTING,Batch 1
Patch-source restoration,Archival & Analog Tape,Audio Restoration & Archival,EXISTING,Batch 1
Peak weighted wow and flutter,Archival & Analog Tape,Audio Restoration & Archival,EXISTING,Batch 1
Phase-coherent summation,Archival & Analog Tape,Audio Restoration & Archival,EXISTING,Batch 1
Pilot-tone leakage,Archival & Analog Tape,Audio Restoration & Archival,EXISTING,Batch 1
Pinch-roller-rate component,Archival & Analog Tape,Audio Restoration & Archival,EXISTING,Batch 1
Plastic leader,Archival & Analog Tape,Audio Restoration & Archival,EXISTING,Batch 1
Post-transfer equalization,Archival & Analog Tape,Audio Restoration & Archival,EXISTING,Batch 1
Pre-equalized transfer,Archival & Analog Tape,Audio Restoration & Archival,EXISTING,Batch 1
Pressure pad,Archival & Analog Tape,Audio Restoration & Archival,EXISTING,Batch 1
Pressure-pad glazing,Archival & Analog Tape,Audio Restoration & Archival,EXISTING,Batch 1
Pressure-pad loss,Archival & Analog Tape,Audio Restoration & Archival,EXISTING,Batch 1
Quasi-peak wow and flutter,Archival & Analog Tape,Audio Restoration & Archival,EXISTING,Batch 1
Radio breakthrough,Archival & Analog Tape,Audio Restoration & Archival,EXISTING,Batch 1
Razor edit,Archival & Analog Tape,Audio Restoration & Archival,EXISTING,Batch 1
Rectifier buzz,Archival & Analog Tape,Audio Restoration & Archival,EXISTING,Batch 1
Reel-rate component,Archival & Analog Tape,Audio Restoration & Archival,EXISTING,Batch 1
Reference transfer,Archival & Analog Tape,Audio Restoration & Archival,EXISTING,Batch 1
Rehousing for equalization,Archival & Analog Tape,Audio Restoration & Archival,EXISTING,Batch 1
Replay characteristic,Archival & Analog Tape,Audio Restoration & Archival,EXISTING,Batch 1
Shell azimuth,Archival & Analog Tape,Audio Restoration & Archival,EXISTING,Batch 1
Shell warp,Archival & Analog Tape,Audio Restoration & Archival,EXISTING,Batch 1
Sinusoidal interpolation,Archival & Analog Tape,Audio Restoration & Archival,EXISTING,Batch 1
Sliding-band companding,Archival & Analog Tape,Audio Restoration & Archival,EXISTING,Batch 1
Slip sheet,Archival & Analog Tape,Audio Restoration & Archival,EXISTING,Batch 1
Slip-sheet buckling,Archival & Analog Tape,Audio Restoration & Archival,EXISTING,Batch 1
Source intercutting,Archival & Analog Tape,Audio Restoration & Archival,EXISTING,Batch 1
Spectral inpainting,Archival & Analog Tape,Audio Restoration & Archival,EXISTING,Batch 1
Spectral skewing,Archival & Analog Tape,Audio Restoration & Archival,EXISTING,Batch 1
Speed error,Archival & Analog Tape,Audio Restoration & Archival,EXISTING,Batch 1
Speed-error signature,Archival & Analog Tape,Audio Restoration & Archival,EXISTING,Batch 1
Splice bump,Archival & Analog Tape,Audio Restoration & Archival,EXISTING,Batch 1
Splicing block,Archival & Analog Tape,Audio Restoration & Archival,EXISTING,Batch 1
Surface metrology,Archival & Analog Tape,Audio Restoration & Archival,EXISTING,Batch 1
Switching hash,Archival & Analog Tape,Audio Restoration & Archival,EXISTING,Batch 1
Tape-type detection notch,Archival & Analog Tape,Audio Restoration & Archival,EXISTING,Batch 1
Three-dimensional groove imaging,Archival & Analog Tape,Audio Restoration & Archival,EXISTING,Batch 1
Thump removal,Archival & Analog Tape,Audio Restoration & Archival,EXISTING,Batch 1
Timebase error,Archival & Analog Tape,Audio Restoration & Archival,EXISTING,Batch 1
Timing leader,Archival & Analog Tape,Audio Restoration & Archival,EXISTING,Batch 1
Tone splice,Archival & Analog Tape,Audio Restoration & Archival,EXISTING,Batch 1
Transfer calibration tone,Archival & Analog Tape,Audio Restoration & Archival,EXISTING,Batch 1
Transfer lineage,Archival & Analog Tape,Audio Restoration & Archival,EXISTING,Batch 1
Transient reconstruction,Archival & Analog Tape,Audio Restoration & Archival,EXISTING,Batch 1
Turnover frequency,Archival & Analog Tape,Audio Restoration & Archival,EXISTING,Batch 1
Two-dimensional groove imaging,Archival & Analog Tape,Audio Restoration & Archival,EXISTING,Batch 1
Type III cassette,Archival & Analog Tape,Audio Restoration & Archival,EXISTING,Batch 1
Undecoded transfer,Archival & Analog Tape,Audio Restoration & Archival,EXISTING,Batch 1
Unequalized transfer,Archival & Analog Tape,Audio Restoration & Archival,EXISTING,Batch 1
Unweighted wow and flutter,Archival & Analog Tape,Audio Restoration & Archival,EXISTING,Batch 1
Virtual reassembly,Archival & Analog Tape,Audio Restoration & Archival,EXISTING,Batch 1
Virtual stylus,Archival & Analog Tape,Audio Restoration & Archival,EXISTING,Batch 1
Wall-profile extraction,Archival & Analog Tape,Audio Restoration & Archival,EXISTING,Batch 1
Wall-to-wall summation,Archival & Analog Tape,Audio Restoration & Archival,EXISTING,Batch 1
Weighted wow and flutter,Archival & Analog Tape,Audio Restoration & Archival,EXISTING,Batch 1
Abrasive contamination,Archival & Analog Tape,Magnetic Tape Preservation & Conservation,NEW,Batch 1
Acetate-base decomposition,Archival & Analog Tape,Magnetic Tape Preservation & Conservation,NEW,Batch 1
Adhesive failure,Archival & Analog Tape,Magnetic Tape Preservation & Conservation,NEW,Batch 1
Adhesive ooze,Archival & Analog Tape,Magnetic Tape Preservation & Conservation,NEW,Batch 1
Adjacent-track crosstalk,Archival & Analog Tape,Magnetic Tape Preservation & Conservation,NEW,Batch 1
Automatic azimuth correction,Archival & Analog Tape,Magnetic Tape Preservation & Conservation,NEW,Batch 1
Azimuth drift,Archival & Analog Tape,Magnetic Tape Preservation & Conservation,NEW,Batch 1
Azimuth error,Archival & Analog Tape,Magnetic Tape Preservation & Conservation,NEW,Batch 1
Back coating,Archival & Analog Tape,Magnetic Tape Preservation & Conservation,NEW,Batch 1
Back-coat shedding,Archival & Analog Tape,Magnetic Tape Preservation & Conservation,NEW,Batch 1
Back-coat transfer,Archival & Analog Tape,Magnetic Tape Preservation & Conservation,NEW,Batch 1
Base film,Archival & Analog Tape,Magnetic Tape Preservation & Conservation,NEW,Batch 1
Base thickness,Archival & Analog Tape,Magnetic Tape Preservation & Conservation,NEW,Batch 1
Base-film hydrolysis,Archival & Analog Tape,Magnetic Tape Preservation & Conservation,NEW,Batch 1
Bias-tone tracking,Archival & Analog Tape,Magnetic Tape Preservation & Conservation,NEW,Batch 1
Binder breakdown,Archival & Analog Tape,Magnetic Tape Preservation & Conservation,NEW,Batch 1
Binder exudation,Archival & Analog Tape,Magnetic Tape Preservation & Conservation,NEW,Batch 1
Binder hydrolysis,Archival & Analog Tape,Magnetic Tape Preservation & Conservation,NEW,Batch 1
Binder polishing,Archival & Analog Tape,Magnetic Tape Preservation & Conservation,NEW,Batch 1
Blocking,Archival & Analog Tape,Magnetic Tape Preservation & Conservation,NEW,Batch 1
Calendering,Archival & Analog Tape,Magnetic Tape Preservation & Conservation,NEW,Batch 1
Calendering loss,Archival & Analog Tape,Magnetic Tape Preservation & Conservation,NEW,Batch 1
Capstan eccentricity,Archival & Analog Tape,Magnetic Tape Preservation & Conservation,NEW,Batch 1
Capstan imprint,Archival & Analog Tape,Magnetic Tape Preservation & Conservation,NEW,Batch 1
Capstanless correction,Archival & Analog Tape,Magnetic Tape Preservation & Conservation,NEW,Batch 1
Carbon back coating,Archival & Analog Tape,Magnetic Tape Preservation & Conservation,NEW,Batch 1
Cellulose-acetate base,Archival & Analog Tape,Magnetic Tape Preservation & Conservation,NEW,Batch 1
Cinching,Archival & Analog Tape,Magnetic Tape Preservation & Conservation,NEW,Batch 1
Coating adhesion,Archival & Analog Tape,Magnetic Tape Preservation & Conservation,NEW,Batch 1
Coating delamination,Archival & Analog Tape,Magnetic Tape Preservation & Conservation,NEW,Batch 1
Coating friability,Archival & Analog Tape,Magnetic Tape Preservation & Conservation,NEW,Batch 1
Coating shed,Archival & Analog Tape,Magnetic Tape Preservation & Conservation,NEW,Batch 1
Coating thickness,Archival & Analog Tape,Magnetic Tape Preservation & Conservation,NEW,Batch 1
Coating-to-backing interaction,Archival & Analog Tape,Magnetic Tape Preservation & Conservation,NEW,Batch 1
Cohesive failure,Archival & Analog Tape,Magnetic Tape Preservation & Conservation,NEW,Batch 1
Cold-storage acclimation,Archival & Analog Tape,Magnetic Tape Preservation & Conservation,NEW,Batch 1
Contour effect,Archival & Analog Tape,Magnetic Tape Preservation & Conservation,NEW,Batch 1
Controlled unspooling,Archival & Analog Tape,Magnetic Tape Preservation & Conservation,NEW,Batch 1
Crease memory,Archival & Analog Tape,Magnetic Tape Preservation & Conservation,NEW,Batch 1
Cupping,Archival & Analog Tape,Magnetic Tape Preservation & Conservation,NEW,Batch 1
Debris embossing,Archival & Analog Tape,Magnetic Tape Preservation & Conservation,NEW,Batch 1
Desiccation treatment,Archival & Analog Tape,Magnetic Tape Preservation & Conservation,NEW,Batch 1
Dish,Archival & Analog Tape,Magnetic Tape Preservation & Conservation,NEW,Batch 1
Dispersion quality,Archival & Analog Tape,Magnetic Tape Preservation & Conservation,NEW,Batch 1
Double-play tape,Archival & Analog Tape,Magnetic Tape Preservation & Conservation,NEW,Batch 1
Dry cleaning,Archival & Analog Tape,Magnetic Tape Preservation & Conservation,NEW,Batch 1
Dynamic azimuth error,Archival & Analog Tape,Magnetic Tape Preservation & Conservation,NEW,Batch 1
Edge damage,Archival & Analog Tape,Magnetic Tape Preservation & Conservation,NEW,Batch 1
Edge weave,Archival & Analog Tape,Magnetic Tape Preservation & Conservation,NEW,Batch 1
Embrittlement,Archival & Analog Tape,Magnetic Tape Preservation & Conservation,NEW,Batch 1
Environmental acclimatization,Archival & Analog Tape,Magnetic Tape Preservation & Conservation,NEW,Batch 1
Ferrofluid contamination,Archival & Analog Tape,Magnetic Tape Preservation & Conservation,NEW,Batch 1
Ferrotyping,Archival & Analog Tape,Magnetic Tape Preservation & Conservation,NEW,Batch 1
Flange pack contact,Archival & Analog Tape,Magnetic Tape Preservation & Conservation,NEW,Batch 1
Flange squeeze,Archival & Analog Tape,Magnetic Tape Preservation & Conservation,NEW,Batch 1
Flat wind,Archival & Analog Tape,Magnetic Tape Preservation & Conservation,NEW,Batch 1
Flood-set pack,Archival & Analog Tape,Magnetic Tape Preservation & Conservation,NEW,Batch 1
Flutter,Archival & Analog Tape,Magnetic Tape Preservation & Conservation,NEW,Batch 1
Fringing effect,Archival & Analog Tape,Magnetic Tape Preservation & Conservation,NEW,Batch 1
Gap loss,Archival & Analog Tape,Magnetic Tape Preservation & Conservation,NEW,Batch 1
Guard-band intrusion,Archival & Analog Tape,Magnetic Tape Preservation & Conservation,NEW,Batch 1
Hard pack,Archival & Analog Tape,Magnetic Tape Preservation & Conservation,NEW,Batch 1
Head-gap scatter,Archival & Analog Tape,Magnetic Tape Preservation & Conservation,NEW,Batch 1
Head-height error,Archival & Analog Tape,Magnetic Tape Preservation & Conservation,NEW,Batch 1
Head-to-tape contact,Archival & Analog Tape,Magnetic Tape Preservation & Conservation,NEW,Batch 1
Head-wrap angle,Archival & Analog Tape,Magnetic Tape Preservation & Conservation,NEW,Batch 1
Hub slip,Archival & Analog Tape,Magnetic Tape Preservation & Conservation,NEW,Batch 1
Hub support,Archival & Analog Tape,Magnetic Tape Preservation & Conservation,NEW,Batch 1
Hyphal anchoring,Archival & Analog Tape,Magnetic Tape Preservation & Conservation,NEW,Batch 1
Insect frass contamination,Archival & Analog Tape,Magnetic Tape Preservation & Conservation,NEW,Batch 1
Interchannel time displacement,Archival & Analog Tape,Magnetic Tape Preservation & Conservation,NEW,Batch 1
Interlayer entrainment,Archival & Analog Tape,Magnetic Tape Preservation & Conservation,NEW,Batch 1
Interlayer slip,Archival & Analog Tape,Magnetic Tape Preservation & Conservation,NEW,Batch 1
Layer adhesion,Archival & Analog Tape,Magnetic Tape Preservation & Conservation,NEW,Batch 1
Layer impression,Archival & Analog Tape,Magnetic Tape Preservation & Conservation,NEW,Batch 1
Leader embrittlement,Archival & Analog Tape,Magnetic Tape Preservation & Conservation,NEW,Batch 1
Leader replacement,Archival & Analog Tape,Magnetic Tape Preservation & Conservation,NEW,Batch 1
Leader shrinkage,Archival & Analog Tape,Magnetic Tape Preservation & Conservation,NEW,Batch 1
Leafing,Archival & Analog Tape,Magnetic Tape Preservation & Conservation,NEW,Batch 1
Localized dry-air treatment,Archival & Analog Tape,Magnetic Tape Preservation & Conservation,NEW,Batch 1
Long-play tape,Archival & Analog Tape,Magnetic Tape Preservation & Conservation,NEW,Batch 1
Longitudinal curl,Archival & Analog Tape,Magnetic Tape Preservation & Conservation,NEW,Batch 1
Longitudinal vibration,Archival & Analog Tape,Magnetic Tape Preservation & Conservation,NEW,Batch 1
Low-temperature dehydration,Archival & Analog Tape,Magnetic Tape Preservation & Conservation,NEW,Batch 1
Lubricant depletion,Archival & Analog Tape,Magnetic Tape Preservation & Conservation,NEW,Batch 1
Lubricant exudation,Archival & Analog Tape,Magnetic Tape Preservation & Conservation,NEW,Batch 1
Magnetic coating,Archival & Analog Tape,Magnetic Tape Preservation & Conservation,NEW,Batch 1
Magnetic-particle agglomeration,Archival & Analog Tape,Magnetic Tape Preservation & Conservation,NEW,Batch 1
Mains-hum speed correction,Archival & Analog Tape,Magnetic Tape Preservation & Conservation,NEW,Batch 1
Mold staining,Archival & Analog Tape,Magnetic Tape Preservation & Conservation,NEW,Batch 1
Mud intrusion,Archival & Analog Tape,Magnetic Tape Preservation & Conservation,NEW,Batch 1
Oxide shedding,Archival & Analog Tape,Magnetic Tape Preservation & Conservation,NEW,Batch 1
Pack collapse,Archival & Analog Tape,Magnetic Tape Preservation & Conservation,NEW,Batch 1
Pack compression,Archival & Analog Tape,Magnetic Tape Preservation & Conservation,NEW,Batch 1
Pack dish,Archival & Analog Tape,Magnetic Tape Preservation & Conservation,NEW,Batch 1
Pack recovery,Archival & Analog Tape,Magnetic Tape Preservation & Conservation,NEW,Batch 1
Pack relaxation,Archival & Analog Tape,Magnetic Tape Preservation & Conservation,NEW,Batch 1
Pack scatter,Archival & Analog Tape,Magnetic Tape Preservation & Conservation,NEW,Batch 1
Pack shift,Archival & Analog Tape,Magnetic Tape Preservation & Conservation,NEW,Batch 1
Pack slip,Archival & Analog Tape,Magnetic Tape Preservation & Conservation,NEW,Batch 1
Pack stress,Archival & Analog Tape,Magnetic Tape Preservation & Conservation,NEW,Batch 1
Pack tension,Archival & Analog Tape,Magnetic Tape Preservation & Conservation,NEW,Batch 1
Paper-base tape,Archival & Analog Tape,Magnetic Tape Preservation & Conservation,NEW,Batch 1
Particle agglomerate,Archival & Analog Tape,Magnetic Tape Preservation & Conservation,NEW,Batch 1
Particulate embedment,Archival & Analog Tape,Magnetic Tape Preservation & Conservation,NEW,Batch 1
Pellon wiping,Archival & Analog Tape,Magnetic Tape Preservation & Conservation,NEW,Batch 1
Pigment layer,Archival & Analog Tape,Magnetic Tape Preservation & Conservation,NEW,Batch 1
Pigment shedding,Archival & Analog Tape,Magnetic Tape Preservation & Conservation,NEW,Batch 1
Pilot-tone recovery,Archival & Analog Tape,Magnetic Tape Preservation & Conservation,NEW,Batch 1
Pinch-roller eccentricity,Archival & Analog Tape,Magnetic Tape Preservation & Conservation,NEW,Batch 1
Plasticizer migration,Archival & Analog Tape,Magnetic Tape Preservation & Conservation,NEW,Batch 1
Polyester base,Archival & Analog Tape,Magnetic Tape Preservation & Conservation,NEW,Batch 1
Polyvinyl-chloride base,Archival & Analog Tape,Magnetic Tape Preservation & Conservation,NEW,Batch 1
Popped strand,Archival & Analog Tape,Magnetic Tape Preservation & Conservation,NEW,Batch 1
Post-print,Archival & Analog Tape,Magnetic Tape Preservation & Conservation,NEW,Batch 1
Pre-print,Archival & Analog Tape,Magnetic Tape Preservation & Conservation,NEW,Batch 1
Print-through,Archival & Analog Tape,Magnetic Tape Preservation & Conservation,NEW,Batch 1
Reel eccentricity,Archival & Analog Tape,Magnetic Tape Preservation & Conservation,NEW,Batch 1
Reel replacement,Archival & Analog Tape,Magnetic Tape Preservation & Conservation,NEW,Batch 1
Reference-fluxivity mismatch,Archival & Analog Tape,Magnetic Tape Preservation & Conservation,NEW,Batch 1
Rehousing,Archival & Analog Tape,Magnetic Tape Preservation & Conservation,NEW,Batch 1
Replay calibration ambiguity,Archival & Analog Tape,Magnetic Tape Preservation & Conservation,NEW,Batch 1
Saddle deformation,Archival & Analog Tape,Magnetic Tape Preservation & Conservation,NEW,Batch 1
Salt contamination,Archival & Analog Tape,Magnetic Tape Preservation & Conservation,NEW,Batch 1
Scattered wind,Archival & Analog Tape,Magnetic Tape Preservation & Conservation,NEW,Batch 1
Scrape flutter,Archival & Analog Tape,Magnetic Tape Preservation & Conservation,NEW,Batch 1
Segmental azimuth correction,Archival & Analog Tape,Magnetic Tape Preservation & Conservation,NEW,Batch 1
Servo hunting,Archival & Analog Tape,Magnetic Tape Preservation & Conservation,NEW,Batch 1
Shell transplant,Archival & Analog Tape,Magnetic Tape Preservation & Conservation,NEW,Batch 1
Smooth pack,Archival & Analog Tape,Magnetic Tape Preservation & Conservation,NEW,Batch 1
Soft pack,Archival & Analog Tape,Magnetic Tape Preservation & Conservation,NEW,Batch 1
Soft-binder syndrome,Archival & Analog Tape,Magnetic Tape Preservation & Conservation,NEW,Batch 1
Spacing loss,Archival & Analog Tape,Magnetic Tape Preservation & Conservation,NEW,Batch 1
Speed-reference reconstruction,Archival & Analog Tape,Magnetic Tape Preservation & Conservation,NEW,Batch 1
Splice bleed,Archival & Analog Tape,Magnetic Tape Preservation & Conservation,NEW,Batch 1
Splice blocking,Archival & Analog Tape,Magnetic Tape Preservation & Conservation,NEW,Batch 1
Splice curl,Archival & Analog Tape,Magnetic Tape Preservation & Conservation,NEW,Batch 1
Splice failure,Archival & Analog Tape,Magnetic Tape Preservation & Conservation,NEW,Batch 1
Splice imprint,Archival & Analog Tape,Magnetic Tape Preservation & Conservation,NEW,Batch 1
Splice replacement,Archival & Analog Tape,Magnetic Tape Preservation & Conservation,NEW,Batch 1
Spoking,Archival & Analog Tape,Magnetic Tape Preservation & Conservation,NEW,Batch 1
Stack alignment,Archival & Analog Tape,Magnetic Tape Preservation & Conservation,NEW,Batch 1
Standard-play tape,Archival & Analog Tape,Magnetic Tape Preservation & Conservation,NEW,Batch 1
Stepped pack,Archival & Analog Tape,Magnetic Tape Preservation & Conservation,NEW,Batch 1
Stick-slip motion,Archival & Analog Tape,Magnetic Tape Preservation & Conservation,NEW,Batch 1
Sticky-shed syndrome,Archival & Analog Tape,Magnetic Tape Preservation & Conservation,NEW,Batch 1
Storage set,Archival & Analog Tape,Magnetic Tape Preservation & Conservation,NEW,Batch 1
Substrate shrinkage,Archival & Analog Tape,Magnetic Tape Preservation & Conservation,NEW,Batch 1
Surface glazing,Archival & Analog Tape,Magnetic Tape Preservation & Conservation,NEW,Batch 1
Tape baking,Archival & Analog Tape,Magnetic Tape Preservation & Conservation,NEW,Batch 1
Tape polishing,Archival & Analog Tape,Magnetic Tape Preservation & Conservation,NEW,Batch 1
Tape relaxation,Archival & Analog Tape,Magnetic Tape Preservation & Conservation,NEW,Batch 1
Tape skew,Archival & Analog Tape,Magnetic Tape Preservation & Conservation,NEW,Batch 1
Tape squeal,Archival & Analog Tape,Magnetic Tape Preservation & Conservation,NEW,Batch 1
Tape wrap,Archival & Analog Tape,Magnetic Tape Preservation & Conservation,NEW,Batch 1
Telescope,Archival & Analog Tape,Magnetic Tape Preservation & Conservation,NEW,Batch 1
Tensilized polyester,Archival & Analog Tape,Magnetic Tape Preservation & Conservation,NEW,Batch 1
Tension imprint,Archival & Analog Tape,Magnetic Tape Preservation & Conservation,NEW,Batch 1
Tension modulation,Archival & Analog Tape,Magnetic Tape Preservation & Conservation,NEW,Batch 1
Thermal conditioning,Archival & Analog Tape,Magnetic Tape Preservation & Conservation,NEW,Batch 1
Tissue wiping,Archival & Analog Tape,Magnetic Tape Preservation & Conservation,NEW,Batch 1
Torque ripple,Archival & Analog Tape,Magnetic Tape Preservation & Conservation,NEW,Batch 1
Track-placement error,Archival & Analog Tape,Magnetic Tape Preservation & Conservation,NEW,Batch 1
Track-width mismatch,Archival & Analog Tape,Magnetic Tape Preservation & Conservation,NEW,Batch 1
Transverse curl,Archival & Analog Tape,Magnetic Tape Preservation & Conservation,NEW,Batch 1
Transverse vibration,Archival & Analog Tape,Magnetic Tape Preservation & Conservation,NEW,Batch 1
Triple-play tape,Archival & Analog Tape,Magnetic Tape Preservation & Conservation,NEW,Batch 1
Vacuum cleaning,Archival & Analog Tape,Magnetic Tape Preservation & Conservation,NEW,Batch 1
Vinegar syndrome,Archival & Analog Tape,Magnetic Tape Preservation & Conservation,NEW,Batch 1
Wickelretter,Archival & Analog Tape,Magnetic Tape Preservation & Conservation,NEW,Batch 1
Wind-induced edge curl,Archival & Analog Tape,Magnetic Tape Preservation & Conservation,NEW,Batch 1
Windowing,Archival & Analog Tape,Magnetic Tape Preservation & Conservation,NEW,Batch 1
Wow,Archival & Analog Tape,Magnetic Tape Preservation & Conservation,NEW,Batch 1
Wow-and-flutter profile,Archival & Analog Tape,Magnetic Tape Preservation & Conservation,NEW,Batch 1
Zenith error,Archival & Analog Tape,Magnetic Tape Preservation & Conservation,NEW,Batch 1
ADR ambience bed,Film/TV Post & Dialogue,ADR & Looping,EXISTING,Batch 1
ADR comp,Film/TV Post & Dialogue,ADR & Looping,EXISTING,Batch 1
ADR cue,Film/TV Post & Dialogue,ADR & Looping,EXISTING,Batch 1
ADR cue number,Film/TV Post & Dialogue,ADR & Looping,EXISTING,Batch 1
ADR cueing,Film/TV Post & Dialogue,ADR & Looping,EXISTING,Batch 1
ADR edit,Film/TV Post & Dialogue,ADR & Looping,EXISTING,Batch 1
ADR fit,Film/TV Post & Dialogue,ADR & Looping,EXISTING,Batch 1
ADR futzing,Film/TV Post & Dialogue,ADR & Looping,EXISTING,Batch 1
ADR guide,Film/TV Post & Dialogue,ADR & Looping,EXISTING,Batch 1
ADR match,Film/TV Post & Dialogue,ADR & Looping,EXISTING,Batch 1
ADR perspective match,Film/TV Post & Dialogue,ADR & Looping,EXISTING,Batch 1
ADR post-roll,Film/TV Post & Dialogue,ADR & Looping,EXISTING,Batch 1
ADR pre-roll,Film/TV Post & Dialogue,ADR & Looping,EXISTING,Batch 1
ADR proximity mismatch,Film/TV Post & Dialogue,ADR & Looping,EXISTING,Batch 1
ADR room mismatch,Film/TV Post & Dialogue,ADR & Looping,EXISTING,Batch 1
ADR spotting,Film/TV Post & Dialogue,ADR & Looping,EXISTING,Batch 1
ADR squeeze,Film/TV Post & Dialogue,ADR & Looping,EXISTING,Batch 1
ADR stretch,Film/TV Post & Dialogue,ADR & Looping,EXISTING,Batch 1
ADR take lane,Film/TV Post & Dialogue,ADR & Looping,EXISTING,Batch 1
ADR target,Film/TV Post & Dialogue,ADR & Looping,EXISTING,Batch 1
ADR tonal match,Film/TV Post & Dialogue,ADR & Looping,EXISTING,Batch 1
ADR wipe,Film/TV Post & Dialogue,ADR & Looping,EXISTING,Batch 1
Additional dialogue recording,Film/TV Post & Dialogue,ADR & Looping,EXISTING,Batch 1
Automatic dialogue replacement,Film/TV Post & Dialogue,ADR & Looping,EXISTING,Batch 1
Background principal,Film/TV Post & Dialogue,ADR & Looping,EXISTING,Batch 1
Bande rythmo,Film/TV Post & Dialogue,ADR & Looping,EXISTING,Batch 1
Bilabial sync point,Film/TV Post & Dialogue,ADR & Looping,EXISTING,Batch 1
Booth tone,Film/TV Post & Dialogue,ADR & Looping,EXISTING,Batch 1
Booth-mode coloration,Film/TV Post & Dialogue,ADR & Looping,EXISTING,Batch 1
Cadence match,Film/TV Post & Dialogue,ADR & Looping,EXISTING,Batch 1
Call-and-response walla,Film/TV Post & Dialogue,ADR & Looping,EXISTING,Batch 1
Copy stand noise,Film/TV Post & Dialogue,ADR & Looping,EXISTING,Batch 1
Crossing voices,Film/TV Post & Dialogue,ADR & Looping,EXISTING,Batch 1
Cue streamer,Film/TV Post & Dialogue,ADR & Looping,EXISTING,Batch 1
Dead cue,Film/TV Post & Dialogue,ADR & Looping,EXISTING,Batch 1
Drop-in,Film/TV Post & Dialogue,ADR & Looping,EXISTING,Batch 1
Energy match,Film/TV Post & Dialogue,ADR & Looping,EXISTING,Batch 1
Final-approved read,Film/TV Post & Dialogue,ADR & Looping,EXISTING,Batch 1
General walla,Film/TV Post & Dialogue,ADR & Looping,EXISTING,Batch 1
Group ADR,Film/TV Post & Dialogue,ADR & Looping,EXISTING,Batch 1
Guide VO,Film/TV Post & Dialogue,ADR & Looping,EXISTING,Batch 1
Hard-sync line,Film/TV Post & Dialogue,ADR & Looping,EXISTING,Batch 1
Head pickup,Film/TV Post & Dialogue,ADR & Looping,EXISTING,Batch 1
Head-sync / tail-sync tradeoff,Film/TV Post & Dialogue,ADR & Looping,EXISTING,Batch 1
Headphone-shell leakage,Film/TV Post & Dialogue,ADR & Looping,EXISTING,Batch 1
Hydration shift,Film/TV Post & Dialogue,ADR & Looping,EXISTING,Batch 1
Incidental dialogue,Film/TV Post & Dialogue,ADR & Looping,EXISTING,Batch 1
Inflection match,Film/TV Post & Dialogue,ADR & Looping,EXISTING,Batch 1
Insert read,Film/TV Post & Dialogue,ADR & Looping,EXISTING,Batch 1
Internal ADR sync,Film/TV Post & Dialogue,ADR & Looping,EXISTING,Batch 1
Labial anchor,Film/TV Post & Dialogue,ADR & Looping,EXISTING,Batch 1
Lead-in read,Film/TV Post & Dialogue,ADR & Looping,EXISTING,Batch 1
Lip closure,Film/TV Post & Dialogue,ADR & Looping,EXISTING,Batch 1
Loop group,Film/TV Post & Dialogue,ADR & Looping,EXISTING,Batch 1
Looping,Film/TV Post & Dialogue,ADR & Looping,EXISTING,Batch 1
Mic-position recall,Film/TV Post & Dialogue,ADR & Looping,EXISTING,Batch 1
Mid-sentence pickup,Film/TV Post & Dialogue,ADR & Looping,EXISTING,Batch 1
Missing fourth beep,Film/TV Post & Dialogue,ADR & Looping,EXISTING,Batch 1
Monitor bleed print,Film/TV Post & Dialogue,ADR & Looping,EXISTING,Batch 1
Off-camera ADR,Film/TV Post & Dialogue,ADR & Looping,EXISTING,Batch 1
Omni crowd,Film/TV Post & Dialogue,ADR & Looping,EXISTING,Batch 1
Open-mouth vowel hold,Film/TV Post & Dialogue,ADR & Looping,EXISTING,Batch 1
Page-turn mitigation,Film/TV Post & Dialogue,ADR & Looping,EXISTING,Batch 1
Pass-by chatter,Film/TV Post & Dialogue,ADR & Looping,EXISTING,Batch 1
Patch read,Film/TV Post & Dialogue,ADR & Looping,EXISTING,Batch 1
Performance drift,Film/TV Post & Dialogue,ADR & Looping,EXISTING,Batch 1
Period walla,Film/TV Post & Dialogue,ADR & Looping,EXISTING,Batch 1
Phrase-tail match,Film/TV Post & Dialogue,ADR & Looping,EXISTING,Batch 1
Pick-up boundary,Film/TV Post & Dialogue,ADR & Looping,EXISTING,Batch 1
Pick-up match,Film/TV Post & Dialogue,ADR & Looping,EXISTING,Batch 1
Pickup drift,Film/TV Post & Dialogue,ADR & Looping,EXISTING,Batch 1
Post-roll contamination,Film/TV Post & Dialogue,ADR & Looping,EXISTING,Batch 1
Post-sync,Film/TV Post & Dialogue,ADR & Looping,EXISTING,Batch 1
Pre-roll chatter,Film/TV Post & Dialogue,ADR & Looping,EXISTING,Batch 1
Punch cue,Film/TV Post & Dialogue,ADR & Looping,EXISTING,Batch 1
Punch-and-roll,Film/TV Post & Dialogue,ADR & Looping,EXISTING,Batch 1
Resonance match,Film/TV Post & Dialogue,ADR & Looping,EXISTING,Batch 1
Rhythmo band,Film/TV Post & Dialogue,ADR & Looping,EXISTING,Batch 1
Rock-and-roll recording,Film/TV Post & Dialogue,ADR & Looping,EXISTING,Batch 1
Room-tone capture,Film/TV Post & Dialogue,ADR & Looping,EXISTING,Batch 1
Scratch read,Film/TV Post & Dialogue,ADR & Looping,EXISTING,Batch 1
Session-tone drift,Film/TV Post & Dialogue,ADR & Looping,EXISTING,Batch 1
Slate contamination,Film/TV Post & Dialogue,ADR & Looping,EXISTING,Batch 1
Soft-sync line,Film/TV Post & Dialogue,ADR & Looping,EXISTING,Batch 1
Specific walla,Film/TV Post & Dialogue,ADR & Looping,EXISTING,Batch 1
Sync ADR,Film/TV Post & Dialogue,ADR & Looping,EXISTING,Batch 1
Tail pickup,Film/TV Post & Dialogue,ADR & Looping,EXISTING,Batch 1
Tail room,Film/TV Post & Dialogue,ADR & Looping,EXISTING,Batch 1
Temp narration,Film/TV Post & Dialogue,ADR & Looping,EXISTING,Batch 1
Three-beep cue,Film/TV Post & Dialogue,ADR & Looping,EXISTING,Batch 1
Throwaway lead-in,Film/TV Post & Dialogue,ADR & Looping,EXISTING,Batch 1
Vocabulary-safe walla,Film/TV Post & Dialogue,ADR & Looping,EXISTING,Batch 1
Vocal fatigue drift,Film/TV Post & Dialogue,ADR & Looping,EXISTING,Batch 1
Voice-match note,Film/TV Post & Dialogue,ADR & Looping,EXISTING,Batch 1
Walla bed,Film/TV Post & Dialogue,ADR & Looping,EXISTING,Batch 1
Walla contour,Film/TV Post & Dialogue,ADR & Looping,EXISTING,Batch 1
Walla density,Film/TV Post & Dialogue,ADR & Looping,EXISTING,Batch 1
Walla perspective,Film/TV Post & Dialogue,ADR & Looping,EXISTING,Batch 1
Walla poke-through,Film/TV Post & Dialogue,ADR & Looping,EXISTING,Batch 1
Walla sweetener,Film/TV Post & Dialogue,ADR & Looping,EXISTING,Batch 1
Wild ADR,Film/TV Post & Dialogue,ADR & Looping,EXISTING,Batch 1
Wild line,Film/TV Post & Dialogue,ADR & Looping,EXISTING,Batch 1
Wild pickup,Film/TV Post & Dialogue,ADR & Looping,EXISTING,Batch 1
A/B dialogue checkerboarding,Film/TV Post & Dialogue,Dialogue Editing,EXISTING,Batch 1
Acoustic discontinuity,Film/TV Post & Dialogue,Dialogue Editing,EXISTING,Batch 1
Adaptive-threshold chasing,Film/TV Post & Dialogue,Dialogue Editing,EXISTING,Batch 1
Alternate-channel mining,Film/TV Post & Dialogue,Dialogue Editing,EXISTING,Batch 1
Alternate-take surgery,Film/TV Post & Dialogue,Dialogue Editing,EXISTING,Batch 1
Ambience matching,Film/TV Post & Dialogue,Dialogue Editing,EXISTING,Batch 1
Ambience stripping,Film/TV Post & Dialogue,Dialogue Editing,EXISTING,Batch 1
Aspiration loss,Film/TV Post & Dialogue,Dialogue Editing,EXISTING,Batch 1
Attenuate-versus-replace decision,Film/TV Post & Dialogue,Dialogue Editing,EXISTING,Batch 1
Background perspective match,Film/TV Post & Dialogue,Dialogue Editing,EXISTING,Batch 1
Boom lane,Film/TV Post & Dialogue,Dialogue Editing,EXISTING,Batch 1
Boom perspective drift,Film/TV Post & Dialogue,Dialogue Editing,EXISTING,Batch 1
Boom shadowing,Film/TV Post & Dialogue,Dialogue Editing,EXISTING,Batch 1
Boom-lav phase interaction,Film/TV Post & Dialogue,Dialogue Editing,EXISTING,Batch 1
Breath attenuation,Film/TV Post & Dialogue,Dialogue Editing,EXISTING,Batch 1
Breath graft,Film/TV Post & Dialogue,Dialogue Editing,EXISTING,Batch 1
Breath matching,Film/TV Post & Dialogue,Dialogue Editing,EXISTING,Batch 1
Breath replacement,Film/TV Post & Dialogue,Dialogue Editing,EXISTING,Batch 1
Breath shaping,Film/TV Post & Dialogue,Dialogue Editing,EXISTING,Batch 1
Breath-hole repair,Film/TV Post & Dialogue,Dialogue Editing,EXISTING,Batch 1
Broadband rustle,Film/TV Post & Dialogue,Dialogue Editing,EXISTING,Batch 1
Button knock,Film/TV Post & Dialogue,Dialogue Editing,EXISTING,Batch 1
Cable knock,Film/TV Post & Dialogue,Dialogue Editing,EXISTING,Batch 1
Cable rub,Film/TV Post & Dialogue,Dialogue Editing,EXISTING,Batch 1
Capsule scrape,Film/TV Post & Dialogue,Dialogue Editing,EXISTING,Batch 1
Character splitting,Film/TV Post & Dialogue,Dialogue Editing,EXISTING,Batch 1
Chest rub,Film/TV Post & Dialogue,Dialogue Editing,EXISTING,Batch 1
Concealment muffling,Film/TV Post & Dialogue,Dialogue Editing,EXISTING,Batch 1
Consonant erosion,Film/TV Post & Dialogue,Dialogue Editing,EXISTING,Batch 1
Consonant graft,Film/TV Post & Dialogue,Dialogue Editing,EXISTING,Batch 1
DX,Film/TV Post & Dialogue,Dialogue Editing,EXISTING,Batch 1
DX A / DX B,Film/TV Post & Dialogue,Dialogue Editing,EXISTING,Batch 1
De-plosive overreach,Film/TV Post & Dialogue,Dialogue Editing,EXISTING,Batch 1
Denoise modulation,Film/TV Post & Dialogue,Dialogue Editing,EXISTING,Batch 1
Denture click,Film/TV Post & Dialogue,Dialogue Editing,EXISTING,Batch 1
Dialogue assembly,Film/TV Post & Dialogue,Dialogue Editing,EXISTING,Batch 1
Dialogue conform,Film/TV Post & Dialogue,Dialogue Editing,EXISTING,Batch 1
Dialogue declicking,Film/TV Post & Dialogue,Dialogue Editing,EXISTING,Batch 1
Dialogue fill,Film/TV Post & Dialogue,Dialogue Editing,EXISTING,Batch 1
Dialogue tracklay,Film/TV Post & Dialogue,Dialogue Editing,EXISTING,Batch 1
Dialogue-isolation residue,Film/TV Post & Dialogue,Dialogue Editing,EXISTING,Batch 1
Dialogue-tainted PFX,Film/TV Post & Dialogue,Dialogue Editing,EXISTING,Batch 1
Dynamic phase alignment,Film/TV Post & Dialogue,Dialogue Editing,EXISTING,Batch 1
Edit exposure,Film/TV Post & Dialogue,Dialogue Editing,EXISTING,Batch 1
Ess-hole,Film/TV Post & Dialogue,Dialogue Editing,EXISTING,Batch 1
Fabric tick,Film/TV Post & Dialogue,Dialogue Editing,EXISTING,Batch 1
Field-recorder expansion,Film/TV Post & Dialogue,Dialogue Editing,EXISTING,Batch 1
Fill bed,Film/TV Post & Dialogue,Dialogue Editing,EXISTING,Batch 1
Fill buildup,Film/TV Post & Dialogue,Dialogue Editing,EXISTING,Batch 1
Fill harvesting,Film/TV Post & Dialogue,Dialogue Editing,EXISTING,Batch 1
Fill loop,Film/TV Post & Dialogue,Dialogue Editing,EXISTING,Batch 1
Fill pull,Film/TV Post & Dialogue,Dialogue Editing,EXISTING,Batch 1
Fill pumping,Film/TV Post & Dialogue,Dialogue Editing,EXISTING,Batch 1
Fill seam,Film/TV Post & Dialogue,Dialogue Editing,EXISTING,Batch 1
Formant smearing,Film/TV Post & Dialogue,Dialogue Editing,EXISTING,Batch 1
Guide dialogue,Film/TV Post & Dialogue,Dialogue Editing,EXISTING,Batch 1
Handle preservation,Film/TV Post & Dialogue,Dialogue Editing,EXISTING,Batch 1
Head-turn loss,Film/TV Post & Dialogue,Dialogue Editing,EXISTING,Batch 1
Inhale truncation,Film/TV Post & Dialogue,Dialogue Editing,EXISTING,Batch 1
Intermittent rustle,Film/TV Post & Dialogue,Dialogue Editing,EXISTING,Batch 1
Jewelry tick,Film/TV Post & Dialogue,Dialogue Editing,EXISTING,Batch 1
Lav chest resonance,Film/TV Post & Dialogue,Dialogue Editing,EXISTING,Batch 1
Lav crackle,Film/TV Post & Dialogue,Dialogue Editing,EXISTING,Batch 1
Lav lane,Film/TV Post & Dialogue,Dialogue Editing,EXISTING,Batch 1
Lav rustle,Film/TV Post & Dialogue,Dialogue Editing,EXISTING,Batch 1
Lip-smack suppression,Film/TV Post & Dialogue,Dialogue Editing,EXISTING,Batch 1
Mic-angle change,Film/TV Post & Dialogue,Dialogue Editing,EXISTING,Batch 1
Micro-comping,Film/TV Post & Dialogue,Dialogue Editing,EXISTING,Batch 1
Microphone splitting,Film/TV Post & Dialogue,Dialogue Editing,EXISTING,Batch 1
Mix-track guide,Film/TV Post & Dialogue,Dialogue Editing,EXISTING,Batch 1
Mouth declicking,Film/TV Post & Dialogue,Dialogue Editing,EXISTING,Batch 1
Mouth-noise cluster,Film/TV Post & Dialogue,Dialogue Editing,EXISTING,Batch 1
Musical-noise artifact,Film/TV Post & Dialogue,Dialogue Editing,EXISTING,Batch 1
Noise-floor choreography,Film/TV Post & Dialogue,Dialogue Editing,EXISTING,Batch 1
Noise-floor stepping,Film/TV Post & Dialogue,Dialogue Editing,EXISTING,Batch 1
Noise-print mismatch,Film/TV Post & Dialogue,Dialogue Editing,EXISTING,Batch 1
Overlap track,Film/TV Post & Dialogue,Dialogue Editing,EXISTING,Batch 1
PDX,Film/TV Post & Dialogue,Dialogue Editing,EXISTING,Batch 1
PFX,Film/TV Post & Dialogue,Dialogue Editing,EXISTING,Batch 1
PFX continuity,Film/TV Post & Dialogue,Dialogue Editing,EXISTING,Batch 1
PFX extraction,Film/TV Post & Dialogue,Dialogue Editing,EXISTING,Batch 1
PFX isolation,Film/TV Post & Dialogue,Dialogue Editing,EXISTING,Batch 1
PFX marriage,Film/TV Post & Dialogue,Dialogue Editing,EXISTING,Batch 1
PFX pull,Film/TV Post & Dialogue,Dialogue Editing,EXISTING,Batch 1
PFX sweetener,Film/TV Post & Dialogue,Dialogue Editing,EXISTING,Batch 1
Palatal click,Film/TV Post & Dialogue,Dialogue Editing,EXISTING,Batch 1
Parking track,Film/TV Post & Dialogue,Dialogue Editing,EXISTING,Batch 1
Performance comping,Film/TV Post & Dialogue,Dialogue Editing,EXISTING,Batch 1
Perspective discontinuity,Film/TV Post & Dialogue,Dialogue Editing,EXISTING,Batch 1
Phasey speech,Film/TV Post & Dialogue,Dialogue Editing,EXISTING,Batch 1
Phoneme patching,Film/TV Post & Dialogue,Dialogue Editing,EXISTING,Batch 1
Picture reconform,Film/TV Post & Dialogue,Dialogue Editing,EXISTING,Batch 1
Plant lane,Film/TV Post & Dialogue,Dialogue Editing,EXISTING,Batch 1
Plosive reconstruction,Film/TV Post & Dialogue,Dialogue Editing,EXISTING,Batch 1
Plosive shadow,Film/TV Post & Dialogue,Dialogue Editing,EXISTING,Batch 1
Post-cut fill,Film/TV Post & Dialogue,Dialogue Editing,EXISTING,Batch 1
Pre-action fill,Film/TV Post & Dialogue,Dialogue Editing,EXISTING,Batch 1
Production dialogue pull,Film/TV Post & Dialogue,Dialogue Editing,EXISTING,Batch 1
Production sound roll,Film/TV Post & Dialogue,Dialogue Editing,EXISTING,Batch 1
RF hash,Film/TV Post & Dialogue,Dialogue Editing,EXISTING,Batch 1
RF spit,Film/TV Post & Dialogue,Dialogue Editing,EXISTING,Batch 1
Reference production,Film/TV Post & Dialogue,Dialogue Editing,EXISTING,Batch 1
Residual plosive,Film/TV Post & Dialogue,Dialogue Editing,EXISTING,Batch 1
Restoration chirp,Film/TV Post & Dialogue,Dialogue Editing,EXISTING,Batch 1
Reversed fill,Film/TV Post & Dialogue,Dialogue Editing,EXISTING,Batch 1
Room-tone collapse,Film/TV Post & Dialogue,Dialogue Editing,EXISTING,Batch 1
Room-tone contouring,Film/TV Post & Dialogue,Dialogue Editing,EXISTING,Batch 1
Room-tone pumping,Film/TV Post & Dialogue,Dialogue Editing,EXISTING,Batch 1
Safety dialogue track,Film/TV Post & Dialogue,Dialogue Editing,EXISTING,Batch 1
Saliva click,Film/TV Post & Dialogue,Dialogue Editing,EXISTING,Batch 1
Scene checkerboarding,Film/TV Post & Dialogue,Dialogue Editing,EXISTING,Batch 1
Scratch DX,Film/TV Post & Dialogue,Dialogue Editing,EXISTING,Batch 1
Setup checkerboarding,Film/TV Post & Dialogue,Dialogue Editing,EXISTING,Batch 1
Sibilant graft,Film/TV Post & Dialogue,Dialogue Editing,EXISTING,Batch 1
Sibilant lisping,Film/TV Post & Dialogue,Dialogue Editing,EXISTING,Batch 1
Sibilant replacement,Film/TV Post & Dialogue,Dialogue Editing,EXISTING,Batch 1
Sound-roll metadata,Film/TV Post & Dialogue,Dialogue Editing,EXISTING,Batch 1
Spectral attenuation pass,Film/TV Post & Dialogue,Dialogue Editing,EXISTING,Batch 1
Spectral hole,Film/TV Post & Dialogue,Dialogue Editing,EXISTING,Batch 1
Spectral patching,Film/TV Post & Dialogue,Dialogue Editing,EXISTING,Batch 1
Syllable replacement,Film/TV Post & Dialogue,Dialogue Editing,EXISTING,Batch 1
Tongue click artifact,Film/TV Post & Dialogue,Dialogue Editing,EXISTING,Batch 1
Track dressing,Film/TV Post & Dialogue,Dialogue Editing,EXISTING,Batch 1
Transfer track,Film/TV Post & Dialogue,Dialogue Editing,EXISTING,Batch 1
Transient erosion,Film/TV Post & Dialogue,Dialogue Editing,EXISTING,Batch 1
Under-clothing resonance,Film/TV Post & Dialogue,Dialogue Editing,EXISTING,Batch 1
Underwater dialogue,Film/TV Post & Dialogue,Dialogue Editing,EXISTING,Batch 1
Variable interchannel offset,Film/TV Post & Dialogue,Dialogue Editing,EXISTING,Batch 1
Vocal granulation,Film/TV Post & Dialogue,Dialogue Editing,EXISTING,Batch 1
Voice-extraction halo,Film/TV Post & Dialogue,Dialogue Editing,EXISTING,Batch 1
Vowel graft,Film/TV Post & Dialogue,Dialogue Editing,EXISTING,Batch 1
Wireless compander artifact,Film/TV Post & Dialogue,Dialogue Editing,EXISTING,Batch 1
Word-end repair,Film/TV Post & Dialogue,Dialogue Editing,EXISTING,Batch 1
X track,Film/TV Post & Dialogue,Dialogue Editing,EXISTING,Batch 1
X-dialogue,Film/TV Post & Dialogue,Dialogue Editing,EXISTING,Batch 1
Accent mapping,Film/TV Post & Dialogue,Dubbing & Localization,EXISTING,Batch 2
Accent neutralization,Film/TV Post & Dialogue,Dubbing & Localization,EXISTING,Batch 2
Accent substitution,Film/TV Post & Dialogue,Dubbing & Localization,EXISTING,Batch 2
Acoustic localization match,Film/TV Post & Dialogue,Dubbing & Localization,EXISTING,Batch 2
Actor-voice pairing,Film/TV Post & Dialogue,Dubbing & Localization,EXISTING,Batch 2
Adaptation loss,Film/TV Post & Dialogue,Dubbing & Localization,EXISTING,Batch 2
Back-to-camera liberty,Film/TV Post & Dialogue,Dubbing & Localization,EXISTING,Batch 1
Bilabial matching,Film/TV Post & Dialogue,Dubbing & Localization,EXISTING,Batch 1
Bilingual dubbing,Film/TV Post & Dialogue,Dubbing & Localization,EXISTING,Batch 2
Block recording,Film/TV Post & Dialogue,Dubbing & Localization,EXISTING,Batch 2
Character drift,Film/TV Post & Dialogue,Dubbing & Localization,EXISTING,Batch 2
Character synchrony,Film/TV Post & Dialogue,Dubbing & Localization,EXISTING,Batch 1
Character-voice assignment,Film/TV Post & Dialogue,Dubbing & Localization,EXISTING,Batch 2
Cold-loop recording,Film/TV Post & Dialogue,Dubbing & Localization,EXISTING,Batch 2
Collective dubbing,Film/TV Post & Dialogue,Dubbing & Localization,EXISTING,Batch 2
Commentary replacement,Film/TV Post & Dialogue,Dubbing & Localization,EXISTING,Batch 2
Compliance localization,Film/TV Post & Dialogue,Dubbing & Localization,EXISTING,Batch 2
Context recording,Film/TV Post & Dialogue,Dubbing & Localization,EXISTING,Batch 2
Creative QC,Film/TV Post & Dialogue,Dubbing & Localization,EXISTING,Batch 2
Creative supervisor,Film/TV Post & Dialogue,Dubbing & Localization,EXISTING,Batch 2
Cross-title casting,Film/TV Post & Dialogue,Dubbing & Localization,EXISTING,Batch 2
Cue extraction,Film/TV Post & Dialogue,Dubbing & Localization,EXISTING,Batch 2
Cue fatigue,Film/TV Post & Dialogue,Dubbing & Localization,EXISTING,Batch 2
Cue subdivision,Film/TV Post & Dialogue,Dubbing & Localization,EXISTING,Batch 2
Cultural compensation,Film/TV Post & Dialogue,Dubbing & Localization,EXISTING,Batch 2
Cultural explicitation,Film/TV Post & Dialogue,Dubbing & Localization,EXISTING,Batch 2
Cultural neutralization,Film/TV Post & Dialogue,Dubbing & Localization,EXISTING,Batch 2
Cultural retention,Film/TV Post & Dialogue,Dubbing & Localization,EXISTING,Batch 2
Cultural substitution,Film/TV Post & Dialogue,Dubbing & Localization,EXISTING,Batch 2
Cultural transplantation,Film/TV Post & Dialogue,Dubbing & Localization,EXISTING,Batch 2
Detection,Film/TV Post & Dialogue,Dubbing & Localization,EXISTING,Batch 2
Detection script,Film/TV Post & Dialogue,Dubbing & Localization,EXISTING,Batch 2
Dialect leveling,Film/TV Post & Dialogue,Dubbing & Localization,EXISTING,Batch 2
Dialect neutralization,Film/TV Post & Dialogue,Dubbing & Localization,EXISTING,Batch 2
Dialect relocation,Film/TV Post & Dialogue,Dubbing & Localization,EXISTING,Batch 2
Dialogue detection,Film/TV Post & Dialogue,Dubbing & Localization,EXISTING,Batch 2
Dialogue director,Film/TV Post & Dialogue,Dubbing & Localization,EXISTING,Batch 2
Dialogue-bearing effect,Film/TV Post & Dialogue,Dubbing & Localization,EXISTING,Batch 2
Double translation,Film/TV Post & Dialogue,Dubbing & Localization,EXISTING,Batch 2
Dragged delivery,Film/TV Post & Dialogue,Dubbing & Localization,EXISTING,Batch 2
Dub QC,Film/TV Post & Dialogue,Dubbing & Localization,EXISTING,Batch 2
Dub dialogue stem,Film/TV Post & Dialogue,Dubbing & Localization,EXISTING,Batch 2
Dub-stage foldback,Film/TV Post & Dialogue,Dubbing & Localization,EXISTING,Batch 1
Dub-stage integration,Film/TV Post & Dialogue,Dubbing & Localization,EXISTING,Batch 2
Dubbing adapter,Film/TV Post & Dialogue,Dubbing & Localization,EXISTING,Batch 2
Dubbing author,Film/TV Post & Dialogue,Dubbing & Localization,EXISTING,Batch 2
Dubbing mix,Film/TV Post & Dialogue,Dubbing & Localization,EXISTING,Batch 2
Dubbing rhythm,Film/TV Post & Dialogue,Dubbing & Localization,EXISTING,Batch 1
Dubbing script adaptation,Film/TV Post & Dialogue,Dubbing & Localization,EXISTING,Batch 1
Dubbing-down,Film/TV Post & Dialogue,Dubbing & Localization,EXISTING,Batch 2
Dubbing-up,Film/TV Post & Dialogue,Dubbing & Localization,EXISTING,Batch 2
Dynamic equivalence,Film/TV Post & Dialogue,Dubbing & Localization,EXISTING,Batch 2
Effort vocal,Film/TV Post & Dialogue,Dubbing & Localization,EXISTING,Batch 1
Efforts pass,Film/TV Post & Dialogue,Dubbing & Localization,EXISTING,Batch 1
Embedded dialogue,Film/TV Post & Dialogue,Dubbing & Localization,EXISTING,Batch 2
End-sync error,Film/TV Post & Dialogue,Dubbing & Localization,EXISTING,Batch 2
Ensemble dubbing,Film/TV Post & Dialogue,Dubbing & Localization,EXISTING,Batch 2
Entry tolerance,Film/TV Post & Dialogue,Dubbing & Localization,EXISTING,Batch 1
Euphemistic substitution,Film/TV Post & Dialogue,Dubbing & Localization,EXISTING,Batch 2
Exit tolerance,Film/TV Post & Dialogue,Dubbing & Localization,EXISTING,Batch 1
Fandubbing,Film/TV Post & Dialogue,Dubbing & Localization,EXISTING,Batch 2
Fixed voice,Film/TV Post & Dialogue,Dubbing & Localization,EXISTING,Batch 2
Flap coverage,Film/TV Post & Dialogue,Dubbing & Localization,EXISTING,Batch 1
Flap violation,Film/TV Post & Dialogue,Dubbing & Localization,EXISTING,Batch 2
Foreign dialogue stem,Film/TV Post & Dialogue,Dubbing & Localization,EXISTING,Batch 2
Foreign-language walla,Film/TV Post & Dialogue,Dubbing & Localization,EXISTING,Batch 1
Foreign-version Foley,Film/TV Post & Dialogue,Dubbing & Localization,EXISTING,Batch 2
Foreign-version QC,Film/TV Post & Dialogue,Dubbing & Localization,EXISTING,Batch 2
Foreign-version mix,Film/TV Post & Dialogue,Dubbing & Localization,EXISTING,Batch 2
Franchise voice continuity,Film/TV Post & Dialogue,Dubbing & Localization,EXISTING,Batch 2
Full dubbing,Film/TV Post & Dialogue,Dubbing & Localization,EXISTING,Batch 2
Functional equivalence,Film/TV Post & Dialogue,Dubbing & Localization,EXISTING,Batch 2
Fundubbing,Film/TV Post & Dialogue,Dubbing & Localization,EXISTING,Batch 2
Gavrilov translation,Film/TV Post & Dialogue,Dubbing & Localization,EXISTING,Batch 2
Guide bleed,Film/TV Post & Dialogue,Dubbing & Localization,EXISTING,Batch 2
Guide-track dependency,Film/TV Post & Dialogue,Dubbing & Localization,EXISTING,Batch 2
Honorific adaptation,Film/TV Post & Dialogue,Dubbing & Localization,EXISTING,Batch 2
In-territory QC,Film/TV Post & Dialogue,Dubbing & Localization,EXISTING,Batch 2
Indirect dubbing,Film/TV Post & Dialogue,Dubbing & Localization,EXISTING,Batch 2
Individual-band recording,Film/TV Post & Dialogue,Dubbing & Localization,EXISTING,Batch 2
Internal-sync error,Film/TV Post & Dialogue,Dubbing & Localization,EXISTING,Batch 2
International Foley,Film/TV Post & Dialogue,Dubbing & Localization,EXISTING,Batch 2
International-version reconstruction,Film/TV Post & Dialogue,Dubbing & Localization,EXISTING,Batch 2
Isochrony,Film/TV Post & Dialogue,Dubbing & Localization,EXISTING,Batch 1
Kinetic synchrony,Film/TV Post & Dialogue,Dubbing & Localization,EXISTING,Batch 1
Kinship-term localization,Film/TV Post & Dialogue,Dubbing & Localization,EXISTING,Batch 2
Language contamination,Film/TV Post & Dialogue,Dubbing & Localization,EXISTING,Batch 2
Language supervisor,Film/TV Post & Dialogue,Dubbing & Localization,EXISTING,Batch 2
Language-bearing effort,Film/TV Post & Dialogue,Dubbing & Localization,EXISTING,Batch 2
Language-neutral effort,Film/TV Post & Dialogue,Dubbing & Localization,EXISTING,Batch 2
Language-neutral vocalization,Film/TV Post & Dialogue,Dubbing & Localization,EXISTING,Batch 2
Lectoring,Film/TV Post & Dialogue,Dubbing & Localization,EXISTING,Batch 2
Lecturing,Film/TV Post & Dialogue,Dubbing & Localization,EXISTING,Batch 2
Legacy voice,Film/TV Post & Dialogue,Dubbing & Localization,EXISTING,Batch 2
Line isometry,Film/TV Post & Dialogue,Dubbing & Localization,EXISTING,Batch 1
Line-by-line dubbing,Film/TV Post & Dialogue,Dubbing & Localization,EXISTING,Batch 2
Linguistic QC,Film/TV Post & Dialogue,Dubbing & Localization,EXISTING,Batch 2
Linguistic director,Film/TV Post & Dialogue,Dubbing & Localization,EXISTING,Batch 2
Lip synchrony,Film/TV Post & Dialogue,Dubbing & Localization,EXISTING,Batch 1
Lip-sync adaptation,Film/TV Post & Dialogue,Dubbing & Localization,EXISTING,Batch 1
Lip-sync defect,Film/TV Post & Dialogue,Dubbing & Localization,EXISTING,Batch 2
Local-language mix,Film/TV Post & Dialogue,Dubbing & Localization,EXISTING,Batch 2
Locale fallback,Film/TV Post & Dialogue,Dubbing & Localization,EXISTING,Batch 2
Locale splitting,Film/TV Post & Dialogue,Dubbing & Localization,EXISTING,Batch 2
Localization artifact,Film/TV Post & Dialogue,Dubbing & Localization,EXISTING,Batch 2
Localization premix,Film/TV Post & Dialogue,Dubbing & Localization,EXISTING,Batch 2
Loop boundary,Film/TV Post & Dialogue,Dubbing & Localization,EXISTING,Batch 2
Loop length,Film/TV Post & Dialogue,Dubbing & Localization,EXISTING,Batch 2
Loop preparation,Film/TV Post & Dialogue,Dubbing & Localization,EXISTING,Batch 2
Loop unit,Film/TV Post & Dialogue,Dubbing & Localization,EXISTING,Batch 2
M&E check,Film/TV Post & Dialogue,Dubbing & Localization,EXISTING,Batch 2
M&E checker,Film/TV Post & Dialogue,Dubbing & Localization,EXISTING,Batch 2
M&E deficiency,Film/TV Post & Dialogue,Dubbing & Localization,EXISTING,Batch 2
M&E fill cue,Film/TV Post & Dialogue,Dubbing & Localization,EXISTING,Batch 2
M&E repair,Film/TV Post & Dialogue,Dubbing & Localization,EXISTING,Batch 2
M&E supplementation,Film/TV Post & Dialogue,Dubbing & Localization,EXISTING,Batch 2
Market-specific versioning,Film/TV Post & Dialogue,Dubbing & Localization,EXISTING,Batch 2
Mix-localization defect,Film/TV Post & Dialogue,Dubbing & Localization,EXISTING,Batch 2
Mouth-closure violation,Film/TV Post & Dialogue,Dubbing & Localization,EXISTING,Batch 2
Multilingual dubbing,Film/TV Post & Dialogue,Dubbing & Localization,EXISTING,Batch 2
Narration replacement,Film/TV Post & Dialogue,Dubbing & Localization,EXISTING,Batch 2
Native-listener QC,Film/TV Post & Dialogue,Dubbing & Localization,EXISTING,Batch 2
Naturalness defect,Film/TV Post & Dialogue,Dubbing & Localization,EXISTING,Batch 2
Nonverbal sync,Film/TV Post & Dialogue,Dubbing & Localization,EXISTING,Batch 1
One-voice dubbing,Film/TV Post & Dialogue,Dubbing & Localization,EXISTING,Batch 2
Open-vowel matching,Film/TV Post & Dialogue,Dubbing & Localization,EXISTING,Batch 1
Optional track,Film/TV Post & Dialogue,Dubbing & Localization,EXISTING,Batch 2
Optional vocal,Film/TV Post & Dialogue,Dubbing & Localization,EXISTING,Batch 2
Original-language guide,Film/TV Post & Dialogue,Dubbing & Localization,EXISTING,Batch 2
Overlength line,Film/TV Post & Dialogue,Dubbing & Localization,EXISTING,Batch 2
Partial dubbing,Film/TV Post & Dialogue,Dubbing & Localization,EXISTING,Batch 2
Performance-equivalence casting,Film/TV Post & Dialogue,Dubbing & Localization,EXISTING,Batch 2
Perspective defect,Film/TV Post & Dialogue,Dubbing & Localization,EXISTING,Batch 2
Phonetic synchrony,Film/TV Post & Dialogue,Dubbing & Localization,EXISTING,Batch 1
Phrase-sync dubbing,Film/TV Post & Dialogue,Dubbing & Localization,EXISTING,Batch 2
Pivot-language dubbing,Film/TV Post & Dialogue,Dubbing & Localization,EXISTING,Batch 2
Politeness recalibration,Film/TV Post & Dialogue,Dubbing & Localization,EXISTING,Batch 2
Pragmatic equivalence,Film/TV Post & Dialogue,Dubbing & Localization,EXISTING,Batch 2
Pronunciation drift,Film/TV Post & Dialogue,Dubbing & Localization,EXISTING,Batch 2
Prosodic phrase alignment,Film/TV Post & Dialogue,Dubbing & Localization,EXISTING,Batch 1
Prosodic synchrony,Film/TV Post & Dialogue,Dubbing & Localization,EXISTING,Batch 1
Qualitative synchrony,Film/TV Post & Dialogue,Dubbing & Localization,EXISTING,Batch 1
Quantitative synchrony,Film/TV Post & Dialogue,Dubbing & Localization,EXISTING,Batch 1
Ratings-driven adaptation,Film/TV Post & Dialogue,Dubbing & Localization,EXISTING,Batch 2
Reaction vocal,Film/TV Post & Dialogue,Dubbing & Localization,EXISTING,Batch 1
Recast continuity,Film/TV Post & Dialogue,Dubbing & Localization,EXISTING,Batch 2
Register drift,Film/TV Post & Dialogue,Dubbing & Localization,EXISTING,Batch 2
Register localization,Film/TV Post & Dialogue,Dubbing & Localization,EXISTING,Batch 2
Relay translation,Film/TV Post & Dialogue,Dubbing & Localization,EXISTING,Batch 2
Revoicing,Film/TV Post & Dialogue,Dubbing & Localization,EXISTING,Batch 2
Rhythmographic detection,Film/TV Post & Dialogue,Dubbing & Localization,EXISTING,Batch 2
Rushed delivery,Film/TV Post & Dialogue,Dubbing & Localization,EXISTING,Batch 2
Selective dubbing,Film/TV Post & Dialogue,Dubbing & Localization,EXISTING,Batch 2
Semantic drift,Film/TV Post & Dialogue,Dubbing & Localization,EXISTING,Batch 2
Simil-sync,Film/TV Post & Dialogue,Dubbing & Localization,EXISTING,Batch 2
Single-character recording,Film/TV Post & Dialogue,Dubbing & Localization,EXISTING,Batch 2
Sociolect localization,Film/TV Post & Dialogue,Dubbing & Localization,EXISTING,Batch 2
Sociolinguistic mapping,Film/TV Post & Dialogue,Dubbing & Localization,EXISTING,Batch 2
Source-dialogue bleed,Film/TV Post & Dialogue,Dubbing & Localization,EXISTING,Batch 2
Source-performance shadowing,Film/TV Post & Dialogue,Dubbing & Localization,EXISTING,Batch 2
Standard voice,Film/TV Post & Dialogue,Dubbing & Localization,EXISTING,Batch 2
Start-sync error,Film/TV Post & Dialogue,Dubbing & Localization,EXISTING,Batch 2
Swear-strength matching,Film/TV Post & Dialogue,Dubbing & Localization,EXISTING,Batch 2
Sync QC,Film/TV Post & Dialogue,Dubbing & Localization,EXISTING,Batch 2
Sync adaptation,Film/TV Post & Dialogue,Dubbing & Localization,EXISTING,Batch 1
Sync loss,Film/TV Post & Dialogue,Dubbing & Localization,EXISTING,Batch 2
Sync window,Film/TV Post & Dialogue,Dubbing & Localization,EXISTING,Batch 1
Sync-driven distortion,Film/TV Post & Dialogue,Dubbing & Localization,EXISTING,Batch 2
Taboo calibration,Film/TV Post & Dialogue,Dubbing & Localization,EXISTING,Batch 2
Technical QC,Film/TV Post & Dialogue,Dubbing & Localization,EXISTING,Batch 2
Terminology drift,Film/TV Post & Dialogue,Dubbing & Localization,EXISTING,Batch 2
Timbre matching,Film/TV Post & Dialogue,Dubbing & Localization,EXISTING,Batch 2
Time-sync dubbing,Film/TV Post & Dialogue,Dubbing & Localization,EXISTING,Batch 2
Two-voice dubbing,Film/TV Post & Dialogue,Dubbing & Localization,EXISTING,Batch 2
UN-style voiceover,Film/TV Post & Dialogue,Dubbing & Localization,EXISTING,Batch 2
Underlength line,Film/TV Post & Dialogue,Dubbing & Localization,EXISTING,Batch 2
Vocal continuity break,Film/TV Post & Dialogue,Dubbing & Localization,EXISTING,Batch 2
Vocal efforts,Film/TV Post & Dialogue,Dubbing & Localization,EXISTING,Batch 1
Vocal-age matching,Film/TV Post & Dialogue,Dubbing & Localization,EXISTING,Batch 2
Vocal-bearing ambience,Film/TV Post & Dialogue,Dubbing & Localization,EXISTING,Batch 2
Vocal-equivalence casting,Film/TV Post & Dialogue,Dubbing & Localization,EXISTING,Batch 2
Vocal-weight matching,Film/TV Post & Dialogue,Dubbing & Localization,EXISTING,Batch 2
Vocative adaptation,Film/TV Post & Dialogue,Dubbing & Localization,EXISTING,Batch 2
Voice casting equivalence,Film/TV Post & Dialogue,Dubbing & Localization,EXISTING,Batch 2
Voice claim,Film/TV Post & Dialogue,Dubbing & Localization,EXISTING,Batch 2
Voice continuity,Film/TV Post & Dialogue,Dubbing & Localization,EXISTING,Batch 2
Voice double,Film/TV Post & Dialogue,Dubbing & Localization,EXISTING,Batch 2
Voice recast,Film/TV Post & Dialogue,Dubbing & Localization,EXISTING,Batch 2
Voice-body congruence,Film/TV Post & Dialogue,Dubbing & Localization,EXISTING,Batch 2
Voice-continuity defect,Film/TV Post & Dialogue,Dubbing & Localization,EXISTING,Batch 2
Accentual synchrony,Film/TV Post & Dialogue,"Dubbing — Adaptation, Sync & Deliverables",NEW,Batch 2
Acoustic body,Film/TV Post & Dialogue,"Dubbing — Adaptation, Sync & Deliverables",NEW,Batch 2
Action-locked vocal,Film/TV Post & Dialogue,"Dubbing — Adaptation, Sync & Deliverables",NEW,Batch 2
Adaptation pass,Film/TV Post & Dialogue,"Dubbing — Adaptation, Sync & Deliverables",NEW,Batch 2
Affective synchrony,Film/TV Post & Dialogue,"Dubbing — Adaptation, Sync & Deliverables",NEW,Batch 2
Aperture mismatch,Film/TV Post & Dialogue,"Dubbing — Adaptation, Sync & Deliverables",NEW,Batch 2
Articulatory anchor,Film/TV Post & Dialogue,"Dubbing — Adaptation, Sync & Deliverables",NEW,Batch 2
Attitudinal prosody,Film/TV Post & Dialogue,"Dubbing — Adaptation, Sync & Deliverables",NEW,Batch 2
Bilabial correspondence,Film/TV Post & Dialogue,"Dubbing — Adaptation, Sync & Deliverables",NEW,Batch 2
Body-voice fit,Film/TV Post & Dialogue,"Dubbing — Adaptation, Sync & Deliverables",NEW,Batch 2
Boundary synchrony,Film/TV Post & Dialogue,"Dubbing — Adaptation, Sync & Deliverables",NEW,Batch 2
Breath-action synchrony,Film/TV Post & Dialogue,"Dubbing — Adaptation, Sync & Deliverables",NEW,Batch 2
Breath-group matching,Film/TV Post & Dialogue,"Dubbing — Adaptation, Sync & Deliverables",NEW,Batch 2
Closed-mouth frame,Film/TV Post & Dialogue,"Dubbing — Adaptation, Sync & Deliverables",NEW,Batch 2
Closure anchor,Film/TV Post & Dialogue,"Dubbing — Adaptation, Sync & Deliverables",NEW,Batch 2
Closure mismatch,Film/TV Post & Dialogue,"Dubbing — Adaptation, Sync & Deliverables",NEW,Batch 2
Compression threshold,Film/TV Post & Dialogue,"Dubbing — Adaptation, Sync & Deliverables",NEW,Batch 2
Deictic synchrony,Film/TV Post & Dialogue,"Dubbing — Adaptation, Sync & Deliverables",NEW,Batch 2
Dialogue adaptation,Film/TV Post & Dialogue,"Dubbing — Adaptation, Sync & Deliverables",NEW,Batch 2
Dialogue calque,Film/TV Post & Dialogue,"Dubbing — Adaptation, Sync & Deliverables",NEW,Batch 2
Dialogue contamination,Film/TV Post & Dialogue,"Dubbing — Adaptation, Sync & Deliverables",NEW,Batch 1
Dialogue guide stem,Film/TV Post & Dialogue,"Dubbing — Adaptation, Sync & Deliverables",NEW,Batch 1
Dialogue-free production effect,Film/TV Post & Dialogue,"Dubbing — Adaptation, Sync & Deliverables",NEW,Batch 1
Dip track,Film/TV Post & Dialogue,"Dubbing — Adaptation, Sync & Deliverables",NEW,Batch 1
Discourse-prosody matching,Film/TV Post & Dialogue,"Dubbing — Adaptation, Sync & Deliverables",NEW,Batch 2
Domestic version,Film/TV Post & Dialogue,"Dubbing — Adaptation, Sync & Deliverables",NEW,Batch 1
Dubability,Film/TV Post & Dialogue,"Dubbing — Adaptation, Sync & Deliverables",NEW,Batch 2
Dubbese,Film/TV Post & Dialogue,"Dubbing — Adaptation, Sync & Deliverables",NEW,Batch 2
Dubbing adaptation,Film/TV Post & Dialogue,"Dubbing — Adaptation, Sync & Deliverables",NEW,Batch 2
Dubbing cliché,Film/TV Post & Dialogue,"Dubbing — Adaptation, Sync & Deliverables",NEW,Batch 2
Effort synchrony,Film/TV Post & Dialogue,"Dubbing — Adaptation, Sync & Deliverables",NEW,Batch 2
Emotional synchrony,Film/TV Post & Dialogue,"Dubbing — Adaptation, Sync & Deliverables",NEW,Batch 2
Emotional-arc matching,Film/TV Post & Dialogue,"Dubbing — Adaptation, Sync & Deliverables",NEW,Batch 2
Emphasis displacement,Film/TV Post & Dialogue,"Dubbing — Adaptation, Sync & Deliverables",NEW,Batch 2
Emphasis preservation,Film/TV Post & Dialogue,"Dubbing — Adaptation, Sync & Deliverables",NEW,Batch 2
Entry latitude,Film/TV Post & Dialogue,"Dubbing — Adaptation, Sync & Deliverables",NEW,Batch 2
Exit latitude,Film/TV Post & Dialogue,"Dubbing — Adaptation, Sync & Deliverables",NEW,Batch 2
Expansion threshold,Film/TV Post & Dialogue,"Dubbing — Adaptation, Sync & Deliverables",NEW,Batch 2
Flap,Film/TV Post & Dialogue,"Dubbing — Adaptation, Sync & Deliverables",NEW,Batch 2
Flap count,Film/TV Post & Dialogue,"Dubbing — Adaptation, Sync & Deliverables",NEW,Batch 2
Flap density,Film/TV Post & Dialogue,"Dubbing — Adaptation, Sync & Deliverables",NEW,Batch 2
Flap interpolation,Film/TV Post & Dialogue,"Dubbing — Adaptation, Sync & Deliverables",NEW,Batch 2
Foreign-version optional,Film/TV Post & Dialogue,"Dubbing — Adaptation, Sync & Deliverables",NEW,Batch 1
Fully filled M&E,Film/TV Post & Dialogue,"Dubbing — Adaptation, Sync & Deliverables",NEW,Batch 1
Fully undipped stem,Film/TV Post & Dialogue,"Dubbing — Adaptation, Sync & Deliverables",NEW,Batch 1
Gesture anchoring,Film/TV Post & Dialogue,"Dubbing — Adaptation, Sync & Deliverables",NEW,Batch 2
Gesture synchrony,Film/TV Post & Dialogue,"Dubbing — Adaptation, Sync & Deliverables",NEW,Batch 2
Gesture-loaded utterance,Film/TV Post & Dialogue,"Dubbing — Adaptation, Sync & Deliverables",NEW,Batch 2
Head-turn synchrony,Film/TV Post & Dialogue,"Dubbing — Adaptation, Sync & Deliverables",NEW,Batch 2
Held flap,Film/TV Post & Dialogue,"Dubbing — Adaptation, Sync & Deliverables",NEW,Batch 2
Hesitation matching,Film/TV Post & Dialogue,"Dubbing — Adaptation, Sync & Deliverables",NEW,Batch 2
Impact synchrony,Film/TV Post & Dialogue,"Dubbing — Adaptation, Sync & Deliverables",NEW,Batch 2
Information-focus matching,Film/TV Post & Dialogue,"Dubbing — Adaptation, Sync & Deliverables",NEW,Batch 2
Internal synchrony,Film/TV Post & Dialogue,"Dubbing — Adaptation, Sync & Deliverables",NEW,Batch 2
Internal timing anchor,Film/TV Post & Dialogue,"Dubbing — Adaptation, Sync & Deliverables",NEW,Batch 2
Intonational equivalence,Film/TV Post & Dialogue,"Dubbing — Adaptation, Sync & Deliverables",NEW,Batch 2
Intonational rephrasing,Film/TV Post & Dialogue,"Dubbing — Adaptation, Sync & Deliverables",NEW,Batch 2
Isochronic adaptation,Film/TV Post & Dialogue,"Dubbing — Adaptation, Sync & Deliverables",NEW,Batch 2
Isochronic constraint,Film/TV Post & Dialogue,"Dubbing — Adaptation, Sync & Deliverables",NEW,Batch 2
Kinesic synchrony,Film/TV Post & Dialogue,"Dubbing — Adaptation, Sync & Deliverables",NEW,Batch 2
Labial synchrony,Film/TV Post & Dialogue,"Dubbing — Adaptation, Sync & Deliverables",NEW,Batch 2
Labiodental correspondence,Film/TV Post & Dialogue,"Dubbing — Adaptation, Sync & Deliverables",NEW,Batch 2
Language-neutral vocal,Film/TV Post & Dialogue,"Dubbing — Adaptation, Sync & Deliverables",NEW,Batch 1
Language-specific effort,Film/TV Post & Dialogue,"Dubbing — Adaptation, Sync & Deliverables",NEW,Batch 1
Linguistic condensation,Film/TV Post & Dialogue,"Dubbing — Adaptation, Sync & Deliverables",NEW,Batch 2
Linguistic expansion,Film/TV Post & Dialogue,"Dubbing — Adaptation, Sync & Deliverables",NEW,Batch 2
Lip-rounding mismatch,Film/TV Post & Dialogue,"Dubbing — Adaptation, Sync & Deliverables",NEW,Batch 2
Loose flap,Film/TV Post & Dialogue,"Dubbing — Adaptation, Sync & Deliverables",NEW,Batch 2
M&E editorial pass,Film/TV Post & Dialogue,"Dubbing — Adaptation, Sync & Deliverables",NEW,Batch 1
M&E fill,Film/TV Post & Dialogue,"Dubbing — Adaptation, Sync & Deliverables",NEW,Batch 1
M&E sweetener,Film/TV Post & Dialogue,"Dubbing — Adaptation, Sync & Deliverables",NEW,Batch 1
Mouth-flap matching,Film/TV Post & Dialogue,"Dubbing — Adaptation, Sync & Deliverables",NEW,Batch 2
Mouth-open interval,Film/TV Post & Dialogue,"Dubbing — Adaptation, Sync & Deliverables",NEW,Batch 2
Music and Effects,Film/TV Post & Dialogue,"Dubbing — Adaptation, Sync & Deliverables",NEW,Batch 1
Nodding synchrony,Film/TV Post & Dialogue,"Dubbing — Adaptation, Sync & Deliverables",NEW,Batch 2
Nuclear-stress matching,Film/TV Post & Dialogue,"Dubbing — Adaptation, Sync & Deliverables",NEW,Batch 2
Open-vowel correspondence,Film/TV Post & Dialogue,"Dubbing — Adaptation, Sync & Deliverables",NEW,Batch 2
Optional dialogue,Film/TV Post & Dialogue,"Dubbing — Adaptation, Sync & Deliverables",NEW,Batch 1
Oral naturalness,Film/TV Post & Dialogue,"Dubbing — Adaptation, Sync & Deliverables",NEW,Batch 2
Partially filled M&E,Film/TV Post & Dialogue,"Dubbing — Adaptation, Sync & Deliverables",NEW,Batch 1
Pause redistribution,Film/TV Post & Dialogue,"Dubbing — Adaptation, Sync & Deliverables",NEW,Batch 2
Pause synchrony,Film/TV Post & Dialogue,"Dubbing — Adaptation, Sync & Deliverables",NEW,Batch 2
Performability pass,Film/TV Post & Dialogue,"Dubbing — Adaptation, Sync & Deliverables",NEW,Batch 2
Performance synchrony,Film/TV Post & Dialogue,"Dubbing — Adaptation, Sync & Deliverables",NEW,Batch 2
Phonetic synchronization,Film/TV Post & Dialogue,"Dubbing — Adaptation, Sync & Deliverables",NEW,Batch 2
Phrase-contour matching,Film/TV Post & Dialogue,"Dubbing — Adaptation, Sync & Deliverables",NEW,Batch 2
Phrase-duration matching,Film/TV Post & Dialogue,"Dubbing — Adaptation, Sync & Deliverables",NEW,Batch 2
Pragmatic calque,Film/TV Post & Dialogue,"Dubbing — Adaptation, Sync & Deliverables",NEW,Batch 2
Pragmatic stress,Film/TV Post & Dialogue,"Dubbing — Adaptation, Sync & Deliverables",NEW,Batch 2
Pre-adaptation,Film/TV Post & Dialogue,"Dubbing — Adaptation, Sync & Deliverables",NEW,Batch 2
Prefabricated orality,Film/TV Post & Dialogue,"Dubbing — Adaptation, Sync & Deliverables",NEW,Batch 2
Prosodic adaptation,Film/TV Post & Dialogue,"Dubbing — Adaptation, Sync & Deliverables",NEW,Batch 2
Prosodic alignment,Film/TV Post & Dialogue,"Dubbing — Adaptation, Sync & Deliverables",NEW,Batch 2
Prosodic resegmentation,Film/TV Post & Dialogue,"Dubbing — Adaptation, Sync & Deliverables",NEW,Batch 2
Prosodic transfer,Film/TV Post & Dialogue,"Dubbing — Adaptation, Sync & Deliverables",NEW,Batch 2
Rounded-vowel correspondence,Film/TV Post & Dialogue,"Dubbing — Adaptation, Sync & Deliverables",NEW,Batch 2
Segment-duration matching,Film/TV Post & Dialogue,"Dubbing — Adaptation, Sync & Deliverables",NEW,Batch 2
Segmentation mismatch,Film/TV Post & Dialogue,"Dubbing — Adaptation, Sync & Deliverables",NEW,Batch 2
Silence accommodation,Film/TV Post & Dialogue,"Dubbing — Adaptation, Sync & Deliverables",NEW,Batch 2
Source-language calque,Film/TV Post & Dialogue,"Dubbing — Adaptation, Sync & Deliverables",NEW,Batch 2
Speakability,Film/TV Post & Dialogue,"Dubbing — Adaptation, Sync & Deliverables",NEW,Batch 2
Speech-rate compensation,Film/TV Post & Dialogue,"Dubbing — Adaptation, Sync & Deliverables",NEW,Batch 2
Stress relocation,Film/TV Post & Dialogue,"Dubbing — Adaptation, Sync & Deliverables",NEW,Batch 2
Structural calque,Film/TV Post & Dialogue,"Dubbing — Adaptation, Sync & Deliverables",NEW,Batch 2
Syllabic expansion,Film/TV Post & Dialogue,"Dubbing — Adaptation, Sync & Deliverables",NEW,Batch 2
Sync envelope,Film/TV Post & Dialogue,"Dubbing — Adaptation, Sync & Deliverables",NEW,Batch 2
Sync latitude,Film/TV Post & Dialogue,"Dubbing — Adaptation, Sync & Deliverables",NEW,Batch 2
Sync pass,Film/TV Post & Dialogue,"Dubbing — Adaptation, Sync & Deliverables",NEW,Batch 2
Temporal accommodation,Film/TV Post & Dialogue,"Dubbing — Adaptation, Sync & Deliverables",NEW,Batch 2
Temporal compression,Film/TV Post & Dialogue,"Dubbing — Adaptation, Sync & Deliverables",NEW,Batch 2
Temporal expansion,Film/TV Post & Dialogue,"Dubbing — Adaptation, Sync & Deliverables",NEW,Batch 2
Textless vocal,Film/TV Post & Dialogue,"Dubbing — Adaptation, Sync & Deliverables",NEW,Batch 1
Tight flap,Film/TV Post & Dialogue,"Dubbing — Adaptation, Sync & Deliverables",NEW,Batch 2
Time-slot occupancy,Film/TV Post & Dialogue,"Dubbing — Adaptation, Sync & Deliverables",NEW,Batch 2
Tonal contour matching,Film/TV Post & Dialogue,"Dubbing — Adaptation, Sync & Deliverables",NEW,Batch 2
Translationese,Film/TV Post & Dialogue,"Dubbing — Adaptation, Sync & Deliverables",NEW,Batch 2
Undipped M&E,Film/TV Post & Dialogue,"Dubbing — Adaptation, Sync & Deliverables",NEW,Batch 1
Utterance segmentation,Film/TV Post & Dialogue,"Dubbing — Adaptation, Sync & Deliverables",NEW,Batch 2
Utterance-duration matching,Film/TV Post & Dialogue,"Dubbing — Adaptation, Sync & Deliverables",NEW,Batch 2
Viseme,Film/TV Post & Dialogue,"Dubbing — Adaptation, Sync & Deliverables",NEW,Batch 2
Viseme collision,Film/TV Post & Dialogue,"Dubbing — Adaptation, Sync & Deliverables",NEW,Batch 2
Viseme matching,Film/TV Post & Dialogue,"Dubbing — Adaptation, Sync & Deliverables",NEW,Batch 2
Viseme substitution,Film/TV Post & Dialogue,"Dubbing — Adaptation, Sync & Deliverables",NEW,Batch 2
Viseme tolerance,Film/TV Post & Dialogue,"Dubbing — Adaptation, Sync & Deliverables",NEW,Batch 2
Visemic compatibility,Film/TV Post & Dialogue,"Dubbing — Adaptation, Sync & Deliverables",NEW,Batch 2
Visemic synchrony,Film/TV Post & Dialogue,"Dubbing — Adaptation, Sync & Deliverables",NEW,Batch 2
Visual prosody,Film/TV Post & Dialogue,"Dubbing — Adaptation, Sync & Deliverables",NEW,Batch 2
Vocal contamination,Film/TV Post & Dialogue,"Dubbing — Adaptation, Sync & Deliverables",NEW,Batch 1
Vocal physiognomy,Film/TV Post & Dialogue,"Dubbing — Adaptation, Sync & Deliverables",NEW,Batch 2
Vowel anchor,Film/TV Post & Dialogue,"Dubbing — Adaptation, Sync & Deliverables",NEW,Batch 2
Accordion cue,Film/TV Post & Dialogue,Film Scoring,EXISTING,Batch 1
Added value,Film/TV Post & Dialogue,Film Scoring,EXISTING,Batch 1
Agitato,Film/TV Post & Dialogue,Film Scoring,EXISTING,Batch 1
Alternate cue,Film/TV Post & Dialogue,Film Scoring,EXISTING,Batch 1
Andante misterioso,Film/TV Post & Dialogue,Film Scoring,EXISTING,Batch 1
Anempathetic music,Film/TV Post & Dialogue,Film Scoring,EXISTING,Batch 1
Associative orchestration,Film/TV Post & Dialogue,Film Scoring,EXISTING,Batch 1
Atmospheric stem,Film/TV Post & Dialogue,Film Scoring,EXISTING,Batch 1
Audiovisual consonance,Film/TV Post & Dialogue,Film Scoring,EXISTING,Batch 1
Audiovisual counterpoint,Film/TV Post & Dialogue,Film Scoring,EXISTING,Batch 1
Audiovisual dissonance,Film/TV Post & Dialogue,Film Scoring,EXISTING,Batch 1
Avoided synchronization,Film/TV Post & Dialogue,Film Scoring,EXISTING,Batch 1
Beat mapping to picture,Film/TV Post & Dialogue,Film Scoring,EXISTING,Batch 1
Bookend scoring,Film/TV Post & Dialogue,Film Scoring,EXISTING,Batch 1
Button alternate,Film/TV Post & Dialogue,Film Scoring,EXISTING,Batch 1
Cadential genre,Film/TV Post & Dialogue,Film Scoring,EXISTING,Batch 1
Cadential synchronization,Film/TV Post & Dialogue,Film Scoring,EXISTING,Batch 1
Catch beat,Film/TV Post & Dialogue,Film Scoring,EXISTING,Batch 1
Catch point,Film/TV Post & Dialogue,Film Scoring,EXISTING,Batch 1
Change note,Film/TV Post & Dialogue,Film Scoring,EXISTING,Batch 1
Characteristic piece,Film/TV Post & Dialogue,Film Scoring,EXISTING,Batch 1
Chromatic mediant network,Film/TV Post & Dialogue,Film Scoring,EXISTING,Batch 1
Clean tail,Film/TV Post & Dialogue,Film Scoring,EXISTING,Batch 1
Clean top,Film/TV Post & Dialogue,Film Scoring,EXISTING,Batch 1
Click dropout,Film/TV Post & Dialogue,Film Scoring,EXISTING,Batch 1
Click value,Film/TV Post & Dialogue,Film Scoring,EXISTING,Batch 1
Comic hurry,Film/TV Post & Dialogue,Film Scoring,EXISTING,Batch 1
Comic misterioso,Film/TV Post & Dialogue,Film Scoring,EXISTING,Batch 1
Compilation score,Film/TV Post & Dialogue,Film Scoring,EXISTING,Batch 1
Compiled accompaniment,Film/TV Post & Dialogue,Film Scoring,EXISTING,Batch 1
Conductor picture feed,Film/TV Post & Dialogue,Film Scoring,EXISTING,Batch 1
Contractible module,Film/TV Post & Dialogue,Film Scoring,EXISTING,Batch 1
Cue assembly,Film/TV Post & Dialogue,Film Scoring,EXISTING,Batch 1
Cue assembly master,Film/TV Post & Dialogue,Film Scoring,EXISTING,Batch 1
Cue combine,Film/TV Post & Dialogue,Film Scoring,EXISTING,Batch 1
Cue insert,Film/TV Post & Dialogue,Film Scoring,EXISTING,Batch 1
Cue lock,Film/TV Post & Dialogue,Film Scoring,EXISTING,Batch 1
Cue matrix,Film/TV Post & Dialogue,Film Scoring,EXISTING,Batch 1
Cue package,Film/TV Post & Dialogue,Film Scoring,EXISTING,Batch 1
Cue prefix,Film/TV Post & Dialogue,Film Scoring,EXISTING,Batch 1
Cue replacement,Film/TV Post & Dialogue,Film Scoring,EXISTING,Batch 1
Cue revision letter,Film/TV Post & Dialogue,Film Scoring,EXISTING,Batch 1
Cue split,Film/TV Post & Dialogue,Film Scoring,EXISTING,Batch 1
Cue status,Film/TV Post & Dialogue,Film Scoring,EXISTING,Batch 1
Cue suffix,Film/TV Post & Dialogue,Film Scoring,EXISTING,Batch 1
Cue turnover,Film/TV Post & Dialogue,Film Scoring,EXISTING,Batch 1
Cue versioning,Film/TV Post & Dialogue,Film Scoring,EXISTING,Batch 1
Cue-sheet incipit,Film/TV Post & Dialogue,Film Scoring,EXISTING,Batch 1
Curtain music,Film/TV Post & Dialogue,Film Scoring,EXISTING,Batch 1
Cut bar,Film/TV Post & Dialogue,Film Scoring,EXISTING,Batch 1
Dead click,Film/TV Post & Dialogue,Film Scoring,EXISTING,Batch 1
Deferred cadence,Film/TV Post & Dialogue,Film Scoring,EXISTING,Batch 1
Descriptive incidental,Film/TV Post & Dialogue,Film Scoring,EXISTING,Batch 1
Dialogue pocket,Film/TV Post & Dialogue,Film Scoring,EXISTING,Batch 1
Double pass,Film/TV Post & Dialogue,Film Scoring,EXISTING,Batch 1
Double-tonic complex,Film/TV Post & Dialogue,Film Scoring,EXISTING,Batch 1
Editorial compression,Film/TV Post & Dialogue,Film Scoring,EXISTING,Batch 1
Editorial stem,Film/TV Post & Dialogue,Film Scoring,EXISTING,Batch 1
Editorial stretch,Film/TV Post & Dialogue,Film Scoring,EXISTING,Batch 1
Elastic phrase,Film/TV Post & Dialogue,Film Scoring,EXISTING,Batch 1
Electronic sweetener,Film/TV Post & Dialogue,Film Scoring,EXISTING,Batch 1
Empathetic music,Film/TV Post & Dialogue,Film Scoring,EXISTING,Batch 1
Expandable module,Film/TV Post & Dialogue,Film Scoring,EXISTING,Batch 1
False synchronization,Film/TV Post & Dialogue,Film Scoring,EXISTING,Batch 1
Fractional click,Film/TV Post & Dialogue,Film Scoring,EXISTING,Batch 1
Free timing,Film/TV Post & Dialogue,Film Scoring,EXISTING,Batch 1
Furioso,Film/TV Post & Dialogue,Film Scoring,EXISTING,Batch 1
General-use hurry,Film/TV Post & Dialogue,Film Scoring,EXISTING,Batch 1
Genre-coded cadence,Film/TV Post & Dialogue,Film Scoring,EXISTING,Batch 1
Global reconform,Film/TV Post & Dialogue,Film Scoring,EXISTING,Batch 1
Harmonic signifier,Film/TV Post & Dialogue,Film Scoring,EXISTING,Batch 1
Head change,Film/TV Post & Dialogue,Film Scoring,EXISTING,Batch 1
Hexatonic pole,Film/TV Post & Dialogue,Film Scoring,EXISTING,Batch 1
Hit-point map,Film/TV Post & Dialogue,Film Scoring,EXISTING,Batch 1
Holding pattern,Film/TV Post & Dialogue,Film Scoring,EXISTING,Batch 1
Hurry,Film/TV Post & Dialogue,Film Scoring,EXISTING,Batch 1
In-point,Film/TV Post & Dialogue,Film Scoring,EXISTING,Batch 1
Insert bar,Film/TV Post & Dialogue,Film Scoring,EXISTING,Batch 1
Internal change,Film/TV Post & Dialogue,Film Scoring,EXISTING,Batch 1
Long-tail take,Film/TV Post & Dialogue,Film Scoring,EXISTING,Batch 1
M&E gap,Film/TV Post & Dialogue,Film Scoring,EXISTING,Batch 1
M-number,Film/TV Post & Dialogue,Film Scoring,EXISTING,Batch 1
Macro-synchronization,Film/TV Post & Dialogue,Film Scoring,EXISTING,Batch 1
Meter modulation for picture,Film/TV Post & Dialogue,Film Scoring,EXISTING,Batch 1
Metric synchronization,Film/TV Post & Dialogue,Film Scoring,EXISTING,Batch 1
Micro-synchronization,Film/TV Post & Dialogue,Film Scoring,EXISTING,Batch 1
Misterioso,Film/TV Post & Dialogue,Film Scoring,EXISTING,Batch 1
Mix-out alternate,Film/TV Post & Dialogue,Film Scoring,EXISTING,Batch 1
Mixed plagal cadence,Film/TV Post & Dialogue,Film Scoring,EXISTING,Batch 1
Modular scoring,Film/TV Post & Dialogue,Film Scoring,EXISTING,Batch 1
Modular silent-film score,Film/TV Post & Dialogue,Film Scoring,EXISTING,Batch 1
Music editorial master,Film/TV Post & Dialogue,Film Scoring,EXISTING,Batch 1
Music editorial toolkit,Film/TV Post & Dialogue,Film Scoring,EXISTING,Batch 1
Music entrance rationale,Film/TV Post & Dialogue,Film Scoring,EXISTING,Batch 1
Music exit rationale,Film/TV Post & Dialogue,Film Scoring,EXISTING,Batch 1
Music slip,Film/TV Post & Dialogue,Film Scoring,EXISTING,Batch 1
Music-and-effects compatibility,Film/TV Post & Dialogue,Film Scoring,EXISTING,Batch 1
Musical primer,Film/TV Post & Dialogue,Film Scoring,EXISTING,Batch 1
Narrative handoff,Film/TV Post & Dialogue,Film Scoring,EXISTING,Batch 1
Neo-Riemannian transformation,Film/TV Post & Dialogue,Film Scoring,EXISTING,Batch 1
Neutral bar,Film/TV Post & Dialogue,Film Scoring,EXISTING,Batch 1
Neutral music,Film/TV Post & Dialogue,Film Scoring,EXISTING,Batch 1
No-melody mix,Film/TV Post & Dialogue,Film Scoring,EXISTING,Batch 1
No-percussion mix,Film/TV Post & Dialogue,Film Scoring,EXISTING,Batch 1
Open ending,Film/TV Post & Dialogue,Film Scoring,EXISTING,Batch 1
Orchestral handoff,Film/TV Post & Dialogue,Film Scoring,EXISTING,Batch 1
Orchestral sweetener,Film/TV Post & Dialogue,Film Scoring,EXISTING,Batch 1
Orchestration thinning,Film/TV Post & Dialogue,Film Scoring,EXISTING,Batch 1
Out-point,Film/TV Post & Dialogue,Film Scoring,EXISTING,Batch 1
Pan-triadic writing,Film/TV Post & Dialogue,Film Scoring,EXISTING,Batch 1
Parametric synchronization,Film/TV Post & Dialogue,Film Scoring,EXISTING,Batch 1
Pathetic music,Film/TV Post & Dialogue,Film Scoring,EXISTING,Batch 1
Perspective orchestration,Film/TV Post & Dialogue,Film Scoring,EXISTING,Batch 1
Photoplay album,Film/TV Post & Dialogue,Film Scoring,EXISTING,Batch 1
Photoplay library,Film/TV Post & Dialogue,Film Scoring,EXISTING,Batch 1
Photoplay music,Film/TV Post & Dialogue,Film Scoring,EXISTING,Batch 1
Phrasal synchronization,Film/TV Post & Dialogue,Film Scoring,EXISTING,Batch 1
Picture slip,Film/TV Post & Dialogue,Film Scoring,EXISTING,Batch 1
Picture-change list,Film/TV Post & Dialogue,Film Scoring,EXISTING,Batch 1
Pivot bar,Film/TV Post & Dialogue,Film Scoring,EXISTING,Batch 1
Plaintive,Film/TV Post & Dialogue,Film Scoring,EXISTING,Batch 1
Play-off,Film/TV Post & Dialogue,Film Scoring,EXISTING,Batch 1
Play-on,Film/TV Post & Dialogue,Film Scoring,EXISTING,Batch 1
Play-through,Film/TV Post & Dialogue,Film Scoring,EXISTING,Batch 1
Point of synchronization,Film/TV Post & Dialogue,Film Scoring,EXISTING,Batch 1
Post-record conform,Film/TV Post & Dialogue,Film Scoring,EXISTING,Batch 1
Pre-record conform,Film/TV Post & Dialogue,Film Scoring,EXISTING,Batch 1
Prelay,Film/TV Post & Dialogue,Film Scoring,EXISTING,Batch 1
Pull-down,Film/TV Post & Dialogue,Film Scoring,EXISTING,Batch 1
Pull-up,Film/TV Post & Dialogue,Film Scoring,EXISTING,Batch 1
Pulse stem,Film/TV Post & Dialogue,Film Scoring,EXISTING,Batch 1
Punch-and-streamer synchronization,Film/TV Post & Dialogue,Film Scoring,EXISTING,Batch 1
Reconform,Film/TV Post & Dialogue,Film Scoring,EXISTING,Batch 1
Reduced-density mix,Film/TV Post & Dialogue,Film Scoring,EXISTING,Batch 1
Reel–music cue number,Film/TV Post & Dialogue,Film Scoring,EXISTING,Batch 1
Registral clearance,Film/TV Post & Dialogue,Film Scoring,EXISTING,Batch 1
Ring-out take,Film/TV Post & Dialogue,Film Scoring,EXISTING,Batch 1
Safety bar,Film/TV Post & Dialogue,Film Scoring,EXISTING,Batch 1
Score conform stem,Film/TV Post & Dialogue,Film Scoring,EXISTING,Batch 1
Score element,Film/TV Post & Dialogue,Film Scoring,EXISTING,Batch 1
Score prelay,Film/TV Post & Dialogue,Film Scoring,EXISTING,Batch 1
Score replacement pass,Film/TV Post & Dialogue,Film Scoring,EXISTING,Batch 1
Score stage master,Film/TV Post & Dialogue,Film Scoring,EXISTING,Batch 1
Score stem family,Film/TV Post & Dialogue,Film Scoring,EXISTING,Batch 1
Scoring stage foldback,Film/TV Post & Dialogue,Film Scoring,EXISTING,Batch 1
Sectional overlay,Film/TV Post & Dialogue,Film Scoring,EXISTING,Batch 1
Session punch,Film/TV Post & Dialogue,Film Scoring,EXISTING,Batch 1
Session streamer,Film/TV Post & Dialogue,Film Scoring,EXISTING,Batch 1
Situation music,Film/TV Post & Dialogue,Film Scoring,EXISTING,Batch 1
Soft out,Film/TV Post & Dialogue,Film Scoring,EXISTING,Batch 1
Spot overdub,Film/TV Post & Dialogue,Film Scoring,EXISTING,Batch 1
Spotting note,Film/TV Post & Dialogue,Film Scoring,EXISTING,Batch 1
Stock cue,Film/TV Post & Dialogue,Film Scoring,EXISTING,Batch 1
Structural conform,Film/TV Post & Dialogue,Film Scoring,EXISTING,Batch 1
Structural synchronization,Film/TV Post & Dialogue,Film Scoring,EXISTING,Batch 1
Subtonic half cadence,Film/TV Post & Dialogue,Film Scoring,EXISTING,Batch 1
Sync bar,Film/TV Post & Dialogue,Film Scoring,EXISTING,Batch 1
Sync beat,Film/TV Post & Dialogue,Film Scoring,EXISTING,Batch 1
Sync-point tolerance,Film/TV Post & Dialogue,Film Scoring,EXISTING,Batch 1
Synchresis,Film/TV Post & Dialogue,Film Scoring,EXISTING,Batch 1
Synchronization score,Film/TV Post & Dialogue,Film Scoring,EXISTING,Batch 1
Tail change,Film/TV Post & Dialogue,Film Scoring,EXISTING,Batch 1
Tail-out,Film/TV Post & Dialogue,Film Scoring,EXISTING,Batch 1
Tempo fitting,Film/TV Post & Dialogue,Film Scoring,EXISTING,Batch 1
Tempo solve,Film/TV Post & Dialogue,Film Scoring,EXISTING,Batch 1
Temporal vectorization,Film/TV Post & Dialogue,Film Scoring,EXISTING,Batch 1
Temporalization of image,Film/TV Post & Dialogue,Film Scoring,EXISTING,Batch 1
Tension plateau,Film/TV Post & Dialogue,Film Scoring,EXISTING,Batch 1
Textural leitmotif,Film/TV Post & Dialogue,Film Scoring,EXISTING,Batch 1
Thematic cue sheet,Film/TV Post & Dialogue,Film Scoring,EXISTING,Batch 1
Theme stem,Film/TV Post & Dialogue,Film Scoring,EXISTING,Batch 1
Timbral leitmotif,Film/TV Post & Dialogue,Film Scoring,EXISTING,Batch 1
Timbral reveal,Film/TV Post & Dialogue,Film Scoring,EXISTING,Batch 1
Timing note,Film/TV Post & Dialogue,Film Scoring,EXISTING,Batch 1
Tonal pairing,Film/TV Post & Dialogue,Film Scoring,EXISTING,Batch 1
Tonal teleology,Film/TV Post & Dialogue,Film Scoring,EXISTING,Batch 1
Top-and-tail scoring,Film/TV Post & Dialogue,Film Scoring,EXISTING,Batch 1
Topic transformation,Film/TV Post & Dialogue,Film Scoring,EXISTING,Batch 1
Transient stem,Film/TV Post & Dialogue,Film Scoring,EXISTING,Batch 1
Transition module,Film/TV Post & Dialogue,Film Scoring,EXISTING,Batch 1
Tritone-minor-second complex,Film/TV Post & Dialogue,Film Scoring,EXISTING,Batch 1
Under-dialogue corridor,Film/TV Post & Dialogue,Film Scoring,EXISTING,Batch 1
Vamp-out,Film/TV Post & Dialogue,Film Scoring,EXISTING,Batch 1
Vamp-to-hit,Film/TV Post & Dialogue,Film Scoring,EXISTING,Batch 1
Variable click,Film/TV Post & Dialogue,Film Scoring,EXISTING,Batch 1
Wild ending,Film/TV Post & Dialogue,Film Scoring,EXISTING,Batch 1
Wild take,Film/TV Post & Dialogue,Film Scoring,EXISTING,Batch 1
Written click,Film/TV Post & Dialogue,Film Scoring,EXISTING,Batch 1
ADR seating,Film/TV Post & Dialogue,Re-Recording & Final Mix,EXISTING,Batch 1
ADR stem,Film/TV Post & Dialogue,Re-Recording & Final Mix,EXISTING,Batch 1
Articulation lift,Film/TV Post & Dialogue,Re-Recording & Final Mix,EXISTING,Batch 1
Audio-visual speech translation,Film/TV Post & Dialogue,Re-Recording & Final Mix,EXISTING,Batch 2
Audio-visual speech-to-speech translation,Film/TV Post & Dialogue,Re-Recording & Final Mix,EXISTING,Batch 2
Automated dubbing pipeline,Film/TV Post & Dialogue,Re-Recording & Final Mix,EXISTING,Batch 2
Automatic dubbing,Film/TV Post & Dialogue,Re-Recording & Final Mix,EXISTING,Batch 2
Boxiness carve,Film/TV Post & Dialogue,Re-Recording & Final Mix,EXISTING,Batch 1
Breath riding,Film/TV Post & Dialogue,Re-Recording & Final Mix,EXISTING,Batch 1
Brittle consonants,Film/TV Post & Dialogue,Re-Recording & Final Mix,EXISTING,Batch 1
Cascaded dubbing,Film/TV Post & Dialogue,Re-Recording & Final Mix,EXISTING,Batch 2
Center-channel anchoring,Film/TV Post & Dialogue,Re-Recording & Final Mix,EXISTING,Batch 1
Chest and head registration,Film/TV Post & Dialogue,Re-Recording & Final Mix,EXISTING,Batch 5
Chest reduction,Film/TV Post & Dialogue,Re-Recording & Final Mix,EXISTING,Batch 1
Clip-gain leveling,Film/TV Post & Dialogue,Re-Recording & Final Mix,EXISTING,Batch 1
Close-up intimacy,Film/TV Post & Dialogue,Re-Recording & Final Mix,EXISTING,Batch 1
Comb filtering from podium or desk reflections,Film/TV Post & Dialogue,Re-Recording & Final Mix,EXISTING,Batch 5
Consonant formation,Film/TV Post & Dialogue,Re-Recording & Final Mix,EXISTING,Batch 5
Consonant riding,Film/TV Post & Dialogue,Re-Recording & Final Mix,EXISTING,Batch 1
Consonant splatter,Film/TV Post & Dialogue,Re-Recording & Final Mix,EXISTING,Batch 1
Consonant-to-vowel balance,Film/TV Post & Dialogue,Re-Recording & Final Mix,EXISTING,Batch 5
Consonant-zone management,Film/TV Post & Dialogue,Re-Recording & Final Mix,EXISTING,Batch 1
Cross-lingual prosody transfer,Film/TV Post & Dialogue,Re-Recording & Final Mix,EXISTING,Batch 2
Cross-lingual voice cloning,Film/TV Post & Dialogue,Re-Recording & Final Mix,EXISTING,Batch 2
DX predub,Film/TV Post & Dialogue,Re-Recording & Final Mix,EXISTING,Batch 1
Dialogue anchoring,Film/TV Post & Dialogue,Re-Recording & Final Mix,EXISTING,Batch 1
Dialogue carve,Film/TV Post & Dialogue,Re-Recording & Final Mix,EXISTING,Batch 1
Dialogue crest management,Film/TV Post & Dialogue,Re-Recording & Final Mix,EXISTING,Batch 1
Dialogue density control,Film/TV Post & Dialogue,Re-Recording & Final Mix,EXISTING,Batch 1
Dialogue focus,Film/TV Post & Dialogue,Re-Recording & Final Mix,EXISTING,Batch 1
Dialogue intelligibility management,Film/TV Post & Dialogue,Re-Recording & Final Mix,EXISTING,Batch 1
Dialogue lift,Film/TV Post & Dialogue,Re-Recording & Final Mix,EXISTING,Batch 1
Dialogue master,Film/TV Post & Dialogue,Re-Recording & Final Mix,EXISTING,Batch 1
Dialogue matching,Film/TV Post & Dialogue,Re-Recording & Final Mix,EXISTING,Batch 5
Dialogue predub,Film/TV Post & Dialogue,Re-Recording & Final Mix,EXISTING,Batch 1
Dialogue premix,Film/TV Post & Dialogue,Re-Recording & Final Mix,EXISTING,Batch 1
Dialogue reverb matching,Film/TV Post & Dialogue,Re-Recording & Final Mix,EXISTING,Batch 1
Dialogue-triggered unmasking,Film/TV Post & Dialogue,Re-Recording & Final Mix,EXISTING,Batch 1
Diegetic voice treatment,Film/TV Post & Dialogue,Re-Recording & Final Mix,EXISTING,Batch 1
Direct speech-to-speech translation,Film/TV Post & Dialogue,Re-Recording & Final Mix,EXISTING,Batch 2
Domestic dialogue stem,Film/TV Post & Dialogue,Re-Recording & Final Mix,EXISTING,Batch 1
Dubbing naturalness,Film/TV Post & Dialogue,Re-Recording & Final Mix,EXISTING,Batch 2
Duration-aware translation,Film/TV Post & Dialogue,Re-Recording & Final Mix,EXISTING,Batch 2
Duration-controlled synthesis,Film/TV Post & Dialogue,Re-Recording & Final Mix,EXISTING,Batch 2
Dynamic dialogue carve,Film/TV Post & Dialogue,Re-Recording & Final Mix,EXISTING,Batch 1
Dynamic-resonance control,Film/TV Post & Dialogue,Re-Recording & Final Mix,EXISTING,Batch 1
Early-reflection matching,Film/TV Post & Dialogue,Re-Recording & Final Mix,EXISTING,Batch 1
Emotion-preserving dubbing,Film/TV Post & Dialogue,Re-Recording & Final Mix,EXISTING,Batch 2
End-to-end dubbing,Film/TV Post & Dialogue,Re-Recording & Final Mix,EXISTING,Batch 2
Ess tracking,Film/TV Post & Dialogue,Re-Recording & Final Mix,EXISTING,Batch 1
Expressive speech translation,Film/TV Post & Dialogue,Re-Recording & Final Mix,EXISTING,Batch 2
Falsetto,Film/TV Post & Dialogue,Re-Recording & Final Mix,EXISTING,Batch 5
Formants,Film/TV Post & Dialogue,Re-Recording & Final Mix,EXISTING,Batch 5
Fricatives,Film/TV Post & Dialogue,Re-Recording & Final Mix,EXISTING,Batch 5
Fundamental frequency of voice,Film/TV Post & Dialogue,Re-Recording & Final Mix,EXISTING,Batch 5
Futz,Film/TV Post & Dialogue,Re-Recording & Final Mix,EXISTING,Batch 1
Futz stem,Film/TV Post & Dialogue,Re-Recording & Final Mix,EXISTING,Batch 1
Futz track,Film/TV Post & Dialogue,Re-Recording & Final Mix,EXISTING,Batch 1
Glottal pulse,Film/TV Post & Dialogue,Re-Recording & Final Mix,EXISTING,Batch 5
Honk suppression,Film/TV Post & Dialogue,Re-Recording & Final Mix,EXISTING,Batch 1
Intelligibility lift,Film/TV Post & Dialogue,Re-Recording & Final Mix,EXISTING,Batch 1
Isochronous synthesis,Film/TV Post & Dialogue,Re-Recording & Final Mix,EXISTING,Batch 2
Lip-aware translation,Film/TV Post & Dialogue,Re-Recording & Final Mix,EXISTING,Batch 2
Lip-synchrony loss,Film/TV Post & Dialogue,Re-Recording & Final Mix,EXISTING,Batch 2
Microdynamic preservation,Film/TV Post & Dialogue,Re-Recording & Final Mix,EXISTING,Batch 1
Nasal-formant control,Film/TV Post & Dialogue,Re-Recording & Final Mix,EXISTING,Batch 1
Object dialogue,Film/TV Post & Dialogue,Re-Recording & Final Mix,EXISTING,Batch 1
Off-screen source voice,Film/TV Post & Dialogue,Re-Recording & Final Mix,EXISTING,Batch 1
On-screen source voice,Film/TV Post & Dialogue,Re-Recording & Final Mix,EXISTING,Batch 1
Papery voice,Film/TV Post & Dialogue,Re-Recording & Final Mix,EXISTING,Batch 1
Paralinguistic transfer,Film/TV Post & Dialogue,Re-Recording & Final Mix,EXISTING,Batch 2
Perspective riding,Film/TV Post & Dialogue,Re-Recording & Final Mix,EXISTING,Batch 1
Phonetic paraphrasing,Film/TV Post & Dialogue,Re-Recording & Final Mix,EXISTING,Batch 2
Phonetic synchronization loss,Film/TV Post & Dialogue,Re-Recording & Final Mix,EXISTING,Batch 2
Phrase-level riding,Film/TV Post & Dialogue,Re-Recording & Final Mix,EXISTING,Batch 1
Pitch shifting without formant correction,Film/TV Post & Dialogue,Re-Recording & Final Mix,EXISTING,Batch 5
Pitch versus formant,Film/TV Post & Dialogue,Re-Recording & Final Mix,EXISTING,Batch 5
Plosive control,Film/TV Post & Dialogue,Re-Recording & Final Mix,EXISTING,Batch 5
Plosives,Film/TV Post & Dialogue,Re-Recording & Final Mix,EXISTING,Batch 5
Post-compressor riding,Film/TV Post & Dialogue,Re-Recording & Final Mix,EXISTING,Batch 1
Pre-compressor riding,Film/TV Post & Dialogue,Re-Recording & Final Mix,EXISTING,Batch 1
Presence lift,Film/TV Post & Dialogue,Re-Recording & Final Mix,EXISTING,Batch 1
Production-space emulation,Film/TV Post & Dialogue,Re-Recording & Final Mix,EXISTING,Batch 1
Prosody transfer,Film/TV Post & Dialogue,Re-Recording & Final Mix,EXISTING,Batch 2
Reamped dialogue,Film/TV Post & Dialogue,Re-Recording & Final Mix,EXISTING,Batch 1
Room fingerprint,Film/TV Post & Dialogue,Re-Recording & Final Mix,EXISTING,Batch 1
Room-print convolution,Film/TV Post & Dialogue,Re-Recording & Final Mix,EXISTING,Batch 1
Room-tone continuity,Film/TV Post & Dialogue,Re-Recording & Final Mix,EXISTING,Batch 5
Semantic-phonetic tradeoff,Film/TV Post & Dialogue,Re-Recording & Final Mix,EXISTING,Batch 2
Shot-size perspective,Film/TV Post & Dialogue,Re-Recording & Final Mix,EXISTING,Batch 1
Sibilant spray,Film/TV Post & Dialogue,Re-Recording & Final Mix,EXISTING,Batch 1
Sibilant whistling,Film/TV Post & Dialogue,Re-Recording & Final Mix,EXISTING,Batch 1
Source-filter theory,Film/TV Post & Dialogue,Re-Recording & Final Mix,EXISTING,Batch 5
Speaker similarity,Film/TV Post & Dialogue,Re-Recording & Final Mix,EXISTING,Batch 2
Speaker-preserving translation,Film/TV Post & Dialogue,Re-Recording & Final Mix,EXISTING,Batch 2
Spectral de-essing,Film/TV Post & Dialogue,Re-Recording & Final Mix,EXISTING,Batch 1
Spectral ducking,Film/TV Post & Dialogue,Re-Recording & Final Mix,EXISTING,Batch 1
Spitty voice,Film/TV Post & Dialogue,Re-Recording & Final Mix,EXISTING,Batch 1
Split-band de-essing,Film/TV Post & Dialogue,Re-Recording & Final Mix,EXISTING,Batch 1
Syllabic riding,Film/TV Post & Dialogue,Re-Recording & Final Mix,EXISTING,Batch 1
Sync-naturalness tradeoff,Film/TV Post & Dialogue,Re-Recording & Final Mix,EXISTING,Batch 2
Synchronization-aware translation,Film/TV Post & Dialogue,Re-Recording & Final Mix,EXISTING,Batch 2
Throat resonance,Film/TV Post & Dialogue,Re-Recording & Final Mix,EXISTING,Batch 1
Timbre preservation,Film/TV Post & Dialogue,Re-Recording & Final Mix,EXISTING,Batch 2
Translation-naturalness tradeoff,Film/TV Post & Dialogue,Re-Recording & Final Mix,EXISTING,Batch 2
Upward intelligibility control,Film/TV Post & Dialogue,Re-Recording & Final Mix,EXISTING,Batch 1
Viseme-aware translation,Film/TV Post & Dialogue,Re-Recording & Final Mix,EXISTING,Batch 2
Vocal density,Film/TV Post & Dialogue,Re-Recording & Final Mix,EXISTING,Batch 1
Vocal dynamic range,Film/TV Post & Dialogue,Re-Recording & Final Mix,EXISTING,Batch 5
Vocal fry,Film/TV Post & Dialogue,Re-Recording & Final Mix,EXISTING,Batch 5
Vocal harmonics,Film/TV Post & Dialogue,Re-Recording & Final Mix,EXISTING,Batch 5
Vocal proximity effect,Film/TV Post & Dialogue,Re-Recording & Final Mix,EXISTING,Batch 5
Vocal-fold vibration,Film/TV Post & Dialogue,Re-Recording & Final Mix,EXISTING,Batch 5
Vocal-tract resonances,Film/TV Post & Dialogue,Re-Recording & Final Mix,EXISTING,Batch 5
Voice onset,Film/TV Post & Dialogue,Re-Recording & Final Mix,EXISTING,Batch 5
Voice perspective,Film/TV Post & Dialogue,Re-Recording & Final Mix,EXISTING,Batch 1
Voiced versus unvoiced speech,Film/TV Post & Dialogue,Re-Recording & Final Mix,EXISTING,Batch 5
Vowel formation,Film/TV Post & Dialogue,Re-Recording & Final Mix,EXISTING,Batch 5
Vowel-body management,Film/TV Post & Dialogue,Re-Recording & Final Mix,EXISTING,Batch 1
Vowel-distance matching,Film/TV Post & Dialogue,Re-Recording & Final Mix,EXISTING,Batch 2
Wide-shot relief,Film/TV Post & Dialogue,Re-Recording & Final Mix,EXISTING,Batch 1
Wideband de-essing,Film/TV Post & Dialogue,Re-Recording & Final Mix,EXISTING,Batch 1
Word-front clipping,Film/TV Post & Dialogue,Re-Recording & Final Mix,EXISTING,Batch 1
Word-tail swallowing,Film/TV Post & Dialogue,Re-Recording & Final Mix,EXISTING,Batch 1
Worldized dialogue,Film/TV Post & Dialogue,Re-Recording & Final Mix,EXISTING,Batch 1
Anticipatory ducking,Recording & Mix Craft,Dynamics Processing,EXISTING,Batch 3
Automatic-release compression,Recording & Mix Craft,Dynamics Processing,EXISTING,Batch 3
Band coupling,Recording & Mix Craft,Dynamics Processing,EXISTING,Batch 3
Band independence,Recording & Mix Craft,Dynamics Processing,EXISTING,Batch 3
Bite,Recording & Mix Craft,Dynamics Processing,EXISTING,Batch 3
Boost-and-sweep method,Recording & Mix Craft,Dynamics Processing,EXISTING,Batch 3
Broad-stroke equalization,Recording & Mix Craft,Dynamics Processing,EXISTING,Batch 3
Cardboard tone,Recording & Mix Craft,Dynamics Processing,EXISTING,Batch 3
Cascaded compression,Recording & Mix Craft,Dynamics Processing,EXISTING,Batch 3
Chalkiness,Recording & Mix Craft,Dynamics Processing,EXISTING,Batch 3
Character equalization,Recording & Mix Craft,Dynamics Processing,EXISTING,Batch 3
Character-before-control processing,Recording & Mix Craft,Dynamics Processing,EXISTING,Batch 3
Clip-to-limit chain,Recording & Mix Craft,Dynamics Processing,EXISTING,Batch 3
Collision-frequency control,Recording & Mix Craft,Dynamics Processing,EXISTING,Batch 3
Complementary equalization,Recording & Mix Craft,Dynamics Processing,EXISTING,Batch 3
Complementary pre/post equalization,Recording & Mix Craft,Dynamics Processing,EXISTING,Batch 3
Compression handoff,Recording & Mix Craft,Dynamics Processing,EXISTING,Batch 3
Compression riding,Recording & Mix Craft,Dynamics Processing,EXISTING,Batch 3
Compression staging,Recording & Mix Craft,Dynamics Processing,EXISTING,Batch 3
Compression-into-EQ,Recording & Mix Craft,Dynamics Processing,EXISTING,Batch 3
Contour equalization,Recording & Mix Craft,Dynamics Processing,EXISTING,Batch 3
Control-before-character processing,Recording & Mix Craft,Dynamics Processing,EXISTING,Batch 3
Corrective equalization,Recording & Mix Craft,Dynamics Processing,EXISTING,Batch 3
Corrective-before-character processing,Recording & Mix Craft,Dynamics Processing,EXISTING,Batch 3
Crest-factor reduction,Recording & Mix Craft,Dynamics Processing,EXISTING,Batch 3
Cross-source compression,Recording & Mix Craft,Dynamics Processing,EXISTING,Batch 3
Crossover modulation artifact,Recording & Mix Craft,Dynamics Processing,EXISTING,Batch 3
Crush bus,Recording & Mix Craft,Dynamics Processing,EXISTING,Batch 3
De-emphasized distortion,Recording & Mix Craft,Dynamics Processing,EXISTING,Batch 3
Descriptor-based equalization,Recording & Mix Craft,Dynamics Processing,EXISTING,Batch 3
Detector ripple,Recording & Mix Craft,Dynamics Processing,EXISTING,Batch 3
Detector signal,Recording & Mix Craft,Dynamics Processing,EXISTING,Batch 3
Detector-weighted compression,Recording & Mix Craft,Dynamics Processing,EXISTING,Batch 3
Dry-path latency mismatch,Recording & Mix Craft,Dynamics Processing,EXISTING,Batch 3
Dual-time-constant release,Recording & Mix Craft,Dynamics Processing,EXISTING,Batch 3
Dynamic frequency pocketing,Recording & Mix Craft,Dynamics Processing,EXISTING,Batch 3
EQ-into-compression,Recording & Mix Craft,Dynamics Processing,EXISTING,Batch 3
Edge,Recording & Mix Craft,Dynamics Processing,EXISTING,Batch 3
Emphasis-driven saturation,Recording & Mix Craft,Dynamics Processing,EXISTING,Batch 3
Envelope-density increase,Recording & Mix Craft,Dynamics Processing,EXISTING,Batch 3
Envelope-followed ducking,Recording & Mix Craft,Dynamics Processing,EXISTING,Batch 3
Exciter return,Recording & Mix Craft,Dynamics Processing,EXISTING,Batch 3
External-sidechain compression,Recording & Mix Craft,Dynamics Processing,EXISTING,Batch 3
Feed-forward compression,Recording & Mix Craft,Dynamics Processing,EXISTING,Batch 3
Feedback compression,Recording & Mix Craft,Dynamics Processing,EXISTING,Batch 3
Fine equalization,Recording & Mix Craft,Dynamics Processing,EXISTING,Batch 3
Frequency carving,Recording & Mix Craft,Dynamics Processing,EXISTING,Batch 3
Frequency-dependent compression,Recording & Mix Craft,Dynamics Processing,EXISTING,Batch 3
Frequency-selective kick–bass ducking,Recording & Mix Craft,Dynamics Processing,EXISTING,Batch 3
Frequency-selective saturation,Recording & Mix Craft,Dynamics Processing,EXISTING,Batch 3
Frequency-slotting,Recording & Mix Craft,Dynamics Processing,EXISTING,Batch 3
Fundamental-band ducking,Recording & Mix Craft,Dynamics Processing,EXISTING,Batch 3
Gain-reduction chatter,Recording & Mix Craft,Dynamics Processing,EXISTING,Batch 3
Gain-reduction sharing,Recording & Mix Craft,Dynamics Processing,EXISTING,Batch 3
Glassiness,Recording & Mix Craft,Dynamics Processing,EXISTING,Batch 3
Grain,Recording & Mix Craft,Dynamics Processing,EXISTING,Batch 3
Hinge-point compression,Recording & Mix Craft,Dynamics Processing,EXISTING,Batch 3
Hold-and-release compression,Recording & Mix Craft,Dynamics Processing,EXISTING,Batch 3
Hold-time ducking,Recording & Mix Craft,Dynamics Processing,EXISTING,Batch 3
Honk,Recording & Mix Craft,Dynamics Processing,EXISTING,Batch 3
Interlocking compression,Recording & Mix Craft,Dynamics Processing,EXISTING,Batch 3
Inverse ducking,Recording & Mix Craft,Dynamics Processing,EXISTING,Batch 3
Keyed compression,Recording & Mix Craft,Dynamics Processing,EXISTING,Batch 3
Keyed expansion,Recording & Mix Craft,Dynamics Processing,EXISTING,Batch 3
Level-dependent release,Recording & Mix Craft,Dynamics Processing,EXISTING,Batch 3
Level-to-peak compression chain,Recording & Mix Craft,Dynamics Processing,EXISTING,Batch 3
Leveling amplification,Recording & Mix Craft,Dynamics Processing,EXISTING,Batch 3
Limit-to-clip chain,Recording & Mix Craft,Dynamics Processing,EXISTING,Batch 3
Lookahead ducking,Recording & Mix Craft,Dynamics Processing,EXISTING,Batch 3
Low-ratio cascading,Recording & Mix Craft,Dynamics Processing,EXISTING,Batch 3
Macrodynamic compression,Recording & Mix Craft,Dynamics Processing,EXISTING,Batch 3
Manhattan compression,Recording & Mix Craft,Dynamics Processing,EXISTING,Batch 3
Masking-release processing,Recording & Mix Craft,Dynamics Processing,EXISTING,Batch 3
Match equalization,Recording & Mix Craft,Dynamics Processing,EXISTING,Batch 3
Micro-equalization,Recording & Mix Craft,Dynamics Processing,EXISTING,Batch 3
Microdynamic compression,Recording & Mix Craft,Dynamics Processing,EXISTING,Batch 3
Motown compression,Recording & Mix Craft,Dynamics Processing,EXISTING,Batch 3
Mud,Recording & Mix Craft,Dynamics Processing,EXISTING,Batch 3
Multi-stage release,Recording & Mix Craft,Dynamics Processing,EXISTING,Batch 3
Multistage compression,Recording & Mix Craft,Dynamics Processing,EXISTING,Batch 3
Multistage saturation,Recording & Mix Craft,Dynamics Processing,EXISTING,Batch 3
Nasality,Recording & Mix Craft,Dynamics Processing,EXISTING,Batch 3
Negative ducking,Recording & Mix Craft,Dynamics Processing,EXISTING,Batch 3
New York compression,Recording & Mix Craft,Dynamics Processing,EXISTING,Batch 3
Noncommutative processing,Recording & Mix Craft,Dynamics Processing,EXISTING,Batch 3
Order-dependent processing,Recording & Mix Craft,Dynamics Processing,EXISTING,Batch 3
Papery tone,Recording & Mix Craft,Dynamics Processing,EXISTING,Batch 3
Parallel blend cancellation,Recording & Mix Craft,Dynamics Processing,EXISTING,Batch 3
Parallel distortion,Recording & Mix Craft,Dynamics Processing,EXISTING,Batch 3
Parallel limiting,Recording & Mix Craft,Dynamics Processing,EXISTING,Batch 3
Parallel saturation,Recording & Mix Craft,Dynamics Processing,EXISTING,Batch 3
Parallel spectral processing,Recording & Mix Craft,Dynamics Processing,EXISTING,Batch 3
Parallel transient processing,Recording & Mix Craft,Dynamics Processing,EXISTING,Batch 3
Parallel upward compression,Recording & Mix Craft,Dynamics Processing,EXISTING,Batch 3
Parallel-path comb filtering,Recording & Mix Craft,Dynamics Processing,EXISTING,Batch 3
Peak-to-level compression chain,Recording & Mix Craft,Dynamics Processing,EXISTING,Batch 3
Pivot equalization,Recording & Mix Craft,Dynamics Processing,EXISTING,Batch 3
Post-dynamics equalization,Recording & Mix Craft,Dynamics Processing,EXISTING,Batch 3
Pre-dynamics equalization,Recording & Mix Craft,Dynamics Processing,EXISTING,Batch 3
Pre-emphasis/de-emphasis processing,Recording & Mix Craft,Dynamics Processing,EXISTING,Batch 3
Processor ordering,Recording & Mix Craft,Dynamics Processing,EXISTING,Batch 3
Program equalization,Recording & Mix Craft,Dynamics Processing,EXISTING,Batch 3
Program-adaptive compression,Recording & Mix Craft,Dynamics Processing,EXISTING,Batch 3
Program-dependent compression,Recording & Mix Craft,Dynamics Processing,EXISTING,Batch 3
Reciprocal equalization,Recording & Mix Craft,Dynamics Processing,EXISTING,Batch 3
Release pumping,Recording & Mix Craft,Dynamics Processing,EXISTING,Batch 3
Release-shaped ducking,Recording & Mix Craft,Dynamics Processing,EXISTING,Batch 3
Resonance hunting,Recording & Mix Craft,Dynamics Processing,EXISTING,Batch 3
Resonance suppression,Recording & Mix Craft,Dynamics Processing,EXISTING,Batch 3
Resonance-dependent equalization,Recording & Mix Craft,Dynamics Processing,EXISTING,Batch 3
Saturation–compression interaction,Recording & Mix Craft,Dynamics Processing,EXISTING,Batch 3
Self-sidechain compression,Recording & Mix Craft,Dynamics Processing,EXISTING,Batch 3
Serial clipping,Recording & Mix Craft,Dynamics Processing,EXISTING,Batch 3
Serial compression,Recording & Mix Craft,Dynamics Processing,EXISTING,Batch 3
Sidechain audition,Recording & Mix Craft,Dynamics Processing,EXISTING,Batch 3
Sidechain band-pass filtering,Recording & Mix Craft,Dynamics Processing,EXISTING,Batch 3
Sidechain de-emphasis,Recording & Mix Craft,Dynamics Processing,EXISTING,Batch 3
Sidechain emphasis,Recording & Mix Craft,Dynamics Processing,EXISTING,Batch 3
Sidechain high-pass filtering,Recording & Mix Craft,Dynamics Processing,EXISTING,Batch 3
Sidechain low-pass filtering,Recording & Mix Craft,Dynamics Processing,EXISTING,Batch 3
Sidechain tilt filtering,Recording & Mix Craft,Dynamics Processing,EXISTING,Batch 3
Smeared tone,Recording & Mix Craft,Dynamics Processing,EXISTING,Batch 3
Spectral balancing,Recording & Mix Craft,Dynamics Processing,EXISTING,Batch 3
Spectral centroid shifting,Recording & Mix Craft,Dynamics Processing,EXISTING,Batch 3
Spectral drive shaping,Recording & Mix Craft,Dynamics Processing,EXISTING,Batch 3
Spectral masking control,Recording & Mix Craft,Dynamics Processing,EXISTING,Batch 3
Spectral pocketing,Recording & Mix Craft,Dynamics Processing,EXISTING,Batch 3
Spectral pumping,Recording & Mix Craft,Dynamics Processing,EXISTING,Batch 3
Spectral target curve,Recording & Mix Craft,Dynamics Processing,EXISTING,Batch 3
Spectral weighting,Recording & Mix Craft,Dynamics Processing,EXISTING,Batch 3
Split-band compression,Recording & Mix Craft,Dynamics Processing,EXISTING,Batch 3
Split-band saturation,Recording & Mix Craft,Dynamics Processing,EXISTING,Batch 3
Tonal anchoring,Recording & Mix Craft,Dynamics Processing,EXISTING,Batch 3
Tonal matching,Recording & Mix Craft,Dynamics Processing,EXISTING,Batch 3
Tonal tilt,Recording & Mix Craft,Dynamics Processing,EXISTING,Batch 3
Transient recovery,Recording & Mix Craft,Dynamics Processing,EXISTING,Batch 3
Transient-triggered ducking,Recording & Mix Craft,Dynamics Processing,EXISTING,Batch 3
Two-band compression,Recording & Mix Craft,Dynamics Processing,EXISTING,Batch 3
Veil,Recording & Mix Craft,Dynamics Processing,EXISTING,Batch 3
Wet-path phase rotation,Recording & Mix Craft,Dynamics Processing,EXISTING,Batch 3
Woolliness,Recording & Mix Craft,Dynamics Processing,EXISTING,Batch 3
Above-bell miking,Recording & Mix Craft,Instrument & Close Miking Techniques,EXISTING,Batch 3
Acoustic-guitar bridge miking,Recording & Mix Craft,Instrument & Close Miking Techniques,EXISTING,Batch 2
Across-bell miking,Recording & Mix Craft,Instrument & Close Miking Techniques,EXISTING,Batch 3
Amp reamping,Recording & Mix Craft,Instrument & Close Miking Techniques,EXISTING,Batch 2
Bass audibility enhancement,Recording & Mix Craft,Instrument & Close Miking Techniques,EXISTING,Batch 2
Bass fundamental stabilization,Recording & Mix Craft,Instrument & Close Miking Techniques,EXISTING,Batch 2
Bass-band splitting,Recording & Mix Craft,Instrument & Close Miking Techniques,EXISTING,Batch 2
Bass-side bridge miking,Recording & Mix Craft,Instrument & Close Miking Techniques,EXISTING,Batch 3
Bassoon bocal-side miking,Recording & Mix Craft,Instrument & Close Miking Techniques,EXISTING,Batch 3
Bassoon boot-joint miking,Recording & Mix Craft,Instrument & Close Miking Techniques,EXISTING,Batch 3
Batter-side kick microphone,Recording & Mix Craft,Instrument & Close Miking Techniques,EXISTING,Batch 3
Bell-axis miking,Recording & Mix Craft,Instrument & Close Miking Techniques,EXISTING,Batch 2
Bell-blast avoidance,Recording & Mix Craft,Instrument & Close Miking Techniques,EXISTING,Batch 3
Bell-edge miking,Recording & Mix Craft,Instrument & Close Miking Techniques,EXISTING,Batch 3
Bell-flare proximity miking,Recording & Mix Craft,Instrument & Close Miking Techniques,EXISTING,Batch 3
Bell-shadow placement,Recording & Mix Craft,Instrument & Close Miking Techniques,EXISTING,Batch 3
Bell–tone-hole balance,Recording & Mix Craft,Instrument & Close Miking Techniques,EXISTING,Batch 3
Body-and-neck stereo miking,Recording & Mix Craft,Instrument & Close Miking Techniques,EXISTING,Batch 2
Bow-contact-point miking,Recording & Mix Craft,Instrument & Close Miking Techniques,EXISTING,Batch 3
Bow-noise balance,Recording & Mix Craft,Instrument & Close Miking Techniques,EXISTING,Batch 2
Bow-side miking,Recording & Mix Craft,Instrument & Close Miking Techniques,EXISTING,Batch 3
Breath editing,Recording & Mix Craft,Instrument & Close Miking Techniques,EXISTING,Batch 2
Bridge-above miking,Recording & Mix Craft,Instrument & Close Miking Techniques,EXISTING,Batch 3
Bridge-axis miking,Recording & Mix Craft,Instrument & Close Miking Techniques,EXISTING,Batch 3
Cabinet reamping,Recording & Mix Craft,Instrument & Close Miking Techniques,EXISTING,Batch 2
Cajón sound-hole miking,Recording & Mix Craft,Instrument & Close Miking Techniques,EXISTING,Batch 3
Cajón tapa miking,Recording & Mix Craft,Instrument & Close Miking Techniques,EXISTING,Batch 3
Cap-edge miking,Recording & Mix Craft,Instrument & Close Miking Techniques,EXISTING,Batch 2
Cello floor-boundary microphone,Recording & Mix Craft,Instrument & Close Miking Techniques,EXISTING,Batch 3
Clarinet bell-overemphasis,Recording & Mix Craft,Instrument & Close Miking Techniques,EXISTING,Batch 3
Clarinet register-hole balance,Recording & Mix Craft,Instrument & Close Miking Techniques,EXISTING,Batch 3
Conga head-zone miking,Recording & Mix Craft,Instrument & Close Miking Techniques,EXISTING,Batch 3
Consonant matching,Recording & Mix Craft,Instrument & Close Miking Techniques,EXISTING,Batch 2
Cymbal rejection miking,Recording & Mix Craft,Instrument & Close Miking Techniques,EXISTING,Batch 2
Cymbal-plane miking,Recording & Mix Craft,Instrument & Close Miking Techniques,EXISTING,Batch 3
Cymbal-under miking,Recording & Mix Craft,Instrument & Close Miking Techniques,EXISTING,Batch 3
DI–amplifier split,Recording & Mix Craft,Instrument & Close Miking Techniques,EXISTING,Batch 2
Desk-pair spot microphone,Recording & Mix Craft,Instrument & Close Miking Techniques,EXISTING,Batch 3
Double-bass bridge–f-hole balance,Recording & Mix Craft,Instrument & Close Miking Techniques,EXISTING,Batch 3
Double-bass endpin microphone,Recording & Mix Craft,Instrument & Close Miking Techniques,EXISTING,Batch 3
Double-tracked acoustic spread,Recording & Mix Craft,Instrument & Close Miking Techniques,EXISTING,Batch 2
Drum crush channel,Recording & Mix Craft,Instrument & Close Miking Techniques,EXISTING,Batch 3
Drum crush microphone,Recording & Mix Craft,Instrument & Close Miking Techniques,EXISTING,Batch 2
Drum head-baffle technique,Recording & Mix Craft,Instrument & Close Miking Techniques,EXISTING,Batch 3
Drum-kit midpoint microphone,Recording & Mix Craft,Instrument & Close Miking Techniques,EXISTING,Batch 3
Drum-shell microphone,Recording & Mix Craft,Instrument & Close Miking Techniques,EXISTING,Batch 2
Drum-shell rejection angle,Recording & Mix Craft,Instrument & Close Miking Techniques,EXISTING,Batch 3
Drum-shell underside miking,Recording & Mix Craft,Instrument & Close Miking Techniques,EXISTING,Batch 3
Endpin-floor coupling capture,Recording & Mix Craft,Instrument & Close Miking Techniques,EXISTING,Batch 3
Endpin-side cello miking,Recording & Mix Craft,Instrument & Close Miking Techniques,EXISTING,Batch 3
F-hole-axis miking,Recording & Mix Craft,Instrument & Close Miking Techniques,EXISTING,Batch 3
Fingerboard-end miking,Recording & Mix Craft,Instrument & Close Miking Techniques,EXISTING,Batch 3
Fingerboard-side miking,Recording & Mix Craft,Instrument & Close Miking Techniques,EXISTING,Batch 3
Flute body-axis miking,Recording & Mix Craft,Instrument & Close Miking Techniques,EXISTING,Batch 3
Flute breath-stream avoidance,Recording & Mix Craft,Instrument & Close Miking Techniques,EXISTING,Batch 3
Flute embouchure-hole miking,Recording & Mix Craft,Instrument & Close Miking Techniques,EXISTING,Batch 3
Fredman technique,Recording & Mix Craft,Instrument & Close Miking Techniques,EXISTING,Batch 2
French-horn rear-bell miking,Recording & Mix Craft,Instrument & Close Miking Techniques,EXISTING,Batch 3
French-horn wall-reflection capture,Recording & Mix Craft,Instrument & Close Miking Techniques,EXISTING,Batch 3
Front-of-kit microphone,Recording & Mix Craft,Instrument & Close Miking Techniques,EXISTING,Batch 2
Glockenspiel off-axis miking,Recording & Mix Craft,Instrument & Close Miking Techniques,EXISTING,Batch 3
Glyn Johns side microphone,Recording & Mix Craft,Instrument & Close Miking Techniques,EXISTING,Batch 3
Glyn Johns technique,Recording & Mix Craft,Instrument & Close Miking Techniques,EXISTING,Batch 3
Gong center miking,Recording & Mix Craft,Instrument & Close Miking Techniques,EXISTING,Batch 3
Gong edge miking,Recording & Mix Craft,Instrument & Close Miking Techniques,EXISTING,Batch 3
Guitar-cabinet rear miking,Recording & Mix Craft,Instrument & Close Miking Techniques,EXISTING,Batch 2
Guitar-cabinet room reinforcement,Recording & Mix Craft,Instrument & Close Miking Techniques,EXISTING,Batch 2
Guitar-speaker phase-center alignment,Recording & Mix Craft,Instrument & Close Miking Techniques,EXISTING,Batch 2
Hand-percussion underside miking,Recording & Mix Craft,Instrument & Close Miking Techniques,EXISTING,Batch 3
Hi-hat bell miking,Recording & Mix Craft,Instrument & Close Miking Techniques,EXISTING,Batch 3
Hi-hat edge rejection,Recording & Mix Craft,Instrument & Close Miking Techniques,EXISTING,Batch 3
Inside–outside string-section spots,Recording & Mix Craft,Instrument & Close Miking Techniques,EXISTING,Batch 3
Keywork-noise control,Recording & Mix Craft,Instrument & Close Miking Techniques,EXISTING,Batch 2
Keywork-side miking,Recording & Mix Craft,Instrument & Close Miking Techniques,EXISTING,Batch 3
Kick beater bleed,Recording & Mix Craft,Instrument & Close Miking Techniques,EXISTING,Batch 2
Kick beater-side microphone,Recording & Mix Craft,Instrument & Close Miking Techniques,EXISTING,Batch 3
Kick port miking,Recording & Mix Craft,Instrument & Close Miking Techniques,EXISTING,Batch 2
Kick-drum cavity microphone,Recording & Mix Craft,Instrument & Close Miking Techniques,EXISTING,Batch 2
Kick-drum tunnel,Recording & Mix Craft,Instrument & Close Miking Techniques,EXISTING,Batch 2
Kick-drum tunnel microphone,Recording & Mix Craft,Instrument & Close Miking Techniques,EXISTING,Batch 3
Kick-front microphone,Recording & Mix Craft,Instrument & Close Miking Techniques,EXISTING,Batch 3
Kick-in microphone,Recording & Mix Craft,Instrument & Close Miking Techniques,EXISTING,Batch 3
Kick-out microphone,Recording & Mix Craft,Instrument & Close Miking Techniques,EXISTING,Batch 3
Lower-bout miking,Recording & Mix Craft,Instrument & Close Miking Techniques,EXISTING,Batch 3
Lower-joint miking,Recording & Mix Craft,Instrument & Close Miking Techniques,EXISTING,Batch 3
Marimba bar-side miking,Recording & Mix Craft,Instrument & Close Miking Techniques,EXISTING,Batch 3
Marimba low-end outrigger,Recording & Mix Craft,Instrument & Close Miking Techniques,EXISTING,Batch 3
Marimba resonator miking,Recording & Mix Craft,Instrument & Close Miking Techniques,EXISTING,Batch 3
Microphone working,Recording & Mix Craft,Instrument & Close Miking Techniques,EXISTING,Batch 2
Nashville tuning,Recording & Mix Craft,Instrument & Close Miking Techniques,EXISTING,Batch 2
Oboe key-column miking,Recording & Mix Craft,Instrument & Close Miking Techniques,EXISTING,Batch 3
Off-axis guitar-cabinet miking,Recording & Mix Craft,Instrument & Close Miking Techniques,EXISTING,Batch 2
Off-bell miking,Recording & Mix Craft,Instrument & Close Miking Techniques,EXISTING,Batch 3
Off-f-hole miking,Recording & Mix Craft,Instrument & Close Miking Techniques,EXISTING,Batch 3
Overhead equidistance,Recording & Mix Craft,Instrument & Close Miking Techniques,EXISTING,Batch 2
Overhead-and-shoulder array,Recording & Mix Craft,Instrument & Close Miking Techniques,EXISTING,Batch 3
Parallel Vocal Compression,Recording & Mix Craft,Instrument & Close Miking Techniques,EXISTING,Batch 2
Percussion-tree spot microphone,Recording & Mix Craft,Instrument & Close Miking Techniques,EXISTING,Batch 3
Piano boundary miking,Recording & Mix Craft,Instrument & Close Miking Techniques,EXISTING,Batch 2
Piano hammer emphasis,Recording & Mix Craft,Instrument & Close Miking Techniques,EXISTING,Batch 2
Piano soundboard miking,Recording & Mix Craft,Instrument & Close Miking Techniques,EXISTING,Batch 2
Pick-attack isolation,Recording & Mix Craft,Instrument & Close Miking Techniques,EXISTING,Batch 2
Plosive shadowing,Recording & Mix Craft,Instrument & Close Miking Techniques,EXISTING,Batch 2
Pre-compressor vocal riding,Recording & Mix Craft,Instrument & Close Miking Techniques,EXISTING,Batch 2
Resonant-head proximity miking,Recording & Mix Craft,Instrument & Close Miking Techniques,EXISTING,Batch 3
Ride-bell spot microphone,Recording & Mix Craft,Instrument & Close Miking Techniques,EXISTING,Batch 3
Rim-plane snare miking,Recording & Mix Craft,Instrument & Close Miking Techniques,EXISTING,Batch 3
Rosin-noise control,Recording & Mix Craft,Instrument & Close Miking Techniques,EXISTING,Batch 2
Saxophone bell–key split,Recording & Mix Craft,Instrument & Close Miking Techniques,EXISTING,Batch 3
Saxophone key-cup noise capture,Recording & Mix Craft,Instrument & Close Miking Techniques,EXISTING,Batch 3
Section spot miking,Recording & Mix Craft,Instrument & Close Miking Techniques,EXISTING,Batch 2
Section-leader spot,Recording & Mix Craft,Instrument & Close Miking Techniques,EXISTING,Batch 3
Section-over-bell array,Recording & Mix Craft,Instrument & Close Miking Techniques,EXISTING,Batch 3
Shoulder miking,Recording & Mix Craft,Instrument & Close Miking Techniques,EXISTING,Batch 2
Sibilance steering,Recording & Mix Craft,Instrument & Close Miking Techniques,EXISTING,Batch 2
Slide-path clearance,Recording & Mix Craft,Instrument & Close Miking Techniques,EXISTING,Batch 3
Snare buzz suppression,Recording & Mix Craft,Instrument & Close Miking Techniques,EXISTING,Batch 2
Snare-bottom polarity inversion,Recording & Mix Craft,Instrument & Close Miking Techniques,EXISTING,Batch 2
Snare-shell microphone,Recording & Mix Craft,Instrument & Close Miking Techniques,EXISTING,Batch 3
Snare-vent microphone,Recording & Mix Craft,Instrument & Close Miking Techniques,EXISTING,Batch 3
Snare-wire balance,Recording & Mix Craft,Instrument & Close Miking Techniques,EXISTING,Batch 2
Snare-wire choke,Recording & Mix Craft,Instrument & Close Miking Techniques,EXISTING,Batch 2
Sound-hole avoidance,Recording & Mix Craft,Instrument & Close Miking Techniques,EXISTING,Batch 2
Speaker-cone traversal,Recording & Mix Craft,Instrument & Close Miking Techniques,EXISTING,Batch 2
Spot-microphone time alignment,Recording & Mix Craft,Instrument & Close Miking Techniques,EXISTING,Batch 2
Stacked-Sibilance Control,Recording & Mix Craft,Instrument & Close Miking Techniques,EXISTING,Batch 2
String-body shadowing,Recording & Mix Craft,Instrument & Close Miking Techniques,EXISTING,Batch 3
Subkick capture,Recording & Mix Craft,Instrument & Close Miking Techniques,EXISTING,Batch 2
Suspended-cymbal swell capture,Recording & Mix Craft,Instrument & Close Miking Techniques,EXISTING,Batch 3
Tabla dayan–bayan split,Recording & Mix Craft,Instrument & Close Miking Techniques,EXISTING,Batch 3
Tchad Blake drum microphone,Recording & Mix Craft,Instrument & Close Miking Techniques,EXISTING,Batch 3
Tea-towel drum damping,Recording & Mix Craft,Instrument & Close Miking Techniques,EXISTING,Batch 2
Timpani bowl-side miking,Recording & Mix Craft,Instrument & Close Miking Techniques,EXISTING,Batch 3
Timpani head-edge miking,Recording & Mix Craft,Instrument & Close Miking Techniques,EXISTING,Batch 3
Timpani pair spacing,Recording & Mix Craft,Instrument & Close Miking Techniques,EXISTING,Batch 3
Tom-bottom microphone,Recording & Mix Craft,Instrument & Close Miking Techniques,EXISTING,Batch 3
Tone-hole-side miking,Recording & Mix Craft,Instrument & Close Miking Techniques,EXISTING,Batch 3
Treble-side bridge miking,Recording & Mix Craft,Instrument & Close Miking Techniques,EXISTING,Batch 3
Trombone over-slide miking,Recording & Mix Craft,Instrument & Close Miking Techniques,EXISTING,Batch 3
Tuba bell-height miking,Recording & Mix Craft,Instrument & Close Miking Techniques,EXISTING,Batch 3
Tubular-bell strike-zone avoidance,Recording & Mix Craft,Instrument & Close Miking Techniques,EXISTING,Batch 3
Twelfth-fret miking,Recording & Mix Craft,Instrument & Close Miking Techniques,EXISTING,Batch 2
Under-snare microphone,Recording & Mix Craft,Instrument & Close Miking Techniques,EXISTING,Batch 3
Underhead microphone,Recording & Mix Craft,Instrument & Close Miking Techniques,EXISTING,Batch 3
Underhead tom miking,Recording & Mix Craft,Instrument & Close Miking Techniques,EXISTING,Batch 2
Upper-bout miking,Recording & Mix Craft,Instrument & Close Miking Techniques,EXISTING,Batch 3
Upper-joint miking,Recording & Mix Craft,Instrument & Close Miking Techniques,EXISTING,Batch 3
Vibraphone motor-noise rejection,Recording & Mix Craft,Instrument & Close Miking Techniques,EXISTING,Batch 3
Vibraphone resonator miking,Recording & Mix Craft,Instrument & Close Miking Techniques,EXISTING,Batch 3
Vocal double alignment,Recording & Mix Craft,Instrument & Close Miking Techniques,EXISTING,Batch 2
Vocal level riding,Recording & Mix Craft,Instrument & Close Miking Techniques,EXISTING,Batch 2
Vocal off-axis control,Recording & Mix Craft,Instrument & Close Miking Techniques,EXISTING,Batch 2
Vocal proximity-effect control,Recording & Mix Craft,Instrument & Close Miking Techniques,EXISTING,Batch 2
Vocal reverb ducking,Recording & Mix Craft,Instrument & Close Miking Techniques,EXISTING,Batch 2
Vocal throw delay,Recording & Mix Craft,Instrument & Close Miking Techniques,EXISTING,Batch 2
Wallet damping,Recording & Mix Craft,Instrument & Close Miking Techniques,EXISTING,Batch 2
Wurst microphone,Recording & Mix Craft,Instrument & Close Miking Techniques,EXISTING,Batch 3
Wurst microphone technique,Recording & Mix Craft,Instrument & Close Miking Techniques,EXISTING,Batch 2
Xylophone octave spread control,Recording & Mix Craft,Instrument & Close Miking Techniques,EXISTING,Batch 3
Alternating reverse delay,Recording & Mix Craft,Reverb & Delay,EXISTING,Batch 3
Ambience algorithm,Recording & Mix Craft,Reverb & Delay,EXISTING,Batch 3
Bloom reverb,Recording & Mix Craft,Reverb & Delay,EXISTING,Batch 3
Chorused reverb,Recording & Mix Craft,Reverb & Delay,EXISTING,Batch 3
Cross-feedback delay,Recording & Mix Craft,Reverb & Delay,EXISTING,Batch 3
Crossfeed reverb,Recording & Mix Craft,Reverb & Delay,EXISTING,Batch 3
Decorrelated reverb,Recording & Mix Craft,Reverb & Delay,EXISTING,Batch 3
Delay capture,Recording & Mix Craft,Reverb & Delay,EXISTING,Batch 3
Delay decorrelation,Recording & Mix Craft,Reverb & Delay,EXISTING,Batch 3
Delay spill,Recording & Mix Craft,Reverb & Delay,EXISTING,Batch 3
Delay-into-reverb,Recording & Mix Craft,Reverb & Delay,EXISTING,Batch 3
Density buildup,Recording & Mix Craft,Reverb & Delay,EXISTING,Batch 3
Detuned reverb,Recording & Mix Craft,Reverb & Delay,EXISTING,Batch 3
Diffused delay,Recording & Mix Craft,Reverb & Delay,EXISTING,Batch 3
Downward shimmer,Recording & Mix Craft,Reverb & Delay,EXISTING,Batch 3
Dual delay,Recording & Mix Craft,Reverb & Delay,EXISTING,Batch 3
Dual-mono reverb,Recording & Mix Craft,Reverb & Delay,EXISTING,Batch 3
Ducked delay,Recording & Mix Craft,Reverb & Delay,EXISTING,Batch 3
Duplet delay,Recording & Mix Craft,Reverb & Delay,EXISTING,Batch 3
Early-reflection equalization,Recording & Mix Craft,Reverb & Delay,EXISTING,Batch 3
Early-reflection reverb,Recording & Mix Craft,Reverb & Delay,EXISTING,Batch 3
Echo density,Recording & Mix Craft,Reverb & Delay,EXISTING,Batch 3
Envelope-controlled delay,Recording & Mix Craft,Reverb & Delay,EXISTING,Batch 3
Euclidean delay pattern,Recording & Mix Craft,Reverb & Delay,EXISTING,Batch 3
Feedback ducking,Recording & Mix Craft,Reverb & Delay,EXISTING,Batch 3
Feedback filtering,Recording & Mix Craft,Reverb & Delay,EXISTING,Batch 3
Feedback freeze,Recording & Mix Craft,Reverb & Delay,EXISTING,Batch 3
Feedback throw,Recording & Mix Craft,Reverb & Delay,EXISTING,Batch 3
Fibonacci delay pattern,Recording & Mix Craft,Reverb & Delay,EXISTING,Batch 3
Free-time delay,Recording & Mix Craft,Reverb & Delay,EXISTING,Batch 3
Frequency-dependent decay,Recording & Mix Craft,Reverb & Delay,EXISTING,Batch 3
Frequency-dependent reverb width,Recording & Mix Craft,Reverb & Delay,EXISTING,Batch 3
Gated room microphone,Recording & Mix Craft,Reverb & Delay,EXISTING,Batch 3
Golden-ratio delay,Recording & Mix Craft,Reverb & Delay,EXISTING,Batch 3
Groove-quantized delay,Recording & Mix Craft,Reverb & Delay,EXISTING,Batch 3
Haas delay,Recording & Mix Craft,Reverb & Delay,EXISTING,Batch 3
High-frequency decay multiplier,Recording & Mix Craft,Reverb & Delay,EXISTING,Batch 3
Infinite reverb,Recording & Mix Craft,Reverb & Delay,EXISTING,Batch 3
Input diffusion,Recording & Mix Craft,Reverb & Delay,EXISTING,Batch 3
Input-ducked delay,Recording & Mix Craft,Reverb & Delay,EXISTING,Batch 3
Interval shimmer,Recording & Mix Craft,Reverb & Delay,EXISTING,Batch 3
Inverse ducked delay,Recording & Mix Craft,Reverb & Delay,EXISTING,Batch 3
Keyed reverb gating,Recording & Mix Craft,Reverb & Delay,EXISTING,Batch 3
Layered reverb,Recording & Mix Craft,Reverb & Delay,EXISTING,Batch 3
Level-dependent ambience,Recording & Mix Craft,Reverb & Delay,EXISTING,Batch 3
Level-modulated delay,Recording & Mix Craft,Reverb & Delay,EXISTING,Batch 3
Low-frequency decay multiplier,Recording & Mix Craft,Reverb & Delay,EXISTING,Batch 3
Microdelay widening,Recording & Mix Craft,Reverb & Delay,EXISTING,Batch 3
Modulated delay,Recording & Mix Craft,Reverb & Delay,EXISTING,Batch 3
Modulated reverb,Recording & Mix Craft,Reverb & Delay,EXISTING,Batch 3
Mono-in/stereo-out reverb,Recording & Mix Craft,Reverb & Delay,EXISTING,Batch 3
Non-repeating tap pattern,Recording & Mix Craft,Reverb & Delay,EXISTING,Batch 3
Output-ducked delay,Recording & Mix Craft,Reverb & Delay,EXISTING,Batch 3
Pitch-recursive reverb,Recording & Mix Craft,Reverb & Delay,EXISTING,Batch 3
Polymetric delay,Recording & Mix Craft,Reverb & Delay,EXISTING,Batch 3
Polyrhythmic delay,Recording & Mix Craft,Reverb & Delay,EXISTING,Batch 3
Prime-number delay spacing,Recording & Mix Craft,Reverb & Delay,EXISTING,Batch 3
Printed reverse reverb,Recording & Mix Craft,Reverb & Delay,EXISTING,Batch 3
Quintuplet delay,Recording & Mix Craft,Reverb & Delay,EXISTING,Batch 3
Random delay,Recording & Mix Craft,Reverb & Delay,EXISTING,Batch 3
Regeneration throw,Recording & Mix Craft,Reverb & Delay,EXISTING,Batch 3
Regenerative delay,Recording & Mix Craft,Reverb & Delay,EXISTING,Batch 3
Reverb attack,Recording & Mix Craft,Reverb & Delay,EXISTING,Batch 3
Reverb damping,Recording & Mix Craft,Reverb & Delay,EXISTING,Batch 3
Reverb density,Recording & Mix Craft,Reverb & Delay,EXISTING,Batch 3
Reverb diffusion,Recording & Mix Craft,Reverb & Delay,EXISTING,Batch 3
Reverb feedback loop,Recording & Mix Craft,Reverb & Delay,EXISTING,Batch 3
Reverb freeze,Recording & Mix Craft,Reverb & Delay,EXISTING,Batch 3
Reverb hold,Recording & Mix Craft,Reverb & Delay,EXISTING,Batch 3
Reverb input ducking,Recording & Mix Craft,Reverb & Delay,EXISTING,Batch 3
Reverb onset shaping,Recording & Mix Craft,Reverb & Delay,EXISTING,Batch 3
Reverb predelay,Recording & Mix Craft,Reverb & Delay,EXISTING,Batch 3
Reverb predelay offset,Recording & Mix Craft,Reverb & Delay,EXISTING,Batch 3
Reverb regeneration,Recording & Mix Craft,Reverb & Delay,EXISTING,Batch 3
Reverb return compression,Recording & Mix Craft,Reverb & Delay,EXISTING,Batch 3
Reverb return monoing,Recording & Mix Craft,Reverb & Delay,EXISTING,Batch 3
Reverb return narrowing,Recording & Mix Craft,Reverb & Delay,EXISTING,Batch 3
Reverb shape,Recording & Mix Craft,Reverb & Delay,EXISTING,Batch 3
Reverb spin,Recording & Mix Craft,Reverb & Delay,EXISTING,Batch 3
Reverb spread,Recording & Mix Craft,Reverb & Delay,EXISTING,Batch 3
Reverb stacking,Recording & Mix Craft,Reverb & Delay,EXISTING,Batch 3
Reverb swell,Recording & Mix Craft,Reverb & Delay,EXISTING,Batch 3
Reverb tail ducking,Recording & Mix Craft,Reverb & Delay,EXISTING,Batch 3
Reverb tail equalization,Recording & Mix Craft,Reverb & Delay,EXISTING,Batch 3
Reverb tail expansion,Recording & Mix Craft,Reverb & Delay,EXISTING,Batch 3
Reverb wander,Recording & Mix Craft,Reverb & Delay,EXISTING,Batch 3
Reverb-into-delay,Recording & Mix Craft,Reverb & Delay,EXISTING,Batch 3
Reverse-envelope reverb,Recording & Mix Craft,Reverb & Delay,EXISTING,Batch 3
Runaway feedback,Recording & Mix Craft,Reverb & Delay,EXISTING,Batch 3
Self-oscillating delay,Recording & Mix Craft,Reverb & Delay,EXISTING,Batch 3
Septuplet delay,Recording & Mix Craft,Reverb & Delay,EXISTING,Batch 3
Serial reverb,Recording & Mix Craft,Reverb & Delay,EXISTING,Batch 3
Short-long reverb layering,Recording & Mix Craft,Reverb & Delay,EXISTING,Batch 3
Single-tap delay,Recording & Mix Craft,Reverb & Delay,EXISTING,Batch 3
Slurred delay,Recording & Mix Craft,Reverb & Delay,EXISTING,Batch 3
Spillover,Recording & Mix Craft,Reverb & Delay,EXISTING,Batch 3
Split early/late processing,Recording & Mix Craft,Reverb & Delay,EXISTING,Batch 3
Stereo offset delay,Recording & Mix Craft,Reverb & Delay,EXISTING,Batch 3
Swing delay,Recording & Mix Craft,Reverb & Delay,EXISTING,Batch 3
Tap density,Recording & Mix Craft,Reverb & Delay,EXISTING,Batch 3
Tap pattern,Recording & Mix Craft,Reverb & Delay,EXISTING,Batch 3
Tap spacing,Recording & Mix Craft,Reverb & Delay,EXISTING,Batch 3
Tempo-Synchronized Delay,Recording & Mix Craft,Reverb & Delay,EXISTING,Batch 3
Tempo-relative delay,Recording & Mix Craft,Reverb & Delay,EXISTING,Batch 3
Tempo-synchronized predelay,Recording & Mix Craft,Reverb & Delay,EXISTING,Batch 3
True-stereo reverb,Recording & Mix Craft,Reverb & Delay,EXISTING,Batch 3
Acoustic-delay compensation,Recording & Mix Craft,Stereo & Ensemble Miking Techniques,EXISTING,Batch 3
Acoustic-shadow stereo,Recording & Mix Craft,Stereo & Ensemble Miking Techniques,EXISTING,Batch 3
Alignment-induced flattening,Recording & Mix Craft,Stereo & Ensemble Miking Techniques,EXISTING,Batch 3
Antiphonal microphone group,Recording & Mix Craft,Stereo & Ensemble Miking Techniques,EXISTING,Batch 3
Balcony microphone,Recording & Mix Craft,Stereo & Ensemble Miking Techniques,EXISTING,Batch 3
Bass outrigger,Recording & Mix Craft,Stereo & Ensemble Miking Techniques,EXISTING,Batch 3
Center-downfill microphone,Recording & Mix Craft,Stereo & Ensemble Miking Techniques,EXISTING,Batch 3
Center-fill microphone,Recording & Mix Craft,Stereo & Ensemble Miking Techniques,EXISTING,Batch 3
Center-microphone delay reference,Recording & Mix Craft,Stereo & Ensemble Miking Techniques,EXISTING,Batch 3
Choir loft microphone,Recording & Mix Craft,Stereo & Ensemble Miking Techniques,EXISTING,Batch 3
Conductor-position microphone,Recording & Mix Craft,Stereo & Ensemble Miking Techniques,EXISTING,Batch 3
Correlation-based spot alignment,Recording & Mix Craft,Stereo & Ensemble Miking Techniques,EXISTING,Batch 3
Decca Tree 3D,Recording & Mix Craft,Stereo & Ensemble Miking Techniques,EXISTING,Batch 3
Decca Tree height layer,Recording & Mix Craft,Stereo & Ensemble Miking Techniques,EXISTING,Batch 3
Decca Tree outriggers,Recording & Mix Craft,Stereo & Ensemble Miking Techniques,EXISTING,Batch 3
Decca Tree wings,Recording & Mix Craft,Stereo & Ensemble Miking Techniques,EXISTING,Batch 3
Depth-plane mismatch,Recording & Mix Craft,Stereo & Ensemble Miking Techniques,EXISTING,Batch 3
Depth-preserving delay,Recording & Mix Craft,Stereo & Ensemble Miking Techniques,EXISTING,Batch 3
Distance-to-delay conversion,Recording & Mix Craft,Stereo & Ensemble Miking Techniques,EXISTING,Batch 3
Distant-brass microphone,Recording & Mix Craft,Stereo & Ensemble Miking Techniques,EXISTING,Batch 3
Double-arrival artifact,Recording & Mix Craft,Stereo & Ensemble Miking Techniques,EXISTING,Batch 3
Far-flank microphone,Recording & Mix Craft,Stereo & Ensemble Miking Techniques,EXISTING,Batch 3
Faulkner array null-axis control,Recording & Mix Craft,Stereo & Ensemble Miking Techniques,EXISTING,Batch 3
Fly-rail microphone,Recording & Mix Craft,Stereo & Ensemble Miking Techniques,EXISTING,Batch 3
Frequency-dependent alignment,Recording & Mix Craft,Stereo & Ensemble Miking Techniques,EXISTING,Batch 3
Front-fill recording microphone,Recording & Mix Craft,Stereo & Ensemble Miking Techniques,EXISTING,Batch 3
Front–rear array spacing,Recording & Mix Craft,Stereo & Ensemble Miking Techniques,EXISTING,Batch 3
Gallery microphone,Recording & Mix Craft,Stereo & Ensemble Miking Techniques,EXISTING,Batch 3
Geometric spot delay,Recording & Mix Craft,Stereo & Ensemble Miking Techniques,EXISTING,Batch 3
Haas-window integration,Recording & Mix Craft,Stereo & Ensemble Miking Techniques,EXISTING,Batch 3
Hall-return microphone,Recording & Mix Craft,Stereo & Ensemble Miking Techniques,EXISTING,Batch 3
Hamasaki ambience layer,Recording & Mix Craft,Stereo & Ensemble Miking Techniques,EXISTING,Batch 3
Height-layer decorrelation,Recording & Mix Craft,Stereo & Ensemble Miking Techniques,EXISTING,Batch 3
Image-width mismatch,Recording & Mix Craft,Stereo & Ensemble Miking Techniques,EXISTING,Batch 3
Main-array arrival reference,Recording & Mix Craft,Stereo & Ensemble Miking Techniques,EXISTING,Batch 3
Main-array lag,Recording & Mix Craft,Stereo & Ensemble Miking Techniques,EXISTING,Batch 3
Main-led orchestral mix,Recording & Mix Craft,Stereo & Ensemble Miking Techniques,EXISTING,Batch 3
Main-plus-ambience array,Recording & Mix Craft,Stereo & Ensemble Miking Techniques,EXISTING,Batch 3
Main-to-spot ratio,Recording & Mix Craft,Stereo & Ensemble Miking Techniques,EXISTING,Batch 3
Measured-arrival spot delay,Recording & Mix Craft,Stereo & Ensemble Miking Techniques,EXISTING,Batch 3
Mid-hall microphone,Recording & Mix Craft,Stereo & Ensemble Miking Techniques,EXISTING,Batch 3
Natural-arrival preservation,Recording & Mix Craft,Stereo & Ensemble Miking Techniques,EXISTING,Batch 3
Natural-reverb return,Recording & Mix Craft,Stereo & Ensemble Miking Techniques,EXISTING,Batch 3
Near-flank microphone,Recording & Mix Craft,Stereo & Ensemble Miking Techniques,EXISTING,Batch 3
Nearest-main delay reference,Recording & Mix Craft,Stereo & Ensemble Miking Techniques,EXISTING,Batch 3
OCT,Recording & Mix Craft,Stereo & Ensemble Miking Techniques,EXISTING,Batch 3
OCT-3D,Recording & Mix Craft,Stereo & Ensemble Miking Techniques,EXISTING,Batch 3
ORTF-2plus2,Recording & Mix Craft,Stereo & Ensemble Miking Techniques,EXISTING,Batch 3
Offstage ensemble microphone,Recording & Mix Craft,Stereo & Ensemble Miking Techniques,EXISTING,Batch 3
Optimized Stereo Signal technique,Recording & Mix Craft,Stereo & Ensemble Miking Techniques,EXISTING,Batch 3
Orchestra flank microphone,Recording & Mix Craft,Stereo & Ensemble Miking Techniques,EXISTING,Batch 3
Orchestra outrigger,Recording & Mix Craft,Stereo & Ensemble Miking Techniques,EXISTING,Batch 3
Orchestral precedence shift,Recording & Mix Craft,Stereo & Ensemble Miking Techniques,EXISTING,Batch 3
Partial spot alignment,Recording & Mix Craft,Stereo & Ensemble Miking Techniques,EXISTING,Batch 3
Perceptual spot delay,Recording & Mix Craft,Stereo & Ensemble Miking Techniques,EXISTING,Batch 3
Perspective mismatch,Recording & Mix Craft,Stereo & Ensemble Miking Techniques,EXISTING,Batch 3
Pit-lip microphone,Recording & Mix Craft,Stereo & Ensemble Miking Techniques,EXISTING,Batch 3
Pit-overhead microphone,Recording & Mix Craft,Stereo & Ensemble Miking Techniques,EXISTING,Batch 3
Pit-wall boundary microphone,Recording & Mix Craft,Stereo & Ensemble Miking Techniques,EXISTING,Batch 3
Podium microphone,Recording & Mix Craft,Stereo & Ensemble Miking Techniques,EXISTING,Batch 3
Propagation-delay insertion,Recording & Mix Craft,Stereo & Ensemble Miking Techniques,EXISTING,Batch 3
Proscenium microphone,Recording & Mix Craft,Stereo & Ensemble Miking Techniques,EXISTING,Batch 3
Rear-facing stage microphone,Recording & Mix Craft,Stereo & Ensemble Miking Techniques,EXISTING,Batch 3
Rear-hall microphone,Recording & Mix Craft,Stereo & Ensemble Miking Techniques,EXISTING,Batch 3
Sectional-delay grouping,Recording & Mix Craft,Stereo & Ensemble Miking Techniques,EXISTING,Batch 3
Spot anchoring,Recording & Mix Craft,Stereo & Ensemble Miking Techniques,EXISTING,Batch 3
Spot bloom,Recording & Mix Craft,Stereo & Ensemble Miking Techniques,EXISTING,Batch 3
Spot exposure,Recording & Mix Craft,Stereo & Ensemble Miking Techniques,EXISTING,Batch 3
Spot localization pull,Recording & Mix Craft,Stereo & Ensemble Miking Techniques,EXISTING,Batch 3
Spot masking,Recording & Mix Craft,Stereo & Ensemble Miking Techniques,EXISTING,Batch 3
Spot pre-arrival,Recording & Mix Craft,Stereo & Ensemble Miking Techniques,EXISTING,Batch 3
Spot prominence,Recording & Mix Craft,Stereo & Ensemble Miking Techniques,EXISTING,Batch 3
Spot spread,Recording & Mix Craft,Stereo & Ensemble Miking Techniques,EXISTING,Batch 3
Spot-induced image collapse,Recording & Mix Craft,Stereo & Ensemble Miking Techniques,EXISTING,Batch 3
Spot-led orchestral mix,Recording & Mix Craft,Stereo & Ensemble Miking Techniques,EXISTING,Batch 3
Spot-microphone delay,Recording & Mix Craft,Stereo & Ensemble Miking Techniques,EXISTING,Batch 3
Spot-to-hall mismatch,Recording & Mix Craft,Stereo & Ensemble Miking Techniques,EXISTING,Batch 3
Spot-to-main balance,Recording & Mix Craft,Stereo & Ensemble Miking Techniques,EXISTING,Batch 3
Spotty orchestral image,Recording & Mix Craft,Stereo & Ensemble Miking Techniques,EXISTING,Batch 3
Stage-rear ambience microphone,Recording & Mix Craft,Stereo & Ensemble Miking Techniques,EXISTING,Batch 3
String outrigger,Recording & Mix Craft,Stereo & Ensemble Miking Techniques,EXISTING,Batch 3
Transient-reference alignment,Recording & Mix Craft,Stereo & Ensemble Miking Techniques,EXISTING,Batch 3
Under-balcony microphone,Recording & Mix Craft,Stereo & Ensemble Miking Techniques,EXISTING,Batch 3
